state,1911,1912,1913,1914,1915,1916,1917,1918,1919,1920,1921,1922,1923,1924,1925,1926,1927,1928,1929,1930,1931,1932,1933,1934,1935,1936,1937,1938,1939,1940,1941,1942,1943,1944,1945,1946,1947,1948,1949,1950,1951,1952,1953,1954,1955,1956,1957,1958,1959,1960,1961,1962,1963,1964,1965,1966,1967,1968,1969,1970,1971,1972,1973,1974,1975,1976,1977,1978,1979,1980,1981,1982,1983,1984,1985,1986,1987,1988,1989,1990,1991,1992,1993,1994,1995,1996,1997,1998,1999,2000,2001,2002,2003,2004,2005,2006,2007,2008,2009,2010,2011,2012,2013,2014,2015,2016,2017,2018,2019,gender
Alabama,0.0,0.0,0.0,0.0,0.0,0.0,0.0,0.0,0.0,0.0,0.0,0.0,0.0,0.0,0.0,0.0,0.0,0.0,0.0,0.0,0.0,0.0,0.0,0.0,0.0,0.0,0.0,0.0,0.0,0.0,0.0,0.0,0.0,0.0,0.0,0.0,0.0,0.0,0.0,0.0,0.0,0.0,0.0,0.0,0.0,0.0,0.0,0.0,0.0,0.0,0.0,0.0,0.0,0.0,0.0,0.0,0.0,0.0,0.0,0.0,0.0,0.0,0.0,0.0,0.0,0.0,0.0,0.0,0.0,0.0,0.0,0.0,0.0,0.0,0.0,0.0,0.0,0.0,0.0,0.0,0.0,0.0,0.0,0.0,0.0,0.0,0.0,0.0,0.0,0.0,0.0,0.0,0.0,0.0,0.0,0.0,0.0,0.0,0.015288182235132243,0.0,0.053812262469310194,0.06293046183966716,0.08778706369829342,0.11109953824254418,0.151259321795413,0.1469586723538478,0.13064088686499198,0.16240196466767012,0.1374237096317853,M
Alaska,0.0,0.0,0.0,0.0,0.0,0.0,0.0,0.0,0.0,0.0,0.0,0.0,0.0,0.0,0.0,0.0,0.0,0.0,0.0,0.0,0.0,0.0,0.0,0.0,0.0,0.0,0.0,0.0,0.0,0.0,0.0,0.0,0.0,0.0,0.0,0.0,0.0,0.0,0.0,0.0,0.0,0.0,0.0,0.0,0.0,0.0,0.0,0.0,0.0,0.0,0.0,0.0,0.0,0.0,0.0,0.0,0.0,0.0,0.0,0.0,0.0,0.0,0.0,0.0,0.0,0.0,0.0,0.0,0.0,0.0,0.0,0.0,0.0,0.0,0.0,0.0,0.0,0.0,0.0,0.0,0.0,0.0,0.0,0.0,0.0,0.0,0.0,0.0,0.0,0.0,0.0,0.0,0.0,0.0,0.0,0.0,0.0,0.0,0.0,0.0,0.0,0.10418837257762034,0.12057877813504825,0.2039983680130559,0.20907380305247752,0.2204585537918871,0.19689884321929607,0.20806241872561768,0.1651073197578426,M
Arizona,0.0,0.0,0.0,0.0,0.2182214948172395,0.0,0.10042177144004821,0.0,0.0,0.0,0.0,0.0,0.08194034742707308,0.0,0.0,0.0,0.0,0.0,0.0,0.08509603695599319,0.0,0.0,0.0,0.0,0.0,0.0,0.0,0.0,0.0,0.0,0.0,0.044365572315882874,0.046583850931677016,0.0,0.0,0.0,0.0,0.04653597812809028,0.0,0.0,0.03611784737629637,0.0,0.04462293618920125,0.02559836170485089,0.029007127465605836,0.0195160031225605,0.036779579977196664,0.02902441679062511,0.024553649724648356,0.03667277879646608,0.026652452025586353,0.01989455883815776,0.016981388398315447,0.04534040178571429,0.029928918817807706,0.047380266119161366,0.04336171554714601,0.05502712050939392,0.03343611843816176,0.04395753026306891,0.023434099963174988,0.0,0.030554046713742528,0.05221420879156741,0.03004306172180125,0.0394399526720568,0.05684330196425188,0.04914004914004914,0.04218578620243552,0.03927626927810217,0.042838423546013506,0.04730957894474739,0.03690672440518663,0.05464221229687352,0.05108159729933816,0.03710494150515104,0.04396064475612309,0.03472647791804551,0.04840173439548251,0.04374366213986042,0.0446066504460665,0.06009374624414086,0.03869732581111632,0.05787268010377171,0.041448731866179804,0.050051977053093596,0.07147548584012672,0.05726065048098947,0.07403979639055992,0.06971256971256971,0.07808244053023425,0.06750395253406286,0.07471763683753258,0.0735495347564313,0.07059535415336,0.08418176908781906,0.07430980727913025,0.06647236283683591,0.0954323459516102,0.07828652869502378,0.11160944960006614,0.13453100422220382,0.1447178002894356,0.16688222287120866,0.18466031091643048,0.2083471862047565,0.21756095253860525,0.1949269640742203,0.2333238275477666,M
Arkansas,0.0,0.0,0.0,0.0,0.0,0.0,0.0,0.0,0.0,0.0,0.0,0.0,0.0,0.0,0.0,0.0,0.0,0.0,0.0,0.0,0.0,0.0,0.0,0.0,0.0,0.0,0.0,0.0,0.0,0.0,0.0,0.0,0.0,0.0,0.0,0.0,0.0,0.0,0.0,0.0,0.0,0.0,0.0,0.0,0.0,0.0,0.0,0.0,0.0,0.0,0.0,0.0,0.0,0.0,0.0,0.0,0.0,0.0,0.0,0.0,0.0,0.0,0.0,0.0,0.0,0.0,0.0,0.0,0.0,0.0,0.0,0.0,0.0,0.0,0.0,0.0,0.0,0.0,0.0,0.0,0.0,0.0,0.0,0.0,0.0,0.0,0.026158608362035138,0.0,0.0,0.0,0.0,0.0,0.0,0.0,0.0,0.022151337940811627,0.0314776508678838,0.0,0.03444542859954729,0.052543085329970575,0.09544008483563096,0.0934990650093499,0.18508132361189006,0.21624618796784031,0.26173541963015645,0.27330521062325475,0.25794274929223027,0.23634453781512604,0.16558575962467229,M
California,0.0,0.0,0.0,0.0,0.0,0.0,0.013966480446927373,0.014911277896515732,0.0,0.0,0.011403158674952963,0.00913943116180449,0.011598044901002403,0.02119157180915476,0.015275571306366857,0.027756360832690827,0.022697353488583233,0.013625009461812125,0.01554001554001554,0.016311762263479447,0.016982646822701168,0.007898395046126628,0.017989435295272048,0.010950161123799393,0.021347971942665446,0.010192937750273025,0.013032032736466232,0.009527325560623563,0.013944732377344459,0.014797433702212218,0.011345050249118395,0.005341717285797137,0.0067936167177320185,0.007900090192696366,0.008208210736339643,0.008480415540361478,0.007024708240451079,0.008069684095602022,0.012082907333395296,0.010588587344336257,0.01254325259515571,0.012387958903945366,0.014792170011340665,0.014697452931406986,0.015479764707576445,0.01597172664559758,0.014342245082891659,0.019815713861091846,0.020392375193808484,0.017223507896195485,0.01950633491448175,0.017487867791719496,0.022770800970722364,0.027363872687991394,0.02659843102925827,0.02093326899605461,0.026077761742137374,0.026809172311486835,0.017960824678173108,0.025399018581921992,0.027465498818607312,0.03871246419097062,0.04566833690428429,0.04477250228996973,0.04370879322881349,0.049576241176609456,0.04929919301013288,0.042177545266865464,0.05237558180542123,0.05215816718168756,0.05607400515630237,0.05290519877675841,0.053358897370039425,0.03999705903977649,0.04778368046771791,0.053600932766747524,0.04232888746905199,0.053389877684043255,0.05338082551172582,0.05450801469697582,0.05962082965898245,0.06038745144131658,0.055996827647532416,0.05070540161660751,0.07003375986372919,0.05394527727608082,0.07442090376086449,0.06461675579322637,0.06529739997625549,0.06835651409678725,0.06391234877881762,0.05774117660510466,0.060117186176998544,0.06600772262025163,0.06808418509782473,0.06933288238775683,0.07700438726103068,0.07531817480933234,0.0734369435102859,0.09558156950849395,0.09707307929196905,0.11254127636633196,0.1225709603228161,0.13563804408577232,0.17294761201968292,0.1674401148985616,0.15559531455485212,0.1546142171841496,0.13681639750917435,M
Colorado,0.0,0.0,0.0,0.0,0.0,0.04088976120379457,0.05341472720335749,0.04100041000410004,0.03597639948193985,0.0,0.0,0.0,0.0,0.041361380288347904,0.0,0.03241280954233113,0.0,0.0,0.0,0.0314821810855056,0.031551713258029905,0.03946329913180742,0.0,0.0,0.0,0.0,0.0,0.0,0.0,0.03309431880860452,0.0274830978947947,0.035317860746720484,0.0,0.024085938629028372,0.024133603629693984,0.0,0.0,0.03106876553438277,0.0,0.0,0.0,0.0,0.023849272597185785,0.03173229482186644,0.014049284891399028,0.0,0.01620614212786646,0.0,0.0,0.01571503404924044,0.0,0.013191915993878952,0.0,0.0,0.03471893444433923,0.02354603249352484,0.0,0.0,0.015459773668913488,0.014679114555809992,0.01832005129614363,0.019212911076243237,0.0,0.0,0.01567840456555141,0.0246768870107036,0.014640859711282246,0.0,0.0,0.02275427906859151,0.0,0.02294156782674528,0.01603775746328499,0.016213837352048732,0.0,0.013794689044717784,0.014282993715482764,0.0,0.02194319151529928,0.017075669610186858,0.01964057743297653,0.024504999019800036,0.012565023999195837,0.012732365673542143,0.03580196399345335,0.015141955835962145,0.03789697076880322,0.024384891121461142,0.04043479295007492,0.05521176010490235,0.034104085669463206,0.058188979902421556,0.05588715266134621,0.04856726566294317,0.05327280307592532,0.06029684601113173,0.05486641221374046,0.06131057484794977,0.05402346161761679,0.07876582106578303,0.0809784429800067,0.14781545808578983,0.11242757069964542,0.1471776520835738,0.17054487642722937,0.13512719581693203,0.16874472672728977,0.1342897382987783,0.16379195079556091,M
Connecticut,0.0,0.0,0.0,0.0,0.0,0.0,0.0,0.0,0.0,0.0,0.0,0.0,0.0,0.0,0.0,0.0,0.0,0.0,0.0,0.0,0.0,0.0,0.0,0.0,0.0,0.0,0.0,0.0,0.0,0.0,0.0,0.0,0.0,0.0,0.0,0.0,0.0,0.0,0.0,0.0,0.0,0.0,0.0,0.0,0.0,0.0,0.0,0.0,0.0,0.0,0.0,0.0,0.0,0.0,0.0,0.0,0.0,0.0,0.012059234962134001,0.0,0.0,0.0,0.0,0.0,0.0,0.0,0.0,0.0,0.0,0.0,0.0,0.0,0.0,0.0,0.0,0.0,0.0,0.0,0.0,0.0,0.0,0.0,0.0,0.0,0.0,0.0,0.0,0.0,0.0,0.0,0.0,0.0,0.0,0.0,0.0,0.018925773117831862,0.0,0.020443208766047917,0.0,0.027058717416794442,0.0,0.03761696525132835,0.07604562737642585,0.05151500960052451,0.07210151893866563,0.08813160987074031,0.09691899612324016,0.05280667476369013,0.09926105657880224,M
Delaware,0.0,0.0,0.0,0.0,0.0,0.0,0.0,0.0,0.0,0.0,0.0,0.0,0.0,0.0,0.0,0.0,0.0,0.0,0.0,0.0,0.0,0.0,0.0,0.0,0.0,0.0,0.0,0.0,0.0,0.0,0.0,0.0,0.0,0.0,0.0,0.0,0.0,0.0,0.0,0.0,0.0,0.0,0.0,0.0,0.0,0.0,0.0,0.0,0.0,0.0,0.0,0.0,0.0,0.0,0.0,0.0,0.0,0.0,0.0,0.0,0.0,0.0,0.0,0.0,0.0,0.0,0.0,0.0,0.0,0.0,0.0,0.0,0.0,0.0,0.0,0.0,0.0,0.0,0.0,0.0,0.0,0.0,0.0,0.0,0.0,0.0,0.0,0.0,0.0,0.0,0.0,0.0,0.0,0.0,0.0,0.0,0.0,0.0,0.0,0.0,0.0,0.0,0.0949667616334283,0.09097525473071325,0.1504042113179169,0.0,0.0,0.13183915622940012,0.11687704534829359,M
Florida,0.0,0.0,0.0,0.0,0.0,0.0,0.0,0.0,0.0,0.0,0.0,0.0,0.0,0.0,0.0,0.0,0.0,0.0,0.0,0.0,0.0,0.0,0.0,0.0,0.0,0.0,0.0,0.0,0.0,0.0,0.0,0.0,0.0,0.0,0.0,0.0,0.0,0.0,0.0,0.0,0.0,0.0,0.0,0.0,0.0,0.0,0.0,0.0,0.0,0.0,0.0,0.0,0.0,0.0,0.0,0.0,0.0,0.0,0.0,0.008731432064001397,0.005489317787585359,0.0058977564934299,0.0,0.007165205760825432,0.006321352263676246,0.011554015020219527,0.0,0.011955573090396089,0.01005890045041521,0.01528288622400636,0.013567732056674353,0.007378644358565222,0.008923313047668338,0.010225471649879851,0.0154598491444194,0.007176804567637396,0.010756240540270596,0.009529045262964999,0.011841491192020229,0.011617338536078669,0.013480244347165956,0.016023189925783495,0.02056464643497165,0.007484133636690217,0.020526699914852207,0.01774034308280884,0.015422459728102036,0.016186717641980635,0.020193390547939886,0.021316929448576712,0.021451336111792108,0.020849259851275278,0.026452227277536766,0.02977453235375122,0.022535784645134088,0.02621993565486061,0.023540993429922743,0.02108227357261714,0.03622925874936599,0.038511126366726385,0.04507147655858016,0.06110733374071556,0.06219276348858805,0.08081420309619415,0.10579806731089637,0.09191408983969845,0.08885946266160226,0.09857741039856023,0.08170855404034712,M
Georgia,0.0,0.0,0.0,0.0,0.0,0.0,0.0,0.0,0.0,0.0,0.0,0.0,0.0,0.0,0.0,0.0,0.0,0.0,0.0,0.0,0.0,0.0,0.0,0.0,0.0,0.0,0.0,0.0,0.0,0.0,0.0,0.0,0.0,0.0,0.0,0.0,0.0,0.0,0.0,0.0,0.0,0.0,0.0,0.0,0.0,0.0,0.0,0.0,0.0,0.0,0.0,0.0,0.0,0.0,0.0,0.0,0.0,0.0,0.0,0.0,0.0,0.0,0.0,0.0,0.0,0.0,0.0,0.0,0.0,0.0,0.0,0.0,0.0,0.0,0.0,0.0,0.0,0.0,0.0,0.0,0.007816062007425259,0.0,0.008081896551724138,0.006769655695311336,0.01757469244288225,0.016273613691533653,0.015863782983448788,0.015668250900924427,0.012690677428361125,0.008674639073052853,0.032347562113539945,0.0387582361251766,0.020954540972290703,0.017190991920233798,0.026926136711339574,0.03193641105709521,0.028630393548617985,0.01625446997924429,0.03834203741653996,0.043550947584327274,0.04324698352289928,0.08382722767180906,0.0632130279040366,0.08771538587336276,0.12042933056345873,0.12112631744533583,0.11987299941683405,0.13800955716183344,0.13613728370293413,M
Hawaii,0.0,0.0,0.0,0.0,0.0,0.0,0.0,0.20685579196217493,0.0,0.0,0.23394853132310892,0.0,0.0,0.12554927809165098,0.0,0.0,0.0,0.0,0.0,0.08641548565502938,0.08869966294128083,0.11778563015312131,0.0,0.0,0.0,0.0,0.0,0.0,0.0,0.1052789893217025,0.0,0.0,0.0,0.0,0.0,0.0,0.0,0.046416635722242854,0.0,0.0,0.0,0.0,0.0,0.041788549937317176,0.0,0.0,0.0,0.0,0.0,0.04011875150445318,0.0,0.0,0.0,0.0,0.0,0.0,0.0,0.0,0.0,0.0,0.0,0.0,0.0,0.0,0.0,0.0,0.0,0.0,0.0,0.0,0.0,0.0,0.0,0.0,0.0,0.0,0.0,0.0,0.0,0.0,0.0,0.0,0.0,0.0,0.0,0.0,0.0,0.0,0.0,0.0,0.0,0.0,0.0,0.0,0.0,0.0,0.0,0.0,0.0,0.0,0.0,0.0,0.10195412064570944,0.17485574401119075,0.10783608914450035,0.0,0.12371134020618556,0.0,0.0,M
Idaho,0.0,0.0,0.0,0.0,0.0,0.0,0.0,0.0,0.0,0.0,0.0,0.0,0.0,0.0,0.0,0.0,0.0,0.0,0.0,0.0,0.0,0.0,0.0,0.0,0.0,0.0,0.0,0.0,0.0,0.0,0.0,0.0,0.0,0.0,0.0,0.0,0.0,0.0,0.0,0.0,0.0,0.0,0.0,0.0,0.0,0.0,0.0,0.0,0.0,0.0,0.0,0.0,0.0,0.0,0.0,0.0,0.0,0.0,0.0,0.0,0.0,0.0,0.0,0.0,0.0,0.0,0.0,0.0,0.03481651695564376,0.0,0.0,0.0,0.0,0.0,0.0,0.0,0.0,0.05518763796909492,0.0,0.0,0.0,0.0,0.0,0.044279135671271695,0.0,0.0,0.0,0.0,0.0,0.0,0.0416181122024305,0.0,0.0,0.04757373929590866,0.0,0.0,0.0,0.053763440860215055,0.0,0.05319148936170213,0.07565011820330969,0.15240998285387694,0.18378796672470496,0.17139592458579317,0.1574028529267093,0.11055276381909547,0.11475067807218862,0.24479804161566704,0.06648936170212766,M
Illinois,0.0,0.0,0.0,0.0,0.0,0.0,0.0,0.0,0.0,0.0,0.0,0.0,0.0,0.0,0.0,0.0,0.0,0.0,0.0,0.006562048859140934,0.0,0.0,0.0,0.0,0.0,0.0,0.0,0.0,0.0,0.0,0.0,0.0,0.0,0.0,0.0,0.0,0.0,0.0,0.0,0.0,0.0,0.0,0.0,0.0,0.004092553088087089,0.0,0.00382334246156346,0.0029432829377888095,0.0028921656054025652,0.0043702685772833445,0.0024649484332787755,0.004587623610969518,0.005257181309669008,0.003210135467716738,0.0034357964176096024,0.004771561493498748,0.0,0.004398697985396323,0.006878740315046306,0.009652975529707033,0.008423180592991915,0.012249338895974292,0.013789722060490915,0.010737266752053502,0.016965359819858725,0.011560960947073921,0.011200633209130756,0.015183261972002066,0.01375984009617404,0.014648539680103795,0.013524768121409708,0.019344161287318112,0.010995858226734597,0.01688346008162786,0.010237585099926144,0.018886169280512496,0.014070634585619812,0.016806477070119546,0.02049687245997809,0.020198221163556837,0.017104981825956808,0.025775473532270894,0.02464893934867045,0.019772163835191408,0.031985520700872974,0.028040153499811732,0.02050239057874148,0.0329872421840853,0.030949652443767826,0.029193914320032033,0.022864691834764493,0.03670205793682003,0.027989888652724202,0.024248084850335434,0.023085091647813843,0.03347996317204051,0.035980419077196936,0.03173155107788113,0.03728599393066877,0.041478829423771735,0.06457386910763445,0.0975179363347187,0.10879333995553664,0.09324834749763929,0.1434789423552249,0.1534803557724968,0.12805122048819528,0.14033993450803056,0.15048908954100826,M
Indiana,0.0,0.0,0.0,0.0,0.0,0.0,0.0,0.0,0.0,0.0,0.0,0.0,0.0,0.0,0.0,0.0,0.0,0.0,0.0,0.0,0.0,0.0,0.0,0.0,0.0,0.0,0.0,0.0,0.0,0.0,0.0,0.0,0.0,0.0,0.0,0.0,0.0,0.0,0.0,0.0,0.0,0.0,0.0,0.0,0.0,0.0,0.0,0.0,0.0,0.0,0.0,0.0,0.0,0.0,0.0,0.0,0.0,0.0,0.0,0.0,0.0,0.0,0.0,0.0,0.0,0.0,0.0,0.0,0.0,0.0,0.0,0.0,0.007544095236658267,0.0,0.0,0.0,0.0,0.0,0.0,0.0,0.0,0.0,0.0,0.0,0.0,0.0,0.0,0.0,0.009951073886723609,0.014837284447228725,0.010159676244983661,0.01051635292880429,0.010428616122640526,0.01229580186193571,0.0,0.008949987470017542,0.020016741274520508,0.01321627489851789,0.02580696390995355,0.02714440825190011,0.0933845533459261,0.10454555354692571,0.11353011887271271,0.14726226069882636,0.19753422791362985,0.20888586382519303,0.18975332068311196,0.1880570869184399,0.1798899181098134,M
Iowa,0.0,0.0,0.0,0.0,0.0,0.0,0.0,0.0,0.0,0.0,0.0,0.0,0.0,0.0,0.0,0.0,0.0,0.0,0.0,0.0,0.0,0.0,0.0,0.0,0.0,0.0,0.0,0.0,0.0,0.0,0.0,0.0,0.0,0.0,0.0,0.0,0.0,0.0,0.0,0.0,0.0,0.0,0.0,0.0,0.0,0.0,0.0,0.0,0.0,0.0,0.0,0.0,0.0,0.0,0.0,0.0,0.0,0.0,0.0,0.0,0.0,0.0,0.0,0.0,0.0,0.0,0.0,0.0,0.0,0.0,0.0,0.0,0.0,0.0,0.0,0.0,0.0,0.0,0.0,0.0,0.0,0.0,0.0,0.0,0.0,0.0,0.0,0.0,0.0,0.0,0.0,0.0,0.0,0.0,0.0,0.023914863087408825,0.0,0.030123074274894565,0.03652134215932435,0.04288573334604022,0.115132402262602,0.16282501399277463,0.11262990836021093,0.14736521164693328,0.29042630432527744,0.28499220304350165,0.21637626693998407,0.19058963668850507,0.2732579803751087,M
Kansas,0.0,0.0,0.0,0.0,0.0,0.0,0.0,0.0,0.0,0.0,0.0,0.0,0.0,0.0,0.0,0.0,0.0,0.0,0.0,0.0,0.0,0.0,0.0,0.0,0.0,0.0,0.0,0.0,0.0,0.0,0.0,0.0,0.0,0.0,0.0,0.0,0.0,0.0,0.0,0.0,0.0,0.0,0.0,0.0,0.0,0.0,0.0,0.0,0.0,0.0,0.0,0.0,0.0,0.0,0.0,0.0,0.0,0.0,0.0,0.0,0.0,0.0,0.0,0.0,0.0,0.0,0.0,0.0,0.017190991920233798,0.0,0.0,0.0,0.0,0.0,0.0,0.0,0.0,0.0,0.027791287431390258,0.0,0.0,0.022402270096703134,0.0,0.0,0.0,0.0,0.0,0.019919525118521176,0.0,0.0,0.02389391103500458,0.0,0.03558156084446905,0.028306846212948357,0.024502797402703475,0.02854346762355244,0.040685137719191175,0.046187437017131336,0.021796939709664762,0.06774761754211643,0.10979568455222455,0.1233221078594128,0.14905351021016544,0.15935461381405308,0.2532158411830244,0.25522162612636073,0.17850170134434096,0.2041292429721218,0.2383280371547299,M
Kentucky,0.0,0.0,0.0,0.0,0.0,0.0,0.0,0.0,0.0,0.0,0.0,0.0,0.0,0.0,0.0,0.0,0.0,0.0,0.0,0.010738600975064969,0.0,0.0,0.0,0.0,0.0,0.0,0.0,0.0,0.0,0.0,0.0,0.0,0.0,0.0,0.0,0.0,0.0,0.0,0.0,0.0,0.0,0.0,0.0,0.0,0.0,0.0,0.0,0.0,0.0,0.0,0.0,0.0,0.0,0.0,0.0,0.0,0.0,0.0,0.0,0.0,0.0,0.0,0.0,0.0,0.0,0.0,0.0,0.0,0.0,0.0,0.0,0.0,0.0,0.0,0.0,0.0,0.0,0.0,0.0,0.0,0.0,0.0,0.0,0.0,0.0,0.0,0.0,0.0,0.0,0.0,0.0,0.0,0.0,0.0,0.013868086758750764,0.0,0.0,0.0,0.021091325439151525,0.02876778008630334,0.05928267957711689,0.0814802240706162,0.11056213937739696,0.17004995217345095,0.19721036967980204,0.22361359570661896,0.19133898238900385,0.22292862155802337,0.2455414835874903,M
Louisiana,0.0,0.0,0.04530524408200249,0.0,0.0,0.02991772625280479,0.0251364550416547,0.01602975121826109,0.0,0.01461091142865492,0.0,0.01932153799442436,0.0,0.0,0.0,0.0,0.0,0.0,0.0,0.0,0.0,0.02029750340708093,0.015871000507872015,0.0,0.0,0.0,0.0,0.0,0.0,0.0,0.0,0.0,0.0,0.0,0.012961202799619806,0.0,0.0,0.00998535481294102,0.0,0.0,0.0,0.0,0.0,0.0,0.0,0.008043758043758044,0.0,0.0,0.0,0.0,0.0,0.0,0.0,0.0,0.0,0.0,0.0,0.0,0.0,0.0,0.0,0.0,0.0,0.0,0.0,0.0,0.0,0.0,0.0,0.0,0.0,0.0,0.0,0.0,0.0,0.0,0.0,0.0,0.0,0.0,0.0,0.0,0.0,0.0,0.0,0.0,0.0,0.0,0.0,0.015834476934445264,0.0,0.0,0.0,0.017372169784006023,0.0,0.0,0.0,0.0,0.015876543993903407,0.03732482779681721,0.037653179982200316,0.07259653610813427,0.06843455945252352,0.10862554737092231,0.1430128030509398,0.16196612795324108,0.1400507210719558,0.10898082744702321,0.16165397541157953,M
Maine,0.0,0.0,0.0,0.0,0.0,0.0,0.0,0.0,0.0,0.0,0.0,0.0,0.0,0.0,0.0,0.0,0.0,0.0,0.0,0.0,0.0,0.0,0.0,0.0,0.0,0.0,0.0,0.0,0.0,0.0,0.0,0.0,0.0,0.0,0.0,0.0,0.0,0.0,0.0,0.0,0.0,0.0,0.0,0.0,0.0,0.0,0.0,0.0,0.0,0.0,0.0,0.0,0.0,0.0,0.0,0.0,0.0,0.0,0.0,0.0,0.0,0.0,0.0,0.0,0.0,0.0,0.0,0.0,0.0,0.0,0.0,0.0,0.0,0.0,0.0,0.0,0.0,0.0,0.0,0.0,0.0,0.0,0.0,0.0,0.0,0.0,0.0,0.0,0.0,0.0,0.0,0.0,0.0,0.0,0.0,0.0,0.0,0.0,0.0,0.0,0.11206051267684548,0.12890289315382414,0.22068559658672943,0.30656039239730226,0.5970149253731344,0.33034450212364325,0.2078641953923437,0.26852846401718583,0.3951825366955213,M
Maryland,0.0,0.0,0.0,0.0,0.0,0.0,0.0,0.0,0.0,0.0,0.0,0.0,0.0,0.0,0.0,0.0,0.0,0.0,0.0,0.0,0.0,0.0,0.0,0.0,0.0,0.0,0.0,0.0,0.0,0.0,0.0,0.0,0.0,0.0,0.0,0.0,0.0,0.0,0.0,0.0,0.0,0.0,0.0,0.0,0.0,0.0,0.0,0.0,0.0,0.0,0.0,0.0,0.0,0.0,0.0,0.0,0.0,0.0,0.0,0.0,0.0,0.0,0.0,0.0,0.0,0.0,0.0,0.0,0.0,0.0,0.0,0.0,0.0,0.0,0.0,0.0,0.0,0.0,0.0,0.0,0.0,0.0,0.0,0.0,0.0,0.0,0.0,0.024625579260784885,0.013580498404291437,0.0,0.01598392473854866,0.02313101406365655,0.011363894633968953,0.02782995895081055,0.034814900777532784,0.025075225677031094,0.01838235294117647,0.02356878550048316,0.027052284688406866,0.04029820672980052,0.02823191232707954,0.06506858228572915,0.08781733993293948,0.07861017215627703,0.10207919196260679,0.09098177607454992,0.0728862973760933,0.07454008765914309,0.10076835873535711,M
Massachusetts,0.0,0.0,0.0,0.0,0.0,0.00868538076709283,0.0,0.0,0.0,0.009291809270128381,0.0,0.010926232322916993,0.0,0.014569613613846961,0.0,0.01554098156839586,0.0,0.0,0.0,0.0,0.0,0.0,0.0,0.0,0.0,0.0,0.0,0.0,0.0,0.0,0.0,0.0,0.0,0.0,0.0,0.0,0.0,0.0,0.0,0.0,0.0,0.0,0.0,0.0,0.0,0.0,0.0,0.0,0.0,0.0,0.0,0.0,0.0,0.0,0.0,0.0,0.0,0.0,0.0,0.0,0.0,0.0,0.009481219284800025,0.0,0.0084758692003865,0.012239260049306732,0.0,0.008436682696363789,0.0,0.0,0.0,0.007721292235468529,0.0,0.0,0.0,0.0,0.0,0.0,0.0,0.01186270891548479,0.0,0.008559445347941454,0.0,0.009121729479909392,0.009355266235284947,0.011171757796290977,0.0,0.0,0.010019036168720569,0.0,0.015388034947937147,0.0,0.0,0.009247614115558186,0.0,0.013856995803309841,0.016205157291307958,0.010543407207473168,0.02646727982531595,0.02071441723439514,0.016118261990835617,0.03544255942535797,0.06695361071257772,0.0644145433724592,0.10243152940028778,0.07662645837453035,0.09242856042517138,0.08741721854304636,0.10052981931802744,M
Michigan,0.0,0.0,0.0,0.0,0.0,0.0,0.0,0.0,0.0,0.0,0.0,0.0,0.0,0.0,0.0,0.0,0.0,0.0,0.0,0.0,0.0,0.0,0.0,0.0,0.0,0.0,0.0,0.0,0.0,0.0,0.0,0.0,0.0,0.0,0.0,0.0,0.0,0.0,0.0,0.0,0.0,0.0,0.004297668821640604,0.0035113592471645774,0.003442933379239112,0.0,0.0,0.0,0.0034593697028401428,0.0,0.0,0.0,0.0,0.0033096582446896536,0.0,0.0,0.0,0.0,0.0,0.0035332442955770846,0.005322182094658809,0.0,0.0053599664108771585,0.006420545746388443,0.005696815480146598,0.00962287935796149,0.0,0.005466771142737394,0.007913618458075408,0.005207112916243589,0.0,0.0,0.005603077957491315,0.005517850245544336,0.005422846452102709,0.0,0.0,0.0,0.0,0.0,0.005380104374024856,0.00474410307987172,0.0,0.007071421355692494,0.01040517761638191,0.005318979181515484,0.008624500048512814,0.006549789315110364,0.0,0.01217352810978309,0.014898688915375446,0.008360604830040847,0.007210585138984029,0.013471807181697937,0.010144945914757092,0.014339160246633556,0.01347363882563764,0.018586563344437614,0.01960163447475159,0.02187397465743793,0.07428011505515693,0.0744047619047619,0.11470144851543553,0.14476958862664085,0.13107261086558336,0.14828608869577212,0.15583097774878596,0.1657937375183692,0.13933953062483828,M
Minnesota,0.0,0.0,0.0,0.0,0.0,0.0,0.0,0.0,0.0,0.0,0.0,0.0,0.0,0.0,0.0,0.0,0.0,0.0,0.0,0.0,0.0,0.0,0.0,0.0,0.0,0.0,0.0,0.0,0.0,0.0,0.0,0.0,0.0,0.0,0.0,0.0,0.0,0.0,0.0,0.0,0.0,0.0,0.0,0.0,0.0,0.0,0.0,0.0,0.0,0.0,0.0,0.0,0.0,0.0,0.0,0.0,0.0,0.0,0.0,0.0,0.0,0.0,0.0,0.0,0.0,0.0,0.0,0.0,0.0,0.0,0.0,0.0,0.0,0.0,0.0,0.0,0.0,0.0,0.0,0.0,0.0,0.0,0.0,0.0,0.0,0.0,0.014688601645123384,0.0,0.0,0.012656625743576764,0.01727637887098864,0.025928566798470217,0.0,0.013010104514506265,0.01757121834435195,0.028276237085372483,0.011231159729553674,0.016388453164142065,0.03921376403117494,0.033880635913474066,0.055014146494812954,0.11081081081081082,0.13877551020408163,0.14412816319742786,0.16308626701158474,0.12788467127826542,0.11985617259288853,0.16906440396822867,0.14630091438071488,M
Mississippi,0.0,0.0,0.0,0.0,0.0,0.0,0.0,0.0,0.0,0.0,0.0,0.0,0.0,0.0,0.0,0.0,0.0,0.0,0.0,0.0,0.0,0.0,0.0,0.0,0.0,0.0,0.0,0.0,0.0,0.0,0.0,0.0,0.0,0.0,0.0,0.0,0.0,0.0,0.0,0.0,0.0,0.0,0.0,0.0,0.0,0.0,0.0,0.0,0.0,0.0,0.0,0.0,0.0,0.0,0.0,0.0,0.0,0.0,0.0,0.0,0.0,0.0,0.0,0.0,0.0,0.0,0.0,0.0,0.0,0.0,0.0,0.0,0.0,0.0,0.0,0.0,0.0,0.0,0.0,0.0,0.0,0.0,0.0,0.0,0.0,0.0,0.0,0.0,0.022751057924193473,0.0,0.0,0.0,0.0,0.0,0.0,0.0,0.0,0.0,0.0,0.0,0.057444852941176475,0.05449261322354081,0.12643747365885966,0.08452064718666989,0.08521516829995739,0.15299292407726142,0.15238852448154774,0.0832523935063133,0.20642878207018578,M
Missouri,0.0,0.0,0.0,0.0,0.0,0.0,0.0,0.0,0.0,0.0,0.0,0.0,0.0,0.0,0.0,0.0,0.0,0.0,0.0,0.0,0.0,0.0,0.0,0.0,0.0,0.0,0.0,0.0,0.0,0.0,0.0,0.0,0.0,0.0,0.0,0.0,0.0,0.0,0.0,0.0,0.0,0.0,0.0,0.0,0.0,0.0,0.0,0.0,0.0,0.0,0.0,0.0,0.0,0.0,0.0,0.0,0.0,0.0,0.0,0.0,0.0,0.0,0.0,0.0,0.0,0.0,0.0,0.0,0.0,0.0,0.0,0.0,0.0,0.0,0.0,0.0,0.0,0.0,0.0,0.0,0.0,0.0,0.0,0.0,0.0,0.0,0.0,0.0,0.0,0.0,0.011566711005725523,0.0,0.0,0.011905234334695822,0.026014568158168577,0.013850963631326924,0.022161334515271174,0.014536694770943224,0.019762411892580312,0.0344748333716387,0.05892335250306401,0.07990895222413251,0.14821035990415732,0.15538457682764842,0.17428300484404236,0.23143277929728595,0.17881590343941214,0.17213185299939754,0.20746254995881258,M
Montana,0.0,0.0,0.0,0.0,0.0,0.0,0.0,0.0,0.0,0.0,0.0,0.0,0.0,0.0,0.0,0.0,0.0,0.0,0.0,0.0,0.0,0.0,0.0,0.0,0.0,0.0,0.0,0.0,0.0,0.0,0.0,0.0,0.0,0.0,0.0,0.0,0.0,0.0,0.0,0.0,0.0,0.0,0.0,0.0,0.0,0.0,0.0,0.0,0.0,0.0,0.0,0.0,0.0,0.0,0.0,0.0,0.0,0.0,0.0,0.0,0.0,0.0,0.0,0.0,0.0,0.0,0.0,0.0,0.0,0.0,0.0,0.0,0.0,0.0,0.0,0.0,0.0,0.0,0.0,0.0,0.0,0.0,0.0,0.0,0.0,0.0,0.0,0.0,0.0,0.0,0.0,0.0,0.0,0.0,0.0,0.0,0.0,0.0,0.0,0.0,0.0,0.17337699865151224,0.17304364545279755,0.21235521235521237,0.21488571986716157,0.18442622950819673,0.176522506619594,0.16286644951140067,0.33205619412515963,M
Nebraska,0.0,0.0,0.0,0.0,0.0,0.0,0.0,0.0,0.0,0.0,0.0,0.0,0.0,0.0,0.0,0.0,0.0,0.0,0.0,0.0,0.0,0.0,0.0,0.0,0.0,0.0,0.0,0.0,0.0,0.0,0.0,0.0,0.0,0.0,0.0,0.0,0.0,0.0,0.0,0.0,0.0,0.0,0.0,0.0,0.0,0.0,0.0,0.0,0.0,0.0,0.0,0.0,0.0,0.0,0.0,0.0,0.0,0.0,0.0,0.0,0.0,0.0,0.0,0.0,0.0,0.0,0.0,0.0,0.0,0.0,0.0,0.0,0.0,0.0,0.0,0.0,0.0,0.0,0.0,0.0,0.0,0.0,0.0,0.0,0.0,0.0,0.0,0.0,0.0,0.0,0.0,0.0,0.061474150119874595,0.0,0.0,0.0,0.03221441917402229,0.0,0.04822265086800771,0.07366482504604051,0.0683526999316473,0.11544677903486493,0.18598884066955984,0.21436227224008575,0.17354263627041097,0.1929880990672242,0.17001020061203673,0.16166696604993713,0.21796815769522365,M
Nevada,0.0,0.0,0.0,0.0,0.0,0.0,0.0,0.0,0.0,0.0,0.0,0.0,0.0,0.0,0.0,0.0,0.0,0.0,0.0,0.0,0.0,0.0,0.0,0.0,0.0,0.0,0.0,0.0,0.0,0.0,0.0,0.0,0.0,0.0,0.0,0.0,0.0,0.0,0.0,0.0,0.0,0.0,0.0,0.0,0.0,0.0,0.0,0.0,0.0,0.0,0.0,0.0,0.0,0.0,0.0,0.0,0.0,0.0,0.0,0.0,0.0,0.0,0.0,0.0,0.0,0.0,0.0,0.0,0.0,0.0,0.0,0.0,0.0,0.0,0.0,0.0,0.0,0.0,0.0,0.0,0.0,0.0,0.033304469459801506,0.031458411979363284,0.042839657282741736,0.06511572840821642,0.04088307440719542,0.055601890464275786,0.0,0.036570712084008146,0.046901870863515556,0.07136303394841473,0.0652971018132503,0.06294789850861902,0.09752020061298412,0.060700659035726676,0.05621621621621621,0.05064923105258311,0.1073799297149551,0.07740736918154609,0.14545062759252278,0.1376727793380693,0.1544657141280962,0.26808184702921545,0.2144624690679131,0.19253638371368706,0.15220700152207,0.1834974616184476,0.18729010591578402,M
New Hampshire,0.0,0.0,0.0,0.0,0.0,0.0,0.0,0.0,0.0,0.0,0.0,0.0,0.0,0.0,0.0,0.0,0.0,0.0,0.0,0.0,0.0,0.0,0.0,0.0,0.0,0.0,0.0,0.0,0.0,0.0,0.0,0.0,0.0,0.0,0.0,0.0,0.0,0.0,0.0,0.0,0.0,0.0,0.0,0.0,0.0,0.0,0.0,0.0,0.0,0.0,0.0,0.0,0.0,0.0,0.0,0.0,0.0,0.0,0.0,0.0,0.0,0.0,0.0,0.0,0.0,0.0,0.0,0.0,0.0,0.0,0.0,0.0,0.0,0.0,0.0,0.0,0.0,0.0,0.0,0.0,0.0,0.0,0.0,0.0,0.0,0.0,0.0,0.0,0.0,0.0,0.0,0.0,0.0,0.0,0.0,0.0,0.0,0.0,0.0,0.07694280584765324,0.10442500978984467,0.0,0.15139003578309937,0.1583873290136789,0.23262576330328583,0.19461077844311378,0.15780337699226762,0.1471550032701112,0.16733601070950468,M
New Jersey,0.0,0.0,0.0,0.0,0.0,0.0,0.0,0.0,0.0,0.0,0.0,0.0,0.0,0.0,0.0,0.0,0.0,0.0,0.0,0.0,0.0,0.0,0.0,0.0,0.0,0.0,0.0,0.0,0.0,0.0,0.0,0.0,0.0,0.0,0.0,0.0,0.0,0.0,0.0,0.0,0.0,0.0,0.0,0.0,0.0,0.0,0.0,0.0,0.0,0.0,0.0,0.0,0.004455057381139069,0.0,0.0,0.0,0.0,0.0,0.0,0.0,0.0,0.007626019980172348,0.01355950589160531,0.0,0.011522728582128248,0.0,0.0,0.0,0.008471584892340275,0.006979341150195422,0.0069683497554109235,0.0,0.0,0.00795682098478921,0.0,0.0,0.0,0.0069516857838025714,0.006583495177589782,0.006634746165669611,0.006855340881825349,0.009319773063525903,0.01324902137910268,0.020815222049442274,0.015022533800701052,0.007690631529025725,0.009185990052885057,0.006587615283267457,0.01207437816952427,0.013428045816492326,0.013679329165697715,0.011003521126760564,0.0,0.015555398430318884,0.011642968374787153,0.019125240904476776,0.01198394151836539,0.01417233560090703,0.022872827081427266,0.02053598932128555,0.026203619593319828,0.03595828838547285,0.0453021654435082,0.045266073982871316,0.055062036561192275,0.04148047589418708,0.056330367895575155,0.054355484871056715,0.0673797692242904,M
New Mexico,0.0,0.0,0.0,0.0,0.0,0.14022435897435898,0.15063076633402372,0.09853834784036787,0.0,0.12437810945273632,0.08525149190110827,0.15589569160997732,0.0,0.1282233936458185,0.08566533409480297,0.10714832389407623,0.08431703204047217,0.0,0.1383891502906172,0.0,0.1761006289308176,0.10970258410531449,0.12528188423953898,0.12922932330827067,0.1010895203863866,0.08932559178204555,0.09279307145066501,0.07962575893301484,0.11894142134998512,0.10307346326836582,0.13793103448275862,0.08338738070971927,0.043099732781656755,0.10617445279320484,0.05059448520111307,0.07876834944504117,0.04398366321080741,0.05516057857317971,0.06407269338303821,0.06171800482522584,0.08550205739325603,0.0802326747567947,0.04844726515188218,0.047136460051850106,0.0655983506700403,0.03192411182560314,0.03518958388317058,0.04806641905178064,0.05466548925612884,0.028775795445202663,0.05052631578947368,0.056005514389109085,0.08270158511371468,0.037965072133637055,0.06724601696668736,0.045871559633027525,0.043034550596335916,0.06429627724554748,0.08563738683631025,0.04175116306811404,0.04744114333155429,0.032043065880543446,0.05885430290347894,0.044228217602830605,0.058559437829396835,0.0749063670411985,0.09158627427036269,0.05243532975996271,0.04552697473252903,0.041679691570282375,0.06824505223371306,0.04033477866290209,0.030206917384080954,0.050945030312293034,0.05590567188452938,0.07739938080495357,0.06695508858673259,0.05714285714285715,0.0,0.06847511193047143,0.05791302516584185,0.04776816517170002,0.09656652360515021,0.04451368795904741,0.040544454097885894,0.04637143519591931,0.059991601175835386,0.08944010494305646,0.04830917874396135,0.07454805243213021,0.04384042086804033,0.06232471174820816,0.050520997789706354,0.06253908692933083,0.031458411979363284,0.08041071318117153,0.09872277410995249,0.05737966209754542,0.07522396225124803,0.10139784167451293,0.10575615651911163,0.130568356374808,0.09802319882372161,0.1662648599218555,0.22363667641493207,0.20308317178990123,0.2154961308649231,0.2532179784764718,0.17673699326190212,M
New York,0.0,0.0,0.0,0.0,0.0,0.0,0.0,0.0,0.0,0.0,0.0,0.0,0.0,0.0033590299121613676,0.0,0.0,0.0,0.0,0.0,0.0,0.0,0.0,0.0,0.0,0.0,0.0,0.0,0.0,0.0,0.0,0.0,0.0,0.0,0.0,0.0,0.0,0.0,0.0,0.0,0.0,0.001734418848276508,0.0,0.0023592457154412634,0.002275246295411478,0.002553349036429907,0.001900785341143449,0.002470989044252325,0.00403074528480316,0.002496949040391272,0.0034571191511829635,0.003461143939536962,0.004853929093803797,0.005517742788797035,0.0036359669854197727,0.005892894901952628,0.002915005720698727,0.0034436842830249323,0.007071996856890286,0.005418921325003677,0.008428311464419117,0.007837638954807304,0.008393403772094401,0.006899772838248094,0.010658764968903053,0.008191797280323302,0.0055199213963193165,0.00657130966201564,0.006752384435753876,0.008939796060902361,0.006617221318481348,0.00922589328354969,0.013870439426190592,0.006350012700025399,0.008450629836004964,0.010278707144215402,0.008151495544698215,0.008958477456986866,0.012193099681028512,0.013940431095814025,0.014378011845626534,0.013897408372948934,0.011337421377447403,0.014279448813275808,0.01724128923046379,0.015731799934902896,0.014095227356017252,0.009963311570335118,0.013617767041451298,0.015092517130006942,0.012087294440448922,0.015078407720144751,0.013352153511616373,0.01519679854110734,0.018156116666018234,0.012719239523363235,0.01343048047543901,0.016792836847514325,0.013933107152560556,0.017817689402038345,0.023406527495355267,0.042473919523099854,0.04619042570913662,0.05708643194371586,0.055347676956657314,0.07613247049866768,0.08219898730847636,0.060851231594645096,0.0717933070689485,0.07168526396212,M
North Carolina,0.0,0.0,0.0,0.0,0.0,0.0,0.0,0.0,0.0,0.0,0.008171403356812499,0.0,0.0,0.0,0.0,0.0,0.0,0.0,0.0,0.0,0.0,0.0,0.0,0.0,0.0,0.0,0.0,0.0,0.0,0.0,0.0,0.0,0.0,0.0,0.0,0.0,0.0,0.0,0.0,0.0,0.0,0.0,0.0,0.0,0.0,0.0,0.0,0.0,0.0,0.0,0.0,0.0,0.0,0.0,0.0,0.0,0.0,0.0,0.0,0.0,0.0,0.0,0.0,0.0,0.0,0.0,0.0,0.0,0.0,0.0,0.0,0.0,0.0,0.0075770204124929914,0.0,0.0,0.0,0.0,0.0,0.0,0.0,0.0,0.0,0.0,0.00846262341325811,0.006944155104648417,0.008226390259953932,0.013354344168157903,0.011925742377462998,0.013990994886927325,0.018445079774970025,0.02539190399187459,0.017364125716270183,0.02272453849135799,0.021244108079399852,0.029691594696822997,0.03466560529998588,0.02497568157320504,0.027631179022408886,0.034991543710270016,0.05803485067186501,0.09438845416070396,0.09394298738699891,0.11749805441533273,0.1727302169923351,0.16770559756985096,0.1517822169996083,0.1761225676276461,0.13308490817141336,M
North Dakota,0.0,0.0,0.0,0.0,0.0,0.0,0.0,0.0,0.0,0.0,0.0,0.0,0.0,0.0,0.0,0.0,0.0,0.0,0.0,0.0,0.0,0.0,0.0,0.0,0.0,0.0,0.0,0.0,0.0,0.0,0.0,0.0,0.0,0.0,0.0,0.0,0.0,0.0,0.0,0.0,0.0,0.0,0.0,0.0,0.0,0.0,0.0,0.0,0.0,0.0,0.0,0.0,0.0,0.0,0.0,0.0,0.0,0.0,0.0,0.0,0.0,0.0,0.0,0.0,0.0,0.0,0.0,0.0,0.0,0.0,0.0,0.0,0.0,0.0,0.0,0.0,0.0,0.0,0.0,0.0,0.0,0.0,0.0,0.0,0.0,0.0,0.0,0.0,0.0,0.0,0.0,0.0,0.0,0.0,0.0,0.0,0.0,0.0,0.0,0.0,0.0,0.2131782945736434,0.0,0.2357207615593835,0.33701554016101853,0.3380281690140845,0.1646090534979424,0.28047464940668826,0.2799813345776948,M
Ohio,0.0,0.0,0.0,0.0,0.0,0.0,0.0,0.0,0.0,0.0,0.0,0.0,0.0,0.0,0.0,0.0,0.0,0.0,0.0,0.0,0.0,0.0,0.0,0.0,0.0,0.0,0.0,0.0,0.0,0.0,0.0,0.0,0.0,0.0,0.0,0.0,0.0,0.0,0.0,0.0,0.0,0.0,0.0,0.0,0.0,0.0,0.0027871715782823592,0.0,0.002454337059016989,0.0,0.0,0.0,0.0,0.0,0.0,0.0,0.0,0.0,0.0,0.0,0.0,0.0035226648254871847,0.0,0.0,0.005296289570849223,0.005421649420658033,0.0,0.0,0.0,0.0,0.0,0.0,0.0,0.0,0.0,0.0038474264564432852,0.0038381233112257432,0.0,0.0,0.0,0.0,0.0,0.0,0.0,0.0,0.0,0.004474953684229369,0.0045390585992465165,0.0,0.004576114512689565,0.007599578223408601,0.004920727086634321,0.006966352517341242,0.008153780296389914,0.013586530522663377,0.009479371833626491,0.007570759563491635,0.005615832154008581,0.015340862156453193,0.026153233037760286,0.051103190116643035,0.058684680690131844,0.10018587115569674,0.0980872976949485,0.16026076327583866,0.14311571326345918,0.15288496876148475,0.14988605600844254,0.11405805715754469,M
Oklahoma,0.0,0.0,0.0,0.0,0.0,0.0,0.0,0.0,0.0,0.0,0.0,0.0,0.0,0.0,0.0,0.0,0.0,0.0,0.0,0.0,0.0,0.0,0.0,0.0,0.0,0.0,0.0,0.0,0.0,0.0,0.0,0.0,0.0,0.0,0.0,0.0,0.0,0.0,0.0,0.0,0.0,0.0,0.0,0.0,0.0,0.0,0.0,0.0,0.0,0.0,0.0,0.0,0.0,0.0,0.0,0.0,0.0,0.0,0.0,0.0,0.0,0.0,0.0,0.0,0.0,0.0,0.0,0.0,0.0,0.0,0.0,0.0,0.0,0.0,0.0,0.0,0.0,0.0,0.0,0.0,0.0,0.0,0.0,0.0,0.0,0.016593103906016662,0.028818443804034585,0.0,0.016270745200130166,0.0,0.0,0.029847776340662623,0.023460803700103897,0.027091093802912292,0.0,0.03025413473174667,0.04390260376211543,0.0,0.0326347088258757,0.04955779200975908,0.10298661174047373,0.13732380144593884,0.20722084960548337,0.2197533878647296,0.27219862251000126,0.24876688826935447,0.20246640898214613,0.22787878787878788,0.15860022510999694,M
Oregon,0.0,0.0,0.0,0.0,0.0,0.0,0.0,0.0,0.0,0.0,0.0,0.0,0.0,0.0,0.0,0.0,0.0,0.0,0.0,0.0,0.0,0.0,0.0,0.0,0.0,0.0,0.0,0.0,0.0,0.0,0.0,0.0,0.0,0.0,0.0,0.0,0.0,0.0,0.0,0.0,0.0,0.0,0.0,0.0,0.0,0.0,0.0,0.0,0.0,0.0,0.0,0.0,0.0,0.0,0.0,0.0,0.0,0.0,0.0,0.0,0.0,0.0,0.0,0.0,0.0,0.0,0.0,0.022367075664621677,0.0,0.0,0.0,0.0,0.0,0.0,0.02220741727737064,0.0,0.01630151278038602,0.0,0.0,0.0,0.01805923428846617,0.0,0.025283650959198507,0.03194377894904967,0.02232071681387711,0.02518574486840448,0.03548272636366569,0.022284477269833184,0.032436991144701416,0.0388903292714545,0.03345488608611288,0.033852403520649964,0.026894372352585218,0.037790298199807615,0.06252822454580192,0.037446808510638294,0.047612569718405655,0.04257583821181479,0.07505535332307577,0.03987558816492544,0.13907068062827224,0.09116148013094104,0.1461621982794621,0.1881349554747272,0.20293609671848015,0.17419326743021382,0.1737252324161893,0.13886822397460696,0.19529242470963099,M
Pennsylvania,0.0,0.0,0.0,0.0,0.0,0.0,0.0,0.002925088483926639,0.0,0.0,0.0,0.0,0.0,0.0,0.0,0.0,0.0,0.0,0.0,0.0,0.0,0.0,0.0,0.0,0.0,0.0,0.0,0.0,0.0,0.0,0.0,0.0,0.0,0.0,0.0,0.0,0.0,0.0,0.0,0.0,0.0,0.0,0.0,0.0,0.0,0.0,0.0,0.0,0.0,0.0,0.0,0.0,0.0,0.0,0.0,0.0,0.0,0.0,0.0,0.0,0.0,0.0,0.0,0.0,0.00560955868800436,0.0,0.0,0.0,0.005329151218472361,0.0,0.0,0.0,0.0,0.0,0.0037537255726308363,0.004535215951866242,0.0,0.0,0.0,0.0,0.0,0.006236990028612192,0.007244510271105673,0.0,0.005191074812039833,0.004487444131320565,0.0,0.0,0.004791291348844341,0.005815644082582146,0.008028178907966964,0.0,0.009183111238087464,0.005267982257435757,0.011716336834032764,0.007465631432441368,0.0075266389256260545,0.0,0.01262742216916154,0.014308369203620016,0.04965664248428549,0.03956087429532193,0.08086934546373516,0.09057743112341175,0.11634821728675956,0.10445962233828847,0.10605933740824472,0.10776018989092921,0.10746828928647109,M
Rhode Island,0.0,0.0,0.0,0.0,0.0,0.0,0.0,0.0,0.0,0.0,0.0,0.0,0.0,0.0,0.0,0.0,0.0,0.0,0.0,0.0,0.0,0.0,0.0,0.0,0.0,0.0,0.0,0.0,0.0,0.0,0.0,0.0,0.0,0.0,0.0,0.0,0.0,0.0,0.0,0.0,0.0,0.0,0.0,0.0,0.0,0.0,0.0,0.0,0.0,0.0,0.0,0.0,0.0,0.0,0.0,0.0,0.0,0.0,0.0,0.0,0.0,0.0,0.0,0.0,0.0,0.0,0.0,0.0,0.0,0.0,0.0,0.0,0.0,0.0,0.0,0.0,0.0,0.0,0.0,0.0,0.0,0.0,0.0,0.0,0.0,0.0,0.0,0.0,0.0,0.0,0.0,0.0,0.0,0.0,0.0,0.0,0.0,0.0,0.0,0.0,0.0,0.0,0.0,0.0,0.12025425184676172,0.22795020164825527,0.1695234507440196,0.0,0.10326311441553077,M
South Carolina,0.0,0.0,0.0,0.0,0.0,0.0,0.0,0.0,0.0,0.0,0.0,0.0,0.0,0.0,0.0,0.0,0.0,0.0,0.0,0.0,0.0,0.0,0.0,0.0,0.0,0.0,0.0,0.0,0.0,0.0,0.0,0.0,0.0,0.0,0.0,0.0,0.0,0.0,0.0,0.0,0.0,0.0,0.0,0.0,0.0,0.0,0.0,0.0,0.0,0.0,0.0,0.0,0.0,0.0,0.0,0.0,0.0,0.0,0.0,0.0,0.0,0.0,0.0,0.0,0.0,0.0,0.0,0.0,0.0,0.0,0.0,0.0,0.0,0.0,0.0,0.0,0.0,0.0,0.0,0.0,0.0,0.0,0.0,0.0,0.0,0.0,0.0,0.0,0.0,0.0,0.022650789541806885,0.0,0.0,0.0,0.016299387143043423,0.0,0.0,0.02500234396974716,0.01657989853102099,0.027999440011199778,0.028262559174733273,0.04698568743675004,0.08388649792107375,0.10503060374488428,0.1343305257043276,0.1728998308588611,0.11075511253510542,0.0943009430094301,0.13191489361702127,M
South Dakota,0.0,0.0,0.0,0.0,0.0,0.0,0.0,0.0,0.0,0.0,0.0,0.0,0.0,0.0,0.0,0.0,0.0,0.0,0.0,0.0,0.0,0.0,0.0,0.0,0.0,0.0,0.0,0.0,0.0,0.0,0.0,0.0,0.0,0.0,0.0,0.0,0.0,0.0,0.0,0.0,0.0,0.0,0.0,0.0,0.0,0.0,0.0,0.0,0.0,0.0,0.0,0.0,0.0,0.0,0.0,0.0,0.0,0.0,0.0,0.0,0.0,0.0,0.0,0.0,0.0,0.0,0.0,0.0,0.0,0.0,0.0,0.0,0.0,0.0,0.0,0.0,0.0,0.0,0.0,0.0,0.0,0.0,0.0,0.0,0.0,0.0,0.0,0.0,0.0,0.0,0.0,0.0,0.0,0.0,0.0,0.0,0.0,0.0,0.0,0.0,0.0,0.27427317608337903,0.21606049693914295,0.2401625715869204,0.28376844494892167,0.3148986419996064,0.14285714285714285,0.3026372676178124,0.15790660951951274,M
Tennessee,0.0,0.0,0.0,0.0,0.0,0.0,0.0,0.0,0.0,0.0,0.0,0.0,0.0,0.0,0.0,0.0,0.0,0.0,0.0,0.0,0.0,0.0,0.0,0.0,0.0,0.0,0.0,0.0,0.0,0.0,0.0,0.0,0.0,0.0,0.0,0.0,0.0,0.0,0.0,0.0,0.0,0.0,0.0,0.0,0.0,0.0,0.0,0.0,0.0,0.0,0.0,0.0,0.0,0.0,0.0,0.0,0.0,0.0,0.0,0.0,0.0,0.0,0.0,0.0,0.0,0.0,0.0,0.0,0.0,0.0,0.0,0.0,0.0,0.0,0.0,0.0,0.0,0.0,0.0,0.0,0.0,0.0,0.0,0.0,0.0,0.009029345372460496,0.0,0.008871854927428226,0.008876264867743653,0.0,0.009139932364500503,0.009370314842578711,0.0,0.0,0.016804839793860632,0.00927643784786642,0.018372558746256592,0.02291213197388017,0.016330196574741267,0.04287796929937398,0.07467931822175365,0.1171011931064958,0.12615453931065557,0.10992708917554683,0.20357845687529688,0.1590606067694323,0.19944252210688196,0.18484288354898337,0.18611383963190817,M
Texas,0.030911901081916538,0.02833423058396849,0.028471777350701118,0.02981692408611128,0.025901283732374988,0.024839320644580373,0.037097492209526635,0.026581233649043776,0.04264790158996708,0.032252669804333806,0.030110714782044752,0.0335217486793587,0.0267837387770312,0.031407375318135054,0.031700225180909904,0.03995782229868473,0.03775009437523594,0.0332314948812778,0.04790750657397451,0.043159711987873176,0.03910920407182685,0.049496238285890275,0.05720758343726044,0.05433624547197955,0.045200658638168724,0.036320412071584235,0.052751700973215056,0.04633920296570899,0.050575946492712937,0.04289335153051277,0.05913875772215702,0.04792633038358181,0.04152249134948097,0.046988919709578164,0.049450937605475705,0.03792136733615938,0.05441827475725781,0.048371591792749156,0.05500907945558757,0.05770074087751287,0.0521909318255953,0.04479133416394658,0.057215353615761584,0.05620860724846648,0.053019666368840146,0.05516354792752949,0.05771496439320585,0.056827924066135946,0.046261352292371744,0.05732568337604179,0.06821145551208746,0.06346839676814894,0.059360778146902306,0.06590191865667244,0.06686551890549867,0.07303235152100435,0.06276365260318284,0.06420851119487284,0.07652306025213511,0.05375014781290649,0.075326913384888,0.07663373171174018,0.0819079163702238,0.06857453638292968,0.07896566761346895,0.07474889044615743,0.06056425699433051,0.06858486560632286,0.06455581027708167,0.0779544013712461,0.07116308584897109,0.056831636277527825,0.053305366073518066,0.05759997248956538,0.05799635211350474,0.05748570309273082,0.061414894636432536,0.06461612346918727,0.059951268183433756,0.06940205530424022,0.07208619991906111,0.06593387895390583,0.06527723499375142,0.0624103393128795,0.07473159625820636,0.058846269490142177,0.0715107287632521,0.06350748876897766,0.07563819728963127,0.07645791339403629,0.05825627804358066,0.07560504581501418,0.07494808923327695,0.06667212041884817,0.08208933782635641,0.08171776375112715,0.08748485067379387,0.0847613782937166,0.07688343288752207,0.0949899461575679,0.09875023539300297,0.12552052077273,0.11487468216491101,0.1416720870347765,0.1696465844191603,0.1560606616972056,0.16349387387475586,0.17218677200445662,0.15408400701706898,M
Utah,0.0,0.0,0.0,0.0,0.0,0.0,0.0,0.0,0.0,0.0,0.0,0.0,0.0,0.0,0.0,0.0,0.0,0.0,0.0,0.0,0.0,0.0,0.0,0.0,0.0,0.0,0.0,0.0,0.0,0.0,0.0,0.0,0.0,0.0,0.0,0.0,0.0,0.0,0.0,0.0,0.0,0.0,0.0,0.0,0.0,0.0,0.0,0.0,0.0,0.0,0.0,0.0,0.0,0.0,0.0,0.0,0.0,0.0,0.0,0.0,0.0,0.0,0.0,0.0,0.02077447232840286,0.0,0.0,0.0,0.0,0.0,0.0,0.0,0.0,0.0,0.0,0.0,0.0,0.0,0.0,0.0,0.0,0.0,0.0,0.0,0.0,0.017548785624034818,0.0,0.0,0.016690589845445136,0.02301193333114172,0.0,0.01953315753491552,0.029123386079021457,0.0,0.0,0.03503296283321125,0.0,0.02570611484206806,0.023841961852861034,0.032271944922547334,0.02957704821058858,0.056824639163541316,0.08860466908082287,0.07732755954222086,0.07038398373347932,0.0882152451982838,0.08446659346228566,0.093863138604568,0.08685714285714285,M
Vermont,0.0,0.0,0.0,0.0,0.0,0.0,0.0,0.0,0.0,0.0,0.0,0.0,0.0,0.0,0.0,0.0,0.0,0.0,0.0,0.0,0.0,0.0,0.0,0.0,0.0,0.0,0.0,0.0,0.0,0.0,0.0,0.0,0.0,0.0,0.0,0.0,0.0,0.0,0.0,0.0,0.0,0.0,0.0,0.0,0.0,0.0,0.0,0.0,0.0,0.0,0.0,0.0,0.0,0.0,0.0,0.0,0.0,0.0,0.0,0.0,0.0,0.0,0.0,0.0,0.0,0.0,0.0,0.0,0.0,0.0,0.0,0.0,0.0,0.0,0.0,0.0,0.0,0.0,0.0,0.0,0.0,0.0,0.0,0.0,0.0,0.0,0.0,0.0,0.0,0.0,0.0,0.0,0.0,0.0,0.0,0.0,0.0,0.0,0.0,0.0,0.0,0.18811136192626035,0.0,0.2533478103510677,0.3179650238473768,0.22036139268400176,0.0,0.5368472425573451,0.0,M
Virginia,0.0,0.0,0.0,0.0,0.0,0.0,0.0,0.0,0.0,0.0,0.0,0.0,0.0,0.0,0.0,0.0,0.0,0.0,0.0,0.0,0.0,0.0,0.0,0.0,0.0,0.0,0.0,0.0,0.0,0.0,0.0,0.0,0.0,0.0,0.0,0.0,0.0,0.0,0.0,0.0,0.0,0.0,0.0,0.0,0.0,0.0,0.0,0.0,0.0,0.0,0.0,0.0,0.0,0.0,0.0,0.0,0.0,0.0,0.0,0.0,0.0,0.0,0.0,0.0,0.0,0.0,0.0,0.0,0.0,0.0,0.0,0.0,0.0,0.0,0.0,0.0,0.0,0.0,0.0,0.0,0.0071233188967403695,0.0,0.0,0.0,0.009370753877149416,0.012708700694212777,0.014586946303829883,0.008049455856784082,0.008015004087652084,0.02045440241676632,0.009566326530612245,0.017588743204349215,0.014314342971657599,0.02190889031470556,0.017317107728152894,0.02821670428893905,0.01414360473339305,0.019756663758046723,0.02723636054132267,0.024510662138030045,0.03348548668511306,0.060268727620803354,0.10042141127947637,0.08030408480111355,0.1305506699787855,0.1030502885408079,0.10174134220309136,0.11047060477634724,0.09634530156079388,M
Washington,0.0,0.0,0.0,0.0,0.0,0.0,0.0,0.0,0.0,0.0,0.0,0.0,0.0,0.0,0.0,0.0,0.0,0.0,0.0,0.0,0.0,0.0,0.0,0.0,0.0,0.0,0.0,0.0,0.0,0.0,0.0,0.0,0.0,0.0,0.0,0.0,0.0,0.0,0.0,0.0,0.0,0.0,0.0,0.0,0.0,0.0,0.0,0.0,0.0,0.0,0.0,0.0,0.0,0.0,0.0,0.0,0.0,0.0,0.0,0.0,0.011486595143467573,0.01592652562843416,0.0,0.0,0.025311970030627483,0.016928657799274487,0.0,0.010969242244745733,0.0,0.01133165876598236,0.0147789621473832,0.02417075710248401,0.0,0.01880229387985334,0.0,0.01887469092693607,0.014975664545114188,0.014695077149155033,0.00881445570736007,0.01689274794330794,0.01014370245139476,0.017074170195328506,0.021461530207103768,0.020277619038840858,0.016933526500968972,0.026380749590156214,0.028445725555639838,0.033864504355351537,0.028370403994552883,0.03224276908487435,0.042880810837150375,0.0258685875751184,0.035705784337062604,0.03971721344030503,0.04805574466381002,0.05226582008943263,0.03682027828378745,0.043003186145155296,0.05220988373260507,0.061217596892679214,0.08519338899301414,0.10105353687379058,0.12944557800741568,0.1326952360234936,0.1511533659006769,0.1561915656554546,0.14719970092759177,0.14052770576405882,0.08908799348384962,M
West Virginia,0.0,0.0,0.0,0.0,0.0,0.0,0.0,0.0,0.0,0.0,0.0,0.0,0.0,0.0,0.0,0.0,0.0,0.0,0.0,0.0,0.0,0.0,0.0,0.0,0.0,0.0,0.0,0.0,0.0,0.0,0.0,0.0,0.0,0.0,0.0,0.0,0.0,0.0,0.0,0.0,0.0,0.0,0.0,0.0,0.0,0.0,0.0,0.0,0.0,0.0,0.0,0.0,0.0,0.0,0.0,0.0,0.0,0.0,0.0,0.0,0.0,0.0,0.0,0.0,0.0,0.0,0.0,0.0,0.0,0.0,0.0,0.0,0.0,0.0,0.0,0.0,0.0,0.0,0.0,0.0,0.0,0.0,0.0,0.0,0.0,0.0,0.0,0.0,0.0,0.0,0.0,0.0,0.0,0.0,0.0,0.0,0.0,0.0,0.0,0.0,0.08507742045261188,0.1497401567867524,0.1793078716155639,0.17975402081362346,0.29254022428083865,0.2894356005788712,0.3041225501239018,0.3610528767761472,0.3675119441381845,M
Wisconsin,0.0,0.0,0.0,0.0,0.0,0.0,0.0,0.0,0.0,0.0,0.0,0.0,0.0,0.0,0.0,0.0,0.0,0.0,0.0,0.0,0.0,0.0,0.0,0.0,0.0,0.0,0.0,0.0,0.0,0.0,0.0,0.0,0.0,0.0,0.0,0.0,0.0,0.0,0.0,0.0,0.0,0.0,0.0,0.0,0.0,0.0,0.0,0.0,0.0,0.0,0.0,0.0,0.0,0.0,0.0,0.0,0.0,0.0,0.0,0.0,0.0,0.0,0.0,0.0,0.0,0.0,0.008707615680674317,0.0,0.0,0.007988751837412923,0.0,0.0,0.0,0.0,0.0,0.0,0.0,0.0,0.0,0.0,0.0,0.0,0.0,0.011858410577702235,0.0,0.014408925300014409,0.0,0.0,0.012733987011333249,0.0,0.017453910766881204,0.017699115044247787,0.015455950540958269,0.018033452053559353,0.01362985847663615,0.015950780448900536,0.018473617365200326,0.016839876828329485,0.02740886552213889,0.03415300546448088,0.06774149844194553,0.11061029228769736,0.07841599686336012,0.14491929984087293,0.20139248518326716,0.17862459065197975,0.16504268892627036,0.16630254018978055,0.14784761380827946,M
Wyoming,0.0,0.0,0.0,0.0,0.0,0.0,0.0,0.0,0.0,0.0,0.0,0.0,0.0,0.0,0.0,0.0,0.0,0.0,0.0,0.0,0.0,0.0,0.0,0.0,0.0,0.0,0.0,0.0,0.0,0.0,0.0,0.0,0.0,0.0,0.0,0.0,0.0,0.0,0.0,0.0,0.0,0.0,0.0,0.0,0.0,0.0,0.0,0.0,0.0,0.0,0.0,0.0,0.0,0.0,0.0,0.0,0.0,0.0,0.0,0.0,0.0,0.0,0.0,0.0,0.0,0.0,0.0,0.0,0.0,0.0,0.0,0.0,0.0,0.0,0.0,0.0,0.0,0.0,0.0,0.0,0.0,0.0,0.0,0.0,0.0,0.0,0.0,0.0,0.0,0.0,0.0,0.0,0.0,0.0,0.0,0.0,0.0,0.0,0.0,0.0,0.0,0.26109660574412535,0.22892025944296068,0.35335689045936397,0.4941087039148613,0.26327336551118913,0.2449779519843214,0.6489994591671173,0.0,M
