state,1929,1952,1953,1954,1955,1956,1957,1958,1959,1960,1961,1962,1963,1964,1965,1966,1967,1968,1969,1970,1971,1972,1973,1974,1975,1976,1977,1978,1979,1980,1981,1982,1983,1984,1985,1986,1987,1988,1989,1990,1991,1992,1993,1994,1995,1996,1997,1998,1999,2000,2001,2002,2003,2004,2005,2006,2007,2008,2009,2010,2011,2012,2013,2014,2015,2016,2017,2018,2019,gender
Alabama,0.0,0.0,0.0,0.0,0.0,0.0,0.0,0.0,0.0,0.0,0.0,0.0,0.0,0.0,0.0,0.0,0.0,0.0,0.0,0.0,0.0,0.010777255679613743,0.0,0.0,0.02637446951351092,0.024362909905959167,0.0299091222822961,0.0622143523725204,0.038782680111329106,0.035839885312367,0.04365507892378742,0.04443612891154872,0.037840266773880755,0.06426429285476269,0.02603488674824265,0.04336513443191674,0.06948604288966095,0.06165228113440197,0.04326934025642778,0.068717502347848,0.07075638576381518,0.08730447435431066,0.10289830217801406,0.1665489048147774,0.187960245120758,0.2151875761582536,0.2628223477061594,0.24432084004782448,0.2680471973300397,0.23978919631093545,0.2599054386595515,0.2669882008440272,0.27348360537755134,0.23397970226082887,0.2039567611666327,0.20762604865183354,0.16895697229105655,0.20760647040166083,0.2018040055037456,0.19267193520997977,0.18834291864258568,0.2097682061322239,0.23175784816349462,0.2291427976252474,0.24975376389475165,0.2365676189110721,0.20902541898398713,0.2614275528796641,0.24251242876197404,F
Alaska,0.0,0.0,0.0,0.0,0.0,0.0,0.0,0.0,0.0,0.0,0.0,0.0,0.0,0.0,0.0,0.0,0.0,0.0,0.0,0.0,0.0,0.10654165778819519,0.0,0.11005943209333038,0.0,0.15689350853108452,0.09160864785635764,0.13961605584642234,0.16377333770062236,0.12476606363069245,0.11711316059142146,0.07714065312419646,0.0602990834539315,0.0,0.11392116655274549,0.08482792050412022,0.06398771435884311,0.09370816599732262,0.11694386694386695,0.13082155939298795,0.06682705159048383,0.08266740148801323,0.1479727730097662,0.20569620253164558,0.2841858910063524,0.154030463802841,0.12424565140220092,0.3377777777777778,0.25773195876288657,0.18625442354255914,0.3229483282674772,0.2708978328173375,0.23942537909018355,0.13565891472868216,0.2105666156202144,0.1536688436419516,0.2468198215302829,0.4520625353173856,0.32761611100404703,0.3136639874534405,0.2776675922253074,0.3334027922483851,0.30144694533762056,0.24479804161566704,0.3763328454944595,0.3306878306878307,0.41841004184100417,0.15604681404421328,0.41276829939460646,F
Arizona,0.0,0.0,0.0,0.0,0.0,0.0,0.0,0.0,0.0,0.0,0.0,0.0,0.0,0.0,0.0,0.0,0.0,0.0,0.0,0.0,0.0,0.03102485435554483,0.03394894079304726,0.03263388049472963,0.06342424141269151,0.0788799053441136,0.05684330196425188,0.10135135135135136,0.09280872964535816,0.08902621036369825,0.08567684709202701,0.08216926869350863,0.07381344881037326,0.07127245082200893,0.05552347532536756,0.03492229788720098,0.037680552648105506,0.05719655186501613,0.06453564586064334,0.041755313860775856,0.04663422546634225,0.05809062136933617,0.07128454754679321,0.07583316703252843,0.08684496200532912,0.10587918222769799,0.1023838040412626,0.09352572911894946,0.1147616844053679,0.11618761618761618,0.13619030325040857,0.12257296644342991,0.1268462206776716,0.0992063492063492,0.10757387299559619,0.10483012754332185,0.10661841913962168,0.09374307579553783,0.11601579311764376,0.10438203826003171,0.16121364942231775,0.1283218809504098,0.15939931626082762,0.18774250073010973,0.18466031091643048,0.16401799765055303,0.13242840589306407,0.1554480852743782,0.1503642444196718,F
Arkansas,0.0,0.0,0.0,0.0,0.0,0.0,0.0,0.0,0.0,0.0,0.0,0.0,0.0,0.0,0.0,0.0,0.0,0.0,0.0,0.0,0.0,0.0,0.01972931381446553,0.0,0.04378806576171331,0.056249748885049626,0.046378604004019476,0.0881127843639859,0.08721371151220991,0.08446566287183253,0.11272204298985501,0.06911646123718465,0.08118138240296892,0.09707229944862934,0.08547672701841635,0.0875412836735506,0.0914440203562341,0.12841606806051606,0.08606188632007199,0.09422480467983196,0.1426824296779454,0.15654749312460334,0.12408540498908904,0.18525870054254334,0.2864698104892023,0.2290307246877836,0.2703056197410298,0.2318764492278077,0.25750310779612856,0.25136517292190347,0.2679049830326844,0.36850620168973575,0.2829934417392867,0.28671266015589997,0.2480270574971815,0.20379230905546694,0.2203435560751866,0.22558511138264875,0.29524653085326247,0.23118957545187052,0.24390243902439024,0.2584974150258497,0.3028603477285474,0.2772387025228722,0.23897581792318634,0.3148951339789674,0.2453601761560239,0.2823004201680672,0.18628397957775633,F
California,0.0,0.0,0.0,0.002204617939711048,0.001799972640415866,0.0033982397118292726,0.0026076809241621195,0.0016513094884243206,0.0019421309708389034,0.0018789281341304166,0.005573238546994786,0.003122833534235624,0.003119287804208543,0.004136399359812653,0.0063970910070368,0.00567681871079447,0.003929525741965906,0.004646923200657719,0.006562609017024789,0.011175568176045678,0.015425828103601366,0.019967481530079583,0.017925889252148972,0.03902190566556995,0.05147016772738785,0.04564161886100553,0.05650445968084461,0.05512679162072767,0.06529489198409179,0.05215816718168756,0.04448328900667563,0.0507645259938838,0.038888687913757554,0.028821410190427176,0.032043173960704954,0.024866412108284938,0.030082794239011793,0.03086997667039468,0.026091973007973612,0.03140379447562393,0.02765681071633407,0.029615301856277865,0.033165503070212335,0.04548572792078027,0.048741444593804195,0.04706989879971758,0.06261242087629927,0.07380793226381462,0.06558007270342543,0.050779124757613384,0.06391234877881762,0.06117134551233861,0.060117186176998544,0.06572442767338359,0.052131405325949474,0.06397790366675121,0.061376190584437725,0.06909108161643478,0.07816464373626998,0.07324635738967063,0.08803524087513054,0.09131343082417953,0.10260153420280675,0.11416770042395408,0.11482876072997276,0.11944542679186182,0.1150717191179619,0.11718130144482918,0.10698104602742296,F
Colorado,0.0,0.0,0.0,0.0,0.0,0.0,0.0,0.0,0.0,0.0,0.0,0.0,0.0,0.0,0.0,0.0,0.0,0.0,0.0,0.0,0.02748007694421544,0.0,0.02554441535219363,0.04439511653718091,0.0689849800884262,0.08945371541380055,0.05856343884512898,0.09175101069472719,0.07199232081911262,0.09354536950420954,0.0556039067788415,0.061942233132212254,0.06644213806218068,0.07875292428137957,0.08507116087646288,0.05058052649729854,0.06903446962483337,0.07982390363077817,0.06095330976472023,0.06586329706786359,0.06383187665717371,0.0563614977455401,0.09046817279421003,0.08403361344537816,0.09461947626841244,0.10347003154574132,0.11621737702432984,0.14630934672876686,0.12606141331493947,0.12422646023603028,0.12504831412136508,0.16561478895304596,0.16766145798403864,0.16420361247947454,0.14823736508083568,0.1437847866419295,0.1383587786259542,0.15695507161075142,0.12605474377443918,0.19012439567602804,0.19825756729587848,0.18476932260723727,0.19602755916861256,0.17603601523721576,0.23991906344847524,0.17919041184419246,0.17186962907409145,0.20962300612492218,0.17716272228907606,F
Connecticut,0.0,0.0,0.0,0.0,0.0,0.0,0.0,0.0,0.0,0.0,0.0,0.0,0.0,0.0,0.0,0.0,0.0,0.0,0.0,0.0,0.0,0.0,0.0,0.0,0.024382597791633286,0.0,0.017402199638034247,0.030933150025777626,0.01972127267946358,0.019449576971700865,0.018947767321417293,0.031002945279801578,0.0,0.0147305777332587,0.017073587160662457,0.013991884706870015,0.032041868040906786,0.03660800669403551,0.025774524460023714,0.017917018608103612,0.01864677677144379,0.022115942830287783,0.036872110502878856,0.032105539664934915,0.07199856002879942,0.057888001949911644,0.061264630961209814,0.10901628831601898,0.09163802978235967,0.10585511081706914,0.13521736190926914,0.11059653003387018,0.09262753439226046,0.12137655290589747,0.08122577072180173,0.09462886558915933,0.08073507362269809,0.14310246136233543,0.15097269550964068,0.11725444213944258,0.14317384075374098,0.18808482625664175,0.14258555133079848,0.2247927691659252,0.22591809267448565,0.2154328241284763,0.18873699245052028,0.1531393568147014,0.24263813830373882,F
Delaware,0.0,0.0,0.0,0.0,0.0,0.0,0.0,0.0,0.0,0.0,0.0,0.0,0.0,0.0,0.0,0.0,0.0,0.0,0.0,0.0,0.0,0.0,0.0,0.0,0.0,0.0,0.0,0.12806146950536257,0.0,0.0,0.0,0.0,0.0,0.07336757153338225,0.07197351374694112,0.0,0.0,0.07730962504831851,0.09691096305269534,0.0,0.060960741282614,0.15505879312572685,0.0808080808080808,0.1093942294543963,0.10077742585660812,0.08843036109064112,0.17822664488341008,0.23693173404412854,0.30755711775043937,0.15845577643330452,0.1520450053215752,0.35481963335304556,0.2017872585759585,0.14790711433219939,0.0894854586129754,0.2582409235910679,0.15309246785058175,0.1901743264659271,0.1841620626151013,0.24364775495997215,0.10432968179447052,0.38167938931297707,0.17094017094017094,0.32751091703056767,0.3008084226358338,0.2296211251435132,0.26481971888368305,0.3076246978686003,0.21037868162692847,F
Florida,0.0,0.0,0.0,0.0,0.0,0.0,0.0,0.0,0.0,0.0,0.0,0.0,0.0,0.0,0.0,0.0,0.008682601307351682,0.0,0.0,0.0,0.007685044902619502,0.010615961688173818,0.006073931899075548,0.016718813441926005,0.03160676131838123,0.03209448616727646,0.04032011729488667,0.03945339119830709,0.04694153543527098,0.05196181316162162,0.05233268079002965,0.05257284105477721,0.04193957132404119,0.04004976396202942,0.037429108454910126,0.031099486459762047,0.04686647663975046,0.058640278541323074,0.04806252307349387,0.054669828405076094,0.05179251775490078,0.06117945244390063,0.06389729428009049,0.08681595018560652,0.10415399586425009,0.09487226952980377,0.11566844796076527,0.14028488623049887,0.13281037629606615,0.1530251006844257,0.10878891885265995,0.13513409162863607,0.13301691430989918,0.1369628488272556,0.1264911783307526,0.10487974261944244,0.11199805965145063,0.11218781293999833,0.13686608860871596,0.10967299030524254,0.14201767142043184,0.1428706676191378,0.16187157620317438,0.17257199619499794,0.1307897367544152,0.17117945171980536,0.15768198766421576,0.1537445850252774,0.1521469626958188,F
Georgia,0.0,0.0,0.0,0.0,0.0,0.0,0.0,0.0,0.0,0.0,0.0,0.0,0.0,0.0,0.0,0.0,0.0,0.0,0.0,0.007812906922235532,0.012186700247796238,0.0,0.007763010806111042,0.014368274849133113,0.02383952593399857,0.04152680209018237,0.05072321487008312,0.047922002809220855,0.05537624200999937,0.043648404575556896,0.05604192541879979,0.043660233055313,0.04640232310985376,0.03377088655918715,0.0396275014860313,0.038888348772933706,0.07524757796858414,0.060706838757357405,0.05329205313979012,0.07785814747840064,0.07164723506806486,0.08469081237015179,0.0902478448275862,0.12185380251560406,0.140597539543058,0.14781865769809735,0.2194489979377082,0.2311067007886353,0.20051270336810578,0.18712435714728298,0.1903529616681389,0.177537726766938,0.18612562863622917,0.1657702792308259,0.18725904167431615,0.15613356516802102,0.19444808951769715,0.16379504363700018,0.16658954187875982,0.19668169876792965,0.23497527714108607,0.22648058002558935,0.2724180488245387,0.2780131721748956,0.28903039335230096,0.27056787792984116,0.2186872286658459,0.294995428433419,0.284813527746928,F
Hawaii,0.0,0.0,0.0,0.0,0.0,0.0,0.0,0.0,0.0,0.0,0.0,0.0,0.0,0.0,0.0,0.0,0.0,0.0,0.0,0.0,0.0,0.0,0.0,0.052372473028176394,0.0,0.07178750897343862,0.06072259892723409,0.0,0.0,0.0,0.04838865769863544,0.0,0.04459507670353193,0.0,0.0,0.0,0.0,0.0,0.0,0.045599635202918376,0.0,0.0,0.0,0.06391137622496805,0.08129137150156776,0.07250755287009064,0.0,0.09494100094941,0.07219174126479931,0.08555539711963497,0.0,0.09045680687471733,0.18928363424577752,0.13462976813762154,0.09607686148919135,0.13628104179285283,0.11281224818694602,0.0,0.1027221366204417,0.13377926421404682,0.10328800137717334,0.13759889920880633,0.16992353440951571,0.10491344640671448,0.16175413371675054,0.1494209936496078,0.18556701030927836,0.199203187250996,0.16401124648547327,F
Idaho,0.0,0.0,0.0,0.0,0.0,0.0,0.0,0.0,0.0,0.0,0.0,0.0,0.0,0.0,0.0,0.0,0.0,0.0,0.0,0.0,0.0,0.0,0.0,0.0,0.08666262241095415,0.06509886890715275,0.09004277031590005,0.10187004293094666,0.16015597799596126,0.10979208124614012,0.08470388932025129,0.14111338460452974,0.11895910780669146,0.06924674924982688,0.07249879168680522,0.04304407713498623,0.11733911002798088,0.06438557763061074,0.08158825129181398,0.11411516853932584,0.043782837127845885,0.09446925455170044,0.1386001386001386,0.07084661707403471,0.12078336640496937,0.10215374138077807,0.11983223487118035,0.11727257497068186,0.17561465127947817,0.15013762615731086,0.2247378058931247,0.1812489701763058,0.15248796147672553,0.09514747859181732,0.14083405054377593,0.18344416418252693,0.1515610791148833,0.17665130568356374,0.15127321623665854,0.1773049645390071,0.21749408983451538,0.20956372642408078,0.2901915264074289,0.16187392877547135,0.1967535661583866,0.26130653266331655,0.2712288754433549,0.24479804161566704,0.1773049645390071,F
Illinois,0.0,0.0,0.0,0.0,0.0,0.0,0.003345424653868028,0.0,0.0,0.0024279269873796355,0.0,0.0,0.003154308785801405,0.0,0.0,0.0,0.0,0.0031419271324259444,0.0,0.004223176794246827,0.00583143271822517,0.007205493468220171,0.010725339380381822,0.01610590012808025,0.023134581572534625,0.0192682682451232,0.03285519074678355,0.028089034648203823,0.041279520288522116,0.03348237641166582,0.04555711367211691,0.031523818394148036,0.034453689110435066,0.027160348826966555,0.022668938435550748,0.024929743450276494,0.04221190375685943,0.04676584923859352,0.04594126585857158,0.040396442327113674,0.029933718195424414,0.04418652605532153,0.0492978786973409,0.06920257342316993,0.0936161581488965,0.0993422581136187,0.12793491721134684,0.12700088240872842,0.13216338070581937,0.12678499933271054,0.11686398048879632,0.1468082317472801,0.1478215994471997,0.12483273311839352,0.12281268756636965,0.09299989770011254,0.14013426377434596,0.1457668127640164,0.14396536545452662,0.15063364369685525,0.16313398511402386,0.16833453295874062,0.18447566340286647,0.17233238904627007,0.1772386934976308,0.20883392670683992,0.15472855808990263,0.15876841075655984,0.1805869074492099,F
Indiana,0.0,0.0,0.0,0.0,0.0,0.005014290728576443,0.0,0.0,0.0,0.0,0.0,0.007495368932766541,0.0,0.0,0.005957345406886691,0.006119202056051891,0.006277542718678201,0.0,0.013799851965224373,0.013127118239534106,0.011253516723976242,0.016567720557779924,0.007208869793393791,0.03795232603967478,0.0621761658031088,0.045413260672116255,0.06043513295729251,0.08340405607093734,0.10269251329375687,0.08700936386487307,0.09091433848995613,0.07366322904931104,0.05129984760927622,0.08515038165617492,0.06820972215906508,0.08723149056809508,0.07906513385727161,0.09397499052671467,0.08532167769362034,0.11495608088191947,0.11068896401112874,0.10902577680865977,0.1278752190455141,0.14415523413077633,0.15505879312572685,0.18664352723521996,0.21293585307426138,0.2241110262624921,0.2189236255079194,0.21596491806521811,0.21673975989298472,0.20156343113541556,0.26071540306601315,0.198489372914105,0.20010720028586743,0.17720975190634733,0.18742948647960112,0.1869158878504673,0.1846190495096677,0.21297920320721622,0.19313623532907442,0.20909110709385142,0.21370375317216506,0.1963496809317685,0.24975592035056648,0.178374445513648,0.1626457034426674,0.23442732752846618,0.19599946301516982,F
Iowa,0.0,0.0,0.0,0.0,0.0,0.0,0.0,0.0,0.0,0.0,0.0,0.0,0.0,0.0,0.0,0.0,0.0,0.0,0.0,0.0,0.0,0.0,0.0,0.023976503027033507,0.0319990691179893,0.034670056627759155,0.01610824742268041,0.03767491926803014,0.05626310674645798,0.03260106329621828,0.05416698908922077,0.05845777754158474,0.06035334138044552,0.0336898846121452,0.04658339884123795,0.059389847461865465,0.07055805003207184,0.04834187373102582,0.0760046869556956,0.07207997743583315,0.0711997152011392,0.07962575893301484,0.061027292761485,0.12301419935329679,0.11206304449987348,0.1404949746028315,0.13074825357689865,0.21201413427561835,0.19159247154288292,0.2056843679880329,0.20692617030414243,0.1818900751285093,0.2067841094365133,0.15774146578223588,0.15467274503419082,0.18334728367013434,0.22292862155802337,0.11618900077459333,0.20543254964619947,0.26684456304202797,0.25529358762576965,0.2086195491782425,0.17918394511851737,0.23375171502617,0.20226117622653253,0.2043340323708125,0.19929393007630108,0.1310303752233472,0.23599552850577568,F
Kansas,0.0,0.0,0.0,0.0,0.0,0.0,0.0,0.0,0.0,0.0,0.0,0.0,0.0,0.0,0.0,0.0,0.0,0.0,0.0,0.0,0.0,0.0,0.020914376542435272,0.0,0.04364040307863207,0.03816211265455655,0.03329756927744275,0.04799350241813416,0.06188757091284167,0.06821282401091405,0.050867934126025305,0.03544842254519674,0.06103829349781547,0.03604430172357297,0.026823134953897737,0.054108894149475825,0.0665918968176083,0.07329331285774117,0.04863475300493295,0.0669391206313416,0.0922713515907581,0.059739386924541685,0.07696748123917645,0.08206651295478526,0.099589690475242,0.114290379199151,0.12612905850760844,0.14342058085335246,0.11849745230477546,0.13340657615946008,0.15531042172752976,0.14328928514567743,0.16604728394085552,0.15770957175785513,0.1265977865806346,0.13456206165389006,0.15867203710484562,0.17215317433658045,0.12206286237412267,0.18969332911792602,0.11456940996753867,0.22292842574586158,0.20370646395389277,0.19919326726756637,0.15699382153347513,0.1823011615188291,0.2510180175154795,0.16330339437769742,0.21999511121975068,F
Kentucky,0.0,0.0,0.0,0.0,0.0,0.0,0.0,0.0,0.0,0.0,0.0,0.0,0.0,0.0,0.0,0.0,0.010297176514199806,0.0,0.0,0.011683152893527534,0.0,0.0,0.013189712024620798,0.03532398719505464,0.026142082216848574,0.042956249060332054,0.0468918836265775,0.041901489597955206,0.06730984967466906,0.05655994344005656,0.08377489685215825,0.04222527182518737,0.041988950276243095,0.05959748773667079,0.05092238964886698,0.06665714421749273,0.08581235697940504,0.10443483751882256,0.10097689272966372,0.08421446617385608,0.0915686412622385,0.12531932327565432,0.13973450444156105,0.25983854692230074,0.2752411575562701,0.2406458624437199,0.2974035378090411,0.36661026508742245,0.3151698270473015,0.29215038056431153,0.34910475787469253,0.3498589715773487,0.3428851334802841,0.37791018426569567,0.3328340822100183,0.2309595820731372,0.27831358500964454,0.28551652535040667,0.27418723070896983,0.28448138085344415,0.23713071830846755,0.22067560685791887,0.2764053484434924,0.18776348885818545,0.24023808670084978,0.23106738223017292,0.20305361396384083,0.1733889278784626,0.2756957008701646,F
Louisiana,0.0,0.0,0.0,0.0,0.0,0.0,0.0,0.0,0.0,0.0,0.0,0.0,0.0,0.0,0.0,0.0,0.0,0.0,0.0,0.0,0.0,0.0,0.0,0.019262461742610707,0.01897893338394382,0.016676394563495373,0.023415091026166367,0.031066151486321185,0.031217290706428924,0.01920894088885008,0.04482604048136271,0.031749214624690866,0.02222108267952071,0.020846724458419473,0.022837066315327184,0.037261294829995344,0.029663614610318984,0.034104359339579116,0.03442759067619838,0.029023363807865334,0.03591574588553441,0.05762922244879865,0.04392251144297009,0.07452102213995529,0.10612305338236383,0.07401546668027871,0.13994554845932675,0.10764814435103548,0.1657172449508027,0.08181146416130053,0.13020472615452808,0.1394461993796067,0.1340941512125535,0.08686084892003011,0.14766504645296252,0.07779539810298913,0.13330568474686733,0.17423228897669643,0.12701235195122726,0.17305147433069798,0.1608817690148559,0.2247035641442251,0.22925577416595383,0.22064564309718593,0.2724053391446472,0.2781592197457836,0.3028123698853098,0.330978809283552,0.3828646786063726,F
Maine,0.0,0.0,0.0,0.0,0.0,0.0,0.0,0.0,0.0,0.0,0.0,0.0,0.0,0.0,0.0,0.0,0.0,0.0,0.0,0.0,0.0,0.0,0.0,0.0,0.0,0.0,0.07982120051085569,0.0,0.039038101186758274,0.0466345406497746,0.0926569376882094,0.05394158896509209,0.0,0.05314706552273935,0.03811847221163375,0.08520526723470179,0.06190513038768088,0.06150534327669716,0.07443799315170463,0.08258258258258258,0.06228589224540642,0.13141683778234084,0.1579778830963665,0.18392495861688432,0.17535314174378958,0.2089968152866242,0.3235918697542724,0.27553832023675884,0.304302203567681,0.2764193068254306,0.2948299462988312,0.33524386287444574,0.382262996941896,0.26041666666666663,0.33549541489599644,0.27103331451157536,0.3660489590482727,0.27251331599157685,0.3459764223475141,0.3126274296588283,0.30816640986132515,0.2864508736751647,0.30895983522142123,0.26057633353770693,0.2985074626865672,0.26742173981437783,0.4330504070673827,0.26852846401718583,0.3387278885961611,F
Maryland,0.0,0.0,0.0,0.0,0.0,0.0,0.0,0.0,0.0,0.0,0.0,0.0,0.0,0.0,0.0,0.0,0.0,0.0,0.0,0.0,0.0,0.014515894904920888,0.018579960185799604,0.021827508117104582,0.03375527426160337,0.02009992534313444,0.03277792952745152,0.049097157820086196,0.05668788167693061,0.039735757214523416,0.06008315508663991,0.0634891841639835,0.0604621999283411,0.0349986875492169,0.03154839523829554,0.035193044198323156,0.05026034860577793,0.05238751236927375,0.055698928723937544,0.04896982008125363,0.0630493639431814,0.038555703352418404,0.06482456851146584,0.0887824417236182,0.0951676007190441,0.14263177230782528,0.16149653455352936,0.20819807920481764,0.1652293972522125,0.16717935000668718,0.23290861761885187,0.1757957068837898,0.18864065092388463,0.16234142721306152,0.16246953696181965,0.191483541533692,0.22518382352941174,0.23097409790473494,0.20412178446707,0.2619383437437034,0.23098837358519622,0.2472606126857708,0.21821278407578903,0.22534916018132747,0.265943158007844,0.26743128118882853,0.2303206997084548,0.17293300336921197,0.23617584078599319,F
Massachusetts,0.0,0.0,0.0,0.0,0.0,0.0,0.0,0.0,0.0,0.0,0.0,0.0,0.0,0.0,0.0,0.0,0.0,0.0,0.0,0.0,0.0,0.0,0.007901016070666688,0.0,0.013561390720618398,0.017484657213295333,0.02214537587516822,0.015186028853454821,0.01978369823265629,0.017676361883336014,0.009466410021772743,0.0,0.0,0.0,0.00863036161215155,0.01299545159194282,0.016843287248227944,0.019259340780278435,0.014534691666336332,0.02108926029419518,0.01681708615953809,0.029958058717795086,0.038688749014180915,0.03648691791963757,0.04833554221563889,0.057454754380925024,0.06867233485938522,0.06723185149959825,0.10519987977156597,0.07376980467767626,0.08377930138321336,0.09069345611832008,0.10886441918155373,0.09247614115558186,0.09089502591475207,0.09897854145221316,0.11343610103915572,0.1201948421651941,0.1543924656476764,0.12198490149143804,0.12894609592668493,0.16539861065167052,0.1673840267814443,0.1598434965168432,0.16584152379094214,0.14089381055962033,0.15661506072042927,0.13774834437086092,0.13041706289906263,F
Michigan,0.0,0.0037790514580840207,0.0,0.0,0.0028691111493659265,0.005503001887529647,0.002724276023646716,0.002814887376356072,0.0,0.0,0.005976571838393498,0.005047095711861306,0.0071322051481553525,0.005295453191503445,0.0049032999208467294,0.011309418625198797,0.005810490841213811,0.0059688574860664485,0.007287461194269141,0.008479786309385003,0.012925299372742826,0.02205370926425433,0.019653210173216248,0.042192157761981194,0.043675585347790584,0.06447329169834198,0.06777177397197545,0.07653479599832352,0.0808947664603264,0.07723884159094657,0.09214221796950448,0.08080517871412025,0.10085540323484367,0.07633026173002999,0.08766935097566045,0.0730412914439986,0.0820239874594437,0.11767301610649408,0.0840277291506197,0.10352324096759723,0.1156722440415344,0.12334668007666472,0.12533046117693136,0.18890797050207092,0.21954924770565834,0.21807814644213483,0.24040793885229464,0.27072462502456174,0.28242619669761493,0.24900398406374502,0.2819290363986431,0.23051381888541195,0.2788092920407158,0.23024543183265567,0.20670327301317576,0.2541942043721403,0.23444131556609493,0.210171139356333,0.23220397762398035,0.22186460009687045,0.23390334102474952,0.2490942028985507,0.26872910795044896,0.2537534362444491,0.27558856643532914,0.3069177184633423,0.29535406247735013,0.2957910998907269,0.240858331508649,F
Minnesota,0.0,0.0,0.0,0.0,0.0,0.0,0.0,0.0,0.0,0.0,0.0,0.0,0.0,0.0,0.0,0.0,0.0,0.0,0.0,0.0,0.0,0.0,0.011016127610822242,0.029818956336528223,0.014634860237084735,0.04369719921761205,0.023425604185374614,0.03810104396860474,0.032579775199551124,0.03983856719727019,0.03960941670828526,0.036086194453036395,0.03235140818490627,0.019494213762914915,0.035558716330340474,0.03121671747034412,0.035581856998389456,0.05005097784780795,0.05992155723416619,0.04924042091441286,0.04655060050274649,0.05226379667447398,0.0790967155088885,0.07461934052636886,0.12728486770720307,0.11992425836313907,0.13639415813328856,0.2229110054347826,0.1784424523091303,0.17508332278614522,0.215954735887358,0.17285711198980144,0.14092326087884868,0.16913135868858148,0.17571218344351952,0.17183251767264818,0.19542217929423394,0.16622573923629808,0.1887162394000294,0.1954652071931196,0.2226763072409096,0.20270270270270271,0.17959183673469387,0.25776767648770754,0.24744123270723203,0.1860140673138406,0.19668705246012477,0.25838144757408527,0.15960099750623444,F
Mississippi,0.0,0.0,0.0,0.0,0.0,0.0,0.0,0.0,0.0,0.0,0.0,0.0,0.0,0.0,0.0,0.0,0.0,0.0,0.0,0.0,0.0,0.0,0.0,0.0,0.016849199663016005,0.02071608604081069,0.0,0.04451292586885807,0.036808994779815286,0.022084108906205633,0.02286460885187,0.0162585763990505,0.0,0.03113109650639917,0.031875332034708694,0.0,0.0,0.06471752702908481,0.05543646980560278,0.04463289444320464,0.03463403371045948,0.032252862441541685,0.04148516905206388,0.08895666539585716,0.096208510080028,0.1673980907569108,0.17249205628688152,0.16069276436191582,0.14105655912999954,0.18571363862843684,0.21012416427889208,0.22330097087378642,0.23544109167787813,0.14542634155800088,0.21919992029093807,0.24406270534121843,0.185649308456326,0.16617790811339198,0.24073686414067408,0.2635952094435849,0.2297794117647059,0.23613465730201016,0.23481245108073934,0.30789664332286887,0.32868707772840705,0.3633581946834959,0.3776585171934009,0.3676980713195504,0.28015334709525214,F
Missouri,0.0,0.0,0.0,0.0,0.0,0.0,0.0,0.0,0.0,0.0,0.0,0.0,0.0,0.0,0.0,0.0,0.0,0.0,0.0,0.007218757218757219,0.016557786675497486,0.009866149241950867,0.012262200889885435,0.020642320196790118,0.026331958219959622,0.043563114239910786,0.026415717351824335,0.033243575679000034,0.050444542531054924,0.05524353190313968,0.051931701943504605,0.053465844760347214,0.0478194338179036,0.04845274242522127,0.04082017144472007,0.032257544233157534,0.050347560579484175,0.059443480496112075,0.054868394237250935,0.051846032992930086,0.05915740666719961,0.055141529926812156,0.07660878447395301,0.1091280318231422,0.11238560750664502,0.1202440775305097,0.16842944074181396,0.18009168303863785,0.188285298833004,0.20324445273168004,0.2390453607849941,0.2231613871553835,0.17750428968700077,0.20040477796737965,0.17609861522452575,0.18006252720725,0.19945201063744059,0.1993603854300785,0.21738653081838344,0.24132383360147094,0.23569341001225605,0.24699130687459137,0.2667786478274831,0.2731761108744142,0.2665504779967706,0.2761413843888071,0.2793998491240815,0.2495911868491264,0.2318699087774964,F
Montana,0.0,0.0,0.0,0.0,0.0,0.0,0.0,0.0,0.0,0.0,0.0,0.0,0.0,0.0,0.0,0.0,0.0,0.0,0.0,0.0,0.0,0.0,0.0,0.07980845969672785,0.05992329817833174,0.17133066818960593,0.11669849352853809,0.13807753584705257,0.120312813314618,0.15987210231814547,0.1585100059441252,0.1741991677150876,0.10008006405124098,0.08,0.14893617021276595,0.0,0.13210039630118892,0.10335917312661498,0.10310607036989304,0.07948072592396344,0.09444144630329196,0.0,0.1397624039133473,0.15955903684363215,0.16469531366971102,0.20167545764815392,0.17249490355966754,0.2580228995323335,0.21328958162428222,0.16097875080489374,0.10082339102671821,0.15148964820737248,0.34516765285996054,0.23383998663771507,0.341705108491372,0.1931434089811685,0.18625126989502203,0.2027712064886786,0.2344454463480613,0.12815818381545221,0.28360748723766305,0.13484877672895396,0.3460872909055951,0.25096525096525096,0.21488571986716157,0.389344262295082,0.264783759929391,0.37226617031177295,0.30651340996168586,F
Nebraska,0.0,0.0,0.0,0.0,0.0,0.0,0.0,0.0,0.0,0.0,0.0,0.0,0.0,0.0,0.0,0.0,0.0,0.0,0.0,0.0,0.0,0.0,0.0,0.0,0.0317225335730147,0.026041666666666668,0.04935346954890929,0.024646325232907777,0.07575040242401287,0.049701789264413515,0.05883151559035163,0.05046103032249186,0.028188865398167725,0.02826189354686764,0.053299738346739026,0.03561615956039483,0.06876851460008464,0.10641127959563715,0.05803524322042841,0.036988110964332896,0.049019607843137254,0.07379235965260827,0.07027406886858749,0.07776514924926721,0.09472500148007815,0.12138131941494205,0.14654698662758747,0.1352847128274505,0.21044813072542706,0.06671114076050699,0.21236727045596504,0.24121721919841663,0.15983279031167394,0.1857815209313847,0.15917483764166562,0.12633440717579433,0.16107209587011145,0.1740178033598822,0.14466795260402315,0.16942909760589317,0.1594896331738437,0.2231971061340722,0.2092374457532548,0.1607717041800643,0.16565433462175594,0.20102926986169187,0.15300918055083304,0.11675947548051016,0.11372251705837756,F
Nevada,0.0,0.0,0.0,0.0,0.0,0.0,0.0,0.0,0.0,0.0,0.0,0.0,0.0,0.0,0.0,0.0,0.0,0.0,0.0,0.0,0.0,0.0,0.0,0.0,0.0,0.09426551453260015,0.163471541090801,0.12345679012345678,0.05885122410546139,0.1413504403609873,0.14293006636038796,0.06808014005057382,0.06993705664901588,0.06688324097076247,0.06573387172504461,0.0,0.09445303108363386,0.10462776659959758,0.05191722910331529,0.08159934720522236,0.12374625504754462,0.08565592673123806,0.15986145340704722,0.11325028312570783,0.12239902080783352,0.11247262179601017,0.15769185842775377,0.15568529329997222,0.10917626507997162,0.18285356042004075,0.12507165563604147,0.13253134876134162,0.12557134964086594,0.10168506682161534,0.1718213058419244,0.09972251127297954,0.09081081081081081,0.13813426650704483,0.1073799297149551,0.14449375580555268,0.1616118084361364,0.1376727793380693,0.15998234677552822,0.2297844403107561,0.20346439373109707,0.12458236593238575,0.1639152324083831,0.19573062572634412,0.17437354688710927,F
New Hampshire,0.0,0.0,0.0,0.0,0.0,0.0,0.0,0.0,0.0,0.0,0.0,0.0,0.0,0.0,0.0,0.0,0.0,0.0,0.0,0.0,0.0,0.0,0.0,0.0,0.0,0.0,0.0,0.0,0.0,0.05385512970110403,0.0,0.05208785484851115,0.0,0.0,0.0,0.0,0.0,0.0,0.0,0.06481814908174288,0.0,0.07372818874416319,0.06824773929363591,0.13191451939143434,0.11889518931772453,0.22411056121019704,0.17347725520431764,0.2413826397605484,0.3879824910465579,0.26841634357291977,0.2708396027685826,0.26806887307969895,0.1869158878504673,0.20824656393169513,0.27981058975462764,0.3733391896343472,0.2494331065759637,0.2104770813844715,0.33362164833806995,0.23082841754295974,0.313275029369534,0.3867403314917127,0.1926782273603083,0.3023758099352052,0.40709508578075027,0.4041916167664671,0.2840460785860817,0.4251144538914323,0.3514056224899598,F
New Jersey,0.0,0.0,0.0,0.0,0.0,0.0,0.0,0.0,0.0,0.0,0.0,0.0,0.0,0.0,0.0,0.0,0.0,0.0,0.0,0.0,0.0,0.0,0.0,0.00825695648583932,0.011522728582128248,0.01760072749673653,0.018551287173925454,0.01011648408821574,0.019767031415460642,0.018146286990508097,0.02090504926623277,0.012158383205219999,0.018858774718465435,0.011935231477183816,0.012771065873157773,0.01361520942667591,0.019139900711765058,0.030123971729811145,0.023042233121564237,0.030962148773124858,0.02399369308638872,0.015144631228229594,0.030111412225233364,0.04407929375176011,0.050075112669003496,0.05639796454618866,0.07348792042308046,0.06455862977602107,0.0737878665915372,0.06311181533751394,0.05471731666279086,0.0701474471830986,0.07575861926472817,0.07919111928162342,0.09168837595144883,0.09709737689965134,0.08987956138774043,0.08818342151675485,0.11273036204417722,0.09754594927610638,0.12228355810215917,0.15641855447680691,0.16671196883211017,0.172011081134911,0.1780339182145217,0.1640364273997398,0.15733654481177886,0.1731322851448473,0.18108312979028046,F
New Mexico,0.0,0.0,0.0,0.0,0.0,0.0,0.0,0.0,0.0,0.0,0.0,0.0,0.0,0.0,0.0,0.0,0.0,0.0,0.0,0.0,0.0,0.0,0.0,0.03790990080242623,0.0,0.0,0.0,0.06991377301328362,0.03983610289096289,0.06251953735542357,0.06299543283111975,0.08571140465866695,0.040275889845441275,0.0,0.035576336653791424,0.06707946336429309,0.056654305727235274,0.09870129870129869,0.036467830164105236,0.02633658151171978,0.05264820469621986,0.06899846080356668,0.11266094420600858,0.1279768528822613,0.13900955690703737,0.1970785995826571,0.155978163057172,0.19676823087472423,0.24154589371980675,0.16152078026961544,0.23799085614079038,0.28046120286693677,0.22102936532996525,0.24390243902439024,0.20133383666792498,0.20411950269066617,0.17893502807428888,0.19126554032515142,0.21199480270806265,0.21003838632577676,0.20395830185828676,0.20737327188940094,0.31857539617709524,0.3075899908554327,0.3354550146223981,0.24000738484261053,0.2644725242433147,0.2532179784764718,0.2540594278139843,F
New York,0.0,0.0016738026452777005,0.0,0.0,0.0,0.0015839877842862076,0.002470989044252325,0.0018603439776014587,0.0,0.0,0.0,0.0,0.001622865526116775,0.0,0.0,0.0018218785754367042,0.0,0.0,0.0,0.002681735465951537,0.004789668250160018,0.006418485237483954,0.004776765811094834,0.01385639445957397,0.014199115285893727,0.01931972488711761,0.012047401047028674,0.01969445460428214,0.022349490152255902,0.024263144834431608,0.023878782616246253,0.01867174538141041,0.018520870375074085,0.0205984102252621,0.01593199607353387,0.02088820733328918,0.018912341298083384,0.02194757942585132,0.023073816986174937,0.025973182688873737,0.026836374789142768,0.028590019125736933,0.03161877951511072,0.04806662452129299,0.06292719973961158,0.05919995489527246,0.08029256971387713,0.09354813880649153,0.08995140209484138,0.0930721671914567,0.09738138319260153,0.09982324292017955,0.10004559039562332,0.0933743142823795,0.09305127861828894,0.10274317563710841,0.0920247459243785,0.0926551625645277,0.10334259853182239,0.11191245958716736,0.12593144560357677,0.11509745422604535,0.12883019100811555,0.1403180542563143,0.1641606395127522,0.1553560860130203,0.14312895318740465,0.16243235724349597,0.16034861675737366,F
North Carolina,0.0,0.0,0.0,0.0,0.0,0.0,0.0,0.0,0.0,0.0,0.0,0.0,0.0,0.0,0.0,0.0,0.0,0.0,0.0,0.00624875024995001,0.006492578982223319,0.015575441776166741,0.008981363670383952,0.012281051872092845,0.024426784783741533,0.027924701862741878,0.0441549839938183,0.0323907621546335,0.043042979211835225,0.048459458191993245,0.05014809358887966,0.04896934824858065,0.03428820797356691,0.02727727348497477,0.04836936606815684,0.026394122908632342,0.05807941297295766,0.070071307860352,0.0520230462094708,0.07593405320531796,0.06941478000854336,0.0833714331818304,0.0992063492063492,0.12215498237879278,0.11847672778561355,0.14582725719761677,0.17960952067566086,0.24037819502684224,0.2159884452807187,0.20477728879957263,0.20289587752467028,0.1817525759418392,0.19501248881349595,0.17511262013928805,0.16596959437031136,0.17685862928107612,0.1720441151925225,0.19191839524673346,0.2058522837169462,0.15891992768414298,0.20981830627520423,0.20704564138476997,0.22484715013937445,0.24720369889979096,0.22362394164186242,0.26579755086542417,0.2513382948165557,0.2770083102493075,0.232454972939402,F
North Dakota,0.0,0.0,0.0,0.0,0.0,0.0,0.0,0.0,0.0,0.0,0.0,0.0,0.0,0.0,0.0,0.0,0.0,0.0,0.0,0.0,0.0,0.0,0.0,0.0,0.0,0.0,0.0,0.0,0.0,0.0,0.04836993324949212,0.0,0.0,0.05080268238162975,0.051514527096641255,0.0,0.06904487917146145,0.0,0.0,0.0,0.08198961464881116,0.09856378484933823,0.10074841681059296,0.1196351129056378,0.12042751768779167,0.17352894778356207,0.2425222312045271,0.22471910112359553,0.18135654697134565,0.09400263207369806,0.34782608695652173,0.2529182879377432,0.2291825821237586,0.22671452862270924,0.2828587591929097,0.36087369420702753,0.24818633066055745,0.19305019305019305,0.30168946098149635,0.23947315905008978,0.3256003256003256,0.2713178294573643,0.264001508580049,0.21758839528558477,0.2995693690320165,0.3192488262910798,0.0,0.1941747572815534,0.30331311245916937,F
Ohio,0.0,0.0,0.0,0.0,0.0,0.0038259755041918347,0.0023226429819019657,0.0029124799767001604,0.0,0.0,0.004998850264439179,0.004754232587623148,0.0032455238816465628,0.0027609665591730352,0.0,0.003029385034837928,0.00312375049980008,0.0043818192061395545,0.006770064007877893,0.008214371629907354,0.0056165751372940585,0.007045329650974369,0.012677862959758972,0.027540212431800756,0.03556080140427335,0.03485346056137307,0.03969650895418424,0.06106156664379998,0.05581327921136561,0.07812111613769201,0.0544740388199203,0.06268678475107516,0.047518120997729694,0.05121291770536004,0.04814419185460454,0.04463014689474211,0.051430852370424954,0.07885408931182582,0.06512684589170768,0.06450064500645007,0.0918378189656481,0.09403397866455945,0.09492246634753079,0.13633322181331547,0.15000085714775513,0.16488118855530573,0.19421298989555458,0.2251373065226272,0.2136360302207878,0.24344929207508487,0.25268597592833597,0.22930588223715936,0.22889443985549796,0.22422895815072263,0.19439189824733757,0.2032798626544348,0.2249597127437514,0.24260394905317068,0.2301129323467979,0.19428115970907642,0.20824549972532036,0.20735253843846582,0.22409997495353223,0.20280211550442054,0.2580469917153334,0.23151071263206635,0.20139654538772508,0.19729899209274582,0.1590386994168581,F
Oklahoma,0.0,0.0,0.0,0.0,0.0,0.0,0.0,0.0,0.0,0.0,0.0,0.0,0.0,0.0,0.0,0.0,0.0,0.0,0.0,0.0,0.0,0.0,0.0,0.03193255843658194,0.03191523314077809,0.05622891415719106,0.0539713951605649,0.05388414907947912,0.09393043622399647,0.09915975157872763,0.09312861817266549,0.08174386920980926,0.06796981202831294,0.06628369421122404,0.0704260777705116,0.06127614226721726,0.07397501920505306,0.07236937328122739,0.10258514567090685,0.1201711706430623,0.13906559753824305,0.10035275513927747,0.12619888944977284,0.17798200763704614,0.2037797863599014,0.24557793780904655,0.23695164905539545,0.23163572901792798,0.2342987308818744,0.21707435606674227,0.25916084374897486,0.23878221072530098,0.18433488621510205,0.2404334575008466,0.23934078708927414,0.2319483662767245,0.21951301881057714,0.24475896562732788,0.23569511929799114,0.22491613296736812,0.23766141170878555,0.19790783149561775,0.17932573523551446,0.17091930167256747,0.19383841299954635,0.24018871970834227,0.18866188109699983,0.19393939393939394,0.25580681469354344,F
Oregon,0.0,0.0,0.0,0.0,0.0,0.0,0.0,0.0,0.0,0.0,0.0,0.0,0.0,0.0,0.0,0.0,0.0,0.0,0.0,0.0,0.026185844680532696,0.03185854804667278,0.048473097430925836,0.04596292324191818,0.06710658763001902,0.08934634216075193,0.09046135289978892,0.10224948875255625,0.11985736973002127,0.08693888196597792,0.06969450574979673,0.06374647117748838,0.05307358496456557,0.08995874305921767,0.03489737000729672,0.06778566817301485,0.06846635367762129,0.060807783396274726,0.06134592969756457,0.05918035212309513,0.057187575246809536,0.052553480895264,0.10745551657659366,0.09902571474205397,0.1052262364082778,0.08500188893086513,0.1193509886777846,0.14007385712466572,0.13623536280774595,0.17500648172154523,0.13047405573584023,0.13540961408259986,0.1411954548510724,0.13054830287206268,0.17021572237468302,0.09531914893617022,0.14283770915521696,0.1312755011530956,0.14635793897999774,0.15950235265970175,0.12270942408376963,0.17817925661956655,0.18792282635930843,0.13378485722647268,0.16407599309153714,0.2090319209162566,0.22067799793407833,0.148787382829936,0.21584952204748692,F
Pennsylvania,0.0032777643025245344,0.0,0.0023095434956326532,0.0,0.0,0.0053222866317465525,0.003896609949344071,0.00222487229233042,0.003612537310736912,0.0032207156430158783,0.0027909443160093216,0.005444358654550494,0.005564154703734054,0.005663009735228554,0.003852525330354047,0.004610472688712411,0.0036099779791343273,0.004905447499448137,0.006178522221055168,0.009623770713662747,0.014806326807820314,0.023020589039322043,0.02150686299360171,0.03111944420672647,0.04567783503089264,0.045844995656789886,0.06411208669205089,0.07169192953707497,0.07765334632631155,0.08663748615683646,0.0656202229596212,0.07025743804403292,0.05280428469052917,0.0676656858943655,0.058558118933041046,0.06046954602488321,0.08068894787644788,0.07317473828830846,0.06064591553412246,0.0639511645652411,0.07923160294502374,0.0779623753576524,0.09337368793869534,0.11823775781243495,0.12285543721827605,0.11577605858807058,0.1760182230630936,0.16407045600271566,0.2127333358886887,0.17446932247746438,0.19267629379120715,0.1935127165499447,0.16835703936493684,0.20229051868553308,0.16083335108535884,0.182374710706782,0.18924120727288365,0.19687666844634277,0.17793185783818533,0.1907782560482669,0.20710453328811754,0.20645831272871132,0.21607278241091735,0.22015347842495914,0.20813403314631435,0.18615240391053972,0.20374556923162798,0.18493978535335148,0.21190930281839374,F
Rhode Island,0.0,0.0,0.0,0.0,0.0,0.0,0.0,0.0,0.0,0.0,0.0,0.0,0.0,0.0,0.0,0.0,0.0,0.0,0.0,0.0,0.0,0.0,0.0,0.0,0.0,0.0,0.0,0.0,0.0,0.0,0.0,0.0,0.0,0.0,0.0,0.0,0.053981106612685556,0.0,0.043088590141330575,0.0,0.0,0.0,0.046620046620046623,0.06769825918762089,0.0,0.052882072977260705,0.08822232024702249,0.12003491924923614,0.12362328613171499,0.11420740063956143,0.1864801864801865,0.16245068461359943,0.19571724614321898,0.2482562950703393,0.06087909411907951,0.14037774374680959,0.10465724751439037,0.08419870895312938,0.1963746223564955,0.14064697609001406,0.31776294884016526,0.1926782273603083,0.23387905111927834,0.29129540781357094,0.25768768252877516,0.21041557075223566,0.2260312676586928,0.25495195136301235,0.26848409748038,F
South Carolina,0.0,0.0,0.0,0.0,0.0,0.0,0.0,0.0,0.0,0.0,0.0,0.0,0.0,0.0,0.0,0.0,0.0,0.0,0.0,0.0,0.0,0.0,0.0,0.017273146015660986,0.01832788587836393,0.015199878400972791,0.026565912981876143,0.03906132628226316,0.055690711375560566,0.028523346358994835,0.022850614110254214,0.060077242168502354,0.028946073465134455,0.026273536709969347,0.05988877798374447,0.025683465555618974,0.05340378885828321,0.03540980034320268,0.04144862960468369,0.04888843145327295,0.0486315618836625,0.07275780047572408,0.07084870848708487,0.0937529297790556,0.12326056634986539,0.15647921760391198,0.1591219068649737,0.18221341346461223,0.21094349271286117,0.19288263091908575,0.23297954957287084,0.20397926768098978,0.18083182640144665,0.18304242661959863,0.19233276828791238,0.21593608291945585,0.19931485518530054,0.18126699378066694,0.2752263156149484,0.251994960100798,0.17310817494524128,0.27829984097151944,0.2151871033627544,0.28611785158089165,0.26503049665988965,0.31573012591618116,0.2887544005379534,0.3034030340303403,0.2468085106382979,F
South Dakota,0.0,0.0,0.0,0.0,0.0,0.0,0.0,0.0,0.0,0.0,0.0,0.0,0.0,0.0,0.0,0.0,0.0,0.0,0.0,0.0,0.0,0.0,0.0,0.061515748031496065,0.0,0.08122534230679972,0.0,0.0,0.052443885043003985,0.06044731009470078,0.1365976673321425,0.062169723344731115,0.06393180607352157,0.12979989183342347,0.089736399326977,0.08210180623973727,0.0706547338671691,0.0980872976949485,0.08683786130753009,0.08849557522123894,0.1405391593203015,0.10351966873706005,0.17687074829931973,0.15309672929714682,0.143348623853211,0.29686804215526197,0.2490272373540856,0.20514439008994792,0.1990202082057563,0.2573174654229656,0.353640893746986,0.4018000642880103,0.35714285714285715,0.23455824863174357,0.2050473186119874,0.1735837146914944,0.24065458045884808,0.28201725282017254,0.22437003797031413,0.3424040367633808,0.3632401017072285,0.27427317608337903,0.25207057976233344,0.31405874745981893,0.22701475595913734,0.29521747687463096,0.163265306122449,0.17293558149589278,0.22558087074216107,F
Tennessee,0.0,0.0,0.0,0.0,0.0,0.0,0.0,0.0,0.0,0.0,0.0,0.0,0.0,0.0,0.0,0.0,0.0,0.0,0.0,0.009792401096748922,0.008374367735235989,0.0,0.0,0.032030749519538756,0.04915454187966968,0.05135802469135802,0.031638502196084266,0.05019147116778823,0.05787141694547427,0.07658331552325995,0.06175979074329725,0.057728387934766916,0.06618133686300463,0.052161925520222065,0.06579548569862012,0.06895394994315958,0.07473841554559044,0.0848146446619783,0.08996072868190233,0.09479956663055254,0.13007684803258768,0.096347551896295,0.1822763094408406,0.20970372627390532,0.21881046673538398,0.20406320541760722,0.26163741415022346,0.27502750275027504,0.30356825847683294,0.31367406252215213,0.2741979709350151,0.2923538230884558,0.31856626550914713,0.301137213826126,0.2371349615355889,0.24860853432282004,0.24619228719983832,0.2386680413945851,0.2653656943395456,0.2594117142612126,0.3053066244948164,0.2540874944763588,0.24555079972966884,0.2893998878295008,0.27822389106290574,0.25964304928539683,0.22347174163783162,0.18234500674426737,0.22230264178255701,F
Texas,0.0,0.0,0.0,0.0,0.0,0.0,0.0,0.0,0.002921769618465584,0.0024498155288906745,0.0035108837395927375,0.0030223046080070926,0.0,0.0026789397827915624,0.004651514358643386,0.00362143891839691,0.0,0.004161662762630646,0.008378437253883406,0.006987519215677844,0.005961122641969555,0.012284796686614835,0.013750964062154357,0.02128175267056438,0.03241128148314024,0.02803083391730904,0.03869383085748894,0.05062216270942879,0.04219001774013999,0.04883890206391322,0.04713987852415919,0.03917938561556843,0.03943730335520442,0.0296596873267165,0.03614265421566238,0.03278814176400203,0.0483478957776171,0.0545744286057325,0.03597076091006025,0.04013612836871723,0.04637123971401592,0.05189634343468717,0.05497030315263278,0.07454568306816163,0.08298683072858962,0.07903440573858511,0.091326954806081,0.11891670715801857,0.09454774661203907,0.10834944946213698,0.10824925423700803,0.11464025968689649,0.09214929004091428,0.11411976439790576,0.0915296116763874,0.08614581991498133,0.08909007729166164,0.10810146796879799,0.10772129333141828,0.10875017200282307,0.1345759021867436,0.12872724940560995,0.13939338903014892,0.14969126177259404,0.13678310995052714,0.14917563250468183,0.1488087953830113,0.14281373442722578,0.14575514177290308,F
Utah,0.0,0.0,0.0,0.0,0.0,0.0,0.0,0.0,0.0,0.0,0.0,0.0,0.0,0.0,0.0,0.0,0.0,0.0,0.0,0.0,0.0,0.02926115581565472,0.0,0.043485823621499387,0.04154894465680572,0.08058608058608059,0.07534504606322134,0.07072135785007072,0.07277790083219948,0.10887824301623841,0.07941802471488929,0.09375878988655187,0.06614631565021828,0.05478701547733187,0.05711429999286071,0.036885397071299474,0.06553585196607556,0.05359467115841054,0.057444852941176475,0.04559443747862761,0.04275829899712354,0.06529671595928559,0.10787070924991332,0.1275988891390828,0.084193572003807,0.10178295661940194,0.13297407005633902,0.14242598935196174,0.13686283673265012,0.17423320950721588,0.14772988411411314,0.1530097340235049,0.16826845290101286,0.1849988640420629,0.1554001554001554,0.10828370330265295,0.1392228831793444,0.15423668905240834,0.1600817438692098,0.1434308663224326,0.1774622892635315,0.17805053604576276,0.15794745357885814,0.1469223631302196,0.14076796746695863,0.1684109226512691,0.1773798462707999,0.15196889107406247,0.16914285714285715,F
Vermont,0.0,0.0,0.0,0.0,0.0,0.0,0.0,0.0,0.0,0.0,0.0,0.0,0.0,0.0,0.0,0.0,0.0,0.0,0.0,0.0,0.0,0.0,0.0,0.0,0.0,0.0,0.18007202881152462,0.0,0.0,0.0,0.0,0.0,0.11822327309576085,0.0,0.0,0.0,0.0,0.0,0.0,0.1343183344526528,0.0,0.0,0.11801730920535011,0.1789620202823623,0.11130899376669634,0.15938069216757741,0.16599478302110504,0.2619047619047619,0.3205128205128205,0.15011258443832876,0.2861602497398543,0.2394890899414582,0.13308490817141336,0.16242555495397942,0.2546689303904924,0.23453532688361184,0.0,0.2530844669408415,0.0,0.5265005265005265,0.43891733723482074,0.4514672686230248,0.259163272861903,0.3619254433586681,0.3577106518282989,0.4407227853680035,0.4572473708276178,0.2440214738897023,0.0,F
Virginia,0.0,0.0,0.0,0.0,0.0,0.0,0.0,0.0,0.0,0.0,0.0,0.0,0.0,0.0,0.0,0.0,0.0,0.0,0.0,0.0,0.009245419665007627,0.008566631257924135,0.0,0.01831065863439108,0.03392513852764899,0.024615617662652425,0.036216793727251326,0.04918928766624157,0.0475871549931263,0.04460762447242906,0.0405569825604975,0.04778696898790495,0.04137771230904186,0.04379206876976725,0.03566555017987843,0.0368618295754746,0.05783346926670127,0.06256092415579124,0.049291609159789314,0.05257478070782258,0.08405516298153635,0.06534239414532149,0.07922272047832586,0.10683117664760759,0.13275234659295007,0.13185276970245755,0.19935493281900843,0.20445617876231567,0.19236009810365004,0.1982503618855812,0.19451530612244897,0.18228333866325552,0.1765435633171104,0.17996588472793854,0.16057681711559957,0.17870579382994733,0.19329593135637171,0.18274913976193222,0.17873861605243,0.20834062817325538,0.23439840679579138,0.1949870599496579,0.2402940912758899,0.24805039527455072,0.25203532120904426,0.21921606835044594,0.23674427704950107,0.25307811276035913,0.20125462992699167,F
Washington,0.0,0.0,0.0,0.0,0.0,0.0,0.0,0.0,0.0,0.0,0.0,0.0,0.0,0.0,0.0,0.0,0.011289230074508919,0.0,0.021189134211976098,0.014637920578825203,0.02527050931562866,0.023889788442651234,0.026929498572736577,0.045980534906889414,0.06834231908269421,0.05804111245465538,0.09439050701186624,0.08117239261111843,0.07195251134251394,0.0849874407448677,0.08682640261587629,0.07809013833110219,0.06310436348113364,0.0658080285794867,0.06851344344863344,0.052849134595421,0.05241482590789966,0.06061719324026451,0.05817540766857647,0.06588171697890095,0.06593406593406594,0.06317442972271547,0.07869227742604713,0.12350913414566704,0.08278612956029276,0.11682903389926322,0.13085033755594327,0.1373393787744812,0.15887426236949614,0.13086770981507823,0.16567586005262644,0.12138337246786325,0.12100293580893438,0.11716577964889982,0.12414400704817588,0.1084031824077121,0.14921902251850702,0.14464708067006782,0.15863772364906925,0.13298995187030313,0.1426989265632987,0.15695549344227047,0.19087737773974855,0.14357189471394388,0.1774409077964468,0.18039025892601798,0.14719970092759177,0.13568192280667749,0.13490467584697227,F
West Virginia,0.0,0.0,0.0,0.0,0.0,0.0,0.0,0.0,0.0,0.0,0.0,0.0,0.0,0.0,0.0,0.0,0.0,0.0,0.0,0.0,0.030557677616501144,0.0,0.0,0.021863658227294594,0.06068487212830516,0.038059796168647186,0.03961180431768667,0.09421210011059682,0.10849037650178808,0.092488338426894,0.09818150772645778,0.039208852487583865,0.07223476297968397,0.052729974593739515,0.12182048533281356,0.0970625798212005,0.10647359454855196,0.1484250453520972,0.11038136762514486,0.13637355444032292,0.12164777439867293,0.1132438706754997,0.23149487817582035,0.22617701327301948,0.21696007934540046,0.3246133282413596,0.37077993885383465,0.38907895619507615,0.3037462031724603,0.34770979605483116,0.3987624613269165,0.44914317302377005,0.44827586206896547,0.3723740602824422,0.37632074106238245,0.39421813403416556,0.27492403414845895,0.262204056450991,0.28816137036740574,0.3988120492151039,0.3658329079462311,0.44922047036025714,0.34965034965034963,0.26490066225165565,0.27303754266211605,0.29977258631383086,0.21401216490200495,0.197996738877242,0.24500796275878967,F
Wisconsin,0.0,0.0,0.0,0.0,0.0,0.0,0.0,0.0,0.0,0.0,0.0,0.0,0.0,0.0,0.0,0.0,0.0,0.0,0.0,0.0,0.0,0.0,0.00945000945000945,0.012815349126725495,0.025643373935342065,0.0255861980737248,0.038313508994967,0.04185559818625741,0.03933910306845004,0.02875950661468652,0.027411838689391618,0.05154307067843567,0.04465836351907904,0.047847679387549705,0.04787690682163376,0.049454297407912684,0.04204551426919641,0.04227436060029592,0.04376674077834772,0.04360642584291221,0.08430946956786912,0.07250013942334504,0.08389901609335672,0.1521829357471787,0.14998885217990557,0.19966653630019968,0.20924039396373167,0.24009098184575206,0.2589244025637761,0.28064207505049427,0.28798952765353986,0.3075221238938053,0.30470302495032014,0.29980614039042425,0.26578224029440495,0.2278682921271505,0.24708463225955432,0.24778675904541955,0.2865472304587247,0.2101723413198823,0.24657905432868177,0.2654647014904737,0.28285770297140617,0.29836326437826777,0.29345762126704644,0.30663888061923195,0.2856508077570064,0.2771709003163009,0.23380552881309308,F
Wyoming,0.0,0.0,0.0,0.0,0.0,0.0,0.0,0.0,0.0,0.0,0.0,0.0,0.0,0.0,0.0,0.0,0.0,0.0,0.0,0.0,0.0,0.0,0.0,0.0,0.0,0.0,0.0,0.18040772145047806,0.1922768787053357,0.17396346767178894,0.1129464915996047,0.13966480446927373,0.1474708745022858,0.140625,0.09935419771485346,0.09352787130564907,0.0,0.0,0.21897810218978103,0.0,0.1530221882172915,0.15965939329430548,0.22075055187637968,0.1465845793022574,0.21199273167777105,0.0,0.2581477896095515,0.3653271338425772,0.0,0.38314176245210724,0.0,0.31779661016949157,0.3381805884342239,0.21052631578947367,0.38350910834132307,0.19005384859043395,0.27522935779816515,0.19023462270133165,0.40013337779259756,0.0,0.3487020534676482,0.37299515106303616,0.22892025944296068,0.0,0.3040668947168377,0.307152259763054,0.0,0.2704164413196322,0.0,F
