state,1920,1921,1923,1925,1926,1927,1929,1931,1932,1933,1934,1935,1938,1939,1940,1941,1942,1943,1944,1945,1946,1947,1948,1949,1950,1951,1952,1953,1954,1955,1956,1957,1958,1959,1960,1961,1962,1963,1964,1965,1966,1967,1968,1969,1970,1971,1972,1973,1974,1975,1976,1977,1978,1979,1980,1981,1982,1983,1984,1985,1986,1987,1988,1989,1990,1991,1992,1993,1994,1995,1996,1997,1998,1999,2000,2001,2002,2003,2004,2005,2006,2007,2008,2009,2010,2011,2012,2013,2014,2015,2016,2017,2018,2019,gender
Alabama,0.0,0.0,0.0,0.0,0.0,0.0,0.0,0.0,0.0,0.0,0.0,0.0,0.0,0.0,0.0,0.0,0.0,0.0,0.0,0.0,0.0,0.0,0.0,0.0,0.0,0.0,0.0,0.0,0.0,0.007233063781156422,0.011346712999078079,0.010000428589796705,0.007340527049842179,0.0,0.0,0.009147596469027762,0.0,0.017916184829877682,0.011388965719213186,0.008810262193402875,0.018790987842230867,0.011692943308713191,0.023927261126176425,0.0276379429473892,0.020946795140343526,0.023553889335976602,0.03448721817476398,0.0430010184451737,0.06443002439136637,0.04555590188697341,0.05603469278370608,0.05291613942252387,0.0741786509056974,0.08212802847104987,0.10303967027305513,0.11717942237437677,0.12395341222695168,0.10879076697490717,0.12376826772028371,0.10887316276537834,0.12768622916064373,0.14136815622379298,0.16598691074646685,0.14574935665323038,0.137435004695696,0.14387131771975756,0.1915848187219595,0.1494475341156871,0.15645503179570003,0.1338894896750605,0.16852039096730706,0.14572328189648442,0.12216042002391224,0.1445352534622763,0.13438735177865613,0.11889291342936932,0.14354204346453076,0.1036358925641247,0.09359188090433156,0.03787768421666035,0.04489211862742347,0.05350304122550124,0.06631873360053055,0.051979819599449625,0.03918751224609758,0.026906131234655097,0.05244205153305598,0.038626308027249104,0.031246745130715552,0.02462361052483467,0.028674862898311768,0.06345414504871039,0.019805117642398794,0.032334990501596536,F
Alaska,0.0,0.0,0.0,0.0,0.0,0.0,0.0,0.0,0.0,0.0,0.0,0.0,0.0,0.0,0.0,0.0,0.0,0.0,0.0,0.0,0.0,0.0,0.0,0.0,0.0,0.0,0.0,0.0,0.0,0.0,0.0,0.0,0.0,0.0,0.0,0.0,0.0,0.0,0.0,0.0,0.0,0.0,0.0,0.0,0.0,0.0,0.0,0.0,0.0,0.0,0.0,0.10993037742762918,0.12216404886561956,0.0982640026203734,0.12476606363069245,0.10247401551749377,0.11571097968629468,0.0602990834539315,0.06863417982155114,0.14809751651856914,0.13330101793504603,0.12797542871768622,0.1606425702811245,0.10395010395010396,0.13082155939298795,0.10692328254477412,0.19289060347203085,0.17756732761171945,0.14240506329113925,0.08358408559010365,0.11980147184665411,0.10649627263045794,0.17777777777777778,0.12886597938144329,0.2607561929595828,0.17097264437689969,0.09674922600619196,0.13966480446927373,0.0,0.2105666156202144,0.23050326546292738,0.1139168407062844,0.1130156338293464,0.0,0.09801999607920014,0.09916699722332406,0.14586372160866848,0.0,0.10199918400652795,0.0,0.13227513227513227,0.0,0.0,0.0,F
Arizona,0.0,0.0,0.0,0.0,0.0,0.0,0.0,0.0,0.0,0.0,0.0,0.0,0.0,0.0,0.0,0.0,0.0,0.0,0.0,0.0,0.0,0.0,0.0,0.0,0.0,0.0,0.0,0.0,0.0,0.0,0.0,0.0,0.0,0.0,0.0,0.0,0.0,0.0,0.0,0.0,0.01974177754965057,0.0,0.0,0.01857562135453431,0.027050787854196255,0.0,0.03447206039504981,0.04413362303096143,0.04568743269262148,0.0600861234436025,0.0755932426214422,0.06000126318448809,0.052211302211302206,0.08999634389852912,0.0837893744599513,0.09827638342908981,0.11453898060307262,0.10579927662820166,0.11166017295448066,0.09327943854661751,0.12877597345905362,0.1193217500523341,0.10009396576377826,0.09882020772411013,0.09146402083788996,0.105433901054339,0.06409999599375024,0.0672111448298336,0.09179804430253442,0.0750024671864206,0.06930273745812959,0.06374840628984275,0.07634753397465262,0.04072188801480796,0.07686257686257686,0.07081895769021246,0.046186914891727215,0.041702867072111204,0.046182266009852216,0.03193599354556762,0.03970838164519767,0.04846291779073712,0.023861873838864175,0.01684100222675474,0.01806612200654395,0.033069466548167746,0.014487954300852719,0.039849829065206906,0.027118361216571404,0.021472129176329124,0.03324689141565264,0.030742308510889868,0.01973943939992104,0.020739895782023697,F
Arkansas,0.0,0.0,0.0,0.0,0.0,0.0,0.0,0.0,0.0,0.0,0.0,0.0,0.0,0.0,0.0,0.0,0.0,0.0,0.0,0.0,0.0,0.0,0.0,0.0,0.0,0.0,0.0,0.0,0.0,0.0,0.0,0.0,0.0,0.0,0.0,0.0,0.0,0.0,0.0,0.0,0.0,0.018930072312876235,0.034769171334749854,0.02254367837685516,0.0,0.01819306480369683,0.01934385639121015,0.04735035315471728,0.042568012073836155,0.027865132757453927,0.044196231266824704,0.06183813867202598,0.10813841717398269,0.11754891551645685,0.10650018362100624,0.12826991098845572,0.11135429865990862,0.0927787227462502,0.11260386736041002,0.12432978475406015,0.1432493732839919,0.1630089058524173,0.12440306593362493,0.1760356765637836,0.21593184405794824,0.1956787607011822,0.1353924264861434,0.17115228274357108,0.21613515063296723,0.2159541648303217,0.14260403612635583,0.2136286349566203,0.19687623047644048,0.20866631148996626,0.2080263500043339,0.17413823897124486,0.1617832104979328,0.15721857874404815,0.12095690350327033,0.1217587373167982,0.14619883040935672,0.09892975987049195,0.06109596766613404,0.10825706131286292,0.06305170239596469,0.10604453870625664,0.06049939500604994,0.056085249579360626,0.044358192403659555,0.051209103840682786,0.0,0.03774771940861906,0.0,0.0,F
California,0.0,0.0,0.0,0.0,0.0,0.0,0.0,0.0,0.0,0.0,0.0,0.0,0.0,0.0,0.0,0.0,0.0,0.0,0.0,0.0,0.002650129856362962,0.0,0.002373436498706477,0.0023236360256529416,0.0032226135395805994,0.0034602076124567475,0.0,0.0,0.0,0.002519961696582212,0.0020389438270975633,0.002933641039682385,0.0,0.0016184424756990861,0.0021920828231521525,0.004334741092107056,0.0037474002410827485,0.004990860486733669,0.006045506756649262,0.005387024005925727,0.007096023388493088,0.008930740322649787,0.007864023878036138,0.012779817559469326,0.01354614324369173,0.010910951585474137,0.02118998039926813,0.021767151234752324,0.028752983121998907,0.029820017810312006,0.03737891199823729,0.032992536860627385,0.04476739453763791,0.03910710108138118,0.050846012032462716,0.051375066176723966,0.0525993883792049,0.06330716637123322,0.06823027718550106,0.05481069230120583,0.05912680212414418,0.05697095546149136,0.0538959428753612,0.04596017263789847,0.04688137889575286,0.044658948451785335,0.038638714140612526,0.047104627548997226,0.0427516131277279,0.043097698377679496,0.0468054611660113,0.044487772727896856,0.04706996434937612,0.05059841816341875,0.049384093857678946,0.04393973978543712,0.04459219579404123,0.046851891574562245,0.0484434359144336,0.04073656263175287,0.040021419914884025,0.03239298947511991,0.029059768233521927,0.03435462164215092,0.03383127717998239,0.045523926840371695,0.03942314172114024,0.03443004503449891,0.03748790163174612,0.046495081031768117,0.0378905432421314,0.03822980701593418,0.040687951890565684,0.03026157078863358,F
Colorado,0.0,0.0,0.0,0.0,0.0,0.0,0.0,0.0,0.0,0.0,0.0,0.0,0.0,0.0,0.0,0.0,0.0,0.0,0.0,0.0,0.0,0.0,0.0,0.0,0.0,0.0,0.0,0.0,0.0,0.0,0.0,0.0,0.0,0.0,0.0,0.0,0.0,0.0,0.0,0.0,0.0,0.0,0.0,0.018551728402696185,0.0,0.0,0.028819366614364857,0.02873746727121783,0.04756619628983669,0.0344924900442131,0.040099941392393354,0.049778923018359636,0.054477162599994265,0.08799061433447099,0.08596060981467904,0.08461464075041099,0.08717795774163206,0.10768208582491352,0.12739443633752578,0.0873703814406916,0.09426370847223818,0.08093696438773568,0.07982390363077817,0.08777276606119712,0.13660535688149486,0.07610723755278405,0.1200744951970202,0.11308521599276256,0.09167303284950344,0.09973404255319149,0.09337539432176656,0.10105858871680858,0.09022409714940623,0.08562662036486454,0.07131519013549886,0.06138735420503376,0.0537129045253122,0.05588715266134621,0.06244362728092694,0.05095659424653727,0.05102040816326531,0.047709923664122134,0.0539533058661958,0.036015641078411195,0.05703731870280841,0.047470121746900476,0.03695386452144746,0.02017930756147482,0.028858363153641927,0.02601532013296719,0.032313025086657655,0.040623730508421614,0.036028954177721,0.026741542987030353,F
Connecticut,0.0,0.0,0.0,0.0,0.0,0.0,0.0,0.0,0.0,0.0,0.0,0.0,0.0,0.0,0.0,0.0,0.0,0.0,0.0,0.0,0.0,0.0,0.0,0.0,0.0,0.0,0.0,0.0,0.0,0.0,0.0,0.0,0.0,0.01015909137086779,0.0,0.0,0.0,0.0,0.0,0.015169574168382273,0.029533372711163616,0.02383676582761251,0.017050298380221655,0.0168829289469876,0.023999232024575212,0.02703287197231834,0.046788733273027856,0.06360045524536387,0.09551424185570527,0.055731652095161795,0.09228366579115496,0.10093275790059864,0.09967348341639456,0.1117538785169603,0.14263023112580636,0.12947641002968485,0.11471089753526584,0.12448384746174398,0.14730577733258698,0.10813271868419555,0.10353994683083813,0.0774345144321914,0.07321601338807102,0.1159853600701067,0.09214466712739,0.08524240809802877,0.06634782849086335,0.05672632385058286,0.09631661899480475,0.08999820003599927,0.04874779111571507,0.0548157224389772,0.07053995126330641,0.042546228113238424,0.04961958319550116,0.037184774525049015,0.03456141563558444,0.05145974132903359,0.03212908753391404,0.036920804873546244,0.037851546235663724,0.02691169120756603,0.03679777577888625,0.03450804468791787,0.0,0.0,0.0,0.0,0.023415913454783874,0.02403383964622188,0.0,0.0,0.0,0.0,F
Delaware,0.0,0.0,0.0,0.0,0.0,0.0,0.0,0.0,0.0,0.0,0.0,0.0,0.0,0.0,0.0,0.0,0.0,0.0,0.0,0.0,0.0,0.0,0.0,0.0,0.0,0.0,0.0,0.0,0.0,0.0,0.0,0.0,0.0,0.0,0.0,0.0,0.0,0.0,0.0,0.0,0.0,0.0,0.0,0.0,0.0,0.0,0.0,0.0,0.0,0.0,0.0,0.0,0.0,0.0,0.10396554284865588,0.08944543828264759,0.10313835273316635,0.09000900090009001,0.0,0.0,0.09961576775295289,0.0,0.14173431258858393,0.2059357964869776,0.1418104467029071,0.1463057790782736,0.06460783046905284,0.13468013468013468,0.2187884589087926,0.08638065073423554,0.13264554163596168,0.08911332244170504,0.10365763364430625,0.11716461628588166,0.08643042350907519,0.1520450053215752,0.10348905972797162,0.0,0.10353498003253957,0.0,0.0,0.0,0.0,0.0,0.0,0.10432968179447052,0.0,0.0,0.0,0.0,0.0,0.0,0.0,0.0,F
Florida,0.0,0.0,0.0,0.0,0.0,0.0,0.0,0.0,0.0,0.0,0.0,0.0,0.0,0.0,0.0,0.0,0.0,0.0,0.0,0.0,0.0,0.0,0.0,0.0,0.0,0.0,0.0,0.0,0.0,0.00775514424568297,0.0,0.0,0.0,0.0,0.005167851827352406,0.007245176782313488,0.0073830316837531105,0.011773394269567916,0.009779632285826054,0.0069622529850659675,0.01324120663504827,0.008682601307351682,0.01588154808444097,0.01972455242670008,0.013097148096002096,0.017565816920273147,0.0117955129868598,0.029154873115562627,0.0382144307244023,0.02907822041291073,0.042364721740804925,0.04276376076730405,0.05140896428870318,0.05029450225207604,0.06622584030402755,0.05814742310003296,0.0488835188754946,0.05443220959077687,0.05027523561190926,0.06590777793147218,0.07097062294663647,0.06914726061602526,0.07110133773135421,0.06756615562505659,0.07312089549178927,0.05746841011160223,0.0626361060735173,0.07711742413114368,0.08157705663992337,0.07222357377448,0.07250401086017524,0.08019679058613058,0.08709995683541961,0.06446351597996194,0.06623474507236336,0.06282177004167688,0.04092632489324407,0.045346675332920174,0.04987234169253329,0.046525490880276826,0.0467706960329946,0.03638153530078969,0.025599903623892237,0.03381397483274159,0.03432513437034308,0.021260130452160457,0.02926266686175111,0.02129889160568084,0.03198895539224352,0.026657780739753414,0.02698395298046193,0.02613513607694184,0.030748917005055484,0.029114542244261618,F
Georgia,0.0,0.0,0.0,0.0,0.0,0.0,0.0,0.0,0.0,0.0,0.0,0.0,0.0,0.0,0.0,0.0,0.0,0.0,0.0,0.0,0.0,0.0,0.0,0.0,0.0,0.0,0.0,0.0,0.0,0.0,0.0,0.0,0.0,0.0,0.0058818685520016,0.0,0.006030562892740408,0.0,0.0,0.006429379693447176,0.0,0.007055071891182571,0.00985110754594838,0.013675587708381768,0.01692796499817699,0.013540778053106932,0.01624503418841286,0.024841634579555332,0.03671892461445129,0.027245172495998365,0.03287538498806104,0.03436088749263695,0.057836899942163095,0.044300993607999495,0.07375075255869958,0.07573233164702675,0.07226521333293186,0.08382355142425195,0.08369306669015945,0.0750091992414164,0.08055443674393412,0.10884024670455919,0.1187742497426558,0.1040463894633998,0.10422945549527828,0.11724093011137887,0.10586351546268973,0.12392241379310345,0.10154483542967005,0.10409625523861024,0.13425731295515264,0.10575855322299192,0.10837206873139395,0.09518008071270843,0.08798562488382179,0.07713649427074909,0.08126726929472514,0.07025934326003352,0.0785873916353545,0.06731534177834894,0.056775841879280364,0.05606785403271023,0.06251719222786266,0.035697758974019965,0.04917042469198241,0.0360391529357494,0.06323808403311912,0.04816230697450408,0.04460104366442175,0.03161269927290792,0.034607519270095956,0.025918486360396554,0.043127986613072954,0.023286640633396628,F
Hawaii,0.0,0.0,0.0,0.0,0.0,0.0,0.0,0.0,0.0,0.0,0.0,0.0,0.0,0.0,0.0,0.0,0.0,0.0,0.0,0.0,0.0,0.0,0.0,0.0,0.0,0.0,0.0,0.0,0.0,0.0,0.0,0.0,0.0,0.0,0.0,0.0,0.0,0.0,0.0,0.0,0.0,0.0,0.0,0.0,0.0,0.0,0.0,0.0,0.0,0.0,0.0,0.0,0.0,0.0,0.0,0.0774218523178167,0.0,0.08027113806635748,0.0547945205479452,0.056764427625354774,0.0,0.09736150326161036,0.06732063858434315,0.07629219912263971,0.09119927040583675,0.08563273073263558,0.06943755579803591,0.0513821806597472,0.07456327226246272,0.17419579607478808,0.09667673716012085,0.06623393826996954,0.14919300149193002,0.11550678602367889,0.11407386282617994,0.12243648607284971,0.07538067239559777,0.08736167734420501,0.0,0.12810248198558846,0.09085402786190189,0.0,0.0,0.0,0.0,0.0,0.0,0.0,0.0,0.0,0.0,0.0,0.0,0.0,F
Idaho,0.0,0.0,0.0,0.0,0.0,0.0,0.0,0.0,0.0,0.0,0.0,0.0,0.0,0.0,0.0,0.0,0.0,0.0,0.0,0.0,0.0,0.0,0.0,0.0,0.0,0.0,0.0,0.0,0.0,0.0,0.0,0.0,0.0,0.0,0.0,0.0,0.0,0.0,0.0,0.0,0.0,0.0,0.0,0.0,0.0,0.0,0.0,0.0,0.05473453749315819,0.051997573446572486,0.04882415168036455,0.045021385157950025,0.05093502146547333,0.13230276443144628,0.05489604062307006,0.1341144914237312,0.09877936922317082,0.11895910780669146,0.10002308224974993,0.09666505558240696,0.12052341597796143,0.17149562234858742,0.16556291390728478,0.11784969631039796,0.17556179775280897,0.12259194395796848,0.06870491240123669,0.09528759528759528,0.1151257527453064,0.1725476662928134,0.07661530603558356,0.13695112556706326,0.16753224995811694,0.08362602441879914,0.12511468846442572,0.09988346928583319,0.09886307464162135,0.1203852327447833,0.11100539169045354,0.10171348094828261,0.08407857525032485,0.11367080933616248,0.07680491551459294,0.050424405412219514,0.0,0.0851063829787234,0.05715374357020385,0.10640355968272394,0.0,0.10821446138711265,0.07035175879396985,0.0,0.0,0.08865248226950355,F
Illinois,0.0,0.0,0.0,0.0,0.0,0.0,0.0,0.0,0.0,0.0,0.0,0.0,0.0,0.0,0.0,0.0,0.0,0.0,0.0,0.0,0.0,0.0,0.0,0.002989393631395808,0.0,0.0,0.0,0.0,0.0036163562627541134,0.004092553088087089,0.0,0.0,0.0,0.0053023036099047035,0.0033990977823314898,0.003450927806590286,0.004587623610969518,0.00630861757160281,0.006955293513386265,0.012025287461633605,0.01192890373374687,0.009859016070196194,0.01759479194158529,0.012506800572811467,0.020512573000627445,0.015550487248600454,0.02738087517923665,0.03370820948120001,0.026843166880133756,0.04704031586415374,0.0439316515988809,0.05749658380687122,0.05997388478940816,0.07748962580476959,0.08579858955489365,0.08826690773972651,0.08597405016585827,0.08723380859876113,0.09909857004433743,0.09067575374220299,0.11860514308161846,0.1021972406745018,0.09791599684330517,0.08905537689507721,0.07313149041977475,0.08267407882545792,0.08321795740418889,0.06423662981774725,0.06083742718520433,0.0764531958215988,0.0664952211566964,0.07954927544551695,0.054428949603740756,0.05855339651523643,0.044207927398905646,0.05250410717612588,0.04980993577139861,0.045483569060676826,0.041311551967238146,0.03970635763423981,0.05207994271206302,0.029352447141923817,0.03768121690498384,0.02382160723348282,0.020739414711885867,0.02605612262237881,0.02089670064315401,0.01773804455796793,0.027148253068932954,0.022908402560918265,0.017612499842745537,0.013338668800853673,0.01984605134456998,0.021068472535741158,F
Indiana,0.0,0.0,0.0,0.0,0.0,0.0,0.0,0.0,0.0,0.0,0.0,0.0,0.0,0.0,0.0,0.0,0.0,0.0,0.0,0.0,0.0,0.0,0.0,0.0,0.0,0.006698222738233455,0.005415592574139463,0.007533686340350424,0.0,0.006271492928891723,0.0,0.0,0.0,0.007169266379213224,0.0,0.006201870897720812,0.01284920388474264,0.013121494100794943,0.007716474673427768,0.01310615989515072,0.017133765756945293,0.015066102524827681,0.019310238288340477,0.02634517193361017,0.025060862093656024,0.018755861206627072,0.01794836393759492,0.04613676667772027,0.06860612784095056,0.04145077720207254,0.04389948531637905,0.07338551859099804,0.08340405607093734,0.10691275356610302,0.09943927298842636,0.1269914569383514,0.11266140913424041,0.10863497140787906,0.14293099778000792,0.12732481469692147,0.14953969811673443,0.15654896503739782,0.13793103448275862,0.14819028230997217,0.16211754996168132,0.1376133066084303,0.1355034654621914,0.13576875108536066,0.13605662547174396,0.1292156609381057,0.12770346600304525,0.134748469523556,0.09296457385703377,0.11609586201177544,0.11375251409542023,0.11175643869482026,0.09639990184737267,0.08690513435533771,0.04918320744774284,0.05181347150259067,0.09307986968818244,0.06005022382356152,0.05664117813650524,0.04962877674991067,0.037584565271861686,0.05730415773500011,0.07623113279463332,0.06678242286630158,0.05578115935561605,0.059033217537406625,0.06336986880090126,0.03696493260060622,0.054098614045030656,0.04027386226339106,F
Iowa,0.0,0.0,0.0,0.0,0.0,0.0,0.0,0.0,0.0,0.0,0.0,0.0,0.0,0.0,0.0,0.0,0.0,0.0,0.0,0.0,0.0,0.0,0.0,0.0,0.0,0.0,0.0,0.0,0.0,0.0,0.0,0.0,0.0,0.0,0.0,0.0,0.0,0.0,0.0,0.0,0.019079418077748628,0.0,0.012571658453183143,0.03253741803073534,0.0,0.013277391258165596,0.02056464643497165,0.03424444306083058,0.03596475454055026,0.05527111938561787,0.06067259909857853,0.05637886597938144,0.08342303552206674,0.09206690194874942,0.12288093088574581,0.11607211947690164,0.16208747409257587,0.1316800175573357,0.10668463460512646,0.13101580924098175,0.16566641660415105,0.1539448364336113,0.1804763285958297,0.16150995978085314,0.18176689962079662,0.177999288002848,0.16588699777711424,0.1729106628242075,0.10544074230282581,0.13375266601597802,0.1404949746028315,0.1494265755164556,0.08926910916868142,0.09016116307900371,0.08975317875841436,0.11322375356264396,0.055357848952155,0.07555573229411063,0.07280375343795502,0.08547704330836861,0.05580134720395393,0.028898154646410438,0.047336259574834325,0.03195617438940881,0.033355570380253496,0.04505180958101817,0.0661476619345647,0.03583678902370348,0.04573403120077239,0.03630328804065968,0.0,0.04555289830315454,0.035735556879094695,0.037262451869333,F
Kansas,0.0,0.0,0.0,0.0,0.0,0.0,0.0,0.0,0.0,0.0,0.0,0.0,0.0,0.0,0.0,0.0,0.0,0.0,0.0,0.0,0.0,0.0,0.0,0.0,0.0,0.0,0.0,0.0,0.0,0.0,0.0,0.0,0.0,0.0,0.0,0.0,0.0,0.0,0.0,0.016377333770062234,0.0,0.0,0.0,0.0,0.0,0.029547553093259467,0.024252223120452707,0.0,0.0370081006620338,0.027771165595493134,0.04961074645092352,0.025898109438011026,0.0627607339314062,0.06532576929688842,0.1039433508737738,0.08583963883766771,0.08700976442911927,0.1349267540478026,0.1441772068942919,0.14417435037720033,0.14541765302671625,0.17524183373054816,0.1849783610219182,0.159799902730494,0.14444757609921083,0.1550158706724736,0.16428331404248964,0.18472195497402347,0.14068545077963188,0.17129426761741626,0.1632719702845014,0.1342664171210025,0.1593562009481694,0.12639728245842716,0.12163540767480185,0.09557564414001832,0.1472695430663907,0.07511662844943465,0.08896437381212341,0.08167599134234492,0.05708693524710488,0.056959192806867655,0.07138058448102116,0.06975020707092724,0.03613206268912877,0.042963528737827,0.042688421951335195,0.03974760272271079,0.024899158408445796,0.05570748506026537,0.05729465076306058,0.05020360350309589,0.06998716901901318,0.048887802493277926,F
Kentucky,0.0,0.0,0.0,0.0,0.0,0.0,0.0,0.0,0.0,0.0,0.0,0.0,0.0,0.0,0.0,0.0,0.0,0.0,0.0,0.0,0.0,0.0,0.0,0.0,0.0,0.0,0.0,0.0,0.0,0.0,0.0,0.0,0.0,0.0,0.0,0.008087604936674053,0.0,0.0,0.02050580997949419,0.020792378648117345,0.010073942739709466,0.014416047119879729,0.02917639213071024,0.02663334084530126,0.046732611574110135,0.037048592153498164,0.06410667350471183,0.07474170147285117,0.06623247599072746,0.05664117813650524,0.0773212483085977,0.0999000999000999,0.10475372399488803,0.09790523589042771,0.13937986062013938,0.15079481433388484,0.14989971497941518,0.1569060773480663,0.1581625636088571,0.19211628822072543,0.1904489834785507,0.20737986270022882,0.2161558264924467,0.1737741874882585,0.2690184336109292,0.22305181845929892,0.19038897189955173,0.2445353827727318,0.23713420787083755,0.2546623794212219,0.19148165398747607,0.23533671252715427,0.19484181920730143,0.19014377995415713,0.16657697137438815,0.15603924783793077,0.14645259275330874,0.09252455982801316,0.09654639744014124,0.12203916347700672,0.0769865273577124,0.07164508128961147,0.0721001326642441,0.05122179035222513,0.060731980182195944,0.03622830418601588,0.04413512137158377,0.051826002833154826,0.04605519538030963,0.028685144680698483,0.026088252832438878,0.04295364910773556,0.057796309292820876,0.03876970793486689,F
Louisiana,0.0,0.0,0.0,0.0,0.0,0.0,0.0,0.0,0.0,0.0,0.0,0.0,0.0,0.0,0.0,0.0,0.0,0.0,0.0,0.0,0.0,0.0,0.0,0.0,0.0,0.0,0.0,0.0,0.0,0.00977107761027359,0.0,0.0,0.0,0.0,0.0,0.0,0.0,0.007331055818659004,0.0,0.0,0.0,0.015292338538392266,0.010422094841063054,0.0,0.014086243022907752,0.012852054492711049,0.023938239342496358,0.027346543817577514,0.023543008796524195,0.016870163007950065,0.02709914116567998,0.03317137895373568,0.031066151486321185,0.031217290706428924,0.054134287959486604,0.05172235440157236,0.0518013501771272,0.06153530588174966,0.05559126522245192,0.06499780412823891,0.08197484862598975,0.09096841813831155,0.1083314943727807,0.07290548613783188,0.09121628625329105,0.10352185578771682,0.11304193634187427,0.10633871191455917,0.1370225245799178,0.1702904810089094,0.11995610117148617,0.14503447749421133,0.12815255279885174,0.12946659761781462,0.11084133854111686,0.11635315954234424,0.09391274652095963,0.05420827389443652,0.09844229544270079,0.07383252322648126,0.07181113671045151,0.05628462244867731,0.03111290874583865,0.04127901438414886,0.030538495470123172,0.051345245430273155,0.04494071282884503,0.04448246364414029,0.03734003190875454,0.027240533914464723,0.024647019471145382,0.037851546235663724,0.03229061553985873,0.034032415876122005,F
Maine,0.0,0.0,0.0,0.0,0.0,0.0,0.0,0.0,0.0,0.0,0.0,0.0,0.0,0.0,0.0,0.0,0.0,0.0,0.0,0.0,0.0,0.0,0.0,0.0,0.0,0.0,0.0,0.0,0.026143790849673207,0.026325488337808664,0.0,0.0302571860816944,0.04068348250610252,0.06056935190793458,0.08388433830060199,0.03445220986317551,0.06521521019363902,0.047702337414533315,0.07117048067447718,0.10569583088667059,0.0896172065036487,0.13312034078807242,0.0988560937720661,0.13979171035157614,0.1504582136506634,0.21825126176510706,0.1938707031541272,0.2632208662359416,0.26011075683839574,0.26879462410751787,0.160296971230912,0.26340996168582376,0.21876519202722414,0.20299812617114305,0.2642623970153894,0.2548065786425759,0.23117823842182325,0.2527186399142288,0.3340672690000759,0.2897003888084166,0.209140201394268,0.2321442389538033,0.22295686937802722,0.23075777877028433,0.2777777777777778,0.18685767673621925,0.1806981519507187,0.13164823591363875,0.1747287106860401,0.12664393570384802,0.12937898089171973,0.12134695115785216,0.1326665986325135,0.1259181532004197,0.0744205826068467,0.12635569127092766,0.0757002271006813,0.0655307994757536,0.06510416666666666,0.05591590248266608,0.0,0.0,0.0,0.0,0.0,0.0,0.0,0.0,0.0,0.0,0.0,0.0,0.0,0.11290929619872037,F
Maryland,0.0,0.0,0.0,0.0,0.0,0.0,0.0,0.0,0.0,0.0,0.0,0.0,0.0,0.0,0.0,0.0,0.0,0.0,0.0,0.0,0.0,0.0,0.0,0.0,0.0,0.0,0.0,0.0,0.0,0.0,0.0,0.0,0.0,0.0,0.008345155637152633,0.0,0.0,0.016821989704942298,0.00839066957543212,0.01418917720508682,0.01661221551580929,0.025079095609229107,0.023950183618074404,0.031691954205126174,0.027882891854212305,0.03202117667150542,0.033870421444815405,0.0557398805573988,0.04638345474884724,0.04219409282700422,0.04019985068626888,0.07375034143676591,0.057280017456767224,0.06957149114896029,0.06953757512541599,0.0696964599005023,0.07255906761598113,0.06941956288068793,0.1115583165631289,0.10095486476254575,0.10764931166545907,0.11057276693271145,0.11835697238984072,0.1076845955329459,0.10519442832269298,0.1557690168008011,0.10795596938677153,0.12559760149096508,0.17137075960605372,0.1268901342920588,0.1750480841959674,0.11439337864208332,0.09178624997201638,0.1312781512414839,0.10253666800410147,0.09362013061149929,0.060140636565507034,0.052273915316257184,0.0672557341311255,0.06034582801439017,0.04103218747150542,0.02527573529411765,0.016498149850338213,0.051645270768776744,0.04533548257102559,0.033364987295639456,0.03383566278857916,0.050561498749268186,0.026203390718759007,0.04029441787997636,0.04962642331339086,0.04081632653061225,0.029816035063657237,0.028341100894319186,F
Massachusetts,0.0,0.0,0.0,0.0,0.0,0.0,0.0,0.0,0.0,0.0,0.0,0.0,0.0,0.0,0.0,0.0,0.0,0.0,0.0,0.0,0.0,0.0,0.0,0.0,0.005632533513574406,0.0064521679284239505,0.005158734252963693,0.005173894597419262,0.006002821326023231,0.010747225261841489,0.006756626319955213,0.005592580509856923,0.005627989869618235,0.00853881841728257,0.0,0.011241744343997377,0.0068268705625341335,0.010781354138079744,0.017069472754109225,0.020213411066310628,0.013436194869612925,0.025406797473178505,0.032473389861086055,0.023885730664501028,0.051118666634965164,0.058329444703686416,0.04859301144144542,0.08533097356320023,0.07388192027319893,0.09832008272448339,0.1101533404437606,0.11413386027971315,0.09449084619927445,0.13189132155104194,0.11891370721516953,0.14041841532296237,0.12508493421459016,0.1137691408892442,0.1410987691383969,0.13520899859037427,0.11551512526171395,0.11509579619622429,0.10179937269575745,0.10967085530053779,0.08435704117678072,0.0756768877179214,0.07418185968215926,0.06547326756246001,0.06385210635936574,0.06236844156856631,0.08139423537297712,0.06376716808371485,0.06395224898742273,0.041745984036335705,0.04862100762846844,0.041034759861165726,0.03662620343239849,0.042831902628808025,0.024043796700451283,0.04061267115339986,0.01979570829044263,0.016205157291307958,0.029521540180924868,0.02646727982531595,0.029920824894126313,0.023026088558336596,0.018902698360190918,0.02152080344332855,0.019085790628876803,0.01219422969051045,0.0,0.020539680094482527,0.015894039735099338,0.0,F
Michigan,0.007707723138584863,0.007359109842073503,0.010290031899098887,0.013529053642697693,0.0066194479380419675,0.0,0.007674008134448623,0.013796148115446168,0.0086210612526402,0.012111302873406607,0.011508804235239959,0.01094870531559643,0.009796838070512742,0.016121431583124582,0.005869095689736125,0.007539853511417492,0.014825659510197273,0.008237835462966353,0.015148301875359772,0.010229446484650715,0.01479971058343748,0.010603404399705932,0.016914998455587096,0.017921018487322672,0.022995874679451443,0.020043708215334084,0.020154941109781447,0.01903253335297982,0.029261327059704814,0.018936133585815113,0.01981080679510673,0.017435366551338982,0.02083016658503493,0.025368711154161047,0.029444326667137775,0.02749223045661009,0.0309134612351505,0.03371587888218894,0.047659078723531006,0.03292215661139947,0.052306061141544444,0.038494501823041496,0.038797573659431914,0.05319846671816473,0.04946542013807919,0.044858391940695685,0.04665207728976877,0.05985295825479493,0.07796376977757395,0.07500807048859688,0.06928473137732273,0.10074182617455811,0.11389106547369574,0.12398002250984805,0.14406345734940595,0.15238905279571893,0.13198179189972975,0.13634156363228866,0.142544464676562,0.16630062453114974,0.1507054494350857,0.17225037366483176,0.1516878723247775,0.13216861564316226,0.13371751958314643,0.12822582091425908,0.12050021822874167,0.11358073044159406,0.07374482270936458,0.12070006035003018,0.11914513366594684,0.10133787557002555,0.10152173438421064,0.08339356201701228,0.09074811863656485,0.07449344457687723,0.059718605928863196,0.037254689884750815,0.04898838975162886,0.05199284781313009,0.03519612060537328,0.03637882482922163,0.03860286233075504,0.04372672305906123,0.04062309579238473,0.023706419698454342,0.035584886128364385,0.031133250311332503,0.029279242643590286,0.020165017056243593,0.024139595834195463,0.02355584547365369,0.03391235540148461,0.027867906124967656,F
Minnesota,0.0,0.0,0.0,0.0,0.0,0.0,0.0,0.0,0.0,0.0,0.0,0.0,0.0,0.0,0.0,0.0,0.0,0.0,0.0,0.0,0.0,0.0,0.0,0.0,0.0,0.0,0.0,0.0,0.0,0.0,0.0,0.0,0.0,0.0,0.0,0.0,0.006821747731768879,0.0,0.013527731850293101,0.00977819787813106,0.00867874748316323,0.01807076511619502,0.023441585372450727,0.02489641313819288,0.03623250918752911,0.028421471474316465,0.044072278536800354,0.04847096148761787,0.05324813631522897,0.04390458071125421,0.05202047525906196,0.04880334205286378,0.06667682694505829,0.0886893880432225,0.11778358997453797,0.11882825012485577,0.14606316802419494,0.12940563273962508,0.15240930760097116,0.13867899368832784,0.14506592236218738,0.1610547211506049,0.15200667346371305,0.1452643811737362,0.15683985920887056,0.13034168140769015,0.12582025125336327,0.1265547448142216,0.10890390238983563,0.10015858442534013,0.11150852093414684,0.12170555648816517,0.08491847826086957,0.10196711560521732,0.050626502974307055,0.0647864207662074,0.07994641429528315,0.038433616603322375,0.0585454703152782,0.04612444815392387,0.047852093529091894,0.03369347918866102,0.03277690632828413,0.06617322680260772,0.04691164972634871,0.039295818924866395,0.05405405405405406,0.0380952380952381,0.030488649907148203,0.016870993139129455,0.037784107423123874,0.03995205753096284,0.025519155315959045,0.03325020781379884,F
Mississippi,0.0,0.0,0.0,0.0,0.0,0.0,0.0,0.0,0.0,0.0,0.0,0.0,0.0,0.0,0.0,0.0,0.0,0.0,0.0,0.0,0.0,0.0,0.0,0.0,0.0,0.0,0.0,0.0,0.0,0.0,0.0,0.0,0.0,0.014243854794074556,0.0,0.016895816173520033,0.0,0.011026330878136991,0.01594678330599599,0.0,0.02408155620367645,0.022224691632403603,0.022946963829848264,0.013906658508093674,0.016573669962985472,0.03894080996884735,0.03914719344736208,0.028523436757202168,0.045572916666666664,0.050547598989048016,0.0552428961088285,0.05644090305444887,0.0684814244136278,0.08031053406505154,0.10411079912925514,0.09472480810060428,0.10405488895392319,0.09561208809970975,0.11414735385679696,0.10625110678236231,0.10239157463614423,0.1828710758914965,0.17892492766864626,0.11826446891861925,0.137618091199881,0.14238436080966674,0.14110627318174487,0.13690105787181084,0.13131698225102725,0.11807408055276161,0.1312039089716328,0.19064911484339536,0.13837432486720527,0.14560677071483824,0.16306563391765186,0.10506208213944604,0.14563106796116504,0.11531808571977706,0.08240826021620049,0.0747272455537289,0.07978973059232142,0.06961849067112225,0.0635386119257087,0.09420138162026376,0.057303306400779325,0.028722426470588237,0.04238314361830952,0.042145824552953216,0.060371890847621346,0.04869438188568994,0.05099764135908714,0.03975352812562115,0.04162619675315665,0.0,F
Missouri,0.0,0.0,0.0,0.0,0.0,0.0,0.0,0.0,0.0,0.0,0.0,0.0,0.0,0.0,0.0,0.0,0.0,0.0,0.0,0.0,0.0,0.0,0.0,0.0,0.0,0.0,0.0,0.0,0.007027818448023426,0.005842418293780161,0.005709717939933767,0.0,0.0,0.005690742300425667,0.0,0.0,0.006026201925974136,0.0,0.011712497234549264,0.014086689487103636,0.008823659171458404,0.02759128115515497,0.02793166053721894,0.03707273670942389,0.023100023100023098,0.025589306680314297,0.024665373104877163,0.03853834565392565,0.04816541379251028,0.05617484420258053,0.05750331079668223,0.06438831104507181,0.059838436222200066,0.07409042184248692,0.10434889359481939,0.11645290738846487,0.09749654044533904,0.1562101504718184,0.09690548485044254,0.11461048136402173,0.1387074402025774,0.12343272916260636,0.1413790887475098,0.13325181457618085,0.13511390416339356,0.1454952434247342,0.14203121344784947,0.1327885597548519,0.13552997500616046,0.1320084913570116,0.1148600143575018,0.1140973630831643,0.12006112202575857,0.11930949629022035,0.104419168375909,0.11952268039249705,0.09479421755272928,0.05522355679151135,0.05357355450613119,0.08804930761226287,0.08904190905853021,0.04835200257877347,0.06853013249158948,0.04830811795964076,0.043668122270742356,0.03771094560196097,0.0411652178124319,0.027171899315762173,0.04511165133705922,0.023066868288182073,0.028929097412160744,0.013969992456204075,0.03442637059987951,0.054916557342038624,F
Montana,0.0,0.0,0.0,0.0,0.0,0.0,0.0,0.0,0.0,0.0,0.0,0.0,0.0,0.0,0.0,0.0,0.0,0.0,0.0,0.0,0.0,0.0,0.0,0.0,0.0,0.0,0.0,0.0,0.0,0.0,0.0,0.0,0.0,0.0,0.0,0.0,0.0,0.0,0.0,0.0,0.0,0.0,0.0,0.0,0.0,0.0,0.0,0.0,0.0,0.0,0.05711022272986865,0.0,0.09559214020180563,0.11028674553839983,0.09992006394884093,0.12878937982960173,0.19355463079454177,0.12009607686148918,0.2,0.14893617021276595,0.10357923811715962,0.08406388855530203,0.1421188630490956,0.0902178115736564,0.1854550271559147,0.10793308148947653,0.1093045498018855,0.1816911250873515,0.15955903684363215,0.08983380745620602,0.13962147067949116,0.20385761329778895,0.08063215610385421,0.0,0.08048937540244687,0.0,0.08416091567076249,0.11505588428665352,0.0835142809420411,0.0,0.09657170449058425,0.18625126989502203,0.1013856032443393,0.09017132551848511,0.14646649578908824,0.0,0.11558466576767482,0.0,0.0,0.0,0.0,0.0,0.0,0.0,F
Nebraska,0.0,0.0,0.0,0.0,0.0,0.0,0.0,0.0,0.0,0.0,0.0,0.0,0.0,0.0,0.0,0.0,0.0,0.0,0.0,0.0,0.0,0.0,0.0,0.0,0.0,0.0,0.0,0.0,0.0,0.0,0.0,0.0,0.0,0.0,0.0,0.0,0.0,0.0,0.0,0.0,0.0,0.0,0.03022974607013301,0.0,0.0,0.0,0.042120781340493865,0.04370390603660202,0.06265664160401002,0.026435444644178914,0.07291666666666667,0.059224163458691144,0.05915118055897866,0.07101600227251208,0.0677751671787457,0.09503552518441417,0.07339786228726088,0.1127554615926709,0.12246820536975978,0.11629033821106696,0.11702452426986872,0.14811680067710536,0.09577015163607343,0.10551862403714254,0.095112285336856,0.2178649237472767,0.16461372537889538,0.13469196533145936,0.14356642938326256,0.08880468888757327,0.10924318747344784,0.10380411552787447,0.11683679744188906,0.06808615994057934,0.0727757899205531,0.08744534665833854,0.03711034141514102,0.09835864019179935,0.08050532573693336,0.04456895453966637,0.07580064430547659,0.06442883834804458,0.05354393949534837,0.041333700744006614,0.0,0.045568466621098196,0.03848225967828831,0.0,0.0,0.03944150824327522,0.0,0.059503570214212854,0.04490749056942698,0.0,F
Nevada,0.0,0.0,0.0,0.0,0.0,0.0,0.0,0.0,0.0,0.0,0.0,0.0,0.0,0.0,0.0,0.0,0.0,0.0,0.0,0.0,0.0,0.0,0.0,0.0,0.0,0.0,0.0,0.0,0.0,0.0,0.0,0.0,0.0,0.0,0.0,0.0,0.0,0.0,0.0,0.0,0.0,0.0,0.0,0.0,0.0,0.0,0.0,0.0,0.0,0.0,0.0,0.0,0.0,0.05885122410546139,0.09785799717299118,0.07146503318019398,0.058354405757634696,0.1099010890198821,0.0,0.06573387172504461,0.08128612716763006,0.09445303108363386,0.08853118712273642,0.037083735073796635,0.07479940160478715,0.058616647127784284,0.05930025696778019,0.0466262572437221,0.06920850635459921,0.04895960832313342,0.05327650506126798,0.04672351360822334,0.0,0.049129319285987225,0.05224387440572592,0.046901870863515556,0.04587623610969518,0.05022853985634638,0.06294789850861902,0.06036964799851398,0.03902185223725286,0.0,0.02302237775117414,0.02440452948067161,0.03612343895138817,0.02693530140602273,0.044055289388182164,0.03861642853202405,0.0328263486158223,0.05499037668408029,0.039639843705759105,0.0,0.04281607437763778,0.032291397571686906,F
New Hampshire,0.0,0.0,0.0,0.0,0.0,0.0,0.0,0.0,0.0,0.0,0.0,0.0,0.0,0.0,0.0,0.0,0.0,0.0,0.0,0.0,0.0,0.0,0.0,0.0,0.0,0.0,0.0,0.0,0.0,0.0,0.0,0.04379050621825188,0.0,0.0,0.043902010712090614,0.0,0.0,0.0,0.0,0.0,0.05979073243647235,0.08930343322087715,0.0,0.08732777023093344,0.1030155459823937,0.07686395080707148,0.11740847475717794,0.07885546919004169,0.1842019720446419,0.24564537740062528,0.12295998211491169,0.15236160487557138,0.17018720592651915,0.22356143079315707,0.1974688089040481,0.2852558388304511,0.27780189252539284,0.2223408039843472,0.17364125716270187,0.18536428110896197,0.23768024084931072,0.21470348708077291,0.2096890817064353,0.16130163405568412,0.18725243068059058,0.11767474699929395,0.15564839845990006,0.14502644599897627,0.16709172456248353,0.1097494055240534,0.10271734055467363,0.10601387818041635,0.17379550062759488,0.08953442101074413,0.06958942240779402,0.08024877119069114,0.10310341272296113,0.0,0.10412328196584757,0.05380972879896685,0.05490282200505106,0.0,0.0,0.0,0.0,0.0,0.0,0.0,0.0,0.0,0.0,0.0,0.0,0.0,F
New Jersey,0.0,0.0,0.0,0.0,0.0,0.0,0.0,0.0,0.0,0.0,0.0,0.0,0.0,0.0,0.0,0.0,0.0,0.0,0.0,0.0,0.0,0.0,0.0,0.0,0.005827845445538785,0.0,0.0,0.0,0.0,0.0,0.0,0.0,0.0,0.0,0.0,0.0,0.0,0.004455057381139069,0.005370232799591862,0.004738483116784655,0.0,0.005167050750772474,0.0,0.011502786811532066,0.0062009094667217855,0.010045203415369162,0.008897023310201072,0.020339258837407965,0.03715630418627694,0.017284092873192373,0.019067454788131242,0.03710257434785091,0.03323987628985172,0.03671020120014119,0.03908431044109436,0.0543531280922052,0.0607919160261,0.04714693679616359,0.05171933640112986,0.04853005031799954,0.03465689672244777,0.045457264190442014,0.04518595759471672,0.03511197428047884,0.043125850076852476,0.034276704409126744,0.03611412062116288,0.04336043360433604,0.03305947031382008,0.03880821231847771,0.044862017252650065,0.04724223455769458,0.035573122529644265,0.036223134508572806,0.029541700796283116,0.03146245708110474,0.024757922535211266,0.026171159382360636,0.018383652690376867,0.027652049890119487,0.027952275168081443,0.014979926897956738,0.01889644746787604,0.017971506992549992,0.02395865420816648,0.017469079728879882,0.026968716289104636,0.023557126030624265,0.023538358471093087,0.009177006093532046,0.018854761770085035,0.019424264791577637,0.03221065770136694,0.0,F
New Mexico,0.0,0.0,0.0,0.0,0.0,0.0,0.0,0.0,0.0,0.0,0.0,0.0,0.0,0.0,0.0,0.0,0.0,0.0,0.0,0.0,0.0,0.0,0.0,0.0,0.0,0.0,0.0,0.0,0.0,0.0,0.0,0.0,0.0,0.0,0.0,0.0,0.0,0.0,0.0,0.0,0.0,0.0,0.0,0.0,0.0,0.0,0.0,0.0,0.0,0.0,0.049937578027465665,0.0,0.08739221626660452,0.0,0.046889653016567674,0.08399391044149299,0.04033477866290209,0.07048280722952223,0.08151204849966885,0.06098800569221387,0.061919504643962855,0.04635352286773795,0.08311688311688312,0.04167752018754884,0.0474058467210956,0.06317784563546383,0.0849211825274667,0.08583690987124463,0.10015579790785667,0.07529684332464524,0.04637143519591931,0.10198572199892014,0.0775147576173156,0.08454106280193237,0.0683357147294527,0.06262917266862905,0.03116235587410408,0.06315124723713293,0.05628517823639775,0.10066691833396249,0.06803983423022206,0.06787190720059234,0.05737966209754542,0.0,0.05069892083725647,0.03777005589968273,0.03840245775729647,0.049011599411860805,0.0,0.06020987441940478,0.05538631957906397,0.0,0.0,0.05523031039434442,F
New York,0.0,0.0,0.0,0.0,0.0,0.0027658844745372677,0.0,0.0,0.0,0.0,0.0,0.0,0.0,0.0037055793673340825,0.0,0.0,0.0,0.0027292576419213972,0.0,0.0,0.0,0.0,0.0029449009040845775,0.002932153630189454,0.0025434290510466208,0.004162605235863619,0.003012844761499861,0.004381456328676632,0.0035753870356466087,0.004468360813752337,0.005068760909715864,0.00494197808850465,0.005270974603204133,0.005618135340880362,0.00534282050637367,0.0037757933885857763,0.004206738547963292,0.008763473841030585,0.00925518869015942,0.007626099284879872,0.007651890016834157,0.01377473713209973,0.012572438856693841,0.011611974267865022,0.014174887462886697,0.01132103404583277,0.021724103880714923,0.028129843109780697,0.035706862645825226,0.03495166839604609,0.04305538689129067,0.04928482246511729,0.04220240272346172,0.05866741164967175,0.054040640767597674,0.06838015021925063,0.06615132649413974,0.05820844975023284,0.0665487099585391,0.07092307929508626,0.0687782436583912,0.07067243327178528,0.05852687846893686,0.05912665602707328,0.05704824054877625,0.04935976077288759,0.04929313642368437,0.05507787399406383,0.05433618424146164,0.04936530324400564,0.0513066275759028,0.05333302075885269,0.04795822305902414,0.043466449334419996,0.04170116581954878,0.0427221552070768,0.03560574269764366,0.03609239653512993,0.04344499345082935,0.03280224929709466,0.025517912903334116,0.026868538956022918,0.020899660728840835,0.02423205758677215,0.02486943546381497,0.021609538002980627,0.018173282246217684,0.02237170981578054,0.0304022450888681,0.02061921076005583,0.02465969619254291,0.017141191998491574,0.024230241135770117,0.024523906092304208,F
North Carolina,0.0,0.0,0.0,0.0,0.0,0.0,0.0,0.0,0.0,0.0,0.0,0.0,0.0,0.0,0.0,0.0,0.0,0.0,0.0,0.0,0.0,0.0,0.0,0.0,0.005509156217633707,0.005253590829331849,0.0,0.0,0.0,0.0,0.0,0.0,0.0,0.0,0.00539176569542994,0.0,0.005476391277203974,0.007862871520679353,0.006866245536940401,0.007443614619259112,0.007847548295120133,0.010524654001999685,0.00789712676204641,0.016851602198485947,0.011247750449910018,0.012985157964446638,0.025487086542818303,0.023950303121023874,0.02149184077616248,0.027683689421573735,0.031209960905417392,0.04257802027975337,0.02267353350824345,0.05101390128810101,0.0453330415344453,0.06111798906144708,0.05356022464688509,0.07013497085502322,0.07122399187743411,0.08794430194210333,0.0835813892106691,0.10057654441658521,0.10991577703584629,0.09364148317704743,0.11711862443532092,0.12414566424604868,0.13850415512465375,0.11317907444668009,0.1390039454655228,0.12129760225669957,0.15971556740691362,0.13436437424591421,0.12686626959750008,0.1113069288563213,0.1182875022258401,0.10935297295160801,0.07884854397476847,0.09349913847222407,0.0721838281490195,0.08364867556263691,0.0722925783922647,0.06804729929256487,0.05652391092883245,0.05526235804481777,0.03936548667405377,0.05654677757771461,0.05632859361203301,0.04928156715383549,0.036622770207376434,0.033929149766351537,0.03164256557921716,0.03916960438699569,0.035908484661947265,0.02484251619199716,F
North Dakota,0.0,0.0,0.0,0.0,0.0,0.0,0.0,0.0,0.0,0.0,0.0,0.0,0.0,0.0,0.0,0.0,0.0,0.0,0.0,0.0,0.0,0.0,0.0,0.0,0.0,0.0,0.0,0.0,0.0,0.0,0.0,0.0,0.0,0.0,0.0,0.0,0.0,0.0,0.0,0.05777007510109763,0.062415479038801625,0.0,0.0,0.0,0.0,0.07100591715976332,0.0,0.07580543272267846,0.06228977201943441,0.09493295360151893,0.08038585209003216,0.0,0.07561845090202009,0.051440329218107,0.08025682182985554,0.14510979974847635,0.16027151880833412,0.1669941060903733,0.27433448486080064,0.25757263548320625,0.1877623149988955,0.1956271576524741,0.25098601649336677,0.1734820322180917,0.27748414376321356,0.08198961464881116,0.19712756969867645,0.14392630972941853,0.19440705847166143,0.15053439710973957,0.14197823000473261,0.21018593371059016,0.20743301642178047,0.2176278563656148,0.1504042113179169,0.0966183574879227,0.11673151750972763,0.1145912910618793,0.0,0.09428625306430323,0.0,0.0,0.0,0.1005631536604988,0.0,0.0,0.0,0.0,0.0,0.0,0.0,0.0,0.0,0.0,F
Ohio,0.0,0.0,0.0,0.0,0.0,0.0,0.0,0.0,0.0,0.0,0.0,0.0,0.0,0.0,0.0,0.0,0.003927698918311718,0.0,0.0,0.0,0.0,0.0,0.00603751713145486,0.006488297470743677,0.005973358819664297,0.006667740913813892,0.008028044635928176,0.005824296848525924,0.00701508242721852,0.004500022500112501,0.0038259755041918347,0.0046452859638039315,0.005339546623950294,0.0063812763534441715,0.006938112040597868,0.009497815502434441,0.008980217109954836,0.014063936820468437,0.01325263948403057,0.021277601777861838,0.01938806422296274,0.02061675329868053,0.020031173513780823,0.02831117676021664,0.03931163565741376,0.034947578632051925,0.04861277459172315,0.06637234137756166,0.06624537584946669,0.08171418195024514,0.0735795278517876,0.08613393452322995,0.11307697526629627,0.11670049289649173,0.129965129574524,0.13546833338111758,0.15015671696187768,0.14632564243745333,0.15062622854517657,0.15345961153655197,0.1415852935971129,0.1658069270449521,0.1760819470069897,0.16660355925785686,0.16800168001680016,0.16166492098911608,0.15092848676412488,0.13747391677918253,0.1288056206088993,0.14142937959645485,0.12784904994930124,0.1190337680005012,0.11983114702010803,0.09902442602508618,0.0906070673512534,0.07694572951201208,0.08758894214209091,0.06866833195664938,0.06523024237111931,0.0449400624980404,0.0516099133164109,0.047587631541947416,0.05278882224768066,0.03894218855099657,0.03611636943309754,0.03321707357581797,0.037819016444751635,0.02240999749535322,0.04109062471004599,0.039386119788129836,0.04209285684219388,0.03528114663726571,0.03211844057323769,0.030522578675962662,F
Oklahoma,0.0,0.0,0.0,0.0,0.0,0.0,0.0,0.0,0.0,0.0,0.0,0.0,0.0,0.0,0.0,0.0,0.0,0.0,0.0,0.0,0.0,0.0,0.0,0.0,0.0,0.0,0.0,0.0,0.0,0.0,0.0,0.0,0.0,0.0,0.0,0.0,0.0,0.0,0.0,0.0,0.0,0.0,0.0,0.0,0.0,0.0,0.0,0.019680519565716533,0.02554604674926555,0.019149139884466856,0.04373359990003749,0.04197775179155048,0.04190989372848376,0.06354117744564466,0.07045561296383278,0.072992700729927,0.09309718437783833,0.07968874513664276,0.09819806549810968,0.09557824840283716,0.10656720394298655,0.1081173357612314,0.14184397163120568,0.1377571956152178,0.12603317896711413,0.15090096754149776,0.16725459189879577,0.17667844522968199,0.1618018251245874,0.12161051766639278,0.15597517671655658,0.15369836695485112,0.1776931619863557,0.13992840872111942,0.11015713591446623,0.13122068037922777,0.06964481146154611,0.12065556188624862,0.09481882831019302,0.10257462303826033,0.05714669893774371,0.047279727128432,0.07094462771806605,0.039886866342736964,0.041933516315949985,0.05941535292719639,0.04442828870309786,0.0318801307085359,0.0366255646441216,0.0659875448509094,0.030023589963542784,0.0,0.02909090909090909,0.025580681469354345,F
Oregon,0.0,0.0,0.0,0.0,0.0,0.0,0.0,0.0,0.0,0.0,0.0,0.0,0.0,0.0,0.0,0.0,0.0,0.0,0.0,0.0,0.0,0.0,0.0,0.0,0.0,0.0,0.0,0.0,0.0,0.0,0.0,0.0,0.0,0.0,0.0,0.0,0.0,0.0,0.0,0.018710474123414287,0.0,0.0,0.023099133782483156,0.018330461561022107,0.03150488325690482,0.02992667963489451,0.06371709609334555,0.07674907093229924,0.11490730810479546,0.06337844387279573,0.07505092741503162,0.10721345528863872,0.13100715746421268,0.11086806700026969,0.16228591300315878,0.191659890811941,0.16088395106699452,0.18107458399675314,0.1985296398548252,0.1554519209415945,0.22272433828276306,0.11411058946270214,0.12801638609742047,0.16870130666830258,0.12131972185234502,0.1384541295449073,0.12983801162359343,0.1169368856862931,0.13416387158600862,0.12116960556104717,0.11018763379926963,0.12902809586787523,0.11460588310199923,0.10379837166304455,0.08750324086077262,0.06690977217222575,0.11848341232227488,0.10085389632219458,0.0687096330905593,0.03126411227290096,0.05787234042553192,0.07141885457760848,0.05321979776476849,0.04503321199384546,0.04785070579791052,0.05726439790575916,0.07044296191936353,0.07516913054372337,0.06271165182490906,0.05613126079447323,0.0479031485433088,0.0234763827589445,0.024797897138322672,0.06167129201356768,F
Pennsylvania,0.0,0.0,0.0,0.0,0.0,0.0,0.0,0.0,0.0,0.0,0.0,0.0,0.0,0.0,0.0,0.0,0.0,0.0,0.0,0.0,0.0,0.0,0.0,0.0,0.0,0.0032914380292749902,0.0027586967916356313,0.002771452194759184,0.0036160153319050076,0.0,0.0026611433158732762,0.0021647833051911505,0.00222487229233042,0.00225783581921057,0.0,0.0,0.004454475262814041,0.0065758191953220625,0.006177828802067513,0.013759019036978739,0.010373563549602923,0.012634922926970145,0.015329523435775427,0.017299862218954472,0.019247541427325494,0.01738134016570211,0.030933916521588996,0.04224562373743193,0.05757097178244396,0.04647920055775041,0.06836534440047615,0.07505805271264494,0.09296316137774556,0.10506040973559798,0.11375878617115047,0.09395622832854852,0.12350518056161577,0.1259759363331196,0.12772848573318432,0.12987890481302694,0.15117386506220803,0.15986969111969113,0.13066917551483656,0.09937162063422475,0.11700156244322517,0.13454423141607805,0.12240092931151426,0.12476656578015327,0.13572362340441477,0.12112507894759611,0.1166735474143347,0.09695121377272001,0.12163844151925471,0.08815976081873587,0.08238829116991374,0.08329235617015725,0.08088626776426261,0.05611901312164561,0.06953736579815199,0.08414460089896257,0.051192901251026525,0.05806264314054385,0.05116568784481225,0.0436220038571035,0.03577092300905004,0.05086778010585343,0.04697853822569479,0.0429618397776093,0.05032079506856208,0.023269643457351913,0.03348064818534887,0.032096904741968794,0.03931790712236607,0.04692277419550147,F
Rhode Island,0.0,0.0,0.0,0.0,0.0,0.0,0.0,0.0,0.0,0.0,0.0,0.0,0.0,0.0,0.0,0.0,0.0,0.0,0.0,0.0,0.0,0.0,0.0,0.0,0.0,0.0,0.0,0.0,0.04596644449551827,0.03467406380027739,0.0289804671651307,0.0,0.03609891101618434,0.035545023696682464,0.053323853537148955,0.035669698591046906,0.09256402344955261,0.06921286100799094,0.09403209628886659,0.03264986287057594,0.11118059898547704,0.16414501855552383,0.08298755186721991,0.14959982048021542,0.19182529142688506,0.12955465587044535,0.23675104716809323,0.21958279269388162,0.23633043291438394,0.2552500290056851,0.31912468657396853,0.39232318948149725,0.28184281842818426,0.48202871214502774,0.40766408479412963,0.4532178467116527,0.4171218591717152,0.265382347159426,0.44035619923671593,0.29523809523809524,0.20436600092893636,0.3598740440845704,0.29540775221555815,0.22406066873491898,0.25265285497726125,0.2438599547117227,0.18653402025226506,0.17715617715617715,0.17408123791102514,0.1317656598418812,0.0,0.08822232024702249,0.14185945002182454,0.12362328613171499,0.09136592051164916,0.0,0.11603620329542817,0.09210223347916187,0.07093037002009693,0.08523073176671131,0.0,0.0,0.0,0.0,0.0,0.0,0.0,0.0,0.0,0.0,0.0,0.0,0.0,0.0,F
South Carolina,0.0,0.0,0.0,0.0,0.0,0.0,0.0,0.0,0.0,0.0,0.0,0.0,0.0,0.0,0.0,0.0,0.0,0.0,0.0,0.0,0.0,0.0,0.0,0.0,0.0,0.0,0.0,0.0,0.0,0.0,0.0,0.0,0.0,0.0,0.0,0.0,0.0,0.0,0.0,0.0,0.0,0.0,0.0,0.012565339766787293,0.0,0.0,0.018683107801532015,0.025036859821403735,0.020152003684937816,0.015273238231969943,0.024319805441556465,0.023614144872778794,0.033051891469607284,0.041035261013570946,0.054194358082090194,0.0628391888031991,0.04577313689028751,0.06078675427678235,0.058385637133265215,0.08270355054898047,0.06563552308658181,0.08713249761088313,0.07354343148203633,0.08030671985907466,0.12093454096335941,0.10807013751925,0.08395130824122009,0.1003690036900369,0.12500390637207412,0.11028576989198483,0.136919315403423,0.1234006624667143,0.09270507000831149,0.13743288161595502,0.09644131545954288,0.14884804556044526,0.11034943989299449,0.07890843333881307,0.10786428711512061,0.08475681314382578,0.09254403553690965,0.06228589224540642,0.06563115292058631,0.06963557383028815,0.0629987400251995,0.06359075814314986,0.06867138933063467,0.03647239040046685,0.03621744956720148,0.04719721173395295,0.018793459875963165,0.05142201653415609,0.03690036900369004,0.02553191489361702,F
South Dakota,0.0,0.0,0.0,0.0,0.0,0.0,0.0,0.0,0.0,0.0,0.0,0.0,0.0,0.0,0.0,0.0,0.0,0.0,0.0,0.0,0.0,0.0,0.0,0.0,0.0,0.0,0.0,0.0,0.0,0.0,0.0,0.0,0.0,0.0,0.0,0.0,0.0,0.0,0.0,0.0,0.0,0.0,0.0,0.0,0.0,0.0,0.0,0.0,0.0,0.0,0.0,0.0,0.05495109352676118,0.11537654709460876,0.08059641345960104,0.08406010297362615,0.16578592891928298,0.09589770911028236,0.1838831800973499,0.20190689848569826,0.19939010086793338,0.20018841262364578,0.14713094654242276,0.1984865401314973,0.202275600505689,0.20442059537498403,0.14233954451345754,0.13605442176870747,0.15309672929714682,0.11467889908256881,0.07421701053881549,0.1245136186770428,0.14202303929304086,0.09185548071034905,0.0964940495336121,0.0,0.09643201542912247,0.10869565217391304,0.09382329945269742,0.15772870662460567,0.0,0.0,0.08294625082946251,0.08629616845012082,0.0,0.10897203051216856,0.0,0.0,0.0,0.0,0.09840582562487699,0.0,0.0,0.13534852244529663,F
Tennessee,0.0,0.0,0.0,0.0,0.0,0.0,0.0,0.0,0.0,0.0,0.0,0.0,0.0,0.0,0.0,0.0,0.0,0.0,0.0,0.0,0.0,0.0,0.0,0.0,0.0,0.0,0.0,0.0,0.0,0.00941898328803251,0.0,0.0,0.0,0.0,0.0,0.010021474588403722,0.007274631903625676,0.016375627112083724,0.008841081558977382,0.024112654320987654,0.018583592377348288,0.01895571256246769,0.024557526004665927,0.028660057994470297,0.02937720329024677,0.040196965129132754,0.0345869588961299,0.07703291748083571,0.07913479293062516,0.05701926858041683,0.08493827160493828,0.081887888036924,0.13384392311410193,0.11755131567049461,0.13357555033126736,0.15984887015912227,0.1443209698369173,0.15258474887859402,0.1676633320292852,0.1772822809101709,0.13418065934885107,0.17499726566772394,0.20143478107219848,0.1712713872982371,0.17944203683640303,0.16944220993718656,0.20670929315932382,0.2001465358566093,0.17744161453945836,0.22966057252391545,0.2094808126410835,0.17805879574112432,0.16324213066467938,0.16332327356648324,0.15772311618345503,0.13527099899460746,0.09557721139430285,0.1359961250419166,0.10100254376776896,0.10456344760624393,0.12244897959183673,0.07349023498502637,0.07255508458395388,0.04286676600869583,0.055741360089186176,0.043929010718678614,0.039770216526734424,0.04730795224149583,0.04711160964666293,0.03845370852088941,0.03274777198194194,0.04084967320261438,0.022480891242443922,0.02843405883265264,F
Texas,0.0,0.0,0.0,0.0,0.0,0.0,0.0,0.0,0.0,0.0,0.0,0.0,0.0,0.0,0.0,0.0,0.0,0.0,0.0,0.0,0.0,0.0,0.0,0.0,0.0,0.0,0.004118743371397386,0.0024876240702505037,0.0,0.002945537020491119,0.002878098152740669,0.002384915884016771,0.0,0.003895692824620779,0.006369520375115754,0.006018657839301836,0.004533456912010639,0.010414171604719703,0.0069652434352580625,0.007558710832795502,0.0060357315306615155,0.007845456575397855,0.008323325525261292,0.014522624573397905,0.012900035475097557,0.013006085764297211,0.012284796686614835,0.028697664129713443,0.01832595368854155,0.025339729159546007,0.03562251810324691,0.03476836975600455,0.0326594598125347,0.04473158507388336,0.06198783723496677,0.06481733297071887,0.0663035756571158,0.07194057535125203,0.07393429304630779,0.07354609869466182,0.08771892471927815,0.09582465829797984,0.09823397149031848,0.09463735906099185,0.10159457493331549,0.1024382840955079,0.10932262510421806,0.09834530798400708,0.11008490406577355,0.10036627171887016,0.10394742493879129,0.10209664287283582,0.09973659310027364,0.08488286584725287,0.09526574235727515,0.09254898072171679,0.07642683979126433,0.07003346043109486,0.08017015706806283,0.07305951066545721,0.059980033492206625,0.04815679853603332,0.047499129865077906,0.05280455555461681,0.04128067753576549,0.06292456859926236,0.04810092949319944,0.05039956411187795,0.05123361638050093,0.05462442377894428,0.03672015569346014,0.04258672762605916,0.043046693001114154,0.032794906898903194,F
Utah,0.0,0.0,0.0,0.0,0.0,0.0,0.0,0.0,0.0,0.0,0.0,0.0,0.0,0.0,0.0,0.0,0.0,0.0,0.0,0.0,0.0,0.0,0.0,0.0,0.0,0.0,0.0,0.0,0.0,0.0,0.0,0.0,0.0,0.0,0.0,0.0,0.0,0.0,0.0,0.0,0.0,0.0,0.0,0.0,0.0,0.0,0.03901487442087296,0.0,0.026091494172899632,0.08309788931361144,0.054945054945054944,0.06164594677899928,0.08082440897150939,0.08227067050596462,0.12132147078952281,0.10800851361224943,0.0687564459168047,0.06614631565021828,0.13696753869332967,0.07139287499107588,0.09590203238537863,0.07324595219737856,0.0957047699257331,0.10340073529411765,0.04559443747862761,0.10883930653813262,0.06529671595928559,0.11557575991062141,0.07130526157772273,0.12079947287502746,0.11582198511862979,0.11547748189103126,0.09495065956797451,0.13018660079447206,0.07232321904073112,0.10176947572305571,0.07813263013966208,0.08089829466394849,0.07789425854402648,0.09065009065009065,0.05095703684830727,0.08226806733324896,0.04177243661836059,0.04768392370572207,0.08247274813539875,0.05915409642117716,0.08713111338409668,0.05393327683180522,0.09665944942777606,0.04692265582231954,0.04009783872649264,0.038009967058028546,0.04022705940195771,0.027428571428571427,F
Vermont,0.0,0.0,0.0,0.0,0.0,0.0,0.0,0.0,0.0,0.0,0.0,0.0,0.0,0.0,0.0,0.0,0.0,0.0,0.0,0.0,0.0,0.0,0.0,0.0,0.0,0.0,0.0,0.0,0.0,0.0,0.0,0.0,0.0,0.0,0.0,0.0,0.0,0.0,0.0,0.0,0.11534025374855825,0.0,0.0,0.0,0.0,0.0,0.0,0.10239606799098913,0.16722408026755853,0.18564356435643564,0.18995356690586745,0.26010404161664663,0.19201228878648233,0.2009132420091324,0.1549053356282272,0.08620689655172414,0.2028397565922921,0.27022462421888194,0.20260003376667227,0.18410041841004182,0.2181208053691275,0.30664395229982966,0.13658869728529965,0.13207858675912168,0.0,0.2508061626657112,0.16997167138810199,0.0,0.0994233446013124,0.11130899376669634,0.25045537340619306,0.14228124258951863,0.11904761904761905,0.19723865877712032,0.17513134851138354,0.23413111342351717,0.0,0.0,0.0,0.0,0.0,0.0,0.0,0.0,0.0,0.0,0.0,0.0,0.0,0.0,0.0,0.0,0.0,0.0,F
Virginia,0.0,0.0,0.0,0.0,0.0,0.0,0.0,0.0,0.0,0.0,0.0,0.0,0.0,0.0,0.0,0.0,0.0,0.0,0.0,0.0,0.0,0.0,0.0,0.0,0.0,0.0,0.0,0.0,0.0,0.0,0.0,0.0,0.0,0.0,0.0,0.0,0.0,0.00901608727572483,0.006472491909385113,0.008480325644504749,0.011951536519413776,0.022895170645338542,0.019935592700506058,0.015227653418608192,0.029467666602820054,0.021572645885017797,0.027413220025357232,0.03994190268700073,0.04394558072253859,0.041464058200459876,0.03408316291751875,0.04346015247270159,0.05465476407360175,0.05287461665902922,0.07548982603026456,0.081113965120995,0.06096958112249942,0.09103096707989208,0.10866920768794096,0.0806351569284208,0.10597776002948946,0.11566693853340254,0.1396709004408363,0.1323831788862913,0.10099892083344864,0.11539776612719398,0.10745193703897311,0.09118086696562033,0.11284983448690941,0.12494338502865888,0.14138429522311713,0.11831634224217571,0.10786270848090669,0.09938605068688586,0.10699225879539304,0.08609693877551021,0.09114166933162776,0.071571714858288,0.08450571978529288,0.07556556099557626,0.07994732881866065,0.055002907296528535,0.06585554586015574,0.04425908587964933,0.04902132427606009,0.06168379126205036,0.060268727620803354,0.04841746615260468,0.04104431000945804,0.039890482493517794,0.029978265757325935,0.033261592643318336,0.05021391126197602,0.023551073714860725,F
Washington,0.0,0.0,0.0,0.0,0.0,0.0,0.0,0.0,0.0,0.0,0.0,0.0,0.0,0.0,0.0,0.0,0.0,0.0,0.0,0.0,0.0,0.0,0.0,0.0,0.0,0.0,0.0,0.0,0.0,0.0,0.0,0.0,0.0,0.0,0.0,0.0,0.0,0.0,0.0,0.014029508733369188,0.014294563301091152,0.01806276811921427,0.015295197308045275,0.012713480527185659,0.010455657556303717,0.03675710445909623,0.013272104690361799,0.061937846717294125,0.07152527652182798,0.03543675804287848,0.055622732769044746,0.06517439769866955,0.09652933175376245,0.08394459656626627,0.115205197454154,0.1256211782527572,0.13386880856760375,0.13363276972475363,0.1372567453229294,0.13517517220946595,0.15665993469356937,0.1422688131785848,0.13592946362968406,0.10401057734684885,0.10304576245417842,0.10481825866441251,0.09049310203524108,0.09478842508137497,0.08848415580585102,0.07526011778208433,0.10552299836062486,0.11947204733368733,0.1147630425375802,0.10969889544560447,0.07965860597439545,0.06627034402105059,0.06964619731762646,0.06347694993255575,0.08340614822464056,0.04004645388650835,0.06194467566154978,0.048447734583930854,0.043003186145155296,0.04016144902508083,0.04644093557375665,0.055375702845459195,0.040851429800043,0.052655828341999604,0.052207961714161415,0.03505005586102653,0.0571969113667862,0.023365031893268533,0.03876626365905071,0.03563519739353985,F
West Virginia,0.0,0.0,0.0,0.0,0.0,0.0,0.0,0.0,0.0,0.0,0.0,0.0,0.0,0.0,0.0,0.0,0.0,0.0,0.0,0.0,0.0,0.0,0.0,0.0,0.0,0.0,0.0,0.0,0.0,0.0,0.0,0.0,0.0,0.0,0.0,0.0,0.0,0.0,0.0,0.0,0.0,0.0,0.02421209797828982,0.020538941833716726,0.03118543640120064,0.03437738731856379,0.04037793749495276,0.08164668471488118,0.021863658227294594,0.06935413957520589,0.05920412737345118,0.05941770647653001,0.10650063490763118,0.12858118696508217,0.10455203474344539,0.19636301545291557,0.1960442624379193,0.1805869074492099,0.18215809405110014,0.170548679465939,0.2094508301404853,0.2874787052810903,0.24737507558682867,0.20972459848777525,0.26729216670303296,0.23223666021564832,0.27178528962119924,0.24885699403900688,0.16070471995714541,0.2417555169848748,0.171854114951308,0.2341768034866324,0.2414972831555645,0.3037462031724603,0.20060180541624875,0.22688209006531454,0.18656716417910446,0.0896551724137931,0.16862221597695495,0.13026487190620928,0.10950503723171265,0.13022717407032267,0.10796637618570218,0.08004482510205715,0.07636826474331777,0.0765696784073507,0.0792742006518101,0.04482696790389098,0.056764427625354774,0.0,0.05168492867479843,0.0,0.0,0.0,F
Wisconsin,0.0,0.0,0.0,0.0,0.0,0.0,0.0,0.0,0.0,0.0,0.0,0.0,0.0,0.0,0.0,0.0,0.0,0.0,0.0,0.0,0.0,0.0,0.0,0.0,0.0,0.0,0.0,0.0,0.0,0.0,0.0,0.0,0.0,0.008029272433213658,0.0,0.005787974903340819,0.0,0.008735695298947972,0.0,0.008296689620841284,0.014290409706046274,0.009109542245502164,0.020253637864954974,0.01567299855808413,0.02723187945354695,0.018141935909488233,0.020288839293948393,0.04536004536004536,0.053092160667862764,0.045791739170253684,0.045689639417365716,0.05050417094791105,0.06452738053714685,0.09998688696564385,0.09746277241643765,0.09513520486318268,0.11597190902648026,0.11081890206586281,0.10064511871174249,0.12877237007198047,0.12278308321964529,0.1699339535046688,0.13563024025928275,0.14530557938411442,0.10988819312413878,0.10762911008664142,0.11711560983771123,0.10487377011669591,0.09091448109571713,0.15201572856071507,0.09674564130009675,0.10356342731538234,0.08213638852617834,0.0870155779107772,0.08079090039332412,0.07636085960510527,0.08185840707964602,0.055199823360565246,0.0586087191740679,0.047704504668226524,0.05240970718924461,0.05311164992495093,0.03127405696689761,0.04235915580694192,0.04466162253047499,0.03251591925213385,0.04700937422227138,0.04200856974822864,0.022732439190725165,0.04027849703665343,0.04167907115212861,0.02856508077570064,0.029347507092314217,0.03438316600192546,F
Wyoming,0.0,0.0,0.0,0.0,0.0,0.0,0.0,0.0,0.0,0.0,0.0,0.0,0.0,0.0,0.0,0.0,0.0,0.0,0.0,0.0,0.0,0.0,0.0,0.0,0.0,0.0,0.0,0.0,0.0,0.0,0.0,0.0,0.0,0.0,0.0,0.0,0.0,0.0,0.0,0.0,0.0,0.0,0.0,0.0,0.0,0.0,0.1567398119122257,0.0,0.0,0.0,0.0,0.0,0.10824463287028685,0.0,0.08698173383589447,0.12706480304955528,0.12569832402234637,0.13272378705205723,0.15625,0.1324722636198046,0.16835016835016833,0.19845644983461963,0.0,0.17031630170316303,0.17690169320192065,0.0,0.0,0.16556291390728478,0.1465845793022574,0.15142337976983647,0.25023459493274947,0.22587931590835753,0.33211557622052473,0.0,0.0,0.0,0.1765536723163842,0.0,0.0,0.0,0.0,0.27522935779816515,0.0,0.0,0.0,0.0,0.0,0.0,0.0,0.0,0.0,0.0,0.0,0.0,F
