state,1940,1942,1946,1947,1948,1949,1950,1951,1952,1953,1954,1955,1956,1957,1958,1959,1960,1961,1962,1963,1964,1965,1966,1967,1968,1969,1970,1971,1972,1973,1974,1975,1976,1977,1978,1979,1980,1981,1982,1983,1984,1985,1986,1987,1988,1989,1990,1991,1992,1993,1994,1995,1996,1997,1998,1999,2000,2001,2002,2003,2004,2005,2006,2007,2008,2009,2010,2011,2012,2013,2014,2015,2016,2017,2018,2019,gender
Alabama,0.0,0.0,0.0,0.0,0.0,0.0,0.0,0.0,0.0,0.0,0.0,0.008679676537387706,0.0,0.0,0.01321294868971592,0.019183944514129712,0.024092394332264233,0.028967388818587916,0.03758809710258418,0.047233578187859344,0.042301872671363254,0.06167183535382013,0.037581975684461734,0.05846471654356596,0.0638060296698038,0.06909485736847301,0.04951060669535742,0.0706616680079298,0.07112988748545071,0.056580287427860136,0.08513967508859129,0.06233965521375309,0.07796131169906934,0.0713217531347061,0.0550357732526142,0.05475201898069991,0.06495979212866519,0.06203616478643476,0.08419477056925019,0.11115578364827472,0.10710715475793783,0.1301744337412132,0.17346053772766695,0.11980352222355337,0.12567580385089633,0.10475735009450936,0.11452917057974665,0.11792730960635864,0.11155571723050807,0.09309846387534605,0.11355607146462098,0.11586590452649467,0.11148272017837235,0.12490567019698665,0.0805738940583251,0.07620949728010933,0.07905138339920949,0.07188873835264191,0.060287658255102926,0.06621182024930189,0.04679594045216578,0.046618688266658895,0.050503633455851404,0.03097544492002703,0.040367924800322946,0.027518728023238036,0.03265626020508131,0.03026939763898698,0.02447295738209279,0.0,0.0,0.0,0.021506147173733826,0.0,0.023766141170878555,0.0,M
Alaska,0.0,0.0,0.0,0.0,0.0,0.0,0.0,0.0,0.0,0.0,0.0,0.0,0.0,0.0,0.0,0.11109053878911312,0.0,0.0,0.0,0.08528057308545113,0.0,0.0,0.14236322961155176,0.1266357112705783,0.2086375964948884,0.22935779816513763,0.19143752175426382,0.10704727921498662,0.21308331557639038,0.182648401826484,0.11005943209333038,0.0,0.0,0.10993037742762918,0.08726003490401396,0.13101867016049787,0.0,0.1463914507392768,0.17999485728979173,0.1326579835986493,0.19446350949439486,0.1594896331738437,0.21812893843916625,0.1791656002047607,0.18741633199464525,0.15592515592515593,0.07849293563579278,0.08019246190858059,0.19289060347203085,0.0739863865048831,0.14240506329113925,0.1671681711802073,0.154030463802841,0.1419950301739439,0.0,0.11045655375552282,0.0,0.09498480243161095,0.0,0.13966480446927373,0.0,0.0,0.0,0.0,0.1130156338293464,0.0,0.09801999607920014,0.1190003966679889,0.0,0.0,0.0,0.0,0.0,0.0,0.0,0.0,M
Arizona,0.0,0.0,0.0,0.0,0.0,0.0,0.0,0.0,0.0,0.0,0.029864755322326037,0.020719376761147025,0.0273224043715847,0.025745705984037665,0.0653049377789065,0.08769160615945842,0.06001000166694449,0.07995735607675906,0.06631519612719255,0.06792555359326179,0.07672991071428571,0.05985783763561541,0.06712204366881194,0.0946073793755913,0.08647118937190472,0.10773860385629899,0.10482180293501049,0.13390914264671422,0.13444103554069428,0.11203150461705595,0.09790164148418888,0.11349601094902695,0.0755932426214422,0.09473883660708647,0.06756756756756757,0.10687065837950334,0.13615773349742086,0.12599536337062794,0.14939867035183388,0.13532465615235095,0.12116316639741519,0.15102385288499978,0.17242884581805482,0.136068662340381,0.15729051762879437,0.11697085812241606,0.12128924502415844,0.11354420113544202,0.09815311886543006,0.0977616652070307,0.08980243464378368,0.13224119214447844,0.10587918222769799,0.09465672449097864,0.09925179416704841,0.06293382693197594,0.07507507507507508,0.06355547485019067,0.04263407528467127,0.043440486533449174,0.05473453749315819,0.045382727670017144,0.036531711113581854,0.03392404245351598,0.03579281075829627,0.018712224696394157,0.01806612200654395,0.028935783229646777,0.014487954300852719,0.01677887539587659,0.02920438900246151,0.010736064588164562,0.011082297138550879,0.0,0.014804579549940782,0.018147408809270734,M
Arkansas,0.0,0.0,0.0,0.0,0.0,0.0,0.0,0.0,0.0,0.0,0.0,0.0,0.0,0.0,0.02851033499643621,0.025959791167902157,0.03200186192651209,0.026200110622689295,0.043382693197593705,0.046918069321447424,0.05348070237989126,0.07436452136289887,0.08,0.07950630371408018,0.06567510141008305,0.08641743377794477,0.0768189633097999,0.08004948513626604,0.06190034045187248,0.07497139249496902,0.061917108471034404,0.08757613152342662,0.056249748885049626,0.11208162634304708,0.06408202499198974,0.06067040800849386,0.06610356224752112,0.10883507599020485,0.13055331567023767,0.11210762331838565,0.10483808340451968,0.12044447898049576,0.10743702996299392,0.12325063613231552,0.09229904891849593,0.17212377264014397,0.15311530760472697,0.1956787607011822,0.1226993865030675,0.12408540498908904,0.1323276432446738,0.16747465843984133,0.15556803941056999,0.14387234599119325,0.14875092969331058,0.11099271887764163,0.13435035104446563,0.08483657796035006,0.0629156929714183,0.0898391878537418,0.09407759161365468,0.09019165727170236,0.053163211057947905,0.0629553017357676,0.042297208384246644,0.05412853065643146,0.0735603194619588,0.0,0.02749972500274997,0.0,0.02772387025228722,0.0,0.02970708811122334,0.0,0.0,0.0,M
California,0.005284797750790078,0.0,0.004240207770180739,0.006556394357754341,0.011867182493532386,0.007900362487220002,0.016573441060700227,0.016868512110726642,0.015185239946771737,0.01403359719024627,0.02498566998339188,0.023759638853489428,0.022428382098073196,0.03324793178306702,0.08256547442121602,0.10163818747390263,0.0955121801516295,0.10341453748312548,0.11429570735302383,0.11790907899908293,0.1151828129424754,0.10639372411703309,0.1259544151457523,0.12610205335581498,0.13654805097317296,0.11916316373018696,0.12462451784196393,0.11926798802052764,0.13365987636461435,0.11096979060854126,0.09529560120433923,0.10130636187612846,0.09561132226917538,0.08911777197985558,0.09027474600978223,0.10265614033862559,0.09742751982994469,0.12123262567312301,0.12293577981651377,0.12148946689336661,0.12528490552165283,0.12508081063608512,0.14284372288870345,0.13843409738306311,0.12322687408591974,0.12256046036772926,0.11327797292992915,0.09702553267697525,0.08630084056555971,0.07354089811220994,0.07854366132768614,0.07644710783659815,0.07774466430964588,0.07002704966428208,0.05904634581105169,0.052577127253608316,0.047989062957744515,0.040515863958000456,0.039161095024254154,0.028788511690393672,0.03597845825224016,0.031335817409040664,0.018319664045545504,0.019037985042395036,0.023129203287905208,0.018280440873805072,0.018065245096107102,0.014393594515705755,0.012804097311139564,0.012050515762074616,0.008519977643578662,0.007396944709599473,0.012991043397302194,0.0072636633330274945,0.0077307108592074795,0.009803044058289752,M
Colorado,0.0,0.0,0.0,0.0,0.0,0.0,0.016790919470750218,0.022175056229606867,0.0,0.0,0.028847540747151307,0.022478855826238445,0.035134185562552364,0.02430921319179969,0.10581436362156443,0.12026618916535264,0.11000523834468308,0.11318910297635891,0.09762017835470424,0.10827490999648105,0.14226369999430946,0.13887573777735693,0.1681859463823203,0.23653865107263705,0.21853708702918112,0.19479314822830993,0.19670013504785394,0.19541388049219868,0.2049377181465945,0.26183025735998466,0.1331853496115427,0.2069549402652786,0.13880748943520774,0.12883956545928377,0.1175559824526192,0.16531569965870307,0.15169519379061008,0.15955903684363215,0.14912019087384432,0.14892203358764636,0.17140342343594375,0.18853608626675555,0.1793309575813312,0.16901542563321273,0.1765801504559638,0.14872607582591735,0.18783236571205542,0.11784346459785917,0.1249754950009802,0.11559822079260172,0.12477718360071302,0.1201923076923077,0.09337539432176656,0.09600565928096813,0.12680143383159795,0.11416882715315271,0.06901470013112793,0.06138735420503376,0.05147486683675753,0.04694520823553081,0.057818173408265686,0.02084587946449252,0.041743970315398886,0.03816793893129771,0.04169119089660585,0.025725457913150854,0.019012439567602804,0.022338880822070813,0.025583444668694392,0.0,0.0,0.0,0.0,0.0,0.016376797353509547,0.0,M
Connecticut,0.0,0.0,0.0,0.0,0.0,0.0,0.0,0.0,0.0,0.0,0.015880938336585146,0.019707022268935163,0.0,0.014066393376738203,0.04505150205803453,0.04470000203181827,0.05667442566541848,0.05904389608274289,0.046081984038876436,0.06398612945838839,0.04546393883033685,0.026004984288655324,0.06361034122404471,0.06674294431731503,0.06332967969796614,0.10370942067435242,0.09839685130075837,0.09461505190311419,0.18715493309211143,0.11381134096538796,0.11939280231963159,0.13236267372600927,0.13487612692553416,0.10441319782820548,0.09623646674686373,0.1117538785169603,0.12318065415410548,0.14842417735110214,0.1705161990389087,0.13966480446927373,0.13846743069263176,0.19634625234761827,0.15670910871694416,0.16020934020453392,0.1438171691551395,0.13145007474612094,0.10750211164862167,0.13319126265316997,0.12440217842036877,0.13047054485634058,0.11674741696339969,0.14399712005759885,0.1523368472366096,0.11608035340018702,0.1218417340002565,0.12436589756177384,0.07608336089976844,0.09465215333648841,0.10022810534319486,0.07890493670451817,0.06068827645294873,0.06645744877238324,0.041636700859230096,0.038445273153665756,0.040886417532095834,0.05607557261786654,0.04509786236132407,0.0,0.0,0.0,0.0,0.0,0.0,0.025504998979800044,0.0,0.0,M
Delaware,0.0,0.0,0.0,0.0,0.0,0.0,0.0,0.0,0.0,0.0,0.0,0.0,0.0,0.0,0.05156765676567656,0.06179196704428424,0.06286013619696176,0.05135051864023827,0.0,0.08516980730331097,0.0,0.0,0.062375249500998,0.06402868485081316,0.07742934572202864,0.06361323155216285,0.09797917942437231,0.0,0.12070006035003018,0.1332001332001332,0.09955201592832255,0.15177065767284992,0.12091898428053204,0.0,0.1440691531935329,0.09419152276295133,0.10396554284865588,0.2534287418008348,0.10313835273316635,0.16501650165016502,0.13206162876008803,0.1727364329926587,0.08538494378824535,0.215633423180593,0.20615900012884938,0.18170805572380377,0.09454029780193808,0.18288222384784197,0.1292156609381057,0.26936026936026936,0.2187884589087926,0.10077742585660812,0.1915991156963891,0.17822664488341008,0.13327410039982232,0.10251903925014645,0.11524056467876692,0.10643150372510264,0.17740981667652278,0.11530700490054771,0.13311640289897944,0.0,0.0,0.07654623392529088,0.0,0.0,0.0,0.0,0.0,0.0,0.0,0.0,0.0,0.0,0.0,0.0,M
Florida,0.0,0.0,0.0,0.0,0.013517166801838336,0.0,0.0,0.008319744417451496,0.0,0.012968673448802558,0.010873997553350551,0.011632716368524454,0.008329366968110423,0.015715857300015717,0.0446268218083659,0.05907422254103549,0.04857780717711262,0.052786287985426845,0.052735940598236504,0.06635913133756462,0.0695440518103186,0.0661414033581267,0.08185473192575295,0.08930675630418873,0.06719116497263487,0.11486651119078284,0.10041146873601607,0.10319917440660474,0.1285710915567718,0.1154047060824354,0.10031288065155604,0.10367017712429043,0.08216188458822773,0.08919298674323416,0.08608012625085183,0.10058900450415208,0.0978104718336407,0.11629484620006592,0.14203890390238055,0.1347420270197919,0.15508632002317774,0.1594805490687475,0.18500207329909732,0.1644168196869934,0.1466006963533077,0.14140133599882979,0.14760853669370547,0.1057134951435646,0.12090225125818459,0.1285290402185728,0.1347144054604239,0.11175647731419536,0.13189559422436137,0.12183743185200607,0.10636985879015846,0.11650033008426858,0.0746092530700185,0.06895072321647464,0.06949753283758427,0.04836978702178152,0.06029342801634621,0.050887255650302776,0.03330640475076888,0.03566817186351931,0.03011753367516734,0.02254264988849439,0.0318135391725131,0.02721296697876538,0.02668066684453778,0.015335201956090205,0.015152663080536406,0.01166277907364212,0.013491976490230964,0.018294595253859288,0.009948179031047362,0.017844396859386154,M
Georgia,0.0,0.0,0.0,0.0,0.0,0.0,0.0,0.0,0.0,0.0,0.0,0.006856986126031405,0.0,0.00679001867255135,0.020974620708942182,0.021212406901103046,0.03882033244321056,0.018973306928814524,0.03497726477789437,0.03623232164639669,0.028830214064339426,0.03600452628330419,0.02847573460615347,0.035275359455912855,0.05066283880773453,0.04649699820849801,0.052086046148236885,0.06634981246022396,0.06202649417394002,0.06520929077133275,0.04310482454739934,0.06641010795899602,0.050178219192303704,0.06054061129655082,0.03139717425431711,0.08385545218657046,0.07224563515954244,0.10299597103995638,0.13399174972147782,0.20207463289775024,0.18060082812087042,0.12595884400917096,0.1541645254927015,0.1518388626866073,0.12801224694486235,0.13449899125756556,0.11553144464536869,0.11072754510519117,0.11777316095224231,0.08755387931034483,0.12185380251560406,0.1000405569825605,0.09764168214920192,0.09650467981598011,0.07181281662923696,0.09518008071270843,0.07187558089100936,0.05598616519651144,0.06626408111723742,0.06902672320283995,0.04543333578918932,0.05262835811761826,0.043764711448611944,0.031016259677669484,0.04626272224861837,0.03173134131023997,0.03512173192284458,0.020181925644019664,0.014706531170492816,0.01806086511543903,0.0237872232876916,0.010537566424302638,0.012584552461853074,0.016199053975247846,0.012075836251660426,0.0,M
Hawaii,0.0,0.0,0.0,0.0,0.0,0.0,0.0,0.0,0.0,0.0,0.0,0.0,0.0,0.0,0.0,0.0,0.0641900024071251,0.03934839065082238,0.0,0.04032258064516129,0.0,0.0,0.0876424189307625,0.0,0.0825593395252838,0.0,0.06413780465457211,0.11786661428150476,0.12358393408856848,0.06289967501834574,0.0,0.0,0.0,0.09108389839085113,0.0,0.0,0.0759085302210836,0.05806638923836253,0.055365876164990314,0.07135212272565108,0.1278538812785388,0.14191106906338694,0.09948269001193794,0.12656995424009346,0.1346412771686863,0.12397482357428952,0.05471956224350205,0.08563273073263558,0.0892768574546176,0.1027643613194944,0.08521516829995739,0.0929044245732203,0.12084592145015105,0.07948072592396344,0.06781500067815001,0.08663008951775916,0.07129616426636247,0.0,0.0,0.0,0.0,0.09607686148919135,0.0,0.0,0.0,0.0,0.0,0.0,0.0,0.0,0.0,0.0,0.0,0.0,0.0,0.0,M
Idaho,0.0,0.0,0.0,0.0,0.0,0.048555474629764506,0.0,0.04744958481613286,0.07015902712815715,0.06158109460395659,0.07628346937218705,0.06062902614626753,0.0862271693971937,0.06211662396148769,0.3138485680659082,0.30880877016907277,0.3126465530717524,0.2559795216382689,0.3560781715799934,0.2635884384657335,0.30185004868549176,0.3681885125184094,0.447549394170942,0.35398230088495575,0.30823425803610743,0.28607755880483154,0.515413789750073,0.2886433761321788,0.38045654785742894,0.33310473204663466,0.2554278416347382,0.22532281826848083,0.15460981365448775,0.2251069257897501,0.18191079094811904,0.19497249495160504,0.19899814725862897,0.2188183807439825,0.275171099978833,0.2453531598513011,0.25390474724936524,0.2577734815530852,0.23243801652892562,0.18052170773535517,0.18395879323031641,0.19943794760221195,0.19311797752808987,0.15761821366024517,0.2232909653040192,0.1386001386001386,0.1594048884165781,0.20705719955137605,0.11917936494424108,0.12839168021912178,0.13402579996649355,0.09198862686067905,0.07506881307865543,0.09988346928583319,0.08238589553468446,0.08025682182985554,0.05550269584522677,0.03912056959549331,0.04586104104563173,0.04546832373446499,0.04608294930875576,0.0,0.044326241134751775,0.04728132387706856,0.0,0.0,0.0,0.0,0.0,0.0,0.0,0.0,M
Illinois,0.0,0.0,0.0,0.004087137777414477,0.004928262972112192,0.002989393631395808,0.004127285484336951,0.012835251180285055,0.010341768224644977,0.008689229699787113,0.011882313434763515,0.016370212352348357,0.009378038607904206,0.018638794500121868,0.061808941693565,0.0645916985206573,0.06992429723653351,0.05866577271203486,0.07951880925680498,0.08148631029986962,0.08025338669291844,0.08360437949516698,0.08290588094954074,0.11091393078970718,0.11310937676733401,0.1331974261004421,0.14057145615135866,0.14319407008086255,0.17293184323728408,0.1708393344160819,0.13191499152522876,0.1418921003115457,0.12794130114761806,0.11723329425556857,0.11083781239561508,0.16004866638181384,0.1262564610523232,0.15161976894001408,0.18054550534830235,0.17593373162775355,0.16222802947998943,0.1696514102273475,0.18357356540658146,0.18736160790325326,0.15856545757460613,0.14559847333639608,0.18039100970211108,0.1731879409878127,0.15686216749639142,0.15312219898416493,0.1475307609241205,0.1521262569919568,0.17465009894168448,0.14351673405119036,0.1212281150265135,0.12463508686814612,0.10176164420125451,0.07113459681926732,0.08825971075282912,0.06997472163181051,0.051190401350708126,0.060944641950228536,0.05393994066606527,0.03219300654275515,0.04065604981853519,0.024857329287112512,0.029471799853732546,0.020391748139252982,0.01741391720262834,0.0165555082541034,0.01534466477809254,0.012057053979430667,0.007548214218319515,0.020008003201280513,0.01559332605644784,0.01805869074492099,M
Indiana,0.0,0.0,0.0,0.0,0.006182533107464791,0.010865234870160443,0.008443806467955756,0.007814593194605698,0.01299742217793471,0.006457445434586077,0.015633468128569642,0.014633483500747354,0.020057162914305773,0.015777225574882654,0.11613691931540342,0.11061153842214688,0.09238633913998583,0.08682619256809138,0.11992590292426465,0.13012148316621652,0.11464476657664113,0.12629572262599786,0.15420389181250765,0.1381059398109204,0.14289576333371953,0.18441620353527116,0.14559167502028736,0.15504845264145045,0.14496755488057436,0.12543433440505197,0.13721225568190112,0.14063656550703182,0.1074780502573418,0.10791988028087947,0.10974217904070704,0.13926792898742368,0.12153688920807668,0.15441006695913184,0.1689921137013606,0.1554083618751603,0.17942401848979717,0.1743137344064996,0.16667445519261023,0.15813026771454322,0.17279272451686245,0.1930964284645092,0.16801273359665153,0.16005025877284831,0.1323884432676583,0.1562919343889617,0.12471857334909864,0.14213722703191625,0.15389904877290067,0.15970188980569602,0.12450612570138452,0.12604693589849905,0.07913218371855321,0.07281101308904957,0.0683562940372279,0.06604790211005666,0.054452836817143864,0.050026800071466856,0.0429599398560842,0.02547585253120792,0.0320966676106863,0.02580696390995355,0.02714440825190011,0.023346138336481526,0.023958356021170475,0.022260807622100528,0.015618724619572493,0.015893558567763325,0.016429225244678106,0.01971463072032332,0.02318512030501314,0.01610954490535642,M
Iowa,0.0,0.0,0.0,0.0,0.0,0.0,0.009107965826912218,0.0,0.0,0.0,0.009051412020275162,0.0,0.0,0.03226905218622829,0.11293368385974006,0.11567170923024092,0.10307227717401132,0.11729990286101794,0.16964660134954826,0.16446708652573308,0.17423065619883285,0.19831319808525188,0.15979012640114476,0.21950377349183645,0.176003218344564,0.24027631776543024,0.22741166401760607,0.24695947740188007,0.19977085108258175,0.23971110142581406,0.1858178984595097,0.18035838957412148,0.13868022651103662,0.19061426116838487,0.15608180839612487,0.20970794332770704,0.26080850636974623,0.30952565193840437,0.281660200882181,0.29079337210578293,0.2947864903562705,0.34064110402655257,0.37821955488872216,0.2661962796664529,0.21914982758065035,0.2976850239098078,0.3039894700554702,0.23625360044014368,0.2388772767990445,0.264451601966435,0.18979333614508645,0.2819650797093591,0.20894124428113406,0.2316111920505062,0.1748186721220011,0.18032232615800742,0.14958863126402394,0.1249365556553313,0.10676156583629894,0.07953234978327435,0.0970716712506067,0.08954737870400521,0.05978715771852207,0.07430954051934112,0.043032963249849385,0.0410865099292399,0.06671114076050699,0.03003453972067878,0.04579453518546787,0.0,0.030489354133848266,0.025930920029042633,0.0,0.0,0.0,0.049683269159110664,M
Kansas,0.0,0.0,0.0,0.0,0.0,0.0,0.0,0.017953781835902433,0.014616677629174889,0.014188757774256865,0.027481964960494674,0.023122991190140357,0.02502844141069397,0.03018482399925699,0.10158668730650156,0.12769278062853223,0.10545160261912354,0.0983755423267077,0.15258094548463846,0.15725873199801357,0.12054214565019258,0.15067147068457257,0.14971660784942786,0.1555440337752759,0.20626151012891344,0.17584581838643878,0.19309013171505413,0.1477377654662973,0.14147130153597412,0.1798636382649433,0.14392039146346478,0.17852892168531304,0.20225919706914974,0.18498649598579303,0.2695019751172149,0.26817947395564723,0.41902163320990066,0.3687925224136835,0.35126164158422224,0.2602158828064765,0.2621403761714398,0.38222967309304273,0.4430165708488333,0.2663675872704332,0.32807482898227003,0.319599805460988,0.27480270574971816,0.25835978445412267,0.22028898928424748,0.30017317683278816,0.23447575129938647,0.28681830856869694,0.2612351524552023,0.20750264464154933,0.21114696625632445,0.2488446498400284,0.20010986423919017,0.17123969575086614,0.15921031682853048,0.1897683245038349,0.13344656071818511,0.15518438355045533,0.11009623226227369,0.09764433052605884,0.10077258985555929,0.043593879419329525,0.06323110970597534,0.0811533320603399,0.0332021059621496,0.024842251701694244,0.024899158408445796,0.03545021776562342,0.026043023074118443,0.0,0.03499358450950659,0.036665851869958445,M
Kentucky,0.0,0.0,0.0,0.0,0.0,0.0,0.0,0.0,0.0,0.0,0.0,0.0,0.0,0.0,0.018604939611466843,0.02781340296985336,0.020566040720760626,0.033967940734031025,0.021416803953871497,0.03554682871506678,0.04442925495557075,0.04158475729623469,0.04634013660266355,0.041188706056799224,0.05418472824274759,0.045071807584355986,0.058415764467637674,0.0545979252788394,0.042737782336474565,0.03297428006155199,0.05960922839165471,0.03485610962246476,0.04725187396636525,0.03058166323472446,0.06704238335672832,0.040793848287678215,0.05655994344005656,0.08586926927346221,0.06333790773778106,0.12375690607734806,0.13753266400770184,0.12962062819711595,0.12141122696757604,0.11441647597254005,0.10443483751882256,0.11741499154612062,0.12632169926078413,0.13148317719706043,0.1277293102617246,0.1222676913863659,0.11352169525731584,0.11832797427652733,0.12937949593748382,0.12154753284369506,0.13074911552068913,0.12242133777870388,0.09225801491504575,0.06347359234085319,0.040681275764807984,0.0517049010803603,0.07172018095553348,0.06101958173850336,0.0384932636788562,0.04408928079360706,0.03749206898540693,0.04218265087830305,0.0319642000958926,0.026347857589829726,0.0271600746902054,0.0,0.0,0.0,0.0,0.04295364910773556,0.020641539033150313,0.025846471956577927,M
Louisiana,0.0,0.0,0.0,0.0,0.0,0.0,0.0,0.0,0.0,0.0,0.0097394014442141,0.018146286990508097,0.009384384384384385,0.014527205493924987,0.02678093197643278,0.06033546518643658,0.07384716372189705,0.06146281499692685,0.05385716512890287,0.11143204844361684,0.11572209120072656,0.10032805682071534,0.09282280788993867,0.09685147740981769,0.12853916970644433,0.11804735782237345,0.1021252619160812,0.11199647486505343,0.1396397294978954,0.1178004964449493,0.13483723219827493,0.12652622255962548,0.10005836738097224,0.10341665203223477,0.07572374424790788,0.10834236186348861,0.11350737797956867,0.1689596910451364,0.1503910166432725,0.16751277712254073,0.19630665531678335,0.1616161616161616,0.20866325104797392,0.2096228765795875,0.20262001725279358,0.22884222037708335,0.21145593631444742,0.17957872942767203,0.19061973579218017,0.15950806787183872,0.15625375609990624,0.18756632690836397,0.17100125060616117,0.1857459097732882,0.146093910190691,0.1657172449508027,0.1213976564974137,0.08587971299553979,0.11098779134295228,0.06562054208273894,0.10712838033470382,0.07383252322648126,0.06283474462164508,0.07109636519832924,0.05911452661709343,0.057155558378052265,0.027145329306776152,0.041076196344218524,0.038026757009022714,0.02737382378100941,0.023761838487389254,0.02383546717515663,0.024647019471145382,0.030281236988530982,0.03632694248234107,0.025524311907091507,M
Maine,0.0,0.0,0.0,0.0,0.0,0.0,0.028338245295851282,0.0,0.03295073864572464,0.0,0.026143790849673207,0.0,0.0,0.0,0.03559804719283971,0.10599636583888553,0.07894996545939012,0.05413918692784722,0.0852814287147587,0.06890337626543701,0.07117048067447718,0.05871990604815032,0.06401229035974906,0.033280085197018104,0.07767264510662336,0.09785419724610331,0.11626316509369443,0.1841495021143091,0.1416747446126314,0.11964584828906438,0.08390669575432119,0.06719865602687947,0.05905677887454653,0.05587484035759897,0.07292173067574137,0.046845721424109935,0.1243587750660656,0.10809976063624431,0.17723664945673115,0.06126512482769183,0.1290714448409384,0.10673172219257453,0.08520526723470179,0.09285769558152132,0.1537633581917429,0.14887598630340926,0.14264264264264265,0.19464341326689505,0.13963039014373715,0.1579778830963665,0.13794371896266325,0.16561130053580128,0.09952229299363058,0.10112245929821014,0.09184610674558628,0.11542497376705141,0.0531575590048905,0.09476676845319575,0.06488590894344112,0.0764525993883792,0.09765625,0.0,0.1129305477131564,0.0,0.07432181345224824,0.0,0.0,0.0,0.0,0.0,0.0,0.0,0.0,0.0,0.0,0.0,M
Maryland,0.0,0.0,0.0,0.0,0.0,0.0,0.0,0.0,0.01350100293164635,0.0,0.0,0.010569334836527621,0.010249752297652806,0.021511425876590606,0.04040336021279103,0.03478664192949907,0.035049653676041057,0.03165242307628234,0.03445009043148738,0.045419372203344216,0.040275213962074174,0.044341178765896314,0.05168244827140669,0.059803997222007875,0.05787961041034648,0.0554609198589708,0.06771559450308703,0.07258133378874562,0.07257947452460445,0.09289980092899801,0.07639627840986603,0.090014064697609,0.06029977602940332,0.07921332969134116,0.10092193551906606,0.08245510062098997,0.08195499925495456,0.11295633156288303,0.11790848487596933,0.10748835542816196,0.12468282439408523,0.11988390190552306,0.1366318186523134,0.1286664924307915,0.1610430935796193,0.1076845955329459,0.14509576320371445,0.1260987278863628,0.1407283172363272,0.12154606595899846,0.1218177688765924,0.09939727186211271,0.20314222116569058,0.15252450485611108,0.11193445118538584,0.15164889884792104,0.10476572600419062,0.07078595241357263,0.08327165062916358,0.07045614673060752,0.0672557341311255,0.06498781478472786,0.047870885383423,0.04136029411764706,0.044780692450918,0.029511583296443857,0.037779568809187994,0.030798449811359492,0.015616459748574998,0.03193357815743254,0.023583051646883107,0.026862945253317574,0.022056188139284828,0.01749271137026239,0.020871224544560064,0.0,M
Massachusetts,0.0,0.0,0.0,0.0,0.0,0.0,0.0,0.0,0.005158734252963693,0.005173894597419262,0.006002821326023231,0.005862122870095358,0.00579139398853304,0.007456774013142564,0.03658193415251853,0.03510403127105056,0.032171987661096496,0.02435711274532765,0.029258016696574858,0.03136393931077744,0.032130772243029126,0.01914954732597849,0.052625096572650625,0.04388446836276288,0.05893318900715617,0.06688004586060288,0.08797165886017262,0.117955099289677,0.1325263948403057,0.1469588989144004,0.12149471333814935,0.1271380380057975,0.0944171489517948,0.11754084118358517,0.06749346157091031,0.0956212081245054,0.11409288124698698,0.08677542519958348,0.10037679906109087,0.13068076994034808,0.11407985589912939,0.12226345617214694,0.11984694245902824,0.15720401431679415,0.15407472624222748,0.16913095757191368,0.18321294880582062,0.12752957004316384,0.17261548118348596,0.16219514009791228,0.1307447892120346,0.13721057145084586,0.13884898975390214,0.13897972531066058,0.1426627092796353,0.16364425742243596,0.13077374465588062,0.1282336245661429,0.09243756104367239,0.07138650438134671,0.06658282163201895,0.06188597509089503,0.04948927072610658,0.044564182551096884,0.04639099171288194,0.04631773969430292,0.0322224268090591,0.027631306270003916,0.016539861065167055,0.01673840267814443,0.023857238286096004,0.01951076750481672,0.022246391140992684,0.015404760070861896,0.0,0.0,M
Michigan,0.0,0.0,0.0,0.00636204263982356,0.005883477723682469,0.0,0.010452670308841564,0.0,0.004408893367764691,0.006753479576863807,0.012874983906270118,0.009181155677970966,0.0093551032088004,0.016345656141880296,0.05010499529913808,0.05189054554260214,0.052410901467505246,0.049007889074826685,0.07318288782198892,0.06808014005057382,0.07215054973423445,0.0679457274745904,0.0735112210637922,0.09587309888002789,0.1104238634922293,0.11805687134716007,0.1250768480634288,0.1452195400114047,0.16116172154647396,0.1402524544179523,0.10272873194221509,0.12627940980991625,0.11739912816713016,0.09799432182434288,0.10569090875958963,0.11782498593134495,0.13451708366962603,0.1382133269542567,0.15442767487587428,0.13634156363228866,0.142544464676562,0.19703008775973177,0.21080271454723642,0.21690787794830668,0.18754136941972493,0.17680834675442897,0.17340142862072536,0.18471691684152006,0.19261058504279183,0.17820424948594926,0.18890797050207092,0.17584750171685432,0.18297288384413266,0.16063131340355113,0.15392004890509356,0.13342969922721964,0.1195219123505976,0.11002108737508023,0.12063158397630366,0.12017641898306715,0.09797677950325771,0.08496392203609064,0.06257088107621915,0.03907355259434916,0.06004889695895228,0.051265813241658,0.037498242269893595,0.02054556373866043,0.024262422360248448,0.013108736973192633,0.01951949509572686,0.02688668940832479,0.015518311607697082,0.018119881133579763,0.01507215795621538,0.011943388339271853,M
Minnesota,0.0,0.0,0.0,0.0,0.0,0.009339102823522087,0.010720904231694056,0.008582217645039478,0.008619203585588693,0.0,0.01550387596899225,0.01261723514320562,0.012370283829290084,0.01335238273269865,0.09213842443294219,0.09267235753256585,0.10105119489757083,0.0843531585571593,0.09686881779111808,0.12088244182532487,0.12926499323613408,0.10756017665944166,0.13365271124071373,0.16444396255737467,0.1731070919811746,0.1671616310707236,0.20186683690194795,0.2842147147431646,0.25813763142983065,0.20489997356129375,0.15335463258785942,0.17561832284501683,0.13525323567356112,0.14250575879436223,0.1238283928979654,0.14660898839798003,0.10912303188817488,0.1446604784128679,0.18386775268928068,0.18691924729056958,0.1683591188615379,0.17779358165170236,0.23871607477321974,0.21536387130604143,0.21318009083325606,0.21608076699593262,0.19513796436452502,0.21785681035285356,0.20324809817850992,0.21553854976172115,0.1815065039830594,0.21492362907937568,0.21249737008205344,0.16157461809635723,0.16559103260869565,0.12745889450652165,0.10758131882040248,0.10581782058480542,0.08858926989477324,0.10248964427552631,0.07372392558220217,0.0746776779634958,0.06090266449157151,0.06963319032323279,0.03511811392316157,0.05146806529091712,0.04430544696377378,0.0,0.016216216216216217,0.0163265306122449,0.022173563568835056,0.0,0.020345288612451315,0.021512646362826147,0.0159494720724744,0.01662510390689942,M
Mississippi,0.0,0.0,0.0,0.0,0.0,0.0,0.0,0.0,0.0,0.0,0.0,0.0,0.0,0.0,0.01252322013733798,0.014243854794074556,0.0,0.02111977021690004,0.023354068915734272,0.013231597053764388,0.025059230909422272,0.012617978095190026,0.02675728467075161,0.025002778086454052,0.017210222872386195,0.04450130722589976,0.0552455665432849,0.022251891410769914,0.0481811611659841,0.028523436757202168,0.03255208333333333,0.04380791912384162,0.04833753409522494,0.02656042496679947,0.04108885464817669,0.060232900548788645,0.05047796321418431,0.052261963089988574,0.1008031736741131,0.0751237835069148,0.06226219301279834,0.09562599610412609,0.11701894244130769,0.07619628162145688,0.0951728338663012,0.08500258703525759,0.137618091199881,0.1115985530670361,0.08869537171423963,0.09956440572495331,0.1101368238234422,0.10495473826912145,0.1131068180789938,0.13163867453472536,0.10266482167566844,0.0864540201119352,0.09059201884313993,0.08118433619866285,0.03883495145631068,0.04324428214491639,0.03878035774880023,0.04981816370248593,0.0328545949497794,0.0278473962684489,0.06842619745845552,0.0,0.057303306400779325,0.0,0.06054734802615645,0.04816665663194653,0.030185945423810673,0.04869438188568994,0.038248231019315355,0.04637911614655801,0.0,0.04423473901503981,M
Missouri,0.0,0.0,0.0,0.0,0.0,0.0,0.0,0.0,0.0,0.006026419824510655,0.01054172767203514,0.01051635292880429,0.01256137946785429,0.02047711682195147,0.05399506002642311,0.05349297762400128,0.06192163473115691,0.060208181365567874,0.07472490388207928,0.07523510971786833,0.09630275503962728,0.07325078533293891,0.09264842130031324,0.09350378613691407,0.09000201728659435,0.07117965448209387,0.10972510972510972,0.11740976006261854,0.12168250731739401,0.1313807238202011,0.11525295443207816,0.117616080049153,0.10106642503659301,0.12382367508667656,0.14793391177155016,0.12926414023582822,0.18261056379093393,0.21244787158706427,0.15096238520568625,0.18649579188982401,0.1792751469733187,0.21980092316387728,0.27902775761681264,0.22900019489378287,0.22652785810680548,0.23358259261001113,0.213668499607227,0.2734031497321928,0.29074624870500954,0.24174327545114063,0.23233710001056077,0.27293647537328075,0.23330940416367552,0.23362793393219358,0.21829294913774283,0.19760635323067746,0.1901920566846914,0.15807838374491545,0.14416620586144246,0.11636392323925607,0.11508393190205961,0.12006723765308573,0.0850844908781511,0.06648400354581352,0.07891348589940607,0.07685382402670121,0.0689496667432774,0.030640143301593287,0.050851151415357045,0.041992935306177905,0.037593042780882685,0.04100776584565702,0.042078687144961074,0.019557989438685704,0.03155750638322288,0.027458278671019312,M
Montana,0.0,0.0,0.0,0.0,0.0,0.0,0.0,0.0,0.0,0.0,0.0,0.06395224898742273,0.05645332016089197,0.05517241379310345,0.1549015268864793,0.211864406779661,0.134278254382693,0.17175715032484504,0.3048303892449586,0.27506876719179796,0.1860217911241031,0.22700355309909198,0.234192037470726,0.18985928076837166,0.24151811385853938,0.2599243856332703,0.17615325333039744,0.2852904256533151,0.2599009900990099,0.150564617314931,0.2166229620339756,0.2037392138063279,0.125642490005711,0.244005941014216,0.2336696760488582,0.240625626629236,0.19984012789768185,0.28729938577372693,0.2516210200329043,0.21016813450760607,0.22999999999999998,0.19148936170212766,0.3222465185867188,0.2041551579200192,0.23255813953488372,0.1933238819435494,0.1854550271559147,0.10793308148947653,0.24593523705424236,0.22361984626135567,0.1450536698578474,0.22458451864051507,0.15513496742165683,0.09408812921436412,0.3386550556361877,0.21328958162428222,0.14488087572440436,0.0,0.0,0.0,0.13362284950726575,0.0,0.12876227265411236,0.08465966813410092,0.1013856032443393,0.0,0.0,0.0,0.0,0.0,0.0,0.0,0.0,0.0,0.0,0.0,M
Nebraska,0.0,0.0,0.0,0.0,0.0,0.0,0.0,0.0,0.0,0.0,0.0,0.0170870070398469,0.020698934004898747,0.0318606627017842,0.07159733657907925,0.06565988181221273,0.051860047019775965,0.08248556502612042,0.09095361365703492,0.1092697140775815,0.12437810945273632,0.09053285049146405,0.1081436900507805,0.19107959973852265,0.15114873035066506,0.18158617981939537,0.1327643432906591,0.18401937046004843,0.2211341020375928,0.2021305654192843,0.17230576441102757,0.1321772232208946,0.10416666666666667,0.12338367387227321,0.13801942130428352,0.22251680712053784,0.2530272908006506,0.28510657555324254,0.3578145786503968,0.3241719520789288,0.34385303815355633,0.34402558387440646,0.42230589193039586,0.4231908590774439,0.36179835062516624,0.3693151841299989,0.32232496697490093,0.30501089324618735,0.17596639609468126,0.27524010306863433,0.25124125142070947,0.21905156592268074,0.14565758329793047,0.20150210661293277,0.20907637436969623,0.14855162168853675,0.15768087816119838,0.19362898188632105,0.12988619495299358,0.09835864019179935,0.09908347783007182,0.10187189609066599,0.07580064430547659,0.10952902519167579,0.073622916806104,0.041333700744006614,0.04419889502762431,0.0379737221842485,0.0,0.04649721016738996,0.0,0.0,0.0,0.05100306018361102,0.0,0.0,M
Nevada,0.0,0.0,0.0,0.0,0.0,0.0,0.0,0.0,0.0,0.0,0.0,0.0,0.0,0.0,0.0,0.18867924528301888,0.3141566856469664,0.14047410008779632,0.20127474002012746,0.19892884468247896,0.15856998702609196,0.10607667828458857,0.17962116263879815,0.2699510713683145,0.23911187019641333,0.08069722401549387,0.2279288861875095,0.23023791250959325,0.23341113704568192,0.1226993865030675,0.13917884481558804,0.13684570646595962,0.14139827179890022,0.11888839352058254,0.09602194787379972,0.18832391713747645,0.08698488637599218,0.1531393568147014,0.07780587434351294,0.18982915376161455,0.1910949742021785,0.19720161517513382,0.15354046242774566,0.17173278378842521,0.1851106639839034,0.1112512052213899,0.1903984768121855,0.1432851374234727,0.17131185346247613,0.10657430227136482,0.14470869510507112,0.12851897184822522,0.08287456342863908,0.11096834481953043,0.07784264664998611,0.07096457230198155,0.08359019904916148,0.0677471468028558,0.05097359567743908,0.0,0.06294789850861902,0.023219095384043837,0.0,0.034594594594594595,0.032231328851643794,0.0,0.03096294767261843,0.0,0.0,0.0,0.0,0.0,0.0,0.0,0.0,0.0,M
New Hampshire,0.0,0.0,0.0,0.0,0.0,0.0,0.0,0.0,0.0,0.0,0.0,0.0,0.0,0.0,0.08800492827598345,0.13247372604433455,0.043902010712090614,0.0,0.05242922055225446,0.06170118995152049,0.04479483963447411,0.08529188779378317,0.0,0.15876165905933717,0.08120178643930166,0.05821851348728896,0.14047574452144596,0.20176787086856265,0.19212295869356388,0.15771093838008338,0.20587279228518798,0.16748548459133542,0.0782472613458529,0.17267648552564754,0.15016518169986987,0.1749611197511664,0.1795170990036801,0.16937065430558032,0.28648320166681135,0.20455353966559944,0.10418475429762111,0.11283043197936815,0.21391221676437966,0.18508921300066633,0.16630513376717282,0.18935409215232485,0.19445444724522865,0.21965952773201539,0.19660850331776847,0.15355741341068077,0.1582974232697212,0.19206145966709345,0.18675880100849754,0.17347725520431764,0.17379550062759488,0.10943095901313173,0.19882692116512576,0.0,0.12372409526755336,0.10384215991692627,0.062473969179508544,0.07533362031855359,0.05490282200505106,0.0,0.0,0.0,0.0,0.0,0.0,0.0,0.0,0.0,0.0,0.0,0.0,0.0,M
New Jersey,0.0,0.0,0.0,0.0,0.0,0.005872680291284942,0.006993414534646541,0.007578135995063386,0.007224836925109405,0.008103973986243504,0.009578360567805215,0.008458487622413113,0.007345244872100923,0.015025233553998037,0.056160243895916354,0.04909530738125631,0.042368019206835375,0.0330475014349573,0.0358304146474735,0.03742248200156818,0.0429618623967349,0.0426463480510619,0.0406125562137211,0.05787096840865171,0.0639093339582246,0.06378818140940509,0.08577924762298471,0.09933590044087283,0.09659625308218307,0.11796770125696619,0.10045963724437838,0.11234660367575042,0.11587145602018217,0.07848621496660768,0.09971962886955517,0.1073067419696435,0.11864879955332215,0.1351859852549719,0.10267079151074665,0.1306643676922248,0.12200458843343456,0.13026487190620928,0.149767303693435,0.13637179257132603,0.1332406441895493,0.11082216882276133,0.13048334125816904,0.10968545410920559,0.10484744696466641,0.11080999698885878,0.1334623060817181,0.1214321482223335,0.12945896407193302,0.12597929215385223,0.10408432147562582,0.11806058654645954,0.08996790697049858,0.09301943832674446,0.07840008802816902,0.07162633094119754,0.07353461076150747,0.04366113140545182,0.04854868844982567,0.0344538318653005,0.0472411186696901,0.039210560711018166,0.03764931375569018,0.026203619593319828,0.016181229773462782,0.019932952795143608,0.016295786633833673,0.0,0.015083809416068029,0.009712132395788818,0.018118494957018904,0.012633706729554451,M
New Mexico,0.0,0.0,0.0,0.0,0.0,0.0,0.0,0.0,0.0,0.0,0.0,0.023427982382157247,0.0,0.0,0.061175442429539,0.03364030108069467,0.03699745128668914,0.05894736842105263,0.05169739789763915,0.05513439007580978,0.07593014426727411,0.036209393751293194,0.06880733944954129,0.07377351530800443,0.09644441586832123,0.09175434303890384,0.029822259334367173,0.059301429164442865,0.0704947449371956,0.06539366989275439,0.05054653440323498,0.0,0.04369538077403246,0.04274026132616925,0.0,0.0625995902572274,0.041679691570282375,0.06299543283111975,0.08066955732580418,0.06041383476816191,0.03566152121860512,0.07623500711526733,0.09803921568627451,0.10300782859497322,0.08311688311688312,0.08856473039854128,0.08954437713984724,0.05791302516584185,0.04246059126373335,0.0536480686695279,0.10572000890273758,0.07529684332464524,0.07535358219336888,0.06599076129341892,0.04770138930296345,0.06642512077294686,0.037274026216065105,0.05010333813490323,0.0373948270489249,0.0,0.0,0.0,0.0,0.0,0.0,0.0,0.0,0.0,0.0,0.0,0.0,0.0,0.0,0.0,0.0,0.0,M
New York,0.0,0.0023112516352105316,0.0019491201671565455,0.004152148563875616,0.004049238743116294,0.0047647496490578626,0.007266940145847488,0.006590791623450731,0.004686647406777562,0.006740702044117895,0.00877594999658713,0.011490070663934584,0.007286343807716555,0.01389931337391933,0.03658676489282869,0.028090676704401806,0.045571116083775426,0.036184686640613695,0.047244909846356965,0.049010538888726606,0.05156462270231678,0.04367675044976654,0.06085074441958592,0.06849105407349587,0.07150574599744622,0.07625196435898031,0.07815343357915909,0.10754982343541132,0.1456502419275205,0.11782689000700591,0.11724641465793359,0.11086232319370869,0.08666276592221327,0.09747442665323199,0.07934051712010803,0.10504260371560273,0.09319253356861232,0.10799722137802284,0.1168317782436823,0.10530437727542122,0.09876673620830803,0.1130657785863694,0.1319523341298024,0.11048788863617136,0.11022562111649775,0.11681119849251062,0.10760318542533406,0.11213770894034658,0.10745903740363191,0.0933263976010526,0.09665571235260004,0.10144298578713248,0.10317706424604628,0.09553057564497791,0.07756206445348349,0.07908478976123638,0.08581979052718736,0.06596803377563329,0.0629458665547629,0.05698799452915252,0.04409342618890143,0.03614941759271656,0.03357620118859752,0.02283825811261948,0.036922733954285476,0.027795595467179815,0.02560088944804482,0.013412816691505215,0.014387181778255669,0.015428765390193477,0.014811350171499845,0.013481791650805736,0.009863878477017163,0.014570013198717839,0.013461245075427843,0.015091634518341052,M
North Carolina,0.0,0.0,0.0,0.0,0.0,0.0,0.0,0.0,0.0,0.0,0.0,0.0,0.0,0.0,0.01389274798555154,0.016006829580621065,0.02048870964263377,0.02140708788679932,0.013143339065289536,0.03145148608271741,0.027464982147761604,0.035977470659752375,0.035313967328040596,0.0434141977582487,0.03158850704818564,0.05573991496422275,0.03999200159968006,0.05194063185778655,0.04955822383325781,0.04191303046179178,0.04298368155232496,0.04722511724856696,0.04927888564013272,0.03784712913755855,0.03401030026236518,0.05739063894911363,0.04376983320567132,0.05798373321214211,0.08110548303671171,0.08416196502602787,0.0848626286199215,0.079149871747893,0.12023989325043623,0.12465825223464083,0.09205446326752126,0.0949420593322842,0.11711862443532092,0.11346646732165741,0.08068203211144878,0.07265817124972054,0.05897137080355513,0.09167842031029619,0.09027401636042942,0.10145881320609851,0.08413236825939478,0.07552970172393232,0.07758642619114244,0.06324027351418295,0.04410172798588744,0.04407816527976278,0.05079602721597668,0.04116045940383722,0.04001910589571796,0.029529960070358338,0.038120777138049795,0.020723384266806665,0.02915961975855835,0.019344950223955,0.012179155375574704,0.013860440762016233,0.022889231379610273,0.018506808963464474,0.017403411068569442,0.026113069591330463,0.00854963920522554,0.01242125809599858,M
North Dakota,0.0,0.0,0.0,0.036135000361350006,0.0,0.0,0.0,0.0,0.0,0.0,0.0,0.0,0.0,0.0,0.0,0.0,0.053167248974631626,0.08464794151596769,0.08910490076954233,0.10167768174885612,0.10730573191451309,0.11554015020219525,0.1352335379174035,0.13748854262144822,0.17576751816264355,0.19315986819679581,0.17763961363384034,0.17751479289940827,0.21873860736419978,0.21478205938092232,0.1868693160583032,0.11866619200189867,0.1607717041800643,0.13908205841446453,0.12963163011774873,0.1748971193415638,0.15048154093097915,0.26119763954725744,0.34882624681813895,0.343811394891945,0.203210729526519,0.19575520296723675,0.3203004197039982,0.3682393555811277,0.17927572606669057,0.322180916976456,0.25105708245243125,0.3552883301448483,0.33793297662630245,0.31663788140472077,0.32899656049050396,0.30106879421947913,0.236630383341221,0.274858528698464,0.2938634399308557,0.1632208922742111,0.18800526414739613,0.34782608695652173,0.11673151750972763,0.17188693659281895,0.0,0.15085800490288515,0.15194681861348527,0.09545628102329133,0.0,0.0,0.0,0.0,0.0,0.0,0.0,0.0,0.0,0.0,0.0,0.0,M
Ohio,0.0,0.0,0.005329212075994564,0.0,0.003622510278872916,0.0,0.009557374111462876,0.0,0.010168856538842357,0.004235852253473399,0.008518314375908203,0.014000070000350003,0.008130197946407649,0.01904567245159612,0.09417018591330518,0.07068490729968928,0.07235459699480633,0.05248792777661138,0.07818071366313621,0.08059717639422297,0.08779873658170252,0.08392831812378836,0.0969403211148137,0.10995601759296282,0.10391171260273802,0.13847858197932053,0.11617468448011829,0.11108337493759361,0.14231565894968226,0.1454225457148823,0.12430312097596558,0.1407299800254222,0.12159985129190161,0.11085062877772202,0.09196927321658764,0.12902290518991014,0.10439821883855206,0.15410418876687978,0.161090458488228,0.13802882766007193,0.1890359168241966,0.17828396046158246,0.1823680140354117,0.17425079832964874,0.16689506281532066,0.1673608481635744,0.13575135751357514,0.16014694051034506,0.15171868826550772,0.13256413403706888,0.14971562395449983,0.14485797061697497,0.15077370718158972,0.12261373094788468,0.09713585402387545,0.10452578302647987,0.09335273605886714,0.07599578223408601,0.07381090629951483,0.04080292188728442,0.05707646207472939,0.05225588662562837,0.040024014408645184,0.040016871978455784,0.0415571579396635,0.03658205591154223,0.034870977383680384,0.020441276046657214,0.02086566424538021,0.013182351467854837,0.021208064366475352,0.017655846801575448,0.01683714273687755,0.011760382212421903,0.012235596408852455,0.024096772638917893,M
Oklahoma,0.0,0.0,0.0,0.0,0.0,0.0,0.0,0.0,0.0,0.022862891241226365,0.01818388453233322,0.025428822414351102,0.013727150014871079,0.02356711915535445,0.0848690591658584,0.09397363918941712,0.10777709736680956,0.08894379246448425,0.11424881404763679,0.149430617818313,0.11594046591889559,0.1177642902436815,0.13615145228215766,0.150159952993406,0.15983632760053704,0.14380124831721944,0.16582782998283535,0.1368467025767943,0.15657293167157263,0.1508839833371601,0.13092348958998595,0.08297960616602304,0.10621017118580532,0.12293484453239784,0.11674898967220476,0.10498107577976076,0.10959762016596211,0.13088346337780016,0.15667574931880107,0.1804715698682792,0.15466195315952277,0.1685195432365813,0.23711202877314508,0.23899621589324838,0.19684469532493848,0.22568732047599507,0.16706723723547687,0.1775305500488209,0.17029558447877388,0.13250883392226148,0.15856578862209564,0.19391947411668037,0.15597517671655658,0.14729426833173231,0.1650007932730446,0.16596160104132768,0.1133970516766564,0.06889085719909457,0.10280900739561569,0.10389784495760297,0.09481882831019302,0.05812561972168086,0.06050826946349334,0.06078822059369829,0.04611400801674293,0.08339981144390457,0.04955779200975908,0.035649211756317835,0.02423361201987156,0.0,0.028486550278761243,0.041242215531818366,0.030023589963542784,0.041413583655438985,0.024242424242424242,0.0,M
Oregon,0.0,0.0,0.0,0.0,0.020241549153228525,0.0,0.0,0.0,0.026844836843047185,0.017888020988611295,0.033966342442488806,0.027813832746152418,0.02182316997131812,0.028548770816812057,0.11017628205128205,0.1265780620232504,0.13596837944664034,0.10442841758313481,0.14299015695663742,0.12028585579848582,0.12522097819681793,0.19833102570819147,0.18329705579104136,0.1563660529299089,0.1809432146294514,0.19796898485903874,0.21003255504603216,0.1982642525811761,0.16327505873919795,0.141379867506867,0.12256779531178183,0.1379413190172613,0.11436331796576248,0.09046135289978892,0.1469836400817996,0.10787163275701914,0.17097980119975656,0.1451968869787432,0.19731050602555927,0.15922075489369672,0.16130533238204547,0.1713143618540021,0.15816655907036797,0.16301512780386018,0.16642130192664661,0.1840377890926937,0.1361148098831188,0.15651336383337347,0.09892419933226165,0.12325779842609272,0.10860884842676889,0.18494308217212463,0.10703941569071905,0.1161252862810877,0.1050553928434993,0.10055467254857439,0.11991184858698471,0.04683684052055803,0.09140148950575491,0.0705977274255362,0.048096743163391506,0.03821169277799007,0.03404255319148936,0.027207182696231805,0.03547986517651233,0.03002214132923031,0.0,0.0,0.020718518211577507,0.0,0.0,0.0,0.0,0.0,0.0,0.03083564600678384,M
Pennsylvania,0.0,0.0,0.0,0.0,0.002958331895255329,0.003982715016826971,0.005985634477254589,0.00517225976028927,0.004597827986059385,0.00646672178777143,0.0063280268308337625,0.005439463306287113,0.006652858289683192,0.009958003203879292,0.040492675720413644,0.03748007459889547,0.052451654757687156,0.0381429056521274,0.050484052978559124,0.05007739233360649,0.05765973548596346,0.05943896223974815,0.067428163072419,0.07520787456529848,0.08155306467832528,0.09082427664951097,0.11247782021593336,0.11523184776521028,0.16114412327525432,0.12904117796161024,0.14314944335094176,0.15306081562983323,0.12144902358202234,0.1297878828156152,0.08902404437021397,0.12180917070793967,0.13635986951641216,0.15733939823272808,0.15382681171746157,0.1312563648021725,0.16574291601091773,0.16216094473765214,0.19047906997838213,0.16891891891891891,0.17173663067664233,0.1855911150080374,0.17005196032120926,0.18761445603019772,0.1917874433798249,0.17386824650653615,0.1848505791152152,0.16265367744391476,0.20911489651953835,0.16566420994173514,0.14332591558857918,0.13703093257694815,0.1395754579819715,0.10035223634958705,0.09214891264283082,0.09183111238087464,0.09377008418235647,0.07668875018639626,0.05759201390740484,0.05483694074384697,0.06562555614878092,0.0436220038571035,0.044117471711161725,0.033911853403902285,0.029670655721491444,0.018953752843062926,0.036482576424707515,0.019391369547793264,0.013392259274139548,0.020932763962153562,0.02329950051695767,0.021190930281839375,M
Rhode Island,0.0,0.0,0.0,0.0,0.0,0.0,0.0,0.0,0.0,0.0,0.0,0.0,0.0,0.0,0.0,0.02962085308056872,0.0,0.0,0.0,0.03146039136726861,0.0,0.03264986287057594,0.06253908692933083,0.042820439623180134,0.04526593738211995,0.0523599371680754,0.04426737494466578,0.07287449392712551,0.06374066654525587,0.04990518015770037,0.1074229240519927,0.0,0.0,0.0,0.0,0.0838310803730483,0.061149612719119444,0.07050055393292376,0.059588837024530744,0.06880283074503638,0.1369997064292005,0.13333333333333333,0.17649790989317232,0.15294646873594242,0.08951750067138126,0.12926577042399173,0.1010611419909045,0.18289496603379202,0.13323858589447504,0.1864801864801865,0.1644100580270793,0.15203729981755526,0.11634056054997356,0.14336127040141156,0.13094718463553034,0.08990784445942908,0.09136592051164916,0.08158508158508158,0.10443258296588535,0.0,0.09457382669346259,0.0,0.0765696784073507,0.0,0.08419870895312938,0.0,0.07813720893889671,0.0,0.0,0.0,0.0,0.0,0.0,0.0,0.0,0.0,M
South Carolina,0.0,0.0,0.0,0.0,0.0,0.0,0.0,0.0,0.0,0.0,0.0,0.0,0.0,0.0,0.0,0.021445003314227787,0.01191137933772731,0.029781404491035796,0.03891528756349336,0.02497034771209189,0.0277079159384458,0.03224840485568839,0.03620477420289155,0.024856453978275458,0.037790038545839316,0.04774829111379172,0.0343752301912736,0.04931331212860912,0.048042277203939464,0.05563746626978608,0.046061722708429294,0.04581971469590983,0.03343973248214015,0.04132475352736289,0.03906132628226316,0.03224199079637717,0.06560369662568813,0.08283347614967151,0.04005149477900157,0.07236518366283613,0.07006276455991826,0.09125909026094396,0.08846527024713201,0.10118612625779977,0.14163920137281072,0.11657427076317291,0.10806916426512969,0.10536838408126874,0.09514481600671611,0.1003690036900369,0.08437763680115004,0.10055467254857439,0.08149959250203749,0.0714424887965188,0.09590179656032223,0.10547174635643058,0.08036776288295239,0.06795236862542066,0.07691021568299616,0.02959066250205491,0.05229783617702817,0.04563828400052158,0.021593608291945586,0.03425724073497353,0.03437822295840235,0.0,0.027999440011199778,0.03179537907157493,0.0,0.025530673280326793,0.01810872478360074,0.0,0.022552151851155798,0.0,0.02460024600246002,0.0,M
South Dakota,0.0,0.0,0.0,0.0,0.0,0.0,0.0,0.0,0.0,0.0,0.0,0.0,0.0,0.0,0.12135922330097086,0.16508460586050352,0.21352313167259787,0.1217329036877909,0.17697809896025368,0.15950174692389488,0.24309213191799692,0.23478587528174302,0.21840873634945399,0.19760548645821224,0.33985702566506504,0.2947070611811859,0.3025888154208226,0.28139289482940555,0.3585147247119078,0.27195027195027194,0.1845472440944882,0.1699647930071628,0.15084706428405661,0.190199149697919,0.21980437410704473,0.15733165512901195,0.17126737860165223,0.2942103604076915,0.40410320174075226,0.42621204049014383,0.2704164413196322,0.31407739764441955,0.37532254281022753,0.2237399905793688,0.2329573320255027,0.2729189926808089,0.2654867256637168,0.24274945700779355,0.19409937888198758,0.17687074829931973,0.12526096033402923,0.2723623853211009,0.3265548463707882,0.14007782101167315,0.15780337699226762,0.1224739742804654,0.1286587327114828,0.14467127471467608,0.09643201542912247,0.0,0.0,0.0,0.0,0.0,0.08294625082946251,0.15533310321021745,0.10812759055685708,0.0,0.0,0.0,0.0,0.0,0.0,0.0,0.0,0.0,M
Tennessee,0.0,0.0,0.0,0.0,0.0,0.0,0.0,0.0,0.0,0.0,0.0,0.008073414246885008,0.0,0.0,0.023827544641605695,0.014107755032941607,0.04131407242784284,0.025769506084466716,0.03200838037595298,0.035728640971819034,0.019155676711117658,0.03054269547325103,0.04223543722124612,0.04135791831811132,0.04736094300899858,0.03877537258075393,0.044065804935370156,0.04857133286436874,0.06735355153456875,0.05072899443859912,0.05840901382974715,0.05701926858041683,0.0454320987654321,0.044666120747413086,0.03531992415511024,0.0687223076227507,0.07480230818550973,0.0690256484778028,0.11906480011545678,0.09191852342083977,0.07079118463458708,0.09138261902586128,0.10808997558657447,0.10937329104232746,0.10248436229989046,0.10380084078681036,0.10664951245937163,0.10611532339500572,0.09809932556713671,0.08935113207884343,0.11470973061136701,0.13743467332139822,0.10112866817155756,0.10174788328064245,0.10113914617268177,0.08521214273033907,0.07265896363507479,0.07129147244310392,0.07308845577211395,0.07265546406348969,0.07107586413287446,0.048547314960041825,0.03710575139146568,0.036745117492513184,0.05346164127238706,0.04286676600869583,0.038590172369436584,0.021964505359339307,0.024304021210782147,0.024780355936021625,0.020190689848569827,0.02035784568752969,0.03508689855208065,0.012014609765474818,0.024978768047159917,0.015509486635992348,M
Texas,0.0,0.0,0.0,0.0,0.0,0.0,0.005770074087751287,0.0048928998586495595,0.005663272135671407,0.008457921838851712,0.008309098462816784,0.011782148081964476,0.012471758661876232,0.01955631024893752,0.04360073484384568,0.04139173626159577,0.05928553579915432,0.05065703681412378,0.05742378755213476,0.062485029628318214,0.05786509930829775,0.05581817230372063,0.06458232737807823,0.06759162588035075,0.07609897623096039,0.0888114348911641,0.07095019511303656,0.05744354545897935,0.0772187220301504,0.07413563233509306,0.0679833765865251,0.06776904310111141,0.05314178930156505,0.05215255463400684,0.04354594641671294,0.0676056910775737,0.06292704689004203,0.08113498322908168,0.08524745441629174,0.08190824543003995,0.08382085548854663,0.09119716238138065,0.11539722620837077,0.10192259109876038,0.10129013949223953,0.09635025243766138,0.086961611465554,0.07883110751382706,0.07359071650984329,0.07515471134149013,0.07671270873874772,0.0825523447038326,0.08247068424895837,0.07538781646728385,0.07672045623097971,0.07521798508246665,0.05560575519566276,0.057843112951072986,0.05341660845626002,0.04177434481854781,0.044584424083769635,0.040634222224046425,0.02978874146592812,0.023677092613549718,0.03603382265626599,0.023234004444031398,0.02707657343743758,0.021587260760330882,0.010994498169874158,0.013167453686887032,0.011137742691413247,0.014211232202652172,0.013770058385047553,0.01566408372452751,0.015699382153347513,0.014575514177290309,M
Utah,0.0,0.0,0.0,0.0,0.0,0.07245064299945662,0.0,0.0327242977911099,0.0,0.0,0.0814456604734029,0.05512955445296446,0.05380551751125025,0.15009925918752723,0.36814766251449893,0.34225890879806725,0.2196514863083907,0.21098081546538444,0.231926967678263,0.2915907315803176,0.32152588555858314,0.3124815753788102,0.35798833650903633,0.4868549172346641,0.4382470119521913,0.4499376592399848,0.4726308174584037,0.4299842339114232,0.4194099000243843,0.38921453692848773,0.4174639067663941,0.31161708492604284,0.3626373626373627,0.3459022569266071,0.2660470128645518,0.3195899123500933,0.30796988738878867,0.3748530766542775,0.3094040066256212,0.44648763063897345,0.3492672236679907,0.29271078746341117,0.2581977794990963,0.2582883577486507,0.2067223030395835,0.26807598039215685,0.1747786770014058,0.16714607789784652,0.13443441521029384,0.11172323458026737,0.14261052315544545,0.08785416209092906,0.11582198511862979,0.08748294082653882,0.11868832445996813,0.06676235938178054,0.08547289522995496,0.029545976822822624,0.03906631506983104,0.03235931786557939,0.05192950569601766,0.0518000518000518,0.04140259243924966,0.04113403366662448,0.05462549403939462,0.017029972752043595,0.039443488238668965,0.0406684412895593,0.026518164942985947,0.01926188458278758,0.03866377977111043,0.02346132791115977,0.0,0.0,0.022348366334420954,0.0,M
Vermont,0.0,0.0,0.0,0.0,0.0,0.0,0.0,0.0,0.0,0.0,0.0,0.0,0.0,0.0,0.06709608158883522,0.15896145184792687,0.09468416069254701,0.0679532481652623,0.0979706088173548,0.07246376811594203,0.07345379756133393,0.09578544061302681,0.14829461196243204,0.11870442597931151,0.0868357068426537,0.13129821106187428,0.17233275889080368,0.1997336884154461,0.2608533631451463,0.2252713495801761,0.18812709030100336,0.0,0.0,0.10004001600640257,0.0,0.1095890410958904,0.1549053356282272,0.08620689655172414,0.18593644354293443,0.13511231210944097,0.15195002532500423,0.21757322175732216,0.20134228187919465,0.1192504258943782,0.1195151101246372,0.1816080567937923,0.1343183344526528,0.1254030813328556,0.18885741265344666,0.17702596380802518,0.0,0.13357079252003562,0.15938069216757741,0.0,0.0,0.0,0.0,0.0,0.0,0.0,0.0,0.0,0.0,0.0,0.0,0.0,0.0,0.0,0.0,0.0,0.0,0.0,0.0,0.0,0.0,0.0,M
Virginia,0.0,0.0,0.0,0.0,0.0,0.0,0.0,0.0,0.0,0.0,0.0,0.006322311437061389,0.0,0.006237213711890624,0.03180095148446842,0.033276592476930364,0.035152588272054995,0.023043539487665306,0.04354787063720781,0.04508043637862414,0.036245954692556634,0.025440976933514246,0.04183037781794822,0.056474754258501736,0.046005213924244746,0.06700167504187605,0.05598856654535811,0.06779974421005594,0.08395298632765652,0.06899055918663761,0.04943877831285592,0.08481284631912248,0.0624857986821177,0.05070351121815186,0.05283293860448169,0.07049948887870564,0.05661736952269841,0.07773421657428688,0.11040437662722868,0.09434118406461543,0.12164463547157571,0.11164867882396724,0.10751366959513423,0.09194038703937124,0.10329827011770183,0.10562487677097711,0.13005340490882428,0.12394574880328242,0.103095777429285,0.10911808669656203,0.11134517002708397,0.12494338502865888,0.11278971866113838,0.11669557043063906,0.11752205550904758,0.12663706458490293,0.08339102523758575,0.07334183673469388,0.0671570195075152,0.0652097846486624,0.04225285989264644,0.05509988822594103,0.04546024579884625,0.04400232583722282,0.04445249345560513,0.032343178142820665,0.028012185300605764,0.02467351650482015,0.030134363810401677,0.014345915897068053,0.010707211306815139,0.010879222498232127,0.011241849658997228,0.011739385638818236,0.016068451603832325,0.010705033506754877,M
Washington,0.0,0.0,0.0,0.0,0.0,0.014170614194906677,0.012197601138442773,0.013703725455648871,0.009207594423880817,0.012883040397533818,0.021449254638401315,0.023486477209083846,0.015960276644795178,0.05502307419240327,0.143173003733372,0.1422371348335096,0.15121618381986834,0.11548419542906105,0.17035456213261446,0.15040006417069404,0.18468013829535937,0.1870601164449225,0.21441844951636727,0.2235267554752766,0.23161298780754272,0.18222655422299444,0.17147278392338094,0.19527211743894873,0.22031693786000583,0.18581354015188237,0.10984238894423584,0.18477738122358062,0.1475211608222491,0.11236965120460267,0.12504936159010135,0.1718865548737833,0.17752932066705698,0.1718054349633297,0.1803510337646884,0.20044915458713042,0.23314844411018143,0.20368861565809943,0.19063437836205432,0.1441407712467241,0.2002204261572373,0.16923754958131335,0.14527763231244828,0.16737109044801352,0.11098210626963528,0.11982687698966268,0.08848415580585102,0.10160115900581385,0.07914224877046863,0.1005082302965941,0.07525445412300341,0.07187169011953397,0.055002370791844474,0.0799142383783257,0.07959565407728737,0.06347694993255575,0.05163237747239654,0.04805574466381002,0.017421940029810873,0.032944459517072984,0.043003186145155296,0.04618566637884294,0.03377522587182302,0.025558016697904244,0.012900451515803052,0.017551942780666536,0.023928649118990647,0.0,0.015399168444903976,0.0,0.0,0.0,M
West Virginia,0.0,0.0,0.0,0.0,0.0,0.0,0.0,0.0,0.0,0.0,0.0,0.017824404155632512,0.0,0.0,0.03369970966403982,0.030243875615187925,0.043490866917947235,0.047321877495489634,0.04042791391964175,0.04580402421069851,0.07148891921752128,0.04009476945507563,0.039030482807072324,0.04431731195358769,0.05649489528267625,0.04929346040092015,0.097454488753752,0.06493506493506493,0.09690704998788661,0.07305229685015685,0.06559097468188378,0.06935413957520589,0.09726392354209837,0.04357298474945533,0.04915413918813746,0.06027243138988227,0.07640341000482548,0.08537522410996329,0.1045569399668903,0.1399548532731377,0.10545994918747903,0.10720202709287593,0.1277139208173691,0.12776831345826234,0.1319333736463086,0.17109111981897454,0.15819332315077458,0.19353055017970694,0.11890606420927466,0.1215348110423057,0.15475269329206595,0.1611703446565832,0.1336643116287951,0.15611786899108826,0.16099818877037633,0.13499831252109348,0.11367435640254096,0.09625300790649707,0.10364842454394693,0.06896551724137931,0.06323333099135811,0.07236937328122739,0.0657030223390276,0.03617421501953408,0.06940695611937996,0.0,0.04242681374628765,0.0,0.052849467101206735,0.0,0.0,0.0,0.0,0.0,0.0815280689494526,0.0,M
Wisconsin,0.0,0.0,0.0,0.0,0.0,0.0,0.0,0.0,0.011315772930156535,0.012660471475957764,0.012175522329907953,0.012104778966736066,0.0,0.0069752031527918245,0.07390636181270016,0.05161675135637352,0.055749604632905916,0.0382006343620494,0.060247496716511424,0.07238147533414034,0.061790376148914805,0.08296689620841284,0.09145862211869614,0.11235102102786002,0.11840588290281369,0.15516268572503292,0.16944280548873658,0.15668035558194382,0.2268661121050593,0.1927801927801928,0.17758412361319614,0.174008608846964,0.1791033865160736,0.13583880461851935,0.12033484478549006,0.14424337791765016,0.11503802645874608,0.2096199429188771,0.16912570066361704,0.17863345407631617,0.18809087759243676,0.1865548438222281,0.19611186903137792,0.17518964278831836,0.2554075952934545,0.17681763274452478,0.21977638624827756,0.2098767646689508,0.21192348446823936,0.21737472351460604,0.21147498863568984,0.3202464681679064,0.42815092320042814,0.4248214059263643,0.25062128806705697,0.19313213633855428,0.19772509833103005,0.14399476382676993,0.17699115044247787,0.1545595054095827,0.18258870204228844,0.1862747325140274,0.11393414606357526,0.12700611938575224,0.16839876828329484,0.059801161139212126,0.05517023959646911,0.02438693943910039,0.0,0.022404570532388608,0.0,0.020139248518326713,0.023816612086930634,0.0,0.01630417060684123,0.01719158300096273,M
Wyoming,0.0,0.0,0.0,0.0,0.0,0.0,0.0,0.0,0.0,0.0,0.07539203860072376,0.0,0.0,0.0,0.15397775876817793,0.3377807802736024,0.24582104228121926,0.1763668430335097,0.2099370188943317,0.3174010455563854,0.23818975784041285,0.22512381809995496,0.2867570385818561,0.2205071664829107,0.4224980195405334,0.3341043433564636,0.27797081306462823,0.25012506253126565,0.28735632183908044,0.3365260160497023,0.16986168405726765,0.2360717658168083,0.1524390243902439,0.13417672992141078,0.09020386072523903,0.0801153661272232,0.17396346767178894,0.2823662289990117,0.18156424581005587,0.26544757410411446,0.1875,0.24838549428713363,0.28058361391694725,0.19845644983461963,0.3036673674375146,0.12165450121654502,0.20217336365933786,0.204029584289722,0.0,0.13796909492273732,0.0,0.24227740763173833,0.25023459493274947,0.0,0.16605778811026237,0.3091721058055651,0.0,0.0,0.0,0.0,0.0,0.0,0.0,0.1529051987767584,0.0,0.0,0.0,0.0,0.0,0.0,0.0,0.0,0.0,0.0,0.0,0.0,M
