state,1968,1969,1970,1971,1972,1973,1974,1975,1976,1977,1978,1979,1980,1981,1982,1983,1984,1985,1986,1987,1988,1989,1990,1991,1992,1993,1994,1995,1996,1997,1998,1999,2000,2001,2002,2003,2004,2005,2006,2007,2008,2009,2010,2011,2012,2013,2014,2015,2016,2017,2018,2019,gender
Alabama,0.0,0.0,0.0,0.0,0.0,0.0,0.0,0.0,0.0,0.02070631542620499,0.019142877653083198,0.013688004745174977,0.024639921152252314,0.05284562185511109,0.11693718134618084,0.16791618380909587,0.37606512115009283,0.8307495680575607,1.1636311072564325,1.2651251946807236,1.3871763255240444,1.9061283049805287,1.8072703117484021,1.379749522394396,1.2756153752879835,1.2519293431658378,1.0649036035126678,0.8805808744013596,0.824453605040056,0.6583569699966171,0.4938399958413474,0.4283499329882007,0.2924901185770751,0.2543755357093483,0.111962793902334,0.09212079339033306,0.09066713462607119,0.08158270446665307,0.05611514828427934,0.03942329353457986,0.04325134800034601,0.02140345512918514,0.029390634184573182,0.04035919685198265,0.04195364122644478,0.04564927312311258,0.03819046627087456,0.031658927817644573,0.0250905050360228,0.022395580605427196,0.023766141170878555,0.0,F
Alaska,0.0,0.0,0.0,0.0,0.0,0.0,0.0,0.0,0.0,0.0,0.0,0.0,0.0,0.1610305958132045,0.15428130624839292,0.241196333815726,0.38892701898878973,0.6037821827295511,0.5937954435288415,0.7166624008190428,0.642570281124498,0.6886694386694387,0.9811616954474097,0.7350975674953221,0.7026729126481124,0.5474992601361349,0.7436708860759493,0.5683717820127048,0.49632038336470996,0.3372381966631168,0.5155555555555555,0.33136966126656847,0.2607561929595828,0.11398176291793312,0.0,0.0,0.0,0.0,0.0,0.0,0.0,0.0,0.0,0.0,0.0,0.0,0.0,0.0,0.0,0.0,0.0,0.0,F
Arizona,0.0,0.0,0.0,0.016738642830839277,0.0,0.020369364475828353,0.0,0.0,0.0,0.015789806101181077,0.02457002457002457,0.0,0.034039433374355214,0.0554379598830763,0.11702895844226988,0.16238958738282117,0.2660838164021667,0.48194376582419046,0.6744368779465689,0.6740632195938874,0.7823671201536135,1.1071896742966623,0.9603722187978445,0.7684509326845094,0.584912463442971,0.6069370048269822,0.45300339253641986,0.3986973255699201,0.37538982789820197,0.26658424448479695,0.31493357764544205,0.21101341971309578,0.15730015730015728,0.10895224260032686,0.056845433712895035,0.043440486533449174,0.041050903119868636,0.04874441120112953,0.031766705316158134,0.04361662601166341,0.023861873838864175,0.018712224696394157,0.04014693779231989,0.03513630820742823,0.01862736981538207,0.029363031942784036,0.016688222287120864,0.021472129176329124,0.01551521599397123,0.021283136661385295,0.012337149624950652,0.0,F
Arkansas,0.0,0.0,0.0,0.0,0.0,0.0,0.02708873495607755,0.0,0.024107035236449838,0.03091906933601299,0.04806151874399231,0.04929470650690126,0.07344840249724569,0.12438294398880553,0.20350958030948815,0.3092624091541673,0.4310010095519142,0.8703084932784211,1.0703911503720505,1.0615458015267176,1.2199526465749027,1.7877400931033134,1.727454752463586,1.3330615572768039,1.197376771736831,0.9755680116383553,1.045388381632923,0.8373732921992068,0.7043775117756363,0.7237214980163056,0.47687798048737806,0.43065174924524946,0.27303458438068823,0.19199857117342384,0.1258313859428366,0.09882310663911598,0.10303736224352657,0.08117249154453213,0.057593478646110224,0.053961687202086515,0.0,0.029524653085326247,0.0,0.03711558854718982,0.07149928500714993,0.0,0.02772387025228722,0.03413940256045519,0.0,0.0,0.0,0.0,F
California,0.0017872781540991224,0.0024178033220617645,0.0016932679054614663,0.006396075067346909,0.004482495853691335,0.007255717078250774,0.0078043811331139894,0.011437815050530634,0.01416464033617413,0.014789757903039862,0.018498923362660295,0.016411015632365317,0.03969269326405154,0.039784350027097216,0.08868501529051988,0.12239385498438422,0.2052790236012058,0.4022261573488489,0.4898683185332132,0.5201927428586641,0.6146161748556449,0.724590846744368,0.615738684539912,0.5238925374217052,0.4236376382722248,0.3833259231665846,0.3313250017398912,0.31066257580577306,0.25835556813103416,0.22655810185503028,0.20471256684491979,0.17158234539215186,0.09876818771535789,0.0636270257931979,0.041162026886807285,0.04177156598213983,0.039377997614656546,0.03304504381317016,0.034102759223246244,0.03580277784092201,0.03024588122264527,0.0330939015818885,0.03810124420269862,0.036486088423533194,0.04616214030595054,0.037873049537948796,0.03816949984323241,0.03874590085980676,0.02886898532733821,0.02446707649019788,0.01586830123732062,0.0161963336615222,F
Colorado,0.0,0.0,0.014679114555809992,0.0,0.03202151846040539,0.0,0.0,0.0,0.015423054381689751,0.02928171942256449,0.04874272443157382,0.05066126279863481,0.10365838242358354,0.0894497630790059,0.20188579687535846,0.3001351753843334,0.5211590577444236,0.7334513599889637,0.8943556730658697,0.8688821176918682,0.8949952831329673,1.0703401194684872,1.0977216177977265,0.886281056663066,0.7964124681435012,0.6910763199557711,0.5780494015788133,0.4577536824877251,0.4113564668769716,0.35623152522675017,0.3267575410275793,0.3210998263682421,0.1633347903103361,0.07957619989541413,0.07161720603374962,0.05141618044843851,0.04625453872661255,0.05558901190531339,0.02782931354359926,0.033396946564885496,0.012262114969589956,0.030870549495781024,0.024444565158346462,0.027923601027588514,0.03126865459507092,0.02017930756147482,0.02597252683827773,0.03179650238473768,0.017625286410904176,0.0,0.0,0.0,F
Connecticut,0.0,0.0,0.0,0.0,0.0,0.0,0.0,0.0,0.0,0.0,0.0,0.032868787799105965,0.01620798080975072,0.04421145708330702,0.055805301503642844,0.07894097643915472,0.17382081725245263,0.33578054749302827,0.4617321953267105,0.5233505113348108,0.7112412729126899,0.9536574050208774,0.8830530599708208,0.780500799147576,0.6164819063942719,0.5644269223132995,0.49033915124627864,0.46799064018719627,0.40521601364938153,0.35791442298390996,0.2725407207900475,0.22582228767795776,0.10916308303010255,0.09127171928875667,0.03110527407202599,0.054890390750969166,0.0,0.02584456341148237,0.022710927741398237,0.0,0.0,0.0,0.0,0.04156659892850545,0.03761696525132835,0.04277566539923955,0.04683182690956775,0.0,0.02448100274187231,0.0,0.0,0.0,F
Delaware,0.0,0.0,0.0,0.0,0.0,0.0,0.0,0.0,0.0,0.0,0.0,0.0,0.0,0.0,0.0,0.19501950195019502,0.19075568598679382,0.30228875773715275,0.6973103742706703,0.8221024258760108,1.1725293132328307,1.4173228346456692,1.5717324509572206,1.1338697878566204,1.0983331179738984,1.1043771043771042,0.6837139340899767,0.6766484307515116,0.6632277081798084,0.5940888162780336,0.429438767954983,0.3661394258933802,0.23048112935753384,0.12163600425726016,0.08870490833826139,0.10089362928797925,0.08874426859931962,0.0,0.0,0.0,0.0,0.0,0.0,0.0,0.0,0.0,0.10917030567685589,0.0,0.0,0.0,0.0,0.0,F
Florida,0.0,0.0,0.0,0.007685044902619502,0.00825685909080186,0.006073931899075548,0.008359406720963003,0.01643551588555824,0.019256691700365876,0.019549147779338995,0.022715588871752568,0.02905904574564394,0.04381094050881822,0.07656077374837672,0.11898064028186423,0.20255920618207127,0.3152853758712954,0.6419905776287845,0.899492839143887,0.9642201341456855,1.1456844420010996,1.5366076217409779,1.4350829956332474,1.164267419668386,1.0225708479909106,0.8820764417286054,0.7888276853071488,0.7176742488748328,0.6263112427495989,0.5274481227010897,0.45708207436640563,0.3642576987301464,0.23981545629648804,0.12257906349595489,0.07721948093064919,0.05970645585501157,0.06029342801634621,0.05815686360034604,0.04110152075626798,0.03495480842624892,0.02409402694013387,0.02737321772174319,0.03097634077323644,0.026362561760678964,0.03098400020656,0.04089387188290721,0.03198895539224352,0.03582139286904365,0.027827201511101365,0.027877478482071293,0.01899197815018133,0.026297005898042753,F
Georgia,0.0,0.0,0.0,0.0,0.01624503418841286,0.015526021612222085,0.025543599731792203,0.02554234921499847,0.03460566840848531,0.042542051181360035,0.04957448566471123,0.0648693120688564,0.09181216134858519,0.10299597103995638,0.19421276083225436,0.2799107877916985,0.5036266995565736,0.9553058393953975,1.2235941167483786,1.3625186439311483,1.5414258188824663,2.030173452944386,1.839712678320273,1.465511626392236,1.4106313435403406,1.1745689655172413,1.0601280818857552,0.8341219413275652,0.7635037090277872,0.646449156575538,0.5209693424557371,0.4365593035356228,0.30609083586343644,0.20652674272490884,0.13252816223447483,0.09121388423232422,0.09086667157837865,0.06976317238847071,0.06978697230994878,0.05845372016176172,0.05501512916051914,0.04363059430157996,0.042146078307413494,0.05333794634490911,0.041178287277379884,0.04515216278859757,0.04608774511990247,0.03161269927290792,0.0408997955010225,0.021058770167822198,0.020701433574275018,0.028660480779565078,F
Hawaii,0.0,0.0,0.0,0.0,0.0,0.0,0.0,0.0,0.0,0.0,0.0,0.0,0.0,0.0,0.04613823013749192,0.053514092044238314,0.1095890410958904,0.20813623462630085,0.20891364902506965,0.41865446402492457,0.42315829967301405,1.0680907877169559,0.9940720474236207,0.7326355851569933,0.763813113778395,0.6885212208406125,0.4047720494247976,0.44129601672279645,0.229607250755287,0.3311696913498477,0.20344500203445,0.12994513427663876,0.11407386282617994,0.0,0.0,0.0,0.0,0.0,0.0,0.0,0.0,0.0,0.0,0.0,0.0,0.0,0.0,0.0,0.0,0.0,0.0,0.0,F
Idaho,0.0,0.0,0.0,0.0,0.0,0.0,0.0,0.0,0.0,0.0,0.05821145310339809,0.06266973052015876,0.10293007616825638,0.14117314886708546,0.16933606152543568,0.22304832713754646,0.24621066399938446,0.43499275012083133,0.6628787878787878,0.4422781839516202,0.5702722590139809,0.9790590155017678,0.7022471910112359,0.6479859894921192,0.6097560975609756,0.5803880803880804,0.549061282323769,0.45725131567595545,0.4171277773048438,0.27390225113412653,0.32668788741832805,0.2592406756982773,0.09175077154057887,0.083236224404861,0.1235788433020267,0.0,0.0,0.0,0.06114805472750898,0.0,0.0,0.050424405412219514,0.0,0.0,0.04762811964183654,0.0,0.0,0.0,0.0,0.0,0.0,0.0,F
Illinois,0.0,0.0,0.0,0.0032396848434584286,0.008646592161864206,0.010725339380381822,0.014572004877786897,0.020049970696196677,0.016956076055708418,0.018667722015217925,0.028089034648203823,0.03983111606787222,0.06208190626329704,0.0718948200138095,0.11678141814195747,0.12388666935454314,0.26573098041518634,0.511147998917741,0.7365606019399873,0.7590737079084372,0.8870897027445708,1.0750256210905749,1.060754856279209,0.9030004988953032,0.7754735322708929,0.7006274275470571,0.6174998859298241,0.5109881965627268,0.4526481922112465,0.3838047516340405,0.33811923238687436,0.25094312792244183,0.15681302549045775,0.08722456514743492,0.05942237951675624,0.057729145346243675,0.045801938050633595,0.05448081628884067,0.042779952942051766,0.03787412534441783,0.03073994010669734,0.022785885179853135,0.04693657013742591,0.0362519966920053,0.03598876221876524,0.02838087129274869,0.03186968838526912,0.03978827813212119,0.01509642843663903,0.028011204481792715,0.008505450576244276,0.013544018058690745,F
Indiana,0.0,0.0,0.0,0.006251953735542357,0.0,0.01009241771075131,0.010217933933758595,0.01776461880088823,0.016651528913109295,0.01870611258201911,0.023411664862017498,0.05345637678305151,0.06629284865895091,0.10534518586931424,0.15888147442008263,0.26102569518837604,0.5428336830581151,0.8867263880678459,1.0779319905914606,1.122724900773257,1.1928760894278136,1.5941681884860643,1.4752697046513,1.1173602177880155,1.0279573241959348,0.942487725557678,0.8535933526620126,0.6412327174053495,0.5566561338594279,0.5057226510513707,0.3984196022444304,0.34662907372087237,0.22915361535164364,0.1371556293072794,0.08763627440670242,0.06430979942294991,0.04918320744774284,0.055386814364838305,0.0429599398560842,0.03275466754012447,0.04342490323798735,0.03970302139992853,0.029232439655892426,0.01273425727444447,0.04573867967678,0.02893904990873069,0.024543710116471062,0.020434575301409987,0.023470321778111577,0.0,0.012880622391673967,0.01610954490535642,F
Iowa,0.0,0.0,0.0,0.0,0.0,0.015565655936741174,0.0,0.0,0.0,0.01610824742268041,0.0,0.025574139430208174,0.01755441869796369,0.028373184761020406,0.055800605835149064,0.12893668385822452,0.17406440382941687,0.37849011558505835,0.4719929982495624,0.5099422706863374,0.6252215669212672,1.0640656173797385,0.9746466514149612,0.8026149713582963,0.8062108091967751,0.6611290049160875,0.6185856881765781,0.5133210425478075,0.4430995352858532,0.3660951100153162,0.3831132601822578,0.28175363462188663,0.15706806282722513,0.08198961464881116,0.07908264136022143,0.06362587982661948,0.04044652968775279,0.028492347769456205,0.0318864841165451,0.0,0.02581977794990963,0.027391006619493265,0.023825407414466787,0.025028783100565652,0.0,0.025597706445502483,0.0,0.0,0.032263268269075655,0.0,0.0,0.0,F
Kansas,0.0,0.0,0.0,0.0,0.0,0.0,0.0,0.0,0.0,0.0,0.0,0.017190991920233798,0.0,0.015896229414382908,0.04511617414843221,0.08031354407607298,0.11468641457500492,0.24476110645431687,0.35508961785593507,0.44861909435020325,0.5933268183721905,0.8441603557284791,0.8314543404735062,0.7529342289805862,0.6832692379494455,0.5079853761785645,0.5353862988002657,0.4780305142811616,0.44491611902526634,0.353975099682643,0.40237440739412766,0.2527945649168543,0.17264380444165423,0.08362868862251603,0.04776309504855915,0.07511662844943465,0.032350681386226696,0.032670396536937964,0.02854346762355244,0.032548110175352946,0.05458515283842794,0.03923449147739658,0.02258253918070548,0.03341607790719878,0.0284589479675568,0.03477915238237194,0.0,0.0,0.0,0.0,0.0,0.0,F
Kentucky,0.0,0.0,0.0175247293402913,0.0,0.032053336752355915,0.015387997362057594,0.02649299039629098,0.03485610962246476,0.030069374342232433,0.04281432852861424,0.09008820263560369,0.06730984967466906,0.11715988284011716,0.14032295222736507,0.2427953129948274,0.35359116022099446,0.5455462338972172,1.122607226350022,1.3807551302194925,1.339626239511823,1.4693738767183173,1.9819650572985161,1.9720220829044635,1.7022375619262287,1.4435822046560949,1.2950394250923247,1.2209889001009082,1.0340836012861736,0.856492263106143,0.7680769628633496,0.6434907450135876,0.5053136070014587,0.315214884293073,0.25653910237761496,0.14916467780429593,0.14150815032519662,0.12964801941961823,0.0998502246630055,0.09348364036293648,0.052356020942408384,0.04902809021168599,0.03013046491307361,0.0319642000958926,0.04610875078220202,0.03055508402648107,0.02418546798880558,0.0,0.028685144680698483,0.03354203935599284,0.0,0.020641539033150313,0.0,F
Louisiana,0.0,0.0,0.0,0.011016046708038043,0.0,0.016828642349278472,0.025683282323480938,0.025305244511925094,0.01250729592262153,0.023415091026166367,0.03883268935790148,0.04590778045063077,0.06985069414127303,0.117237336643564,0.19550832163625428,0.23246671110883202,0.43256953251220404,0.9310496267018007,1.3414066138798324,1.3269523602349358,1.564788252051277,2.3431013183742078,2.0171237846466408,1.4598694357002515,1.234595265537725,1.1489204309029544,1.01685136661939,0.9032799427429107,0.862663025446007,0.6157604132210376,0.5792495386508099,0.43759709994821333,0.22168267708223371,0.17730005263595314,0.09675858732462506,0.0884450784593438,0.06369795587468875,0.05229803728542423,0.03590556835522576,0.02962348549930385,0.04666936311875797,0.03810370558536818,0.03732482779681721,0.04449921270623674,0.027655823279289244,0.04790419161676647,0.030550935198071897,0.061291201307545624,0.024647019471145382,0.0,0.020181634712411706,0.0,F
Maine,0.0,0.0,0.0,0.0,0.0,0.0,0.0,0.0,0.0,0.0,0.0,0.0,0.0,0.054049880318122155,0.0,0.1148721090519222,0.15944119656821804,0.4879164443089121,0.5731990704879939,0.6577420103691094,0.6381179364957331,1.2580020842638082,1.2162162162162162,0.8642167549050139,0.7885010266940452,0.8688783570300158,0.7908773220526025,0.7988309790550414,0.5075636942675159,0.5662857720699768,0.40820491886927235,0.2728226652675761,0.22326174782054006,0.08423712751395178,0.0,0.0,0.0,0.0,0.06775832862789384,0.0,0.0,0.0,0.0,0.0,0.0,0.0,0.0,0.0,0.0,0.0,0.0,0.0,F
Maryland,0.0,0.0,0.0,0.0,0.0,0.0,0.0,0.0,0.0,0.0,0.013638099394468388,0.020613775155247493,0.034768787562707994,0.03845321925544955,0.058954242437984666,0.09853099247581511,0.24280339487269226,0.523703360955706,0.8322119863368181,1.1559880179328923,1.2359572362676807,1.6783943855479846,1.6377684271619268,1.209064273263361,1.0063038574981205,0.9966777408637874,0.6999359940536412,0.6640583694617743,0.5100166403734359,0.45981652199268785,0.36266762184065016,0.31687829610013357,0.2362801480094512,0.11417089098963329,0.06476683937823835,0.056819473169844766,0.051021591409819336,0.03249390739236393,0.025075225677031094,0.0390625,0.018855028400386525,0.03688947912055482,0.032742292967962924,0.03593152477991941,0.06246583899429999,0.029272446644313162,0.04192542515001441,0.037608123354644606,0.03859832924374845,0.043731778425655975,0.03876084558275441,0.04093714573623882,F
Massachusetts,0.0,0.0,0.0,0.006481049411520713,0.007362577491128093,0.0,0.0,0.0101710430404638,0.0,0.011924433163552118,0.016873365392727577,0.008243207596940121,0.025711071830306926,0.036287905083462184,0.04478349496571746,0.05995941209027735,0.11257880516361454,0.23158136992606657,0.33354992419319907,0.3887992139799284,0.581907225004127,0.7637319802856727,0.8093003637897401,0.6768877179214081,0.6633570144654626,0.6130678689939437,0.47585022120193987,0.4708817338426756,0.4053752114654154,0.28776978417266186,0.2426905859009888,0.18034265103697023,0.11233129348646156,0.04616410484381145,0.02267336402958002,0.016061963485803007,0.016645705408004738,0.015471493772723758,0.009897854145221315,0.014179512629894465,0.016869451531957066,0.0,0.018412815319462345,0.020723479702502934,0.0,0.01673840267814443,0.023857238286096004,0.01219422969051045,0.029661854854656913,0.015404760070861896,0.0,0.0,F
Michigan,0.0,0.0,0.0,0.0,0.00678575669669364,0.0,0.005503324925475808,0.0,0.0,0.006410843483835516,0.011844670809264355,0.009672200337647721,0.013885634443316235,0.015947691571645006,0.045789601271334815,0.06443539651115011,0.14714267321451563,0.25125855228075883,0.43917232197340933,0.6024206190076921,0.7529234389938957,1.0853581681955045,1.1335794885951898,0.953175158264737,0.8491944512970377,0.7363164594144717,0.6869380745529852,0.6170270326514473,0.4712615554822718,0.45170819004085855,0.3263978342029998,0.26908322677489294,0.1516157591854803,0.09970661043366645,0.05494111745455414,0.056482916922041555,0.028168324107186598,0.019021773590169547,0.026071200448424647,0.02021045823845646,0.02430550591195688,0.016585998401712883,0.026561254941174634,0.025286847678351296,0.035584886128364385,0.009831552729894475,0.014639621321795143,0.013443344704162394,0.010345541071798055,0.0,0.009420098722634614,0.009952823616059876,F
Minnesota,0.0,0.0,0.0,0.0,0.0,0.0,0.014909478168264111,0.01045347159791767,0.024969828124349742,0.017569203139030962,0.01333536538901166,0.032579775199551124,0.04503490204908804,0.04477586236588768,0.10482180293501049,0.16355434137924837,0.2357027664061531,0.47115299137701133,0.5839362444452606,0.6217461328139631,0.7433497080359626,1.0186664729808252,1.0322251199095436,0.8379108090494367,0.6407154333055883,0.6169543809693302,0.5525864676817586,0.46532009014272596,0.33452556280244056,0.26649320127581,0.29084578804347827,0.22092875047797084,0.132894570307556,0.08422234699606962,0.07130355869579309,0.036298415680915574,0.030356910533847953,0.026356827516527927,0.023926046764545947,0.022462319459107347,0.02575328354365182,0.017156021763639038,0.01563721657544957,0.02881693387823536,0.016216216216216217,0.0326530612244898,0.030488649907148203,0.028118321898549094,0.020345288612451315,0.0,0.0,0.019950124688279305,F
Mississippi,0.0,0.0,0.0,0.0,0.0,0.0,0.0,0.0,0.0,0.02656042496679947,0.02396849854476973,0.023423905768973362,0.044168217812411266,0.0653274538624857,0.15283061815107468,0.13317397985316715,0.33206502940159116,0.9987604037542057,1.3237767863672933,1.3753428832672965,1.511344601796863,2.077019735383251,1.9303726846686007,1.6201031324559376,1.2457668118045475,1.3192283758556316,1.0759520481213198,1.0320549263130274,0.782699181106637,0.64911484339537,0.629379993750837,0.5096236975019338,0.29442406124020476,0.2722063037249284,0.18932038834951456,0.09609840476648088,0.1163410732464007,0.07970906192397748,0.07509621702806721,0.0556947925368978,0.04887585532746823,0.031400460540087924,0.04584264512062346,0.0,0.03632840881569387,0.054187488710939855,0.07848345810190775,0.0,0.0,0.0,0.0,0.0,F
Missouri,0.0,0.0,0.0,0.0,0.008221791034959056,0.0,0.00860096674866255,0.017554638813306416,0.008712622847982156,0.01981178801386825,0.01994614540740002,0.022069487357336527,0.05677807445600467,0.03934219844204894,0.06447351868159518,0.11157867890844173,0.18250532980166675,0.40349169466511764,0.6161190948533088,0.6788800103943351,0.8996851102114259,1.3591685086770446,1.3338570306362922,1.0312574946038853,0.9942184941349463,0.8563159686755192,0.7550955750343225,0.6725297465080186,0.6083991385498924,0.5252100840336135,0.420213927090155,0.31132321688229375,0.24613089688607123,0.11952268039249705,0.12244253100560866,0.06508490621856695,0.07539981745307353,0.05403025694388858,0.03759547271360165,0.038278668708195664,0.029073389541886447,0.019762411892580312,0.02757986669731096,0.016498538700857924,0.026636317408044168,0.027171899315762173,0.0,0.0,0.0,0.0,0.0,0.024407358818683833,F
Montana,0.0,0.0,0.0,0.0,0.0,0.0,0.0,0.0,0.05711022272986865,0.0,0.0,0.07018247443352717,0.07993605115907274,0.1089756290865861,0.1741991677150876,0.2702161729383507,0.5,0.6170212765957447,0.6099666244677178,0.6725111084424162,0.7364341085271318,1.0697254800876401,0.7683136839316466,0.9039395574743659,0.655827298811313,0.6429070580013976,0.49318247751668115,0.5390028447372361,0.32578343158547934,0.42339658146463854,0.22577003709079183,0.27891714520098443,0.22537025112685125,0.13443118803562426,0.0,0.0,0.0,0.0,0.0,0.0,0.0,0.0,0.0,0.0,0.0,0.0,0.0,0.0,0.0,0.0,0.0,0.0,F
Nebraska,0.0,0.0,0.0,0.0,0.0,0.0,0.0,0.0,0.0,0.0,0.0,0.023672000757504027,0.022591722392915237,0.036204009594062544,0.04587366392953805,0.09396288466055908,0.2590673575129534,0.37794359918596765,0.48336216546250127,0.5977570884468896,0.6012237297153498,0.9971509971509971,1.035667107001321,0.8169934640522877,0.715218255094511,0.6207542750058562,0.586229586648322,0.5920312592504884,0.4491108818352856,0.40911033766868166,0.33821178206862623,0.3280514978955187,0.2061980714415671,0.08119925046845722,0.0,0.061474150119874595,0.04954173891503591,0.0,0.0,0.03221441917402229,0.0,0.0,0.04419889502762431,0.053163211057947905,0.06157161548526129,0.0,0.0,0.0,0.0,0.0,0.0,0.0,F
Nevada,0.0,0.0,0.0,0.0,0.0,0.0,0.0,0.0,0.0,0.0,0.0,0.0,0.09785799717299118,0.09188361408882083,0.18478895156584324,0.2397841942251973,0.22931396904261417,0.8169781200112686,0.7315751445086704,0.7813841662373348,0.9496981891348089,1.2237632574352888,1.2511899904800763,0.7033997655334115,0.7906700929037358,0.7060547525477919,0.5851264628161571,0.4895960832313341,0.5150062155922571,0.356266791262703,0.3614122880177926,0.2238113434139418,0.17762917297946818,0.07295846578769087,0.07136303394841473,0.0803656637701542,0.058105752469494475,0.046438190768087674,0.026014568158168577,0.034594594594594595,0.032231328851643794,0.05368996485747755,0.03096294767261843,0.0,0.044055289388182164,0.044133061179456055,0.0328263486158223,0.0,0.0,0.0,0.0,0.0,F
New Hampshire,0.0,0.0,0.0,0.0,0.0,0.0,0.0,0.0,0.0,0.0,0.0,0.0,0.0,0.07131395970761277,0.07813178227276674,0.06225542511561721,0.19100538287897206,0.39490651192778853,0.47536048169862144,0.5996890501221589,0.6869125090383225,1.0659934076723472,1.0082823190493337,0.8158782458617715,0.8273941181289425,0.8275038389353352,0.6683668982499341,0.6036217303822937,0.5135867027733683,0.3951426368542791,0.2413826397605484,0.32829287703939514,0.10935480664081916,0.0,0.0,0.0,0.062473969179508544,0.0,0.0,0.0,0.0,0.0,0.0,0.0,0.0,0.0,0.0,0.0,0.0,0.0,0.0,0.0,F
New Jersey,0.0,0.0,0.0,0.0055806685640939786,0.0,0.006779752945802655,0.0,0.0,0.0,0.00713511045150979,0.01011648408821574,0.008471584892340275,0.020938023450586266,0.019511379315150585,0.04728260135363333,0.06869982218869551,0.11139549378704895,0.257975530637787,0.46291712050698086,0.5586458520246427,0.7299270072992701,0.9107168328999198,0.9454513286079196,0.7426619288644127,0.6943230932326798,0.6359530261969286,0.5460934725912503,0.5420630946419629,0.4127305587243806,0.3674396021154023,0.2898550724637681,0.24551235611366015,0.14502289481811712,0.0670287129119188,0.057768485915492954,0.03581316547059877,0.0268684154705508,0.03056279198381627,0.02942344754534889,0.03595182455509617,0.015747039556563366,0.021239053718468175,0.03764931375569018,0.05415414715952764,0.05933117583603021,0.05073842529672918,0.056129931738760436,0.049555832905073045,0.06410619001828911,0.027193970708208694,0.030197491595031503,0.021056177882590753,F
New Mexico,0.0,0.0,0.0,0.0,0.0,0.0,0.0,0.0,0.0,0.0,0.0,0.04552697473252903,0.03646973012399708,0.04724657462333981,0.06050216799435314,0.12082766953632382,0.1630240969993377,0.3506810327302297,0.4282765737874097,0.4532344458178822,0.4675324675324675,0.7397759833289919,0.7900974453515933,0.6317784563546383,0.7059073297595669,0.5901287553648069,0.4896505675495215,0.5560382276281495,0.5158822165546023,0.38394624752534645,0.35179774610935544,0.3804347826086957,0.21121948189103562,0.05010333813490323,0.0747896540978498,0.050520997789706354,0.06253908692933083,0.0440417767711086,0.0,0.0,0.051004144086707046,0.04786979415988511,0.0,0.0,0.0,0.0,0.0,0.0,0.0,0.0,0.0,0.0,F
New York,0.0,0.0,0.0,0.0026125463182691006,0.0034561074355682828,0.0031845105407298903,0.0,0.004915078368193982,0.0,0.005476091385013033,0.010128576653630813,0.0067048470456767695,0.014337312856709588,0.02062258498675813,0.0394774045206963,0.051858437050207436,0.10827369477381361,0.26107916146307114,0.3612131463244397,0.4026337923723542,0.5350332140035312,0.8196012075297555,0.8367075280487182,0.7140392577825487,0.6472188812429758,0.5803575981967096,0.5579908150950099,0.5299989150482803,0.4392072844134976,0.39618815420862,0.32327394802749604,0.2614023966917203,0.1692221221662849,0.07225070365902694,0.04641462887371406,0.046223595562534824,0.03566380059396439,0.028785647342348376,0.03223315314105362,0.026868538956022918,0.021596316086468864,0.01924310455420141,0.029989613353423934,0.039493293591654245,0.03180324393088095,0.03625759866695467,0.048331774243841594,0.04282451465550057,0.04603143289274676,0.024854728397812786,0.019743159443960837,0.020750997462718947,F
North Carolina,0.0,0.0,0.0,0.0,0.0,0.007484469725319961,0.007675657420058028,0.008142261594580511,0.009855777128026544,0.009461782284389637,0.021053995400511775,0.019130212983037877,0.031264166575479514,0.04074532604096472,0.06580256170903026,0.13871138680215703,0.2727727348497477,0.6185415903261268,1.0557649163452938,1.1970025356621763,1.4962285149004575,2.400863582567077,2.1814952573392192,1.8034493806065783,1.503375198343329,1.3665325285043595,1.2341865461029753,0.9717912552891397,0.8763523742066303,0.7074695623560382,0.5769076680644214,0.44655279791167,0.3027142530080639,0.20421338322288243,0.12695951995937294,0.09483484045039871,0.10426552954858372,0.07568213503286197,0.07358351729212656,0.06291165406293733,0.06835449693719274,0.04420988643585422,0.05102933457747711,0.05505870448356423,0.04262704381451146,0.04466142023316341,0.03204492393145438,0.033929149766351537,0.04588172008986489,0.03100927013970492,0.035908484661947265,0.0159701889805696,F
North Dakota,0.0,0.0,0.0,0.0,0.0,0.0,0.0,0.0,0.0,0.0,0.0,0.0,0.06019261637239165,0.07739189319918738,0.1131328368058829,0.19646365422396855,0.48770575086364554,0.8448382443849165,0.9277667329357191,0.9436133486766397,0.968088920760129,1.3754646840148699,1.4799154334038054,0.970210440010932,0.9856378484933821,0.9786989061600461,0.6280843427545985,0.6623513472828542,0.6625650733554188,0.3718674211802748,0.3802938634399309,0.3264417845484222,0.3008084226358338,0.21256038647342995,0.0,0.0,0.0,0.0,0.0,0.0,0.0,0.0,0.0,0.0,0.0,0.0,0.0,0.0,0.0,0.0,0.0,0.0,F
Ohio,0.0,0.0,0.0035204449842460087,0.004368447329006491,0.007749862616071806,0.011186349670375564,0.010420620920140827,0.017402094304218872,0.018588512299398972,0.023218712784522855,0.02940001356923703,0.029718759060597275,0.07243958041858714,0.09174574959144471,0.1545302135724178,0.24211614032176557,0.4194940464983168,0.7582710217100215,0.9834022022669037,1.080047899778924,1.2563064132107395,1.6228701249526696,1.5952659526595265,1.2447439925922554,1.1133939154484394,0.957407634712164,0.8874205419872867,0.758575763290076,0.6374818145747917,0.5396794143180619,0.4284871317688711,0.35483752658989215,0.2571776356131536,0.12729293524209406,0.08562065130743719,0.06866833195664938,0.04484579163014452,0.04284982703301527,0.028438115500879477,0.024875352851472514,0.02021699575443089,0.020061127435361866,0.018680880741257348,0.020441276046657214,0.013041040153362634,0.01713705690821129,0.010604032183237676,0.008148852369957897,0.011224761824585035,0.014700477765527378,0.015294495511065568,0.01606451509261193,F
Oklahoma,0.0,0.0,0.0,0.0,0.0,0.0,0.01596627921829097,0.0,0.021866799950018743,0.0,0.017961383026493038,0.0303892587783518,0.03914200720212933,0.055373772967530835,0.11126248864668482,0.16875263675994936,0.2847743899445181,0.5307108003420695,0.6793659251365393,0.8677838791361994,0.969749601968447,1.374640951990152,1.3511929186939446,1.1776193153238455,1.0278554920325995,1.0537607269056033,0.9481586952300822,0.6836483155299918,0.7267779510835297,0.5379442843419788,0.48865619546247824,0.4588350146436707,0.30131216588368703,0.15090378243611194,0.1426060425164992,0.07038241110031168,0.0745005079580088,0.0923171607344343,0.04033884630899556,0.033771233663165715,0.02837785108722642,0.050765102618028864,0.022872827081427266,0.031688188227838074,0.0,0.01992508169283494,0.028486550278761243,0.02474532931909102,0.0,0.0,0.0,0.0,F
Oregon,0.0,0.0,0.0,0.0,0.0,0.03231539828728389,0.0,0.03355329381500951,0.01786926843215039,0.03015378429992964,0.04153885480572597,0.07790729032451384,0.07824499376938013,0.08131025670809618,0.16695504356008864,0.1935624863413568,0.2915904085367745,0.48539069191967266,0.6294383473208521,0.6651017214397495,0.7392946297126032,0.9324581314029814,0.8729101938156533,0.758487840115579,0.6553728205762335,0.5815239720615657,0.48554544002555505,0.4814897484136348,0.3683415187004156,0.37418147801683815,0.2992486947663313,0.2400337344707905,0.155561317085818,0.06690977217222575,0.05416384563303995,0.03697976198480468,0.03435481654527965,0.034737902525445515,0.05787234042553192,0.04081077404434771,0.04257583821181479,0.0,0.0,0.032722513089005235,0.04558074006547052,0.033408502463877054,0.0,0.0,0.021774158428776728,0.0,0.0,0.0,F
Pennsylvania,0.0,0.0,0.0,0.0,0.008632720889745767,0.005376715748400427,0.0038899305258408086,0.00560955868800436,0.0072386835247562975,0.01250967545210749,0.00945388081807582,0.01598745365541708,0.02335445279010374,0.022370530554416315,0.05990371033228071,0.08524120242899709,0.16118118437758974,0.462458990548119,0.6326626252853407,0.7073479729729729,0.8489763003449666,1.2384918895221393,1.2274263289851386,1.0696266397578205,0.9456836130883236,0.8331186811771524,0.7260797522003047,0.7198290406028568,0.5618280052413348,0.4762846035824885,0.401689737110097,0.3037678715167312,0.21711737908306677,0.10336280344007466,0.07167137649997951,0.05611901312164561,0.04425105096246036,0.03514901050209829,0.04799334492283737,0.02688085330580734,0.024470546360562378,0.020663054458627973,0.01788546150452502,0.021800477188222898,0.022252991791118584,0.02021733636593379,0.01635425839728268,0.018098611577940377,0.006696129637069774,0.008373105584861425,0.0,0.01362274089546817,F
Rhode Island,0.0,0.0,0.0,0.0,0.0,0.0,0.0,0.0,0.0,0.0,0.0,0.0,0.0,0.0,0.0,0.06880283074503638,0.1369997064292005,0.4285714285714286,0.5016256386437529,0.6657669815564552,0.6892847551696357,0.9134781109962082,1.2295772275560046,0.9231841142658074,0.7461360810090603,0.6433566433566433,0.5802707930367506,0.5270626393675248,0.4336329984135378,0.41905602117335683,0.2618943692710607,0.22476961114857275,0.11420740063956143,0.09324009324009325,0.0,0.0,0.0,0.0,0.0,0.0,0.0,0.0,0.0,0.0,0.0,0.0,0.0,0.0,0.0,0.0,0.0,0.0,F
South Carolina,0.0,0.0,0.0,0.0,0.0,0.01390936656744652,0.0,0.01832788587836393,0.0,0.020662376763681444,0.027042456656951413,0.026379810651581324,0.039932684902592774,0.0485575549842902,0.0657988842797883,0.15051958201869917,0.27149321266968324,0.9325538286040211,1.150048513212716,1.3182303670807802,1.645193800561109,2.631987979897415,2.2771716755866613,1.6750871315483746,1.6146634951727998,1.3136531365313653,1.1812869152161005,1.0671770086606767,0.8997555012224939,0.743651360654673,0.6489354900581804,0.5529276399897723,0.3536181566849905,0.1747346621796531,0.1337568968399933,0.1413776097320401,0.10132705759299208,0.0814969357152171,0.061696023691273104,0.0747430706944877,0.05625527393193112,0.04973969559306297,0.024499510009799805,0.028262559174733273,0.05421425473471158,0.029177912320373478,0.025352214697041034,0.032674992738890504,0.026310843826348435,0.0,0.0,0.0,F
South Dakota,0.0,0.0,0.0,0.0,0.0,0.0,0.0,0.0,0.0,0.0,0.0,0.0,0.10074551682450132,0.0,0.1347010672469174,0.13851891315929674,0.25959978366684694,0.5047672462142456,0.7623739150832747,0.7772020725388601,0.7233938205002453,1.339784145887607,1.1630847029077118,1.098760700140539,0.7634575569358178,0.8027210884353742,0.6263048016701461,0.5160550458715597,0.47498886744841917,0.3424124513618677,0.36294776708221554,0.38273116962645437,0.1286587327114828,0.0,0.0,0.07763975155279502,0.07818608287724785,0.0,0.07890168849613381,0.0,0.0,0.0,0.0,0.0,0.0,0.0,0.0,0.0,0.0,0.0,0.0,0.0,F
Tennessee,0.0,0.0,0.0,0.0,0.01456293006152838,0.0,0.0,0.019661816751867872,0.02962962962962963,0.029777413831608725,0.027884150648771238,0.03616963559092142,0.06945928617225902,0.09808907941582504,0.18400923654206958,0.24450327229943378,0.4545539223905065,0.9138261902586128,1.0920814774781489,1.1538882204965546,1.4471498745450049,1.8597650640970191,1.8502843986998918,1.492460677426532,1.2717876850310939,1.1383334226844655,1.0736113849407631,0.9331090978137037,0.7223476297968396,0.6213888586067808,0.5748961992973491,0.4704420379904137,0.3526617991068264,0.19925052554611097,0.12368815592203898,0.1024628339356906,0.09539129133622624,0.08402419896930316,0.07606679035250463,0.08267651435815467,0.05728032993470042,0.03674294229316786,0.06646085241402967,0.03953610964681075,0.05081749889527176,0.024780355936021625,0.04711160964666293,0.036191725666719445,0.03976515169235807,0.016820453671664744,0.029974521656591896,0.02843405883265264,F
Texas,0.0,0.0027928124179611353,0.003762510346903454,0.007586883362506706,0.008189864457743225,0.01076162404864254,0.010049716538877623,0.01355380862022228,0.020439149731371176,0.026917447553035784,0.02612756785002776,0.03914013693964794,0.06668388551034304,0.07524249841356179,0.12959335242072634,0.17985143837813006,0.3163699981516427,0.5278508569171156,0.6749247363109508,0.6934220727744723,0.807701543364841,1.0846897307759835,0.988352161079662,0.8287805207068664,0.759303057630464,0.6639381927653928,0.5889975772653002,0.5617904300108187,0.49267643142476697,0.41614074689940683,0.3529140986625067,0.29330812060090344,0.1766300459156346,0.11857838154969963,0.08464477955376587,0.0724907748321859,0.05603730366492147,0.060746109991503754,0.04146270771608914,0.038525438828826655,0.03767172368609627,0.03506222488826556,0.041724555788838234,0.04179661125936405,0.04306178449867379,0.05130766436614602,0.04900606784221829,0.055068524785277156,0.03947416737046965,0.027901649134314623,0.018737972247543807,0.018219392721612885,F
Utah,0.0,0.0,0.0,0.0,0.07802974884174592,0.06096131301289566,0.1217603061401983,0.11633704503905601,0.07692307692307693,0.18836261515805336,0.22563480837879704,0.19934816314906814,0.34218876376532076,0.3684996346770863,0.4750445354251961,0.5159412620717025,0.5444459663059855,0.6496751624187905,0.6750027664047803,0.7440246723207401,0.6393078631038971,0.7084865196078431,0.657319806983548,0.5441965326906631,0.4609179950067217,0.47386061563354775,0.341514673872251,0.4026649095834249,0.3755440123543451,0.297441998810232,0.25433212384278886,0.23366825783623196,0.13478418093954436,0.06894061258658613,0.07162157762802357,0.051774908584927025,0.05192950569601766,0.05827505827505827,0.028663333227172842,0.022149095051259334,0.028919379197326563,0.020435967302452316,0.039443488238668965,0.022182786157941437,0.022729855665416524,0.02696663841590261,0.03093102381688834,0.03519199186673966,0.03207827098119411,0.0,0.0,0.0,F
Vermont,0.0,0.0,0.0,0.0,0.0,0.0,0.0,0.0,0.0,0.0,0.0,0.0,0.0,0.0,0.11832319134550372,0.11822327309576085,0.10130001688333613,0.41841004184100417,0.7550335570469799,0.5792163543441227,0.7341642479084856,1.172197457487205,1.4439220953660175,0.841992117520602,1.076487252124646,0.865460267505901,0.8550407635712866,0.8904719501335707,0.5692167577413478,0.45055726820014225,0.5476190476190477,0.3205128205128205,0.2251688766574931,0.1300728407908429,0.13304949441192124,0.0,0.0,0.0,0.0,0.0,0.0,0.0,0.0,0.0,0.0,0.0,0.0,0.0,0.0,0.0,0.0,0.0,F
Virginia,0.0,0.0,0.0,0.0,0.0,0.0,0.0,0.0,0.013254563356812845,0.009054198431812831,0.012752778283840407,0.024674821107546967,0.0308822015578355,0.03548735974043531,0.08239132584121543,0.13737400486601897,0.24004541399724272,0.6047636769631559,0.818639798488665,0.931267146140728,1.2861362082260341,1.7561896177787792,1.7017626387005726,1.364827900615455,1.2400534355578787,1.0418535127055306,0.9659945832079446,0.8386824720048728,0.7228073519833517,0.5413377850532424,0.4990662631206131,0.3943382011124825,0.2769211404116055,0.13233418367346939,0.11192836584585865,0.06680026720106881,0.05790206726029326,0.05509988822594103,0.04702784048156509,0.042430814200179155,0.03128138428357398,0.04425908587964933,0.03851675478833293,0.05639660915387463,0.042542631261743534,0.04483098717833767,0.02676802826703785,0.04714329749233922,0.04496739863598891,0.03913128546272745,0.02410267740574849,0.0342561072216156,F
Washington,0.0,0.0,0.0,0.0,0.0,0.0,0.01532684496896314,0.022780773027564736,0.016928657799274487,0.0,0.024132332938440613,0.025982851318130034,0.06798995259589416,0.08682640261587629,0.13572809757548715,0.17632101560904992,0.2519507379900348,0.4277460928820087,0.5417036296030653,0.5409958816922501,0.6759735488611315,0.881445570736007,0.7939591533354731,0.613693998309383,0.5241770249965851,0.5114998032693064,0.42214315999041424,0.4064046360232554,0.3128003165689951,0.2787681104452704,0.22764472372208533,0.19670146769556665,0.1119013750592698,0.06432121625572557,0.03183826163091495,0.0297548202808855,0.02780204940821352,0.018020904248928757,0.019357711144234305,0.02713073136700128,0.017592212513927168,0.020080724512540414,0.01688761293591151,0.014908843073777475,0.015050526768436894,0.026327914170999802,0.021753317380900587,0.019715656421827422,0.0,0.0,0.012114457393453348,0.02290834118156133,F
West Virginia,0.0,0.0,0.0,0.0,0.0,0.0,0.0,0.0,0.0,0.0,0.0,0.028127134648611725,0.04021232105517131,0.042687612054981644,0.1089134791321774,0.18961625282167044,0.3739034562101529,1.1451125621284475,1.169859514687101,1.283006814310051,1.484250453520972,2.2186654892654123,2.0674230853152955,1.9463643903787669,1.6533605118622956,1.4005440129637132,1.3570620796381168,1.2025787255145053,0.9356501814015659,0.6635009432121252,0.7647413966592875,0.560242996962538,0.4747576061517887,0.3437607425232038,0.2003869541182974,0.1310344827586207,0.1967259186397808,0.09408018526559561,0.0657030223390276,0.06511358703516133,0.0385594200663222,0.0,0.0,0.0,0.0,0.0,0.0,0.0,0.0,0.0,0.0,0.0,F
Wisconsin,0.0,0.0,0.0,0.0,0.00922219967906745,0.00945000945000945,0.0,0.009158347834050737,0.020103441343640917,0.012190661952944045,0.008719916288803628,0.016391292945187517,0.044737010289512366,0.03869906638502346,0.09342181560466466,0.1124729155295324,0.18809087759243676,0.4292412335732682,0.6156207366984993,0.6149156461869973,0.8014514197139435,1.26748481294095,1.1703964696237639,0.9973630868028773,0.8644247392783447,0.7417435740980856,0.6937170187955808,0.5492834991993838,0.4919618781004919,0.4861140465824069,0.3580304115243671,0.2674137272379982,0.19347294567874987,0.07199738191338496,0.0663716814159292,0.055199823360565246,0.040575267120508546,0.03861793235046909,0.03190156089780107,0.020782819535850365,0.03849114703618168,0.0174420053322702,0.015762925598991173,0.029806259314456036,0.02765257307192434,0.022404570532388608,0.017049329393043874,0.0,0.0,0.025391182911733902,0.0,0.027506532801540366,F
Wyoming,0.0,0.0,0.0,0.0,0.0,0.0,0.0,0.0,0.0,0.0,0.0,0.12818458580355713,0.14496955639315745,0.1976563602993082,0.22346368715083798,0.280194661554343,0.5625,0.662361318099023,0.9165731387953611,0.926130099228225,0.9577201588413922,1.2165450121654502,0.960323477381855,1.0966590155572558,1.06439595529537,0.717439293598234,0.9381413075344474,0.5754088431253785,0.5630278385986863,0.22587931590835753,0.3653271338425772,0.37787701820680175,0.20898641588296762,0.0,0.0,0.0,0.21052631578947367,0.0,0.0,0.0,0.0,0.0,0.0,0.0,0.0,0.0,0.0,0.0,0.0,0.0,0.0,0.0,F
