state,1916,1917,1918,1919,1920,1921,1922,1924,1925,1926,1927,1928,1932,1933,1934,1936,1941,1947,1950,1951,1954,1955,1956,1957,1958,1959,1960,1961,1963,1964,1966,1967,1968,1969,1970,1971,1972,1973,1974,1975,1976,1977,1978,1979,1980,1981,1982,1983,1984,1985,1986,1987,1988,1989,1990,1991,1992,1993,1994,1995,1996,1997,1998,1999,2000,2001,2002,2003,2004,2005,2006,2007,2008,2009,2010,2011,2012,2013,2014,2015,2016,2017,2018,2019,gender
Alabama,0.0,0.0,0.0,0.0,0.0,0.0,0.0,0.0,0.0,0.0,0.0,0.0,0.0,0.0,0.0,0.0,0.0,0.0,0.0,0.0,0.0,0.0,0.0,0.0,0.0,0.0,0.0,0.0,0.0,0.0,0.0,0.0,0.0,0.0,0.0,0.0,0.0,0.0,0.0,0.011988395233414054,0.021926618915363252,0.02070631542620499,0.026321456772989398,0.018250672993566638,0.02911990681629819,0.03905980745812559,0.0701623088077085,0.0402052834472483,0.07140476983862523,0.09703912333435895,0.09636696540425942,0.1317838744459087,0.18732808498529832,0.24139737195691285,0.30006642691893626,0.32312082832142264,0.3031405359524676,0.35034421932038123,0.36337942868678713,0.48663679901127765,0.47963495890695085,0.5802909261235005,0.5536206269168789,0.6359551152340157,0.787878787878788,0.7990709763043659,0.7808687164470474,0.8290871405129976,0.6990143605042263,0.6730573118498878,0.6425184478549985,0.6701959900878576,0.7179723768057438,0.7796972939917444,0.6302658219580693,0.6760165472707094,0.6572737125476349,0.5758831378608048,0.5346665277922439,0.49598986914309834,0.45162909064841034,0.36579448322197755,0.3842192822625366,0.36376864314296103,M
Alaska,0.0,0.0,0.0,0.0,0.0,0.0,0.0,0.0,0.0,0.0,0.0,0.0,0.0,0.0,0.0,0.0,0.0,0.0,0.0,0.0,0.0,0.0,0.0,0.0,0.0,0.0,0.0,0.0,0.0,0.0,0.0,0.0,0.0,0.0,0.0,0.0,0.0,0.0,0.0,0.14300306435137897,0.0,0.0,0.08726003490401396,0.11464133639043562,0.12476606363069245,0.10247401551749377,0.1285677552069941,0.0,0.08007320979180965,0.21645021645021645,0.12118274357731458,0.2047606859482979,0.09370816599732262,0.32484407484407485,0.23547880690737832,0.2539427960438385,0.31689170570405073,0.19236460491269608,0.3322784810126582,0.43463724506853896,0.47920588738661646,0.44373446929357474,0.4622222222222222,0.4786450662739323,0.48426150121065376,0.5699088145896657,0.6578947368421052,0.7781324820430966,0.6589147286821705,0.5934150076569679,0.6338839800230504,0.6265426238845643,0.5650781691467319,0.6745037579495086,0.6665359733385611,0.7338357794525981,0.7084809335278183,0.5426045016077171,0.5303957568339454,0.5226845076311939,0.5070546737213404,0.5414718188530643,0.4681404421326397,0.4402861860209136,M
Arizona,0.0,0.0,0.0,0.0,0.0,0.0,0.0,0.0,0.0,0.0,0.0,0.0,0.0,0.0,0.0,0.0,0.0,0.0,0.0,0.0,0.0,0.0,0.0,0.0,0.0,0.0,0.0,0.0,0.0,0.0,0.0,0.0,0.0,0.0,0.0,0.0,0.0,0.0,0.019580328296837778,0.023366825783623195,0.029579964504042593,0.031579612202362155,0.015356265356265357,0.03093624321511939,0.020947343614987825,0.04031851627860095,0.0796792908543114,0.07135300051669415,0.05226646393613989,0.039976902234264644,0.056748734066701584,0.06070755704416998,0.07353842382644932,0.06453564586064334,0.08351062772155171,0.11557177615571777,0.12619686711269582,0.18126642090470274,0.15366194372380762,0.18355866969308202,0.22523389673892116,0.24147123594637407,0.2328599786226905,0.2554372975474317,0.25382525382525384,0.2959869257308879,0.3162027250279786,0.37532580364900087,0.3472222222222222,0.33448751134568194,0.33990374688289204,0.31016267386071755,0.32895297506434185,0.3779869388671619,0.41351345926089483,0.41130149019283635,0.41601125921019955,0.4173745254724302,0.3880011681755601,0.3822038993386584,0.30587140102400423,0.34762456546929316,0.41946308724832215,0.3007284888393436,M
Arkansas,0.0,0.0,0.0,0.0,0.0,0.0,0.0,0.0,0.0,0.0,0.0,0.0,0.0,0.0,0.0,0.0,0.0,0.0,0.0,0.0,0.0,0.0,0.0,0.0,0.0,0.0,0.0,0.0,0.0,0.0,0.0,0.0,0.0,0.0,0.0,0.0,0.0,0.0,0.0,0.023884399506389077,0.04017839206074973,0.03478395300301461,0.03604613905799423,0.04929470650690126,0.08446566287183253,0.08162630699265364,0.13055331567023767,0.1353023040049482,0.1436670031839714,0.16318284248970394,0.1949783136365445,0.2504770992366412,0.18058509571010073,0.3207761217384501,0.3415649169643909,0.3546677537708928,0.33001903955997464,0.37225621496726713,0.39698292973402144,0.44513001322168355,0.48831079037206687,0.6452456729302001,0.6825042656516603,0.5993606819392647,0.6977550489728699,0.7947847829969638,0.9841811971957578,0.9163597161081665,0.7302213063345578,0.8207440811724914,0.8063087010455432,0.7419731990286896,0.6250587461227559,0.6397008168487354,0.5727196300966793,0.6097560975609756,0.46199538004619956,0.5608524957936063,0.47130579428888275,0.43812233285917496,0.30301229873447805,0.27052532242843663,0.4004726890756302,0.3587691458534566,M
California,0.0,0.0,0.0,0.0,0.0,0.0,0.0,0.0,0.0,0.0,0.0,0.0,0.0,0.0,0.0,0.0,0.0,0.0,0.0,0.0,0.0,0.0,0.0,0.0,0.0016513094884243206,0.0019421309708389034,0.0,0.002167370546053528,0.0,0.001909107396836609,0.0021288070165479266,0.0017861480645299573,0.002859645046558596,0.0034540047458025205,0.004741150135292105,0.006396075067346909,0.006519993969005579,0.011950592834765981,0.01807330367668503,0.0245096036797085,0.022820809430502766,0.03640555791517505,0.024788557305964794,0.030028666901774834,0.03575622781637701,0.04009761262573577,0.03853211009174312,0.03527113554968708,0.03146827439158885,0.0410377491075695,0.04199660711621456,0.043393765141229404,0.05035348653613558,0.05098706652016862,0.052264886520145534,0.05395345041383203,0.06455210326485566,0.0805104603516024,0.08674600570684324,0.09979169445784122,0.11423705776111234,0.12440099410948935,0.1423239750445633,0.15207792721742622,0.15987054113248608,0.2102830404017348,0.2058101344340364,0.2139381555031216,0.21162132531042044,0.21849610866121993,0.23167328992982159,0.24777795458161897,0.25175248194142974,0.2937477740411436,0.3287874607491493,0.3032696890983585,0.33459127973583125,0.3542851634049937,0.35715746281881755,0.32652227360946245,0.31575452701776163,0.3161605040217757,0.3332343259837329,0.31923826085474016,M
Colorado,0.0,0.0,0.0,0.0,0.0,0.0,0.0,0.0,0.0,0.0,0.0,0.0,0.0,0.0,0.0,0.0,0.0,0.0,0.0,0.0,0.0,0.0,0.0,0.0,0.0,0.0,0.0,0.0,0.0,0.0,0.0,0.0,0.0,0.0,0.0,0.0,0.0,0.015965259595121014,0.034881877279213575,0.03762817095732338,0.0431845522687313,0.06149161078738544,0.07741491527367607,0.07732508532423209,0.058149824286400524,0.09912000773619574,0.09406042808965565,0.1053909776158728,0.0949667616334283,0.1034649253902927,0.11035751235774227,0.1285469434393449,0.11368859001959315,0.12678288431061807,0.1731960774747524,0.16939998035942258,0.21564399137424034,0.2186314175860076,0.23427552839317545,0.2838584288052373,0.3028391167192429,0.33349334276546827,0.33407300836401765,0.37580572271246104,0.3795808507212036,0.42971147943523635,0.4699879145964818,0.4627456240359466,0.5134253798653993,0.4308148422661787,0.47077922077922074,0.4651717557251908,0.4071022169903865,0.4939287919324964,0.4671628008039546,0.45236233664693404,0.545780152932147,0.4814206232523278,0.48482050098118434,0.4133545310015898,0.3143176076611245,0.3593637698821912,0.3832170580721234,0.32758390159112183,M
Connecticut,0.0,0.0,0.0,0.0,0.0,0.0,0.0,0.0,0.0,0.0,0.0,0.0,0.0,0.0,0.0,0.0,0.0,0.0,0.0,0.0,0.0,0.0,0.0,0.0,0.0,0.0,0.0,0.0,0.0,0.0,0.0,0.0,0.0,0.0,0.0,0.0,0.0,0.0,0.0,0.024382597791633286,0.0,0.020882639565641098,0.017185083347654236,0.01972127267946358,0.0,0.0,0.0,0.015180957007529755,0.02356892437321392,0.022764782880883273,0.041975654120610044,0.024031401030680088,0.028763433831027897,0.04897159647404505,0.02815531495559139,0.05061267980820459,0.04699637851436154,0.05389000765805372,0.11674741696339969,0.08399832003359933,0.08226189750776917,0.11608035340018702,0.1250480954213159,0.15709376534118802,0.17201455507773736,0.21634777905483066,0.21082463537706506,0.21613091358194106,0.23918320719691558,0.23629315119069594,0.253605359778947,0.2998731305985929,0.3189140567503475,0.2803778630893327,0.34274375394606293,0.4064289673009422,0.432595100390276,0.3659695817490494,0.3840209806584555,0.4662564891367045,0.35252643948296125,0.38257498469700063,0.44357606801499705,0.4025587294584758,M
Delaware,0.0,0.0,0.0,0.0,0.0,0.0,0.0,0.0,0.0,0.0,0.0,0.0,0.0,0.0,0.0,0.0,0.0,0.0,0.0,0.0,0.0,0.0,0.0,0.0,0.0,0.0,0.0,0.0,0.0,0.0,0.0,0.0,0.0,0.0,0.0,0.0,0.0,0.0,0.0,0.0,0.0,0.0,0.0,0.0,0.0,0.0,0.0,0.0,0.0,0.0,0.08538494378824535,0.0,0.06442468754026544,0.0,0.0590876861262113,0.1463057790782736,0.06460783046905284,0.10774410774410774,0.1504170654997949,0.14396775122372588,0.13264554163596168,0.2227833061042626,0.26654820079964464,0.1903925014645577,0.2881014116969173,0.27368100957883534,0.3400354819633353,0.4468146439896224,0.3697677858304984,0.34302759134973904,0.4557192769254139,0.27556644213104714,0.3486529318541997,0.5357441821530219,0.5395057431256526,0.4173187271778821,0.6724827335514358,0.5698005698005698,0.8551673944687045,0.5076142131979695,0.7079984691924991,0.6722346710124261,0.3955174686882004,0.3973819541841982,M
Florida,0.0,0.0,0.0,0.0,0.0,0.0,0.0,0.0,0.0,0.0,0.0,0.0,0.0,0.0,0.0,0.0,0.0,0.0,0.0,0.0,0.0,0.0,0.0,0.0,0.0,0.0,0.0,0.0,0.0,0.006519754857217368,0.0,0.0,0.006108287724784988,0.0,0.0,0.0,0.0,0.008503504658705767,0.013136210561513293,0.006321352263676246,0.011554015020219527,0.018327326043130306,0.016737802326554523,0.03576497937925408,0.03056577244801272,0.03585757757835365,0.03781555233764677,0.04104724001927436,0.05453584879935921,0.03824278472566904,0.05661701381136167,0.0660740490330908,0.08282939343961884,0.11144932886607273,0.10455604682470802,0.13196449729330884,0.13546878755435138,0.1762683980140427,0.17138666028020597,0.20982848801848922,0.24296556830803406,0.24753047863603767,0.3275883332305605,0.3207642421653528,0.3296510875440613,0.39608359892130424,0.4324290932116354,0.43910697280711036,0.4361968989824554,0.37583873101723625,0.4081806199243165,0.39520334424779396,0.44197480668308076,0.44360714602001466,0.4529243340086734,0.4847309743092583,0.4991866699945778,0.49669015224447716,0.44111085856672644,0.4731756081306231,0.4342729932793092,0.38680001393873925,0.4395286371899107,0.3860024794319847,M
Georgia,0.0,0.0,0.0,0.0,0.0,0.0,0.0,0.0,0.0,0.0,0.0,0.0,0.0,0.0,0.0,0.0,0.0,0.0,0.0,0.0,0.0,0.0,0.0,0.0,0.0,0.0,0.0,0.0,0.0,0.0,0.0,0.0,0.0,0.0,0.0,0.0,0.0,0.0,0.0,0.0,0.010381700522545593,0.017998560115190784,0.013219862843922995,0.02056831846085691,0.022576760987357013,0.03180757929175123,0.05269338472192948,0.06286766356818896,0.06460517428714063,0.07783973506184722,0.08194330634296745,0.07927869821690114,0.12273339140074432,0.19540419484589716,0.19338959212376935,0.26183807724874614,0.2633354947134407,0.3138469827586207,0.32900526679213093,0.3541976476950115,0.3566633667394459,0.43361006821426684,0.511829529430198,0.5050889616487728,0.48825825639754633,0.567326473991316,0.6288836377730268,0.5780988068237847,0.5758982293278322,0.5678967015482529,0.5760382290668654,0.5881160008111945,0.6114181399884968,0.6306604085410195,0.5759964035346511,0.6400553561389093,0.616203656043649,0.5478462418349839,0.502505091952485,0.475695855725662,0.5269781343400975,0.398496727791097,0.4882088084599859,0.48543689320388345,M
Hawaii,0.0,0.0,0.0,0.0,0.0,0.0,0.0,0.0,0.0,0.0,0.0,0.0,0.0,0.0,0.0,0.0,0.0,0.0,0.0,0.0,0.0,0.0,0.0,0.0,0.0,0.0,0.0,0.0,0.0,0.0,0.0,0.0,0.0,0.0,0.0,0.0,0.0,0.0,0.06284696763381167,0.0,0.0,0.0,0.0,0.0,0.06641996394344815,0.0,0.055365876164990314,0.053514092044238314,0.0547945205479452,0.06622516556291391,0.07958615200955034,0.0,0.06732063858434315,0.15258439824527942,0.1459188326493388,0.16175071360608945,0.1785537149092352,0.26718733943068546,0.19173412867490414,0.26710022064800837,0.32628398791540786,0.3709100543118294,0.4068900040689,0.6641640196361537,0.5275916155710823,0.7805325987144168,0.5427408412483039,0.7571345369831101,0.5086013462976814,0.8486789431545236,0.8933979406420353,0.838033843674456,0.6828648562807687,1.044341722307824,0.8528428093645485,0.7746600103288002,0.739594083247334,0.6966864910790145,0.699422976044763,0.8267433501078361,0.7657825924542399,0.6185567010309279,0.7304116865869853,0.5857544517338332,M
Idaho,0.0,0.0,0.0,0.0,0.0,0.0,0.0,0.0,0.0,0.0,0.0,0.0,0.0,0.0,0.0,0.0,0.0,0.0,0.0,0.0,0.0,0.0,0.0,0.0,0.0,0.0,0.0,0.0,0.0,0.0,0.0,0.0,0.0,0.0,0.0,0.0,0.0,0.0,0.0,0.07799636016985874,0.08137358613394093,0.11255346289487506,0.08004074801717238,0.10444955086693128,0.06862005077883758,0.1129385190936684,0.11289070768362379,0.0966542750929368,0.07694083249980765,0.20944095376188174,0.1119146005509642,0.1985738785088907,0.20235467255334808,0.22663403136614996,0.27212078651685395,0.24518388791593695,0.32634833390587425,0.3465003465003465,0.2922422954303932,0.4399965490466741,0.4682046479952328,0.453650603440897,0.46071368738482155,0.5352065562803144,0.5671865877053965,0.6325953054769436,0.6673257538309442,0.7142857142857143,0.5391690453536314,0.5633362021751037,0.5732630130703966,0.5759321006365565,0.4377880184331797,0.5630725271031178,0.46099290780141844,0.5673758865248227,0.41912745284816155,0.4643064422518862,0.42848981146448295,0.3443187407771766,0.32160804020100503,0.2086375964948884,0.22254367419606097,0.26595744680851063,M
Illinois,0.0,0.0,0.0,0.0,0.0,0.0,0.0,0.0,0.0,0.0,0.0,0.0,0.0,0.0,0.0,0.0,0.0,0.0,0.0,0.0,0.0,0.0,0.0,0.0,0.0,0.0,0.0,0.0,0.0,0.0,0.0,0.0,0.0,0.0,0.0,0.0045355587808417995,0.004323296080932103,0.008427052370300003,0.009203371501760144,0.00925383262901385,0.0192682682451232,0.027628228582522535,0.022015729859402994,0.019553456978773635,0.02929707936020759,0.04555711367211691,0.05158443009951496,0.05058094784297914,0.051384443726693485,0.06654430314951992,0.06194663524008098,0.0755370909333274,0.08549381813930378,0.11237940417712126,0.11840336544154006,0.14895588340104055,0.13697823077149673,0.14042426053181953,0.18403321723524313,0.20127474002012746,0.1922753382844233,0.19682294955591823,0.25812517009046754,0.24676074245706783,0.2669157880688643,0.3336551326998967,0.3495434089220955,0.3489989241386549,0.3260020296545097,0.3545870077104206,0.3273596399043961,0.3370797155653187,0.36590444836681674,0.38321715984298454,0.3820418499557923,0.4406883347871895,0.4132903016090459,0.4280781419989593,0.36945231350330504,0.4002941921170981,0.3409276755274315,0.33613445378151263,0.3388004479537304,0.2964635063957863,M
Indiana,0.0,0.0,0.0,0.0,0.0,0.0,0.0,0.0,0.0,0.0,0.0,0.0,0.0,0.0,0.0,0.0,0.0,0.0,0.0,0.0,0.0,0.0,0.0,0.0,0.0,0.0,0.0,0.0,0.0,0.0,0.0,0.0,0.0,0.0,0.0,0.0,0.0,0.00865064375207255,0.010217933933758595,0.02072538860103627,0.027247956403269755,0.0417290203752734,0.03072781013139797,0.04360914948091044,0.06076844460403834,0.06926806742091896,0.09821763873241471,0.10712615236054741,0.09275309430404768,0.12126172828278235,0.14019346698443852,0.1518050570059615,0.17733990147783252,0.23051821692662336,0.21517420267641338,0.3485206569539594,0.38314772992757573,0.382046950728573,0.41464876334245776,0.45710040056854895,0.48461828124232553,0.4924141602342294,0.562767688170258,0.5788207977444232,0.5720597447987076,0.6654587940464297,0.7045956462298875,0.6344074807939654,0.6516774986825927,0.6021082722887261,0.5369992482010525,0.4694835680751174,0.522986878127065,0.609441378488903,0.49486344274617894,0.5242269244646306,0.5815346416047742,0.42518142558212013,0.45294301396760234,0.39279794746043645,0.31450231182669514,0.3400773799255773,0.3452006800968623,0.3302456705598067,M
Iowa,0.0,0.0,0.0,0.0,0.0,0.0,0.0,0.0,0.0,0.0,0.0,0.0,0.0,0.0,0.0,0.0,0.0,0.0,0.0,0.0,0.0,0.0,0.0,0.0,0.0,0.0,0.0,0.0,0.0,0.0,0.0,0.0,0.0,0.0,0.0,0.0,0.0,0.0,0.023976503027033507,0.0319990691179893,0.03178088524211257,0.045640034364261166,0.06458557588805167,0.0716075904045829,0.07272544889156385,0.09801645644716139,0.07174363607376308,0.10424668056622409,0.10668463460512646,0.13101580924098175,0.12190547636909228,0.1763951250801796,0.22237261916271872,0.20584602717167558,0.2538468770566298,0.2621444059678307,0.34836269533193986,0.3593829462620783,0.40418951216083226,0.3217293858222174,0.5259555459490616,0.4781650416526579,0.5765296633810676,0.6085878507832752,0.6469708302169035,0.644204115097802,0.7473309608540926,0.6084224758420488,0.6795016987542469,0.5942689677629437,0.6815735979911515,0.594476324154729,0.5723384112229968,0.6299931522483452,0.5718097779472029,0.5556389848325575,0.5190047321019692,0.3737265141043362,0.47766654809695613,0.3682190644124054,0.3172554713125773,0.3928937478647079,0.25610482430017867,0.28567879766488635,M
Kansas,0.0,0.0,0.0,0.0,0.0,0.0,0.0,0.0,0.0,0.0,0.0,0.0,0.0,0.0,0.0,0.0,0.0,0.0,0.0,0.0,0.0,0.0,0.0,0.0,0.0,0.0,0.0,0.0,0.0,0.0,0.0,0.0,0.0,0.0,0.0,0.0,0.0,0.0,0.0370081006620338,0.03173847496627787,0.04961074645092352,0.06289540863516964,0.07014434968804224,0.08595495960116899,0.10069512115896835,0.1208113435493101,0.12245818697431601,0.15420200462606012,0.1474539615964349,0.16429170159262363,0.17247210010145417,0.189261180428992,0.2582716738796593,0.30570416174529286,0.34174182638105977,0.27681405477227433,0.33976776313333085,0.4002309024437175,0.35562155613740276,0.47006333904314224,0.5469611004530797,0.5452030270974042,0.5975857535556353,0.5885373464470515,0.6395668209997646,0.6013300943809485,0.593058430186276,0.5534909464695185,0.6065752759917505,0.6084861355004696,0.5382482466155603,0.4597420562268604,0.46187437017131344,0.5623610445093509,0.5284314168285082,0.44873018903952644,0.3652231655836456,0.491876583693546,0.39340670285344354,0.36969512812721567,0.4062711599562477,0.306799799185586,0.25661961973638164,0.35443656807626495,M
Kentucky,0.0,0.015838656881896417,0.0,0.0,0.010917745703867065,0.0,0.01471825063078217,0.0,0.0,0.0,0.0,0.0,0.01057440148887573,0.0,0.0,0.0,0.0,0.0,0.0,0.0,0.0,0.0,0.0,0.0,0.0,0.0,0.009492018794197213,0.0,0.0,0.0,0.0,0.0,0.0,0.0,0.0,0.0,0.0,0.0,0.011038745998454575,0.0,0.0,0.010193887744908153,0.027235968238670884,0.014277846900687376,0.01817998182001818,0.03141558631955935,0.0337802174601499,0.04861878453038674,0.05501306560308073,0.06249566002360948,0.08332143027186592,0.08104500381388254,0.08500510030601836,0.1338530903625775,0.1731075138018153,0.2277476462163368,0.22412878970453556,0.2819642678910071,0.3077699293642785,0.3112540192926045,0.40366402732494955,0.39826212889210716,0.45634005024867963,0.619920816836841,0.5971143743112683,0.7193673798630029,0.76480798437839,0.6939341987100988,0.7144433410570451,0.690630720585788,0.6681330767115755,0.6089831909616974,0.6748572417373249,0.6839615535267709,0.6264983218794951,0.5895333135724401,0.5228314377864539,0.5251701620426356,0.44638112445530875,0.40517766861486604,0.39132379248658317,0.39439259635284474,0.3467778557569252,0.2756957008701646,M
Louisiana,0.0,0.0,0.0,0.0,0.0,0.0,0.0,0.0,0.0,0.0,0.0,0.0,0.0,0.0,0.0,0.0,0.0,0.0,0.0,0.0,0.0,0.0,0.0,0.0,0.0,0.0,0.0,0.0,0.0,0.0,0.0,0.0,0.0,0.0,0.0,0.0,0.009974266392706817,0.0,0.0,0.01897893338394382,0.014591845243058451,0.03512263653924955,0.027182882550531036,0.034889913142479384,0.040164149131231994,0.07413537464225371,0.07185348572956354,0.08204707450899953,0.06427740041346004,0.09486166007905138,0.11178388448998602,0.14040777582217653,0.15647882520512768,0.253144049089694,0.2384062027074652,0.29577673082204803,0.31252770635694654,0.33750982477229646,0.37020120675977786,0.3455169179890915,0.4491973150251397,0.4427368260349609,0.5895017428747181,0.5696530295183843,0.6597698722685528,0.7008892705765022,0.7626853353823387,0.6904422253922967,0.7122589611442469,0.6675690641727681,0.6552766224828701,0.5272980418876085,0.6378146292896923,0.5429778045914965,0.525940755318788,0.48264530704456765,0.43557921664880556,0.49272882805816937,0.4786313181031264,0.4222282756742032,0.38378930319354954,0.33687876149740714,0.3955600403632694,0.2765133789934913,M
Maine,0.0,0.0,0.0,0.0,0.0,0.0,0.0,0.0,0.0,0.0,0.0,0.0,0.0,0.0,0.0,0.0,0.0,0.0,0.0,0.0,0.0,0.0,0.0,0.0,0.0,0.0,0.0,0.0,0.0,0.0,0.0,0.0,0.0,0.0,0.0,0.0,0.0,0.0,0.0,0.0,0.07593014426727411,0.0,0.04861448711716091,0.046845721424109935,0.077724234416291,0.10809976063624431,0.16182476689527625,0.13018839025884515,0.09110925518183889,0.10673172219257453,0.139426800929512,0.13154840207382187,0.1537633581917429,0.2679767753461367,0.24774774774774774,0.2958579881656805,0.34496919917864477,0.5441460417763735,0.5241861320581203,0.4676083779834389,0.696656050955414,0.6572959854383659,0.7041534850494948,0.8604407135362014,0.744205826068467,0.8950194798357377,0.7029306802206121,0.7972913936216689,0.9982638888888888,0.62625810780586,0.8018068887634104,0.5948295584534431,0.8918617614269788,0.5894413121476166,0.5301073807258394,0.6583555119764672,0.41535376682898884,0.45608356627924085,0.6131207847946045,0.40848389630793397,0.39326726443290855,0.5196604884808591,0.6265664160401002,0.31990967256304104,M
Maryland,0.0,0.0,0.0,0.0,0.019049796167181013,0.0,0.0,0.0,0.0,0.0,0.0,0.0,0.0,0.0,0.0,0.0,0.0,0.0,0.0,0.0,0.0,0.0,0.0,0.0,0.0,0.0,0.0,0.0,0.0,0.0,0.0,0.0,0.0,0.0,0.0,0.0,0.0,0.0,0.0,0.0,0.0,0.0,0.0,0.012883609472029683,0.02483484825907714,0.028839914441587157,0.022674708629994104,0.0313507703332139,0.024061597690086624,0.02523871619063644,0.02277196977538557,0.03819786494039123,0.034925008246182505,0.03898925010675628,0.05078351712130006,0.09086525980046731,0.08675033254294141,0.10331415606514868,0.13007660066483598,0.1332346410066617,0.17937025911438637,0.20187066819191168,0.2261075913944794,0.2467123876779611,0.2719450760108778,0.3836141937251678,0.39322723908216134,0.3613718493602127,0.3849810988195459,0.4015318556342114,0.3898057809793016,0.4136029411764706,0.4643050743595183,0.4894004229993606,0.5138021358049567,0.546672484151631,0.5856172405715624,0.569482143807547,0.6131593428189608,0.6044162681996453,0.5514047034821207,0.5306122448979592,0.4532037329675899,0.5290338833606247,M
Massachusetts,0.0,0.0,0.0,0.0,0.0,0.0,0.0,0.0,0.0,0.0,0.0,0.0,0.0,0.0,0.0,0.0,0.0,0.0,0.0,0.0,0.0,0.0,0.0,0.004660483758214103,0.005627989869618235,0.0,0.0,0.0,0.0,0.0,0.0,0.0,0.0,0.0,0.007132837204878861,0.0,0.008835092989353713,0.009481219284800025,0.013134563604124254,0.023732433761082198,0.017484657213295333,0.01703490451936017,0.015186028853454821,0.018135056713268267,0.014462477904547645,0.020510555047174275,0.026252393600592994,0.04151036221634585,0.03002101471029721,0.05897413768303558,0.036098476644285615,0.03509018176714155,0.03851868156055687,0.03303339015076439,0.025043496599356774,0.03643702001233253,0.07275528545750234,0.06696129637069774,0.08057527707253295,0.09667108443127778,0.0845861661719174,0.11445389143230869,0.14430251053572307,0.1486157031693551,0.11903763936625031,0.20346401764494673,0.2232454304450956,0.23379080184891043,0.2441370126507361,0.30362806528970376,0.27318077440810834,0.29776976522778376,0.3120848533412057,0.3617194909459847,0.35444669489965014,0.40525915862672407,0.41822220121922404,0.4662840746054519,0.4222731176638992,0.3609491988391093,0.4078505042515325,0.3825515417597371,0.3814569536423841,0.4374405651406059,M
Michigan,0.0,0.0,0.0,0.0,0.0,0.0,0.0,0.0,0.0,0.0,0.0,0.0,0.0,0.0,0.0,0.0,0.0,0.0,0.0,0.0,0.0,0.0,0.0,0.0,0.0,0.0,0.0,0.0,0.0,0.0,0.0,0.0,0.0,0.0,0.0035332442955770846,0.005322182094658809,0.0,0.008039949616315737,0.009172208209126348,0.014242038700366496,0.021170334587515275,0.030222547852367432,0.030067241285055668,0.03165447383230163,0.030374825344754268,0.054044954770574735,0.055665789780838394,0.050427701617421834,0.04782136879471758,0.05513227226304421,0.0767395846816694,0.0893150085669498,0.08090019857321468,0.11903928296337792,0.14148176265571621,0.17126665590645793,0.20494525305045827,0.25261921080975225,0.25558137185574303,0.27157513578756787,0.3244577300724445,0.34713612695264073,0.3995371482217322,0.39139378439984435,0.41500664010624166,0.5088475291097461,0.5494111745455413,0.5215656583865114,0.5523440944496154,0.5338777787640919,0.4836207683182772,0.5389455530255055,0.553307693407489,0.6332835753381282,0.6218458509757355,0.504156525587129,0.5062758799171843,0.4719145310349348,0.4489483872017177,0.45035204758944025,0.39313056072832603,0.38595346814524895,0.365499830438223,0.3443676971156717,M
Minnesota,0.0,0.0,0.0,0.0,0.0,0.0,0.0,0.0,0.0,0.0,0.0,0.0,0.0,0.0,0.0,0.0,0.0,0.0,0.0,0.0,0.0,0.0,0.0,0.0,0.0,0.0,0.0,0.0,0.0,0.0,0.0,0.0,0.0,0.0,0.0,0.0,0.0,0.0,0.010649627263045794,0.01045347159791767,0.029131466145074704,0.039042673642291026,0.032385887373314035,0.03981972524389582,0.043302790431815424,0.05338660512855839,0.06873560848197409,0.1078380272830209,0.06734364754461517,0.06578362521112988,0.09548642990928789,0.10861830031087306,0.11307813513764019,0.134369552585706,0.12766035051884814,0.1880644260310958,0.2090551866978959,0.20762887821083229,0.25814258344257335,0.258743009765462,0.2840311382284873,0.28118180292093337,0.333305027173913,0.3398903853507244,0.3691515841876556,0.43406901913358964,0.43430349387437606,0.5316650296792927,0.5160674790754153,0.4810121021766347,0.45459488852637303,0.46721624474943285,0.454194273406223,0.47056516837409934,0.5863956215793589,0.5108456460232631,0.46756756756756757,0.4598639455782313,0.5210787438676239,0.4751996400854797,0.3894669534383538,0.3657149881680445,0.3859772241538805,0.3857024106400665,M
Mississippi,0.0,0.0,0.0,0.0,0.0,0.0,0.0,0.0,0.0,0.0,0.0,0.0,0.0,0.0,0.0,0.0,0.0,0.0,0.0,0.0,0.0,0.0,0.0,0.0,0.0,0.0,0.0,0.0,0.0,0.0,0.0,0.0,0.0,0.0,0.0,0.0,0.0,0.0,0.0,0.0,0.0,0.0298804780876494,0.0,0.030116450274394323,0.03154872700886519,0.04899559039686428,0.065034305596202,0.04439132661772239,0.06918021445866482,0.11687621746059855,0.08776420683098077,0.0876257238646754,0.1027866605756053,0.21435434991499744,0.1748121699025515,0.273224043715847,0.20964360587002098,0.2779506326488281,0.4024230101241157,0.3717146980364717,0.43885445414649593,0.4675442578302315,0.5311788599741106,0.5187241206716112,0.5707297187117816,0.673352435530086,0.7669902912621359,0.7447626369402268,0.7174366183528044,0.7024361082050515,0.7134140617666385,0.7797270955165692,0.6744868035190617,0.7640778731421394,0.681909346169274,0.6663602941176471,0.6296924194720271,0.6020832078993317,0.4467519922723979,0.5173778075354556,0.4908522980812137,0.34453057708871665,0.4440127653670043,0.4054851076378649,M
Missouri,0.0,0.0,0.0,0.0,0.0,0.0,0.0,0.0,0.0,0.0,0.0,0.0,0.0,0.0,0.0,0.0,0.0,0.0,0.0,0.0,0.0,0.0,0.0,0.0,0.0,0.0,0.0,0.0,0.0,0.0,0.0,0.0,0.0,0.0,0.0,0.0,0.0,0.012262200889885435,0.01204135344812757,0.02282103045729834,0.024395343974350038,0.04952947003467063,0.03823011203085004,0.06305567816381864,0.06445078722032963,0.09756865213628137,0.15096238520568625,0.12433052792654935,0.11628658182053105,0.14287060005652025,0.14677182626086677,0.20626258689014487,0.20724889145941777,0.31196601294894105,0.32364493322859383,0.2941881845071549,0.30578484777595827,0.4204971058903643,0.39954940683634316,0.4441907344310256,0.5599425699928212,0.4419008982903506,0.5711998835770938,0.5741769508966854,0.6358381502890174,0.6323135349796618,0.5944387392369066,0.5620969173421692,0.5774038652327473,0.5282958456735772,0.589655308876489,0.5197840277218149,0.5233210117539561,0.6016556509518896,0.5309124339232361,0.4619590836240218,0.4697677797418699,0.4619222883679569,0.4085110648855918,0.33831406822667043,0.3708184304649695,0.2626358581766366,0.23237800154918667,0.2593281874485157,M
Montana,0.0,0.0,0.0,0.0,0.0,0.0,0.0,0.0,0.0,0.0,0.0,0.0,0.0,0.0,0.0,0.0,0.0,0.0,0.0,0.0,0.0,0.0,0.0,0.0,0.0,0.0,0.0,0.0,0.0,0.0,0.0,0.0,0.0,0.0,0.0,0.0,0.0,0.0,0.0,0.0,0.0,0.1273074474856779,0.05310674455655868,0.0902346099859635,0.10991207034372502,0.09906875371507827,0.19355463079454177,0.1801441152922338,0.18,0.15957446808510636,0.1611232592933594,0.21616428485649095,0.2713178294573643,0.29642995231344244,0.2251953901178964,0.36427415002698327,0.3552397868561279,0.3494060097833683,0.39164490861618795,0.5539751459799371,0.43437790878063914,0.5802101301552455,0.7418158361554588,0.5578342904019689,0.6761107533805538,0.7729793312048395,0.9089378892442349,0.6903353057199211,0.6681142475363288,0.5638134290107637,0.6277160791887977,0.6434134778191669,0.5914160189253126,0.775473399458972,0.8055657268399854,0.6239364719228588,0.693507994606049,0.4999038646414151,0.5212355212355213,0.5079117015042001,0.43032786885245905,0.37511032656663723,0.3024662633783155,0.45977011494252873,M
Nebraska,0.0,0.0,0.0,0.0,0.0,0.0,0.0,0.0,0.0,0.0,0.0,0.0,0.0,0.0,0.0,0.0,0.0,0.0,0.0,0.0,0.0,0.0,0.0,0.0,0.0,0.0,0.0,0.0,0.0,0.0,0.0,0.0,0.0,0.0,0.0,0.0,0.0,0.0,0.0,0.0,0.06770833333333334,0.03948277563912743,0.04436338541923399,0.03314080106050563,0.040665100307247425,0.14029053717699236,0.09633469425202991,0.07986845196147521,0.09420631182289213,0.18412636883418937,0.12720056985855296,0.13224714346170122,0.16493748337323755,0.2743484224965706,0.20079260237780713,0.24509803921568626,0.31787478004200487,0.3338018271257906,0.38882574624633603,0.4736250074003907,0.44304181586453845,0.4884899554252916,0.5595867666953633,0.5570685813320129,0.6428528109648857,0.655840099937539,0.6494309747649678,0.5778570111268212,0.6130790190735695,0.6812683051063289,0.5937717137262334,0.5540880097931834,0.5822903420119135,0.6544502617801047,0.5451197053406998,0.5164426217057796,0.4233048564611714,0.402975821450713,0.41341295360587965,0.2682022560542715,0.36989385654551304,0.17851071064263857,0.386204418897072,0.32221379833206976,M
Nevada,0.0,0.0,0.0,0.0,0.0,0.0,0.0,0.0,0.0,0.0,0.0,0.0,0.0,0.0,0.0,0.0,0.0,0.0,0.0,0.0,0.0,0.0,0.0,0.0,0.0,0.0,0.0,0.0,0.0,0.0,0.0,0.0,0.0,0.0,0.0,0.0,0.0,0.0,0.0,0.0,0.0,0.0,0.06858710562414265,0.0,0.0,0.1633486472690148,0.0,0.0,0.0,0.046952765517889,0.06322254335260116,0.07727975270479134,0.08048289738430583,0.04450048208855596,0.10879912960696314,0.11072033346359254,0.12518943137642485,0.14653966562312662,0.13841701270919843,0.1101591187270502,0.15982951518380392,0.15769185842775377,0.1834862385321101,0.21289371690594466,0.18807794786061335,0.2709885872114232,0.3007442144968906,0.3164398010949822,0.2663180321518497,0.2879167827621436,0.2688172043010753,0.31567567567567567,0.3177088129662031,0.3563061304178055,0.33027144184126334,0.4471260033399774,0.37446995979954845,0.4027141832625365,0.34467666046613415,0.3464393731097058,0.2774789059403137,0.2809975412715139,0.42204416172242953,0.23895634203048308,M
New Hampshire,0.0,0.0,0.0,0.0,0.0,0.0,0.0,0.0,0.0,0.0,0.0,0.0,0.0,0.0,0.0,0.0,0.0,0.0,0.0,0.0,0.0,0.0,0.0,0.0,0.0,0.0,0.0,0.0,0.0,0.0,0.0,0.0,0.0,0.0,0.0,0.048039969254419675,0.0,0.0,0.0,0.06699419383653417,0.0,0.0,0.08008809690659725,0.07776049766718507,0.044879274750920024,0.053485469780709574,0.07813178227276674,0.08893632159373889,0.10418475429762111,0.04835589941972921,0.0633813975598162,0.06663211668023987,0.10122921185827911,0.1332491759590434,0.12963629816348576,0.10198478073272144,0.17203244040304744,0.21327418529261216,0.23744613490458183,0.33839400036583134,0.24278644131104676,0.3469545104086353,0.29931447330308003,0.46756864305610824,0.49706730291281437,0.5818035911325108,0.5979997937931745,0.5607476635514018,0.5518533944189921,0.4735256134309083,0.5051059624464697,0.5328798185941043,0.49111318989710007,0.6178178672927221,0.6668376506796614,0.6396031849627986,0.6629834254143646,0.5229837599779796,0.47516198704103674,0.59610351846467,0.5538922155688623,0.662774183367524,0.44146500981033354,0.4350736278447122,M
New Jersey,0.0,0.0,0.0,0.0,0.0,0.0,0.0,0.0,0.0,0.0,0.0,0.0,0.0,0.0,0.0,0.0,0.0,0.0,0.0,0.0,0.0,0.0,0.0,0.0,0.0,0.0,0.0,0.0,0.0,0.0,0.0,0.0,0.0,0.0,0.0,0.0,0.0,0.0,0.0,0.010082387509362217,0.0,0.0,0.008671272075613494,0.009883515707730321,0.0,0.009755689657575293,0.009456520270726666,0.010776442696265962,0.013261368307982017,0.014048172460473551,0.012377463115159916,0.019139900711765058,0.012744757270304717,0.010972491962649636,0.018798447469397236,0.019423465831838488,0.02096948939293328,0.0349292381812707,0.04040601927244677,0.045067601402103155,0.05511619262468437,0.06692649895673398,0.056653491436100135,0.07647106174032037,0.0819110794806032,0.08754770666046537,0.11691241197183098,0.11983636138238819,0.10323128049211623,0.13680487840374903,0.13829020346313978,0.1602852178081371,0.1889644746787604,0.2042216703698863,0.25498853407262895,0.2672769198518622,0.3074433656957929,0.2989942919271541,0.3059986601242101,0.36157404008516264,0.34315666421554764,0.3768307369566062,0.3402250719706883,0.33479322833319297,M
New Mexico,0.0,0.0,0.0,0.0,0.0,0.0,0.0,0.0,0.0,0.0,0.0,0.0,0.0,0.0,0.0,0.0,0.0,0.0,0.0,0.0,0.0,0.0,0.0,0.0,0.0,0.0,0.0,0.0,0.0,0.0,0.0,0.0,0.0,0.0,0.0,0.0,0.0,0.0,0.0,0.03253302101633158,0.03745318352059925,0.04274026132616925,0.029130738755534843,0.02845435920783064,0.03125976867771178,0.05249619402593312,0.06050216799435314,0.07048280722952223,0.04585052728106373,0.06098800569221387,0.06707946336429309,0.0927070457354759,0.1038961038961039,0.09377442042198489,0.12114827495391099,0.13162051174054964,0.1326893476991667,0.16630901287553648,0.15579790785666592,0.1969302056183029,0.17968931138418734,0.27596136540884275,0.3219843777950033,0.25362318840579706,0.31061688513387586,0.33193461514373396,0.40511062636335304,0.3725923586990843,0.37523452157598497,0.3712092613564867,0.3092719737737366,0.39489109643980996,0.3570290086069493,0.4513437735074882,0.43456217860505536,0.42302462607644653,0.6912442396313364,0.5227903937265153,0.44891512178900983,0.5074832272492689,0.5261700360011078,0.44078754040552454,0.42202996412745303,0.3313818623660665,M
New York,0.0,0.0,0.0,0.0,0.0,0.0,0.0,0.0,0.0,0.0,0.0,0.0,0.0,0.0032559502490801945,0.0,0.0,0.0,0.0,0.0021800820437542466,0.001734418848276508,0.0,0.0015958431477686922,0.0,0.0,0.0,0.001872711780293454,0.0021999849143891585,0.0025171955923905176,0.002272011736563485,0.002974882078979814,0.0032793814357860674,0.0,0.0,0.003870658089288341,0.003831050665645053,0.0034833950910254682,0.004443566702873506,0.0037152622975182045,0.0063952589813418325,0.005461198186882202,0.008831874234110906,0.010404573631524763,0.009565877950651324,0.013968431345159939,0.014888747966583033,0.01845178656709938,0.016004353184066067,0.025929218525103718,0.026408218237515515,0.03032218607543543,0.027511297463356482,0.032350057483563684,0.03462840309412098,0.03893706616417021,0.04359784237060949,0.05511041251341818,0.052743655973342275,0.06680742123354039,0.07314486340196759,0.07648909623521753,0.08851802779578835,0.09728880709856647,0.13854597772606975,0.12919194663285943,0.1468606274514544,0.18973663047848813,0.2117270056842025,0.22351957854212048,0.20944377439728176,0.2048466996920605,0.19608501494140954,0.24786227186931142,0.25079592874609,0.25301118950894447,0.2508887165908392,0.30476900149031294,0.31121745846647786,0.3278612645416114,0.3235110695353913,0.35528486232711587,0.3008482935490235,0.3025420387733763,0.312300885749926,0.3244701421443326,M
North Carolina,0.0,0.0,0.0,0.008939266622566285,0.0,0.009805684028174999,0.014655593551538837,0.0,0.0,0.007997952524153817,0.007795325922576823,0.009522902580706599,0.0,0.0,0.009565106491518939,0.0,0.007099146682568755,0.0,0.0,0.0,0.0,0.0,0.0,0.005171914435847573,0.0,0.0,0.0,0.0,0.0,0.0,0.0,0.0,0.0,0.0,0.0,0.0,0.007079746261893973,0.0,0.0,0.027683689421573735,0.008213147606688787,0.011038745998454575,0.02267353350824345,0.025506950644050504,0.028137749917931564,0.04074532604096472,0.04284817971750807,0.07481063557869144,0.05455454696994954,0.07328691828508611,0.08064870888748772,0.09491026022410154,0.12365524916532708,0.1859823901988581,0.19820074904438925,0.25363092695429307,0.2904553156012156,0.34931813100827186,0.3875261509947909,0.39492242595204513,0.5069233226393345,0.4949544806405616,0.5568761518121845,0.5088316747717546,0.5863498766248633,0.6706104003899818,0.6615259197883117,0.6985721345853313,0.7124811185819888,0.6452897829117706,0.6454694499309348,0.6085739597108631,0.5875857717485606,0.6396617943687657,0.6546334635796349,0.5729081412478981,0.5830770636056389,0.5882987078989113,0.5249263729723956,0.48271926713036506,0.4556529443407271,0.4684031857944902,0.40867275400978076,0.42764617159080826,M
North Dakota,0.0,0.0,0.0,0.0,0.0,0.0,0.0,0.0,0.0,0.0,0.0,0.0,0.0,0.0,0.0,0.0,0.0,0.0,0.0,0.0,0.0,0.0,0.0,0.0,0.0,0.0,0.0,0.0,0.0,0.0,0.0,0.0,0.0,0.0,0.0,0.0,0.0,0.0,0.0,0.0,0.0,0.0,0.0,0.0,0.0,0.07739189319918738,0.0,0.11787819253438114,0.07112375533428165,0.10302905419328251,0.09940357852882703,0.14959723820483314,0.0,0.14869888475836432,0.1321353065539112,0.24596884394643345,0.22528865108420162,0.24467472654001152,0.19440705847166143,0.27096191479753123,0.22085502445180627,0.40420371867421184,0.36300777873811585,0.5803409503083061,0.3008084226358338,0.5024154589371981,0.7392996108949416,0.6493506493506493,0.5101076894010957,0.4525740147086555,0.6077872744539411,0.47728140511645667,0.5791505791505791,0.6637168141592921,0.6385950908002395,0.6715506715506716,0.5038759689922481,0.5657175183858194,0.3807796917497734,0.7114772514510391,0.431924882629108,0.39094650205761317,0.40992448759439054,0.4666355576294913,M
Ohio,0.0,0.0,0.0,0.0,0.0,0.0,0.0,0.0,0.0,0.0,0.0,0.0,0.0,0.0,0.0,0.0,0.0,0.0,0.0,0.0,0.0,0.0,0.0,0.0,0.0024270666472501336,0.0,0.0,0.0,0.0,0.0,0.0,0.0,0.0,0.0,0.0,0.0,0.006340796685876933,0.003728783223458521,0.011909281051589516,0.0037830639791780157,0.01781399095359068,0.014230823964707557,0.012815390530180245,0.019570890113076254,0.024856718771083825,0.03225436509074228,0.03936146949486114,0.04525535333117113,0.04368160627810121,0.07146403478417862,0.07233161738113376,0.0806005895357406,0.09799343137780296,0.1385838697463082,0.16575165751657517,0.19885544271900663,0.19834057684709602,0.25940018820833843,0.25928404148544665,0.30857319184681054,0.38707402019133275,0.3920059427384927,0.45572148336435025,0.4373578816107973,0.47133979480702526,0.5433698429737149,0.5225812166005649,0.546361076002906,0.5605723953768066,0.5497319273016105,0.5234719779235962,0.5721331155838677,0.5211492238919964,0.5251295122785901,0.5405001494470459,0.5340283367189197,0.47991027764374483,0.4969746503381273,0.5116445528412178,0.48621485807415454,0.41812237796579255,0.33811098860712974,0.34871449765229495,0.37590965316711916,M
Oklahoma,0.0,0.0,0.0,0.0,0.0,0.0,0.0,0.0,0.0,0.0,0.0,0.0,0.0,0.0,0.0,0.0,0.0,0.0,0.0,0.0,0.0,0.0,0.0,0.0,0.0,0.0,0.0,0.0,0.0,0.0,0.0,0.0,0.0,0.0,0.0,0.0,0.0,0.0,0.019159535061949163,0.028723709826700285,0.031238285642883917,0.06296662768732572,0.05388414907947912,0.05801585766776252,0.0600177443765983,0.10823055625471935,0.1044504995458674,0.14297098392162377,0.13256738842244808,0.15845867498365107,0.17850006660450246,0.22761544370785558,0.22868721956867855,0.3693065244152647,0.3517204994431092,0.4882090126342575,0.41965697603697844,0.5742049469964664,0.5695424244385476,0.657354149548069,0.6438124315534464,0.6596221581812359,0.7710613993336507,0.7321835340058575,0.6965818888708893,0.8398123544270577,0.8954332902198787,0.8177765861179073,0.7619370132069082,0.6393818169384894,0.6555062525211779,0.5707338489075006,0.6526905750062076,0.5257814199724418,0.5946935041171089,0.5466212469302068,0.3958156629912355,0.4184267155495337,0.366255646441216,0.40829793376500184,0.3216813210379584,0.35431621571875577,0.3006060606060606,0.3427811316893482,M
Oregon,0.0,0.0,0.0,0.0,0.0,0.0,0.0,0.0,0.0,0.0,0.0,0.0,0.0,0.0,0.0,0.0,0.0,0.0,0.0,0.0,0.0,0.0,0.0,0.0,0.0,0.0,0.0,0.0,0.0,0.0,0.0,0.0,0.0,0.0,0.0,0.0,0.02787622954083868,0.06463079657456779,0.05745365405239773,0.07083473138724229,0.08577248847432187,0.08711093242201896,0.10224948875255625,0.0749108560812633,0.05795925464398528,0.11034963410384482,0.1517773123273533,0.16234273047984762,0.0992648199274126,0.158624409124076,0.12588766946417043,0.1695357329160146,0.13121679574985598,0.2055088644868413,0.15978695073235685,0.2588490248013484,0.24731049833065416,0.20859012041338768,0.3545759463344514,0.34118809986926435,0.33685933761491,0.4128899067772008,0.42977206163249715,0.4281682831100587,0.4731656728026964,0.48175035964002544,0.5314827352742045,0.5782290055805822,0.5118867665246668,0.5106471671240491,0.4323404255319149,0.4421167188137668,0.4151144225651942,0.4165572109430705,0.4904697344285829,0.5031086387434555,0.46409480793933616,0.34661321306272447,0.4097161252560726,0.3842832469775475,0.352741366546183,0.3192788055216452,0.33725140108118834,0.34433138040908623,M
Pennsylvania,0.004684687096364014,0.0,0.002925088483926639,0.0,0.0,0.0,0.0,0.003410098438174915,0.0035382574082264483,0.0,0.0,0.0,0.0,0.0,0.0,0.0037178867531694982,0.0,0.0,0.0024940143655227454,0.0,0.0,0.0027197316531435566,0.0,0.0,0.0,0.0,0.0,0.0,0.002529161228970024,0.0,0.0,0.0,0.0,0.0,0.0,0.0,0.0,0.003840511248857448,0.006223888841345293,0.00560955868800436,0.009651578033008396,0.014855239599377644,0.018119938234645323,0.013703531704643213,0.024861191679787852,0.03430148018343835,0.03401939105290015,0.027910836193565422,0.0410555846999521,0.04429396175704387,0.049131506145217614,0.06636100386100385,0.06048116123829577,0.07599006283793658,0.11191453798917189,0.1188474044175356,0.11460469177574902,0.14408525983643505,0.1440502260672623,0.15400188609051504,0.1714203658164456,0.2070802624271689,0.23196167917625315,0.26639579899574534,0.27333527188136086,0.3361799917711166,0.38804930990703196,0.36426341244413607,0.3613835828600929,0.3877042370534478,0.39141239081514034,0.39783662892594857,0.42378537106246666,0.4373679860409587,0.48171509652187394,0.47839936051933585,0.4846207101176936,0.49406115744250695,0.4503711158636307,0.45505080538821524,0.43792687826436316,0.43819252560774785,0.4557964788629844,0.3799231071958345,M
Rhode Island,0.0,0.0,0.0,0.0,0.0,0.0,0.0,0.0,0.0,0.0,0.0,0.0,0.0,0.0,0.0,0.0,0.0,0.0,0.0,0.0,0.0,0.0,0.0,0.0,0.0,0.0,0.0,0.0,0.0,0.0,0.0,0.0,0.0,0.0,0.0,0.0,0.0,0.0,0.0,0.0,0.0,0.0,0.0,0.0,0.0,0.0,0.0,0.0,0.0,0.0,0.0,0.0449842555105713,0.0,0.0517063081695967,0.0,0.0,0.0,0.0,0.058027079303675046,0.0608149199270221,0.16922263352723427,0.13233348037053375,0.18550851156700132,0.17981568891885816,0.21699406121516673,0.16317016317016317,0.32490136922719887,0.4029472714713332,0.31918666509043625,0.20698892000487035,0.3062787136294028,0.28780743066457354,0.3929273084479371,0.513595166163142,0.42194092827004215,0.42897998093422307,0.5940912010276171,0.5178750417641163,0.411240575736806,0.5325545438928019,0.6137120813606874,0.7346016198907516,0.3530103941949402,0.41305245766212306,M
South Carolina,0.0,0.0,0.0,0.0,0.0,0.0,0.0,0.0,0.026567481402763018,0.0,0.014203334943044627,0.0,0.0,0.0,0.019718309859154928,0.0,0.0,0.0,0.0,0.0,0.008883045818750334,0.0,0.0,0.0,0.0,0.0,0.0,0.0,0.0,0.0,0.0,0.0,0.0,0.0,0.0,0.0,0.0,0.0,0.0,0.015273238231969943,0.0,0.017710608654584094,0.0,0.0,0.017114007815396903,0.037132247929163094,0.028608210556429696,0.054997539583755466,0.052547073419938695,0.05133323827178098,0.07705039666685691,0.07870032042273316,0.11712472421213194,0.15543236101756386,0.18268834911486206,0.24045605598033123,0.1818945011893102,0.2686346863468635,0.318759961248789,0.38275649550747676,0.4661776691116544,0.4936026498668572,0.47631225624960044,0.5433392994119152,0.5143536824508953,0.6115713176287859,0.7122554756729644,0.7364787111622554,0.6798718703013662,0.5900378145781718,0.6416386463892403,0.6633447524135783,0.6281838922398975,0.7560433730145572,0.6649867002659947,0.6182434819472903,0.6108139366777504,0.590852724487563,0.5287747636811416,0.5155387743247167,0.4623191129486938,0.47070922827419803,0.45510455104551045,0.4723404255319149,M
South Dakota,0.0,0.0,0.0,0.0,0.0,0.0,0.0,0.0,0.0,0.0,0.0,0.0,0.0,0.0,0.0,0.0,0.0,0.0,0.0,0.0,0.0,0.0,0.0,0.0,0.0,0.0,0.0,0.0,0.0,0.0,0.0,0.0,0.0,0.0,0.0,0.0,0.0,0.0,0.0,0.0,0.0,0.0,0.0,0.0,0.0,0.07355259010192287,0.051808102787275934,0.05327650506126798,0.07571660356949703,0.11217049915872125,0.07037297677691766,0.15308525671219972,0.15939185875429132,0.24810817516437164,0.29077117572692796,0.29385460585153955,0.2976190476190476,0.43537414965986393,0.43145441892832287,0.6163990825688074,0.5492058779872346,0.3424124513618677,0.6312135079690705,0.6889161053276179,0.7237053715020907,0.6429834431763382,0.819672131147541,0.7608695652173914,0.6724003127443314,0.5362776025236593,0.6469938456682973,0.6417455478902615,0.5806237558062376,0.742147048671039,0.5406379527842855,0.5266981474754813,0.4936917169500823,0.5761613251710479,0.7020136707925365,0.5107832009080591,0.5117102932493603,0.5102040816326531,0.5188067444876783,0.428603654410106,M
Tennessee,0.0,0.0,0.0,0.0,0.0,0.0,0.0,0.0,0.0,0.0,0.0,0.0,0.0,0.0,0.0,0.0,0.0,0.0,0.0,0.0,0.0,0.0,0.0,0.0,0.0,0.0,0.0,0.0,0.0,0.0,0.0,0.0,0.0,0.0,0.0,0.0,0.0,0.009394258229370208,0.0,0.015729453401494297,0.017777777777777778,0.014888706915804363,0.029743094025355986,0.04159508092955964,0.02671511006625347,0.0690256484778028,0.07576850916438158,0.11030222810500773,0.09873507330613461,0.11879740473361966,0.11927169719897875,0.1640599365634912,0.1802311199067039,0.2214417936785288,0.28101300108342364,0.37653824430485905,0.37663133923097136,0.4646258868099859,0.42299213162941585,0.5443136403913271,0.563431151241535,0.539627166684836,0.6068348770360907,0.6621693591336766,0.6716523711632523,0.7567863997806415,0.7964767616191905,0.7694027348261858,0.6752207092623074,0.718873702292927,0.7161410018552875,0.6448768119936064,0.628174284950548,0.6246300189838535,0.641025641025641,0.5842558425584256,0.5656208572691118,0.5113764361342645,0.538418395961862,0.4614445022506729,0.4257210357652453,0.3868704344482891,0.35969425987910275,0.3282841337951714,M
Texas,0.0,0.0,0.0,0.0,0.0,0.0,0.0,0.0,0.0,0.0,0.0,0.0,0.0,0.0,0.0,0.0,0.0,0.003057206447036955,0.0,0.0,0.0,0.0,0.0,0.0,0.0,0.0,0.0,0.0,0.0,0.0,0.004225012071463061,0.0,0.0,0.0027928124179611353,0.0,0.004335361921432404,0.0,0.0029893400135118167,0.012414355724495889,0.0170895847820194,0.021607101144592387,0.025795887238325956,0.027760540840654498,0.037106883072653245,0.039446805513160675,0.05484543559060829,0.053387294684950376,0.056339004793149176,0.06490743168600277,0.08027031343245947,0.07451850400909552,0.09321125852621676,0.1113318343556943,0.13146456665938688,0.14256687264304768,0.1551328746796169,0.19354783821953003,0.205709181328993,0.23230515188682926,0.23722936951732948,0.29852669558867745,0.28992000275704016,0.3226521409269536,0.3496165563609623,0.37860977434693904,0.41853623871026385,0.44089246825820766,0.4361733061936609,0.428255890052356,0.40470043548393714,0.40617351539353347,0.42979942693409745,0.41889318837909223,0.457921105769637,0.4558629659057114,0.43679755283137595,0.471847213123766,0.4417907737014166,0.3991766980602507,0.39613809764892927,0.401167700951052,0.37153248584113685,0.38033019345690267,0.3675111788988199,M
Utah,0.0,0.0,0.0,0.0,0.0,0.0,0.0,0.0,0.0,0.0,0.0,0.0,0.0,0.0,0.0,0.0,0.0,0.0,0.0,0.0,0.0,0.0,0.0,0.0,0.0,0.0,0.0,0.0,0.0,0.0,0.0,0.0,0.0,0.0,0.0,0.0,0.0,0.0,0.0,0.0,0.047619047619047616,0.044522072673721706,0.0269414696571698,0.047463848368825744,0.06532694580974305,0.09847835064646271,0.08750820389411508,0.10583410504034925,0.07533214628133132,0.08210180623973727,0.11065619121389841,0.10408635312259058,0.11101753311385039,0.14169730392156862,0.15958053117519663,0.1826945502604369,0.24966391396197427,0.2118888931694726,0.27396232079861893,0.3001683871440076,0.36852449810473115,0.31843790460860133,0.41371358811760317,0.45064592582701873,0.46352608567014036,0.4333409934013985,0.5762281472800078,0.4562663819046695,0.5095582746421732,0.5212380212380212,0.4586133316347655,0.4461460574610809,0.38880498698627936,0.47343324250681196,0.4769076305220884,0.33274179236912155,0.42050232981020574,0.39679482240542413,0.3943705536653263,0.40666301712676933,0.36088054853843377,0.29140974744488557,0.28605908908058825,0.3017142857142857,M
Vermont,0.0,0.0,0.0,0.0,0.0,0.0,0.0,0.0,0.0,0.0,0.0,0.0,0.0,0.0,0.0,0.0,0.0,0.0,0.0,0.0,0.0,0.0,0.0,0.0,0.0,0.0,0.0,0.0,0.0,0.0,0.0,0.0,0.0,0.0,0.0,0.0,0.0,0.0,0.0,0.0,0.0,0.10004001600640257,0.15360983102918588,0.0,0.12048192771084339,0.22413793103448273,0.11832319134550372,0.0844451950684006,0.1688333614722269,0.18410041841004182,0.15100671140939598,0.17035775127768313,0.29025098173126174,0.21462770348357274,0.28542646071188715,0.21497671085632392,0.32105760151085927,0.4130605822187254,0.3579240405647246,0.5120213713268031,0.45537340619307837,0.5454114299264881,0.9047619047619048,0.7642998027613412,0.5253940455341506,0.6503642039542143,0.7716870675891432,0.7985094490284802,0.8662696264212236,0.6508205998868138,0.5277044854881267,0.9515313707998809,0.8857956342929453,0.6343906510851419,0.7371007371007371,0.7681053401609363,0.7148231753197893,0.777489818585709,0.6514657980456027,0.6359300476947536,0.4407227853680035,0.5029721079103796,0.43923865300146414,0.5030181086519114,M
Virginia,0.0,0.0,0.0,0.0,0.012859806674239664,0.0,0.0,0.0,0.0,0.0,0.0,0.0,0.0,0.0,0.0,0.0,0.0,0.0,0.0,0.0,0.0,0.0,0.0062174361780176325,0.0,0.0,0.0,0.0,0.0,0.0,0.0,0.0,0.0,0.0,0.0,0.0,0.0,0.0,0.00907770515613653,0.0,0.0,0.0,0.0,0.025505556567680814,0.014099897775741126,0.01887245650756614,0.0135189941868325,0.03954783640378341,0.04137771230904186,0.04217014029681291,0.05582433941198362,0.0491491061006328,0.0771112923556017,0.07710997628504503,0.11125820353209588,0.14527242037687815,0.1581376795076362,0.17134227798106522,0.2077727952167414,0.2678302738489317,0.2936169548173484,0.3224832801156492,0.37601906027650367,0.39442333698242,0.442428225638395,0.4358361130341746,0.5245535714285714,0.5452510393348258,0.55666889334224,0.5633714652352858,0.5258103619275516,0.5408201655379985,0.5406000031430233,0.4922702053046642,0.5991999319090987,0.6092650302881754,0.6062635484041522,0.5814159605771617,0.5881825517797902,0.5781894105680175,0.5004442349186778,0.49651502660571084,0.5106632752885932,0.5001305561692811,0.4538934206864067,M
Washington,0.0,0.0,0.0,0.0,0.0,0.0,0.0,0.0,0.0,0.0,0.0,0.0,0.0,0.0,0.0,0.0,0.0,0.0,0.0,0.0,0.0,0.0,0.0,0.0,0.0,0.0,0.0,0.0,0.0,0.0,0.0,0.0,0.0,0.0,0.0,0.0,0.0,0.0,0.025544741614938565,0.05568633406738046,0.07496977025392987,0.06966918374685366,0.06142775657057611,0.06795514960126317,0.06232412321290298,0.1145369566422198,0.09110516138628588,0.12064069489040256,0.10717307511516405,0.1370268868972669,0.09814839282006756,0.13290902283788844,0.16348273328434976,0.13221683561040104,0.1571025558727638,0.19442096365173286,0.18610845512908072,0.21282684122044568,0.3078511254078567,0.2671734181263994,0.341065405415591,0.293939164074945,0.3913231614396177,0.38205477379331215,0.3926031294452347,0.4249098528408537,0.5114020774465714,0.5375704197413315,0.5421399634601637,0.43650634736294097,0.46652083857604676,0.44959497693887834,0.430031861451553,0.485953533203478,0.5235160010132568,0.47495314363605384,0.4665663298215437,0.44976853375458,0.44159234283228194,0.43812569826283165,0.44437600369580044,0.3458024720203743,0.3416276984953844,0.3028991778450887,M
West Virginia,0.0,0.0,0.0,0.0,0.0,0.0,0.0,0.0,0.0,0.0,0.0,0.0,0.0,0.0,0.0,0.0,0.0,0.0,0.0,0.0,0.0,0.0,0.0,0.0,0.0,0.0,0.0,0.0,0.0,0.0,0.0,0.0,0.0,0.0,0.0,0.0,0.0,0.0,0.0,0.0,0.0,0.0,0.02048089132839061,0.028127134648611725,0.020106160527585654,0.046956373260479814,0.06970462664459352,0.03611738148984198,0.11504721729543167,0.10720202709287593,0.11749680715197958,0.08517887563884156,0.12643614974437908,0.23731994039406148,0.25638228234780713,0.37600221177771637,0.32274503142517413,0.3646044331269171,0.3928337598952444,0.45871559633027525,0.49010247597224876,0.617966564756391,0.7244918494666935,0.661491731353358,0.7622868605817452,0.8319009969061533,0.7669983416252073,0.9655172413793104,0.8712147825476007,0.7815892314372557,0.7811359322528837,0.6004919693242657,0.6092388370478907,0.7604258384695429,0.7042851081883751,0.544495490896716,0.502069937461464,0.4662004662004662,0.47303689687795647,0.5850804485616773,0.3824684721935084,0.37170533904032443,0.33775914279058933,0.2817591571726081,M
Wisconsin,0.0,0.0,0.0,0.0,0.0,0.0,0.0,0.0,0.0,0.0,0.0,0.0,0.0,0.0,0.0,0.0,0.0,0.0,0.0,0.0,0.0,0.0,0.0,0.0,0.0,0.0,0.0,0.0,0.0,0.0,0.0,0.0,0.0,0.0,0.009077293151182319,0.0,0.0,0.00945000945000945,0.020138405770568635,0.016485026101291326,0.01644827019025166,0.020898277633618362,0.024415765608650157,0.03114345659585628,0.03994375918706461,0.04192398858377542,0.048321628761033436,0.07277659240146214,0.047847679387549705,0.08419731889321799,0.08356070941336972,0.10336188924510784,0.08454872120059184,0.12954955270390925,0.15872739006820044,0.14709311711840997,0.17474392578960088,0.2192815193349096,0.2371682115540447,0.2472789184587632,0.3025874313003026,0.28955488861647716,0.36856071774567206,0.3671632921601086,0.3975762729882003,0.4821642849350933,0.4734513274336283,0.4614705232943254,0.4869032054461025,0.5997137729719907,0.5104249743648172,0.5657545318092599,0.4282140107775212,0.5955198963446541,0.5779739386296764,0.49586776859504134,0.5834692918176035,0.4929005517125494,0.5427369856785633,0.5092352839634041,0.47335516522774634,0.387215539403942,0.3554309192291388,0.37133819282079494,M
Wyoming,0.0,0.0,0.0,0.0,0.0,0.0,0.0,0.0,0.0,0.0,0.0,0.0,0.0,0.0,0.0,0.0,0.0,0.0,0.0,0.0,0.0,0.0,0.0,0.0,0.0,0.0,0.0,0.0,0.0,0.0,0.0,0.0,0.0,0.0,0.0,0.0,0.0,0.0,0.0,0.0,0.0,0.0,0.14432617716038246,0.09613843935266785,0.07248477819657873,0.1129464915996047,0.1536312849162011,0.10322961215160006,0.171875,0.1324722636198046,0.1309390198279087,0.2205071664829107,0.2803083391730904,0.291970802919708,0.2527167045741724,0.22953328232593728,0.3459286854709952,0.27593818984547464,0.3811199061858693,0.4542701393095093,0.46918986549890523,0.516295579219103,0.7638658253072069,0.5152868430092752,0.6966213862765587,1.0155966630395359,0.847457627118644,0.879269529928982,0.7017543859649122,0.8309364014062002,0.7285397529299968,0.764525993883792,0.2853519340519975,0.6668889629876625,0.5845816587504566,0.581170089112747,0.6340917568071615,0.6486074017550554,0.47114252061248524,0.5701254275940707,0.35103115401491886,0.44096031357177856,0.48674959437533805,0.351288056206089,M
