state,1910,1911,1912,1913,1914,1915,1916,1917,1918,1919,1920,1921,1922,1923,1924,1925,1926,1927,1928,1929,1930,1931,1932,1933,1934,1935,1936,1937,1938,1939,1940,1941,1942,1943,1944,1945,1946,1947,1948,1949,1950,1951,1952,1953,1954,1955,1956,1957,1958,1959,1960,1961,1962,1963,1964,1965,1966,1967,1968,1969,1970,1971,1972,1973,1974,1975,1976,1977,1978,1979,1980,1981,1982,1983,1984,1985,1986,1987,1988,1989,1990,1991,1992,1993,1994,1995,1996,1997,1998,1999,2016,gender
Alabama,0.0,0.0,0.0,0.0,0.0,0.0,0.0,0.016121664830588172,0.0,0.0,0.012836970474967908,0.010630381630700542,0.0,0.01271294177472667,0.02643512210992944,0.01991555803393611,0.023721040562979363,0.02508393470458843,0.034272120637864646,0.06598074187096642,0.08391665643292807,0.061912894961571305,0.08662020063655775,0.08076486510084693,0.09233795692233575,0.11489619028421688,0.11381979222714292,0.11280770315458685,0.0877018138329679,0.09771467315438918,0.09816564972186399,0.13001450886548208,0.1268262987012987,0.09871348814629016,0.10562540461344508,0.10860426008968611,0.1105888858169754,0.0894971636283527,0.11122518822724162,0.09010555221831287,0.08577576180507095,0.08823444325512772,0.08303864160235944,0.08796089345196038,0.06735164724933007,0.06509757403040779,0.07517197361889227,0.05285940826035402,0.06312853262864274,0.041319265107356305,0.04517323937299544,0.05336097940266195,0.04698512137823023,0.035832369659755364,0.029285911849405336,0.028192839018889203,0.03946107446868482,0.011692943308713191,0.013957568990269582,0.019741387819563715,0.015234032829340749,0.015702592890651068,0.0,0.0,0.016107506097841593,0.0,0.0,0.0,0.0,0.0,0.0,0.0,0.0,0.0,0.0,0.0,0.0,0.0,0.0,0.0,0.0,0.0,0.0,0.0,0.0,0.0,0.0,0.0,0.0,0.0,0.0,F
Alaska,0.0,0.0,0.0,0.0,0.0,0.0,0.0,0.0,0.0,0.0,0.0,0.0,0.0,0.0,0.0,0.0,0.0,0.0,0.0,0.0,0.0,0.0,0.0,0.0,0.0,0.0,0.0,0.0,0.0,0.0,0.0,0.0,0.0,0.0,0.0,0.0,0.0,0.0,0.2387774594078319,0.0,0.0,0.0,0.0,0.10066438494060802,0.0,0.0,0.0,0.13091147111765666,0.08950948800572861,0.0,0.0,0.0,0.0,0.0,0.08928571428571429,0.0,0.0,0.10552975939214859,0.0,0.0,0.0,0.0,0.0,0.0,0.0,0.0,0.0,0.0,0.0,0.0,0.0,0.0,0.0,0.0,0.0,0.0,0.0,0.0,0.0,0.0,0.0,0.0,0.0,0.0,0.0,0.0,0.0,0.0,0.0,0.0,0.0,F
Arizona,0.0,0.0,0.0,0.0,0.0,0.0,0.0,0.0,0.0,0.0,0.0,0.0,0.0,0.0,0.0,0.0,0.0,0.0,0.0,0.129366106080207,0.0,0.10979961570134504,0.11196641007697691,0.10769230769230768,0.08643042350907519,0.0808080808080808,0.09095634095634096,0.10514018691588785,0.12301498546186534,0.09038526720144617,0.0,0.08229606007612386,0.07985803016858918,0.03881987577639751,0.0936110461034402,0.07333170373991689,0.06995452955578874,0.11337191956560654,0.05235297539410157,0.08464533604198408,0.038442528420012084,0.05675661730560859,0.060895634251452134,0.062472110664881744,0.059729510644652074,0.04972650422675286,0.08196721311475409,0.07723711795211298,0.0653049377789065,0.0666456206811884,0.06334389064844141,0.03664712153518124,0.029841838257236648,0.050944165194946336,0.05929129464285714,0.06734006734006734,0.0,0.05124566382844529,0.03537457747032466,0.01857562135453431,0.02366943937242172,0.016738642830839277,0.03102485435554483,0.0,0.0,0.016690589845445136,0.0,0.015789806101181077,0.0,0.0,0.0,0.0,0.0,0.0,0.0,0.0,0.0,0.0,0.0,0.0,0.0,0.0,0.0,0.0,0.0,0.0,0.0,0.0,0.0,0.0,0.0,F
Arkansas,0.0,0.0,0.0,0.0,0.0,0.0,0.0,0.0,0.020890637512621428,0.0,0.0,0.0,0.02877421830040284,0.0348586639624794,0.0272471314825467,0.030264511833424126,0.0216343182099147,0.0,0.04022256485888583,0.047198435708987935,0.08065036453964772,0.05858432696946723,0.08972058446552167,0.10469491248159658,0.10703941569071905,0.07125375631215342,0.14016352411146338,0.08376288659793814,0.08348535914164683,0.09648303765950825,0.12316354359109703,0.10504499900633107,0.1348181303421684,0.10347572300344919,0.1339696893577828,0.1475535619429853,0.1235813366960908,0.13805798435342845,0.09381540015876452,0.10172200828307781,0.08921711977398329,0.09843761831444509,0.08095474368683571,0.09032463737314701,0.07172838850220499,0.08302200083022,0.063150380275116,0.07424313251024281,0.06557377049180328,0.025959791167902157,0.06691298402816163,0.04075572763529446,0.0491670522906062,0.03812093132367603,0.04753840211545889,0.03718226068144943,0.01818181818181818,0.04921818801347821,0.034769171334749854,0.0187863986473793,0.01829022935947617,0.0,0.0,0.01972931381446553,0.0232189156766379,0.0,0.0,0.0,0.0,0.0,0.0,0.0,0.0,0.0,0.0,0.0,0.0,0.0,0.0,0.0,0.0,0.0,0.0,0.0,0.0,0.0,0.0,0.0,0.0,0.0,0.0,F
California,0.0,0.0,0.0,0.0,0.020300446609825416,0.0,0.023691770071371458,0.027932960893854747,0.0,0.024800972198110168,0.02478110028085247,0.024706843795731417,0.010967317394165389,0.04639217960400961,0.03632840881569387,0.030551142612733714,0.035466461063993836,0.04993417767488311,0.07115282718946332,0.0808080808080808,0.12456254819384306,0.09263261903291546,0.10899785163654746,0.1046658053543101,0.07508681913462441,0.07929246721561452,0.08591190389515836,0.08079860296609065,0.09765508699639153,0.07204778394961303,0.06975933031042902,0.08036077259792197,0.06486370989896523,0.05910446544426857,0.06978413003548457,0.06314008258722803,0.056182752954894784,0.05338778262742821,0.045095293475423064,0.039037085230969416,0.03913173583776443,0.02941176470588235,0.03756348828938272,0.036032209001983666,0.0290274695395288,0.027719578662404327,0.03160362932001223,0.029662370512344112,0.0257604280194194,0.02718983359174465,0.019415590719347637,0.017338964368428224,0.01655101773144881,0.019027655605672114,0.01654559743925061,0.013804249015184674,0.01454684794641083,0.013217495677521684,0.009293846401315437,0.015197620881531091,0.011514221757137972,0.01241591042484988,0.007334993215131275,0.008962944626074486,0.006161353526142623,0.008578361287897974,0.004328084547164318,0.006067592985862509,0.004069763139785264,0.006983410907389496,0.00623273695881801,0.004072413782301289,0.00764525993883792,0.00241170157604698,0.00382324829056687,0.0025297242600556538,0.0024866412108284935,0.0023959747623991693,0.002530325956589728,0.0016756312940900484,0.0031403794475623925,0.0,0.002313695457521708,0.0024032973239284296,0.00223700301249739,0.0,0.0,0.0,0.0,0.0,0.0,F
Colorado,0.0,0.0,0.0,0.0,0.0,0.0,0.0,0.0,0.0,0.0,0.0,0.0,0.035648505733468006,0.030275507114744173,0.035452611675726775,0.0671591672263264,0.06482561908466226,0.08897362567524626,0.09301748728761007,0.14684287812041116,0.19518952273013473,0.23348267810942136,0.2170481452249408,0.2255947497949139,0.2751572327044025,0.23730118009235504,0.20520713094780044,0.17318602567930724,0.13236648250460406,0.12059262662225795,0.11031439602868175,0.12642225031605564,0.10090817356205853,0.1248679281529152,0.12524688087094754,0.09653441451877594,0.09789716881387789,0.10464994593086126,0.07939795636564484,0.05897249106740209,0.05708912620055074,0.05702157316184623,0.06365758283064052,0.06856665871690913,0.0375018029712967,0.03652814071763747,0.024323666927920866,0.0432163790076439,0.04612420978375885,0.03474356575887966,0.020953378732320588,0.015434877678594397,0.02374544878898211,0.037896218498768376,0.0,0.015781333838336017,0.0,0.019711554256053088,0.016068903458028024,0.0,0.014679114555809992,0.0,0.019212911076243237,0.0,0.0,0.0,0.0,0.0,0.0,0.0,0.0,0.0,0.0,0.0,0.0,0.0,0.0,0.0,0.0,0.0,0.0,0.0,0.0,0.0,0.0,0.0,0.0,0.0,0.0,0.0,0.0,F
Connecticut,0.0,0.0,0.0,0.0,0.0,0.0,0.0,0.0,0.0,0.0,0.0,0.0,0.0,0.0,0.0,0.0,0.0,0.0,0.08437694289013234,0.050766106701126086,0.068449393082048,0.05900575306092345,0.0670760022702647,0.03854413303232201,0.06552722109976519,0.04873822159644753,0.07062914267086819,0.058361629881154495,0.05051015254066068,0.05557801131770413,0.02357934449422306,0.028563267637817767,0.0319744204636291,0.024207946258359307,0.03445187073658099,0.027928085180659798,0.02820238028089571,0.04328343008452999,0.01938306473943623,0.028639344731792533,0.028433323855558714,0.01587763634920215,0.019603518831630275,0.016644869813339673,0.02495576024320523,0.015327683986949572,0.0150324270927286,0.0,0.012286773288554872,0.0,0.0,0.020359964166463067,0.01466244946691523,0.010320343461030383,0.0,0.0,0.0,0.011918382913806255,0.01217878455730118,0.0,0.01679946241720265,0.0,0.0,0.0,0.0,0.0,0.0,0.0,0.0,0.0,0.0,0.0,0.0,0.0,0.0,0.0,0.0,0.0,0.0,0.0,0.0,0.0,0.0,0.0,0.0,0.0,0.0,0.0,0.0,0.0,0.0,F
Delaware,0.0,0.0,0.0,0.0,0.0,0.0,0.0,0.0,0.0,0.0,0.0,0.0,0.0,0.0,0.0,0.0,0.0,0.0,0.0,0.0,0.22639068564036222,0.17325017325017325,0.1707067258449983,0.33494603647190174,0.0,0.31545741324921134,0.2565042139978014,0.1953125,0.2516514627241271,0.219435736677116,0.17554125219426564,0.1797175866495507,0.11494252873563218,0.24650780608052586,0.17178441056474125,0.10810810810810811,0.14311270125223613,0.0,0.18577942915048135,0.163826998689384,0.09454774661203907,0.14755791648221928,0.06888001102080177,0.09118145108766446,0.08632383771118511,0.0,0.0,0.07012622720897616,0.05156765676567656,0.0,0.0,0.09243093355242887,0.0,0.053231129564569366,0.0,0.0,0.0,0.0,0.0,0.0,0.0,0.06544502617801047,0.0,0.0,0.0,0.0,0.0,0.0,0.0,0.0,0.0,0.0,0.0,0.0,0.0,0.0,0.0,0.0,0.0,0.0,0.0,0.0,0.0,0.0,0.0,0.0,0.0,0.0,0.0,0.0,0.0,F
Florida,0.0,0.0,0.0,0.0,0.0,0.0,0.0,0.0,0.0,0.0,0.0,0.0,0.030643513789581203,0.06564661919911124,0.04468674591116275,0.03972668043858255,0.03474876641879213,0.04018852069708816,0.0993418601763318,0.07904403217557075,0.17408832691955287,0.20394612028078163,0.21082851119185397,0.1770346692894025,0.17539810754673438,0.23977678960676604,0.19975681778704188,0.2299811833577253,0.2685199810456484,0.19879195657160334,0.21645789716475639,0.23888997971071407,0.1949605647948483,0.15804922104312485,0.1651009208445726,0.13172794712393981,0.15172885412659742,0.2036892501570501,0.1448267871625536,0.13302421040629395,0.14506156049973706,0.14476355286365603,0.09521431024256236,0.08789878670855068,0.08563273073263558,0.08401406266156551,0.0737743931461209,0.08419209267865561,0.053334494356339725,0.07173298451411451,0.08061848850669753,0.0652065910408214,0.04113403366662448,0.057796662777878864,0.039118529143304215,0.03016976293528586,0.045742350193803114,0.03597077684474269,0.02076817826426896,0.017404016847088307,0.017462864128002794,0.0,0.0117955129868598,0.010933077418335987,0.00597100480068786,0.0,0.00770267668014635,0.009774573889669498,0.008368901163277261,0.011176556056016898,0.007132013571202967,0.008722113465004943,0.007378644358565222,0.009815644352435173,0.005112735824939926,0.00406838135379458,0.0,0.0,0.005131024372365769,0.0034827915270647727,0.0,0.0,0.003641634074041704,0.0,0.0,0.0,0.0,0.0,0.0,0.0,0.0,F
Georgia,0.0,0.0,0.0,0.0,0.0,0.0,0.01260239445494644,0.014677206298618246,0.0,0.012381710444857167,0.013746885471260418,0.010508617065994114,0.010468281108242028,0.020748061942395833,0.022577610536218252,0.02034964388123208,0.017890510078320678,0.015148932947035544,0.029095705473872056,0.05243732730976343,0.07246376811594203,0.08663939876286998,0.08002591315283045,0.08577380223011886,0.08823416580350635,0.08262874711760185,0.1400260604056866,0.11578028318718445,0.15801312438421355,0.10912463852463489,0.1384648157352837,0.1535416951003139,0.136777398713978,0.14040490964264687,0.1446340757882557,0.12492686243812957,0.14382773546654978,0.1644696467584751,0.15892995638961996,0.14835862554534368,0.13379886844385544,0.11251097291081959,0.14204375902694058,0.10536285071623061,0.12241022296964914,0.07885534044936116,0.10438179042830205,0.08374356362813332,0.08389848283576873,0.06245875365324785,0.0705824226240192,0.04861909900508722,0.04221394024918286,0.041063297865916254,0.050452874612594,0.03600452628330419,0.033899684054944604,0.035275359455912855,0.028146021559852512,0.019145822791734476,0.02864732538153029,0.01760301146903901,0.017721855478268576,0.0,0.011175324882659089,0.00851411640499949,0.008651417102121327,0.0196347928529354,0.01156737998843262,0.007910891715714196,0.0,0.010602526430583745,0.0,0.0,0.0,0.0,0.0,0.0,0.0,0.0,0.00753465943339361,0.0,0.0,0.0,0.0,0.0,0.0,0.0,0.0,0.0,0.0,F
Idaho,0.0,0.0,0.0,0.0,0.0,0.0,0.0,0.0,0.0,0.0,0.0,0.06329113924050633,0.0,0.0,0.07198387561186294,0.07555152614082805,0.10626992561105207,0.10741138560687433,0.229147571035747,0.17363851617995266,0.21745883814849334,0.21708792060784618,0.20803328532565207,0.2133595929755457,0.37678975131876413,0.30598863470785376,0.2173617714984377,0.2896642527978934,0.18368846436443792,0.23235905588846764,0.2332905633967106,0.10354348826507134,0.13650324195199637,0.12741558717349755,0.08585533376261,0.08014655369819099,0.07639419404125286,0.0,0.0409735310989101,0.040462895524803755,0.09638554216867469,0.0,0.04677268475210477,0.05388345777846201,0.0,0.05305039787798408,0.0,0.054352045966301735,0.0,0.0,0.0,0.0,0.0,0.0,0.0,0.0,0.0,0.0,0.0,0.0,0.0,0.0,0.0,0.0,0.0,0.0,0.0,0.0,0.0,0.0,0.0,0.0,0.0,0.0,0.0,0.0,0.0,0.0,0.0,0.0,0.0,0.0,0.0,0.0,0.0,0.0,0.0,0.0,0.0,0.0,0.0,F
Illinois,0.0,0.022930520522815866,0.015225997302823334,0.012616022348382445,0.014891589230402668,0.018815924913391405,0.014509425944926366,0.030795130263401013,0.03244181941356641,0.03241931773022944,0.0627401772410007,0.05735724158682099,0.06767011784267665,0.09153706779405103,0.08550701157494915,0.11751420728404469,0.1310250620278219,0.15948375201659368,0.24653574768341407,0.2702523303336905,0.31122860303354144,0.3316398532317245,0.33159142899116456,0.32578649466894827,0.2936670071501532,0.26403949112388986,0.24965555820289434,0.23832029443114858,0.21008203655997792,0.1863287385251739,0.1631667250502406,0.15601153128709513,0.1162166336895839,0.11564893135939387,0.09917650979977725,0.08989811546913498,0.08618137561264433,0.0922525384044982,0.0924049307271036,0.06935393224838274,0.0772391997783058,0.0825920510731386,0.06422782371095302,0.055936916192379546,0.05682845555756464,0.05320319014513217,0.04787735499824779,0.04349052050028436,0.046601979848322816,0.040972346076536346,0.04176034418292973,0.03253731931927984,0.030584157406463454,0.035748832905749255,0.024076016007875532,0.029204269549681618,0.026840033400930455,0.025879917184265012,0.019479948221040856,0.01313214060145204,0.018099329118200683,0.01684636118598383,0.012249338895974292,0.016088009070572735,0.01610590012808025,0.008482679909929363,0.006165845838439424,0.006720379925478454,0.006073304788800826,0.011587233765199191,0.013950990171527424,0.007118299011268267,0.010746756270732283,0.007330572151156397,0.003670317409049535,0.005118792549963072,0.006799020940984498,0.008146156865358838,0.003653581971765119,0.004947520938615401,0.005571923079601886,0.007127075760815338,0.005891536807376204,0.0,0.0,0.004680807907444825,0.0,0.004100478115748296,0.0,0.0,0.0,F
Indiana,0.0,0.06652727618323513,0.05869170846227724,0.031879041807086256,0.06181368627736165,0.043953770974998065,0.047657268987659276,0.06089985627633919,0.05152560598593127,0.06261137600539421,0.08708146471023642,0.06546912721469782,0.09172354948805461,0.09657666543377307,0.1301082263883139,0.1458234919591694,0.14524328249818447,0.17090849188699447,0.2767975996788303,0.3180128494381057,0.3192204301075269,0.36009841198836945,0.39287282475561003,0.37754232127633663,0.3856429318155419,0.29849385922938454,0.31142876347097437,0.22247892867838961,0.23874420547917952,0.1758428328886733,0.15370310632080306,0.124590630784565,0.1395695548048405,0.14305926741078448,0.09009894502326192,0.07985727635714893,0.09578931746738441,0.07280713271188666,0.07789991715405636,0.06519140922096266,0.06875670981049685,0.07144770920782352,0.04765721465242727,0.05058332257092428,0.043773710759995,0.042855201680760104,0.04011432582861155,0.03549875754348598,0.04482477587612062,0.03174960825080142,0.032848476138661625,0.02274019329164298,0.02891070874067094,0.024056072518124066,0.018740009921181723,0.02263791254616943,0.014686084934524538,0.01632161106856332,0.014160841411449684,0.011290787971547214,0.0,0.006251953735542357,0.0,0.014417739586787583,0.013137343629118193,0.007401924500370096,0.007568876778686043,0.0,0.007316145269380468,0.008440480544692345,0.0,0.011544677903486494,0.0,0.0,0.0,0.0,0.0,0.0,0.0,0.0,0.0,0.0,0.0,0.00947223844781586,0.0,0.0,0.0,0.0,0.0,0.0,0.0,F
Iowa,0.0,0.0,0.0,0.028137310073157007,0.05880490342425476,0.05677696117086711,0.034889806361574696,0.07498197548666187,0.09098694069792335,0.08358794027785783,0.10391229802047072,0.10748119079161146,0.1359299437981963,0.17660393273235278,0.15816630798350922,0.18929799770709466,0.22667588113337941,0.24596120520990555,0.3647554998290209,0.5139586496904568,0.585281882082915,0.5408091674462114,0.6075005262999609,0.5643652424623501,0.5129998834091174,0.4569133610779663,0.3861003861003861,0.3490201687884423,0.28539282676106587,0.2767828069032888,0.22752235995606465,0.23801686374800599,0.20511088052894477,0.14987346748237143,0.15871816189252513,0.15873841990215468,0.10655082679343483,0.09891730513290889,0.10008875795516779,0.09215061095855066,0.06375576078838552,0.06897384167054645,0.03547168472766614,0.06174969579193985,0.03982621288921072,0.03217963386727689,0.0288912964969303,0.035854502429142544,0.02221646239863739,0.023495815937392688,0.01446628451565071,0.021993731786440863,0.011436849529183028,0.01805126559428778,0.01259498719509635,0.018235696375655346,0.01430956355831147,0.0,0.0,0.017520148170395957,0.012226433549333659,0.0,0.0,0.0,0.0,0.0,0.0,0.0,0.0,0.0,0.0,0.0,0.0,0.0,0.0,0.0,0.0,0.0,0.0,0.0,0.0,0.0,0.0,0.0,0.0,0.0,0.0,0.0,0.0,0.0,0.0,F
Kansas,0.0,0.0,0.0,0.0,0.04370902279113331,0.03490249116530692,0.020144232706176223,0.03146756873697046,0.03669590106785072,0.030546009927453224,0.08274435442165144,0.08252459232851389,0.07976140934942433,0.07080004045716598,0.12856079572366194,0.11453561016243233,0.16247246994259304,0.13472181765219923,0.24290268711097615,0.33066748692709935,0.3527601606184561,0.4954868446322258,0.4655419385643801,0.5205080158234436,0.4608110274082385,0.4231891203418382,0.33614142839357597,0.4016064257028112,0.3348681456676434,0.3266742053021736,0.2640513013956997,0.21620755925688662,0.16257225433526012,0.20521941375654137,0.14652014652014653,0.16285466126230455,0.10066806991855037,0.1036523826409536,0.1024444381207137,0.10290927295989319,0.06921948113076945,0.06412064941393726,0.04628614582572048,0.07330858183366046,0.034352456200618345,0.057807477975350886,0.034129692832764506,0.05340391938330083,0.041118421052631575,0.026011492350256567,0.029428354219290288,0.017657148622742407,0.02586117720078618,0.024830326104949514,0.0,0.016377333770062234,0.021388086835632553,0.018517146878009035,0.022099447513812154,0.02110149820637265,0.020688228398041512,0.0,0.0,0.0,0.0,0.0,0.0,0.025898109438011026,0.0,0.017190991920233798,0.0,0.0,0.0,0.0,0.0,0.0,0.0,0.0,0.0,0.0,0.0,0.0,0.0,0.0,0.0,0.0,0.0,0.0,0.0,0.0,0.0,F
Kentucky,0.0,0.0,0.031582271818086115,0.022313459478757586,0.0,0.0,0.0,0.0,0.02124344993626965,0.02381859756097561,0.019651942266960716,0.022329131396788666,0.023128679562657694,0.035434383858595965,0.03376499563041233,0.02898430706803031,0.029829121745429753,0.04541794834740601,0.1029336078229542,0.09392821200939282,0.1417495328708576,0.14285076559082185,0.17764994501311226,0.1697792869269949,0.18216080402010051,0.224885965842792,0.15694822888283377,0.1586688966079163,0.1485148514851485,0.16939582156973462,0.1428709334877884,0.145985401459854,0.12748032368916973,0.12272904773416143,0.12077757754687321,0.10311936065996391,0.08947599603051945,0.09023300490460043,0.09811616954474096,0.0990219676426678,0.09213759213759214,0.07985776277724205,0.05654725516566817,0.07142413514688528,0.06863725212253241,0.07859852778911411,0.060866124958154535,0.06072014087072682,0.04651234902866711,0.04172010445478004,0.028476056382591635,0.03882050369603546,0.03130148270181219,0.0287760041979112,0.023923444976076555,0.03024345985180705,0.014103519835593256,0.018534917725559652,0.0229243081027009,0.010243592632808178,0.011683152893527534,0.02144918493097262,0.012821334700942369,0.010991426687183996,0.0,0.0,0.01718249962413282,0.0,0.0,0.0,0.0,0.0,0.0,0.0,0.0,0.0,0.0,0.0,0.0,0.0,0.0,0.0,0.0,0.0,0.0,0.0,0.0,0.0,0.0,0.0,0.0,F
Louisiana,0.0,0.0,0.0,0.0,0.0,0.0,0.02243829468960359,0.0,0.0,0.04002339829438749,0.026299640571578853,0.04248569648218433,0.027602197134891936,0.039706174310105216,0.04386686406755497,0.04136105443114763,0.032458750338111984,0.08099570722751694,0.08398250847064956,0.16324150998396736,0.2105016957081043,0.13283820909941732,0.16527967060051615,0.17140680548501777,0.20782109823205713,0.2133068404289513,0.2212961632418451,0.21950282609888602,0.20094994519546952,0.21512536174353986,0.22340608351950506,0.21807997796244433,0.22068433569729823,0.2186618710916745,0.18169054796217532,0.19441804199429708,0.202122283981809,0.18303843807199513,0.17807216083078153,0.1781272566797721,0.16926897948206857,0.13442890372473795,0.15562572014305595,0.1215675057208238,0.1196555034574875,0.08654383026242322,0.11529386529386529,0.07527733755942947,0.10042849491162292,0.07106177010846976,0.07384716372189705,0.057272168519863664,0.056691752767266186,0.048384968403149424,0.058593463899102055,0.05414530050641782,0.04143875352229405,0.03228382580327256,0.02605523710265763,0.036455801680438854,0.017607803778634693,0.016524070062057063,0.013963972949789544,0.0,0.02140273526956745,0.012652622255962547,0.0,0.019512575855138638,0.011649806807370445,0.0,0.008731336767659128,0.010344470880314472,0.008355056480181807,0.0,0.0,0.00878348704435661,0.0,0.0,0.0,0.0,0.0,0.0,0.0,0.0,0.0,0.0,0.0,0.0,0.0,0.0,0.0,F
Maine,0.0,0.0,0.0,0.0,0.0,0.0,0.0,0.0,0.0,0.0,0.0,0.0,0.0,0.0,0.0,0.0,0.0,0.0,0.04318162190171863,0.0,0.07700864208094464,0.0690428928972124,0.05028073409871785,0.09084302325581395,0.06889424733034792,0.07700205338809035,0.0949749611466068,0.08658008658008658,0.04280821917808219,0.07719358435543357,0.09249915909855365,0.04777070063694268,0.0,0.039925472451424006,0.0,0.0447127207690588,0.03577390889577868,0.06542526421741318,0.0490089305162274,0.049431537320810674,0.0,0.0,0.0,0.0,0.052287581699346414,0.026325488337808664,0.0,0.0,0.0,0.03028467595396729,0.024671864206059407,0.0,0.0,0.0,0.0,0.0,0.0,0.0,0.0,0.0,0.0,0.0,0.0,0.0,0.0,0.0,0.0,0.0,0.0,0.0,0.0,0.0,0.0,0.0,0.0,0.0,0.0,0.0,0.0,0.0,0.0,0.0,0.0,0.0,0.0,0.0,0.0,0.0,0.0,0.0,0.0,F
Maryland,0.0,0.0,0.0,0.04832863471606927,0.0,0.0,0.0,0.02730499681441704,0.037370759456878296,0.03698832812756863,0.06476930696841543,0.04073923188030073,0.023548804898151417,0.05026485713180992,0.05693896143334346,0.08453735013833384,0.09088753655259622,0.08332341387930008,0.24643477558275761,0.30616150019135097,0.40523427606585055,0.493048460889264,0.4482743613178396,0.35976200359762006,0.3222292820186984,0.2920035938903864,0.3913443830570903,0.3743668795419511,0.3395163961576681,0.35411660553939545,0.3127687856751896,0.30385691101826595,0.27868758260070103,0.20702263805990212,0.23576196562988214,0.15728216420257943,0.17792738639095937,0.17905475744326463,0.16909179904774618,0.14799865455768585,0.13376899629394093,0.10704043300884598,0.11572288227125443,0.08281573498964803,0.1016640804751458,0.0669391206313416,0.07516485018278725,0.06618900269720186,0.06902240703018467,0.057977736549165125,0.04840190269548527,0.058307095140520106,0.05167513564723107,0.055512566026309586,0.041953347877160596,0.033699295862081195,0.04429924137549145,0.01736245080638938,0.027941880887753474,0.0277304599294854,0.00995817566221868,0.029886431560071723,0.0,0.029197080291970805,0.0,0.0,0.014357089530810314,0.0,0.0,0.0,0.0,0.0,0.0,0.0,0.0,0.0,0.0,0.0,0.00970139117949514,0.0,0.0,0.0,0.0,0.0,0.0,0.0,0.0,0.0,0.0,0.0,0.0,F
Massachusetts,0.0,0.0,0.0,0.0,0.0,0.0,0.0,0.0,0.0,0.0,0.0,0.007553212381225736,0.0,0.0,0.0,0.007696570408226093,0.0,0.007781858930461309,0.01750087504375219,0.028480005360942185,0.04163890739506995,0.049165935030728705,0.04553654307581834,0.03955919751342187,0.059118032847457,0.06700167504187605,0.05839141081182896,0.03919958187112671,0.041997626221126634,0.034460868776639154,0.02581622291447946,0.03187555782226189,0.022754955895541367,0.02077382498052454,0.015610143755232946,0.017354834044399452,0.018142029412765184,0.014326940788800426,0.013154288846259249,0.015730337078651686,0.011265067027148813,0.013979697178251893,0.012380962207112864,0.007243452436386966,0.005002351105019359,0.008793184305143035,0.006756626319955213,0.005592580509856923,0.009379983116030392,0.009487576019202854,0.006623644518461043,0.008431308257998033,0.0,0.005880738620770769,0.009036779693351944,0.007447046182324968,0.0,0.008083981014193161,0.0,0.0,0.0,0.0,0.0,0.0,0.0,0.0,0.0,0.0,0.0,0.0,0.0,0.0,0.0,0.0,0.0,0.0,0.0,0.0,0.0,0.0,0.0,0.0,0.0,0.0,0.0,0.0,0.0,0.0,0.0,0.0,0.0,F
Michigan,0.0,0.0,0.0,0.0279899236274941,0.02947244326554671,0.017128787067765765,0.014903129657228018,0.022823835106569754,0.0207990016479209,0.0315032290809808,0.055495606597811005,0.05887287873658802,0.05498113841501596,0.08967027797786173,0.08335952553397925,0.11229114523439085,0.14165618587409812,0.18112660749864154,0.2538665833463521,0.2916123091090476,0.3964220369993901,0.35869985100160034,0.37070563386352856,0.3709086504980773,0.32368511911612385,0.28192916187660805,0.31738742875665166,0.24246667703957261,0.21063201851602398,0.2294203725290806,0.13498920086393087,0.16695389918138734,0.14640338766319808,0.11716032658441035,0.156532452712051,0.1227533578158086,0.0937315003617707,0.09472374597070633,0.09560651300984012,0.08817141095762755,0.07456238153640317,0.07370912053380921,0.06046482332934433,0.05832550543655105,0.05501129487224505,0.04533195615998164,0.04347371491148422,0.03868471953578336,0.043912243071154725,0.025368711154161047,0.03533319200056533,0.031078173559646188,0.025866365523289192,0.025286909161641707,0.01787215452132413,0.01821225684885928,0.017670966601873124,0.016705161168489708,0.012683822157891203,0.012388684030257538,0.014132977182308338,0.010644364189317619,0.00848219587086705,0.00893327735146193,0.006420545746388443,0.009494692466910997,0.008660591422165341,0.010990017400860884,0.008200156714106092,0.0,0.008678521527072647,0.0,0.0,0.0,0.0,0.0045190387100855905,0.0,0.00546826583062958,0.0,0.0,0.0,0.0,0.008539385543769096,0.0,0.0,0.0,0.0,0.0,0.0,0.0,0.0,F
Minnesota,0.0,0.0,0.06943962224845497,0.05091073650865483,0.07189718702255775,0.04884303071005556,0.08725512272010807,0.10354863987462219,0.13230313293818796,0.16356176535817255,0.23740841906415133,0.2908042325456367,0.32983947812064796,0.3877404855399965,0.4899898537454528,0.4854244253242584,0.5380063023595419,0.5955348007450744,0.6986781764229836,0.8970633868374285,0.8737837316353813,0.7901179612730914,0.6554359346237518,0.7552431301922965,0.617630544637844,0.5346112296058281,0.46052281318213273,0.4283550122760278,0.3604096241797574,0.32581269444648586,0.27741476947061927,0.2132385606397157,0.2031776992157341,0.15771901435857522,0.1746687683721723,0.1068352774446746,0.10413231746472518,0.07438170210128309,0.05891344500350296,0.06848675403916198,0.04747829016893082,0.05006293626273029,0.050278687582600706,0.04170561587689653,0.02536997885835095,0.033645960381881654,0.02748951962064463,0.030710480285206895,0.01896967561854692,0.02088391155663456,0.014435884985367263,0.014728329271884957,0.039566136844259504,0.012951690195570523,0.012024650533593868,0.008148498231775884,0.0,0.0,0.0,0.0,0.0,0.0,0.0,0.0,0.0,0.0,0.0,0.0,0.0,0.0,0.0,0.0,0.0,0.0,0.0,0.0,0.0,0.0,0.0,0.0,0.0,0.0,0.0,0.0,0.0,0.0,0.0,0.0,0.0,0.0,0.0,F
Mississippi,0.0,0.0,0.0,0.0,0.0,0.02316065776268046,0.0,0.0,0.016530018513620733,0.0,0.017974835230677052,0.0,0.0,0.014651155976206523,0.026291957582308432,0.03422899195618689,0.038328861632809505,0.03263441298849637,0.04524119210541198,0.038322082362998555,0.0562350625615071,0.07099641931102606,0.07607562480628892,0.1307666575434115,0.08601164024197942,0.13783217554305877,0.08777145445794048,0.14137734156221962,0.10507236859386904,0.1280478045136851,0.12376556738777299,0.11856411291339775,0.1550424577807461,0.11619958988380041,0.11109797896229759,0.14839321770014838,0.12803022352817714,0.14050079873741747,0.17205982989539545,0.14974945763818226,0.1448491637374947,0.155020956536717,0.17510068289266328,0.12586654273653228,0.15821276757972588,0.1066387467038933,0.11886130866300838,0.10883585940019348,0.09809855774248084,0.08139345596614032,0.09206176507511403,0.09503896597605019,0.07855459544383347,0.07718431614695893,0.05239657371970111,0.040377529904608085,0.058866026275653544,0.03611512390265585,0.05736740957462066,0.027813317016187347,0.02762278327164245,0.022251891410769914,0.018067935437244036,0.022184895255601685,0.0,0.0,0.0,0.0,0.0,0.0,0.0,0.0,0.0,0.0,0.0,0.0,0.0,0.0,0.0,0.0,0.0,0.0,0.0,0.0,0.0,0.0,0.0,0.0,0.0,0.0,0.0,F
Missouri,0.0,0.0,0.0,0.0,0.037616375662204944,0.036671174165157805,0.017220225154443894,0.03900240514831748,0.023941582538605802,0.040084388185654005,0.06605918125473585,0.06981828871699708,0.061741496073626737,0.11922281626646299,0.08806455671177729,0.09360718022135346,0.1251915243469487,0.15221272197688623,0.20322820182123733,0.2605262630513637,0.32026871326185874,0.3101274744748978,0.33853602850000986,0.302450466020616,0.3729929191183804,0.3120156619626397,0.3005181347150259,0.2831291930817997,0.22809949857437814,0.24111500989943738,0.1975842529078437,0.19408987585242177,0.1687289088863892,0.15010789004597053,0.14345048456239262,0.1624737049135469,0.15184442215535496,0.103210723967271,0.11838211114764881,0.1256412941053293,0.07248534113413671,0.0785873916353545,0.08449979793526581,0.09883328512197474,0.06207906295754026,0.06543508489033781,0.07651022039511247,0.042091851245122464,0.04135791831811132,0.037558899182809406,0.04472118063916888,0.038209038174302684,0.03013100962987068,0.027586206896551724,0.022123605887481943,0.028173378974207273,0.03235341696201415,0.026058432202090805,0.015517589187343854,0.014829094683769554,0.01876876876876877,0.013547280007225217,0.009866149241950867,0.010510457905616088,0.00860096674866255,0.01228824716931449,0.0,0.0,0.011635251487650012,0.011034743678668264,0.007672712764324956,0.0,0.011007673921247955,0.0,0.0,0.0,0.0,0.0,0.0,0.0,0.0,0.0,0.0,0.0,0.0,0.0,0.0,0.0,0.0,0.0,0.013149589732800337,F
Montana,0.0,0.0,0.0,0.0,0.0,0.0,0.0,0.0,0.07024321713934498,0.07099391480730223,0.0,0.0,0.06938020351526364,0.08629191321499013,0.0760841998478316,0.11812573828586428,0.09488952148569879,0.2188483107646013,0.1708054132177112,0.291005291005291,0.24200053777897285,0.5671345526726216,0.3232916972814107,0.5101275318829707,0.3992290748898678,0.4959785522788204,0.3731343283582089,0.29570583697608643,0.38514101130575223,0.2980803624657208,0.32809141305577555,0.25895068678225625,0.19953441968739608,0.1382488479262673,0.12029351617947792,0.12250398137939483,0.08807123984734319,0.0669904538603249,0.11859381617958492,0.10686395396629675,0.10416666666666667,0.0553841284911781,0.03794778384942319,0.05265533323303746,0.04328692013563235,0.0,0.0,0.05517241379310345,0.0,0.0,0.05221932114882506,0.0,0.04689698296076286,0.0,0.0,0.0,0.0,0.0,0.0,0.0,0.0,0.0,0.0,0.0,0.0,0.0,0.0,0.0,0.0,0.0,0.0,0.0,0.0,0.0,0.0,0.0,0.0,0.0,0.0,0.0,0.0,0.0,0.0,0.0,0.0,0.0,0.0,0.0,0.0,0.0,0.0,F
Nebraska,0.0,0.0,0.0,0.0,0.0,0.02752849198920883,0.0,0.06964827620516392,0.04693954187007135,0.1001351824963701,0.1681283228063798,0.1584576785950086,0.1497481508372283,0.1775552014568632,0.2453057401543196,0.332871012482663,0.25812619502868067,0.3805356038624364,0.4391408114558472,0.6164316007495808,0.6841339155749636,0.6381934216985763,0.6520176609508164,0.5752997472982418,0.5706647473137627,0.4876727174207532,0.5057765000266198,0.48947068867387594,0.2781795927450762,0.3210628286742319,0.27757730527952035,0.25928173442930436,0.17789072426937738,0.19951338199513383,0.1373020153974403,0.17809439002671415,0.12844665182394246,0.11513890952310206,0.136887334119168,0.05609993268008078,0.1071138361527665,0.06647772996046324,0.06234198039691061,0.07169229666272359,0.052609427609427606,0.03759141548766318,0.041397868009797494,0.02832058906825262,0.03579866828953963,0.03455783253274355,0.027658691743880515,0.0,0.03148394318897362,0.029138590420688396,0.0,0.0,0.0,0.02514205259717403,0.0,0.0,0.0,0.0,0.0,0.0,0.0,0.0,0.0,0.0,0.0,0.0,0.0,0.0,0.0,0.0,0.0,0.0,0.0,0.0,0.0,0.0,0.0,0.0,0.0,0.0,0.0,0.0,0.0,0.0,0.0,0.0,0.0,F
Nevada,0.0,0.0,0.0,0.0,0.0,0.0,0.0,0.0,0.0,0.0,0.0,0.0,0.0,0.0,0.0,0.0,0.0,0.0,0.9727626459143969,0.0,0.0,0.0,0.0,0.0,0.0,0.0,0.0,0.0,0.0,0.0,0.0,0.0,0.0,0.0,0.0,0.0,0.0,0.0,0.0,0.0,0.0,0.0,0.0,0.0,0.0,0.0,0.0,0.0,0.0,0.0,0.0,0.0,0.0,0.0,0.0,0.0,0.0,0.0,0.0,0.0,0.0,0.0,0.0,0.0,0.0,0.0,0.0,0.0,0.0,0.0,0.0,0.0,0.0,0.0,0.0,0.0,0.0,0.0,0.0,0.0,0.0,0.0,0.0,0.0,0.0,0.0,0.0,0.0,0.0,0.0,0.0,F
New Jersey,0.0,0.0,0.0,0.0,0.0,0.0,0.0,0.0,0.0,0.0,0.008806382866301496,0.008675133597057395,0.010668183919490771,0.027907138994994158,0.01706892431638958,0.019237495627841904,0.03334620379795711,0.03125488357555868,0.06231971795876215,0.06722994458072136,0.09360767582941801,0.09596928982725528,0.1163340957488761,0.1156440732412464,0.08325300148979056,0.11942242970361525,0.09860204215785091,0.09002443520384104,0.08716405520390164,0.08631496742637539,0.07449957848922698,0.09948512086569508,0.04706016570882592,0.06368345079392036,0.0724391973120434,0.05306407107553291,0.04860149206580642,0.05317705789787834,0.051815302000777226,0.04698144233027954,0.05361617809895681,0.030312543980253542,0.04231690198992651,0.027350912203571824,0.022988065362732516,0.02443563090919344,0.03029913509741631,0.03093430437587831,0.03744016259727756,0.027671900523980823,0.029128013204699318,0.017393421807872265,0.025977050619418292,0.017820229524556277,0.02685116399795931,0.010424662856926241,0.022782653485745985,0.012400921801853938,0.02023795575343779,0.010457078919574606,0.005167424555601488,0.011161337128187957,0.011439029970258523,0.010847604713284248,0.0,0.010082387509362217,0.0,0.008562132541811747,0.0,0.008471584892340275,0.00977107761027359,0.0,0.010807451737973333,0.0,0.006630684153991009,0.0,0.0,0.0,0.0,0.0,0.0,0.0,0.0058248581647036895,0.0,0.0,0.0,0.0,0.0,0.0,0.0,0.0,F
New Mexico,0.0,0.0,0.0,0.0,0.0,0.0,0.0,0.0,0.0,0.0,0.0,0.0,0.0,0.0,0.08548226243054566,0.0,0.0,0.0,0.0,0.0691945751453086,0.0,0.0,0.0,0.0,0.0,0.0,0.08932559178204555,0.14434477781214558,0.049766099333134264,0.0,0.0,0.10114942528735632,0.08338738070971927,0.043099732781656755,0.049003593596863765,0.05059448520111307,0.08592910848549946,0.0691171850455545,0.0,0.05824790307548928,0.08416091567076249,0.03740715010954951,0.04011633737839735,0.033913085606317526,0.0,0.046855964764314494,0.0501664614402335,0.04398697985396323,0.03932707013327507,0.042050376350868335,0.03699745128668914,0.05473684210526316,0.03446493193175943,0.05053985756949231,0.0,0.031036623215394164,0.0,0.0,0.051437021796437984,0.0,0.029822259334367173,0.0,0.0,0.0,0.0,0.0,0.0,0.0,0.0,0.0,0.0,0.0,0.0,0.0,0.0,0.0,0.0,0.0,0.0,0.0,0.0,0.0,0.0,0.0,0.0,0.0,0.0,0.0,0.0,0.0,0.0,F
New York,0.0,0.00908017797148824,0.0,0.0,0.0057061806087679535,0.005920390482643389,0.008323835623455289,0.01407183980128115,0.008756056272254975,0.009895173010915612,0.012308125120883372,0.013745232122607469,0.017341040462427744,0.017682356430673753,0.014555796286032594,0.02700087752851968,0.031670088167263306,0.03761602885370684,0.06199662648987388,0.07197655620740673,0.07701830753695453,0.08889849953748755,0.08833868068634247,0.08530589652590108,0.08621360230248659,0.08312659084318716,0.09544277004785125,0.07737729039950783,0.07391939090421895,0.06731802517323583,0.06401750587797099,0.07867479096921917,0.06933754905631595,0.06504730713245997,0.05961207809674893,0.04118635869487134,0.04833818014548233,0.05259388180909113,0.045277851400300384,0.039950593211331306,0.04214825284591543,0.03919786597104908,0.02845464496972091,0.038759036753677895,0.02957820184034922,0.0315976943258201,0.02724458988972277,0.021621154137207842,0.02418447170881896,0.020287710953179085,0.02137128202549468,0.01667642079958718,0.01650335891893291,0.018500666997731233,0.017188207567438926,0.017678684705857883,0.01311752574314427,0.017601053002127432,0.014536882428052254,0.013547303312509194,0.01225936213006417,0.00870848772756367,0.006418485237483954,0.014330297433284506,0.0,0.007645677461635083,0.006623905675583179,0.0027380456925065167,0.006189685732774387,0.007263584299483168,0.008271526648101685,0.008140494073720314,0.0,0.0,0.003697150553252172,0.0035975475004753903,0.004585216243892747,0.0,0.002926343923446843,0.002884227123271867,0.004638068337298882,0.003354546848642846,0.003450519549657906,0.0,0.0,0.0,0.0028190454712034504,0.003516462907177101,0.0,0.0,0.0,F
North Carolina,0.0,0.0,0.0,0.0,0.019485038274182326,0.0,0.0,0.0,0.0,0.008939266622566285,0.008437964088024842,0.008171403356812499,0.008141996417521577,0.011279770537239357,0.02612892318096585,0.030095672559082555,0.020794676562799923,0.015590651845153645,0.02222010602164873,0.06157020667620727,0.06845884120888295,0.052304902712880956,0.09352123577026025,0.11988585515762458,0.1275347532202525,0.11425709411341191,0.12362527093200609,0.12384968724034678,0.1505723284935085,0.12817187237743566,0.16167789017769735,0.12494498161321008,0.14668763462885387,0.10918555195835714,0.14385640754916193,0.14541670557786462,0.14938508928364638,0.12908422487504645,0.15720916304836052,0.12766096738644175,0.14544172414552986,0.12608617990396434,0.11917715943831288,0.10069976058118146,0.09107375962599043,0.10542641945522925,0.08606026243317674,0.08585377963506972,0.07480710453758523,0.09283961156760218,0.07117130717967521,0.06850268123775782,0.03504890417410543,0.04717722912407611,0.041197473221642404,0.04093988040592512,0.045777365054867444,0.036836289006998896,0.02763994366716243,0.02722181893601576,0.03999200159968006,0.02077625274311462,0.01699139102854554,0.02544719706608787,0.007675657420058028,0.011399166232412715,0.0,0.007884818570324697,0.0129563048618534,0.007970922076265782,0.0,0.0,0.01377262919491331,0.0,0.0,0.0,0.0,0.0,0.0,0.0,0.0,0.0,0.0,0.0,0.0,0.0,0.0,0.0,0.0,0.0,0.0,F
North Dakota,0.0,0.0,0.0,0.0,0.0,0.0,0.05484603933244535,0.0850800525949416,0.07754342431761788,0.1487849231277897,0.18928937613376448,0.20731999043138508,0.33904051534158336,0.30658724597056763,0.3755130556283294,0.4809405058781618,0.5210142410559222,0.61792863359443,0.8540305010893247,0.9938770077202946,0.9969186151894145,1.3144496899009535,1.056568489948574,1.1321491313683387,1.0067745577719234,0.9330667428353803,0.6881391570295327,0.6301001962607169,0.685001533585523,0.44292329373867523,0.4292264169349332,0.32163742690058483,0.2572163475278651,0.3519786910197869,0.2634798155641291,0.28647822765469827,0.1811146785214456,0.13008600130086,0.10386527190444396,0.13287074629069168,0.051031566669096744,0.06475751906749172,0.06466446328495473,0.06526468455402465,0.08463220255307144,0.04315615334819823,0.0,0.06018657839301836,0.05269497139415839,0.03682427456179113,0.06835789153881208,0.0,0.0,0.0,0.0,0.0,0.0,0.0,0.0,0.0,0.0,0.0,0.0,0.0,0.0,0.0,0.0,0.0,0.0,0.0,0.0,0.0,0.0,0.0,0.0,0.0,0.0,0.0,0.0,0.0,0.0,0.0,0.0,0.0,0.0,0.0,0.0,0.0,0.0,0.0,0.0,F
Ohio,0.0,0.026406126221283337,0.0159553250897487,0.026566305069736548,0.019643207914427044,0.025870209160641065,0.019891590829976626,0.02910970867003563,0.035351208904219646,0.0255656397801355,0.020838977222997896,0.03990462793922525,0.0363413595821782,0.06502015624843702,0.05726820934927783,0.06285104302802358,0.08671889967833338,0.13352465223803262,0.1773284551022696,0.2493687199421632,0.2460604693603453,0.22591287815243527,0.28952610367350723,0.2669586398641832,0.25375983610373887,0.2491969684845852,0.2329983981360128,0.2549456223577629,0.20479276195133878,0.18523309359962747,0.14881832337926004,0.14558409968441707,0.12411528581865029,0.10294746511664739,0.12624419233775044,0.10345063438322903,0.08793199925391032,0.05919517331663726,0.07728021928262221,0.06075405813514534,0.054357565258945105,0.0683443443665924,0.050844282694211776,0.05241867163673331,0.04209049456331112,0.0345001725008625,0.0439987182982061,0.03716228771043145,0.03252269307315179,0.026015972825580082,0.035186139634460614,0.03549183687751817,0.021658170676949896,0.021095905230702656,0.021535539161549676,0.021868646271691335,0.023023326264768253,0.019367253098760497,0.013145457618418663,0.011078286558345644,0.011734816614153362,0.013105341987019473,0.013386126336851302,0.004474539868150225,0.009676290854416483,0.0060529023666848255,0.008519734803891196,0.006740916614861474,0.01055385102485432,0.0,0.005681535719104874,0.006450873018148456,0.003644580508783439,0.005279791221969966,0.006025049141807063,0.0,0.0,0.004605747973470892,0.0,0.0,0.0,0.0,0.0,0.0,0.0058548009367681494,0.0,0.0,0.0,0.0,0.0,0.0,F
Oklahoma,0.0,0.0,0.0,0.0,0.024792978628452422,0.018777932174108985,0.031914893617021274,0.026263952724885097,0.02250288318190768,0.029401387745501585,0.025336981858720988,0.029099374363451183,0.05568069651489459,0.02985445950988929,0.03414217778319717,0.04332547056274973,0.044419218715297484,0.06097412258237604,0.06722940165832524,0.1675603217158177,0.16090496855039252,0.22290404636404162,0.1877787340583679,0.19312576663099928,0.29474002418379686,0.25941010142934967,0.27542199558234026,0.23005481553012014,0.19482627990042212,0.1993391769749597,0.18291862811028917,0.22393171399968387,0.1990049751243781,0.16394664281988225,0.13418662262592898,0.11694603775686363,0.11969167424713938,0.10075228371843095,0.08819393130407838,0.07656784629004858,0.0754539023815138,0.056043340183074906,0.04213680415749801,0.06172980635131118,0.05000568246391635,0.050857644828702205,0.05033288338786062,0.04949095022624434,0.03152279340446169,0.04819160984072673,0.02694427434170239,0.04694255713403336,0.032287708317810394,0.03606945947338589,0.026962899050905955,0.024156777485883383,0.022691908713692945,0.0,0.022377085864075188,0.0,0.0,0.0320279516669093,0.015657293167157263,0.016400432971430446,0.0,0.0,0.0,0.0,0.0,0.0,0.0,0.0,0.0,0.0,0.0,0.0,0.0,0.0,0.0,0.0,0.0,0.0,0.0,0.0,0.0,0.0,0.0,0.0,0.0,0.0,0.0,F
Oregon,0.0,0.0,0.0,0.0,0.0,0.0,0.0,0.0,0.07104435197401807,0.0,0.0823045267489712,0.043252595155709346,0.0453021654435082,0.044674767691208005,0.06900715949279737,0.09623797025371827,0.07330034817665385,0.11867810845353295,0.19657399606852008,0.22373540856031127,0.33640907343329485,0.424565560821485,0.37400181946831096,0.4021164021164021,0.3876354239141238,0.3908922114726864,0.2528445006321113,0.27256958784174445,0.226420986883198,0.1563314226159458,0.1795952200041445,0.14816723571474585,0.14553686934023286,0.117696906925286,0.09827044025157233,0.10862588258529601,0.08169616806068858,0.06847528368331812,0.08433978813845219,0.0734508547008547,0.07521993655361874,0.06043064788015648,0.047724154387639446,0.041738715640093016,0.05249343832020997,0.052537239631621234,0.06546950991395435,0.05709754163362411,0.04674145299145299,0.05329602611505279,0.04110671936758893,0.02284371634631074,0.0,0.017689096440953796,0.0,0.0,0.01909344331156681,0.0,0.0,0.0,0.0,0.01870417477180907,0.0,0.0,0.0,0.0,0.0,0.0,0.0,0.0,0.0,0.0,0.0,0.0,0.0,0.0,0.0,0.0,0.0,0.0,0.0,0.0,0.0,0.0,0.0,0.0,0.0,0.0,0.0,0.0,0.0,F
Pennsylvania,0.011859582542694497,0.0,0.011989449284629526,0.01036460372665085,0.01156861523675616,0.00751089079164789,0.008700133178961738,0.0095580363970026,0.011115336238921228,0.011325170821326556,0.016664385232974057,0.020025747389500786,0.019582477836195537,0.032207250730519006,0.03694273308022825,0.04894589414713254,0.05844429716213773,0.0819030196507464,0.11749559391522818,0.17765482519682976,0.21086822700423047,0.23502007029803873,0.23899678938048,0.2293223793934153,0.252956144289777,0.21522019531969783,0.2267910919433394,0.2011529855913242,0.17015771229284002,0.14230710885410272,0.12173574300541203,0.14188609516267406,0.11628509420819637,0.10463498487966977,0.11109256000924701,0.09705872708791029,0.07693499251303763,0.07161830164903406,0.08381940369890098,0.0731823884341956,0.05835993615323224,0.04890136500637129,0.054254370235500754,0.045267052514400004,0.041584176316907584,0.03898282036172431,0.04124772139603579,0.02987400961163788,0.03515298221882064,0.028448731322053184,0.02070460056224493,0.01814113805406059,0.02722179327275247,0.02276245106073022,0.022137219874075256,0.019812987413249387,0.022476054357472998,0.010829933937402982,0.018395428122930515,0.011121339997899302,0.009623770713662747,0.010300053431527177,0.011510294519661022,0.011521533746572344,0.00933583326201794,0.004808193161146594,0.008042981694173664,0.00781854715756718,0.0063025872120505465,0.00761307316924623,0.0,0.006711159166324894,0.005916415835286983,0.0,0.008363174661101355,0.006005960916209338,0.0,0.003770511583011583,0.0044800860176515385,0.005114715767938038,0.004360306674902802,0.0052322756661808125,0.0,0.006439564685427265,0.0041633013314237655,0.0,0.0,0.0,0.0,0.004791291348844341,0.0,F
Rhode Island,0.0,0.0,0.0,0.0,0.0,0.0,0.0,0.0,0.0,0.0,0.0,0.0,0.0,0.0,0.0,0.0,0.05926511260371395,0.0,0.0,0.0554016620498615,0.06521739130434784,0.10448107731599722,0.06901311249137336,0.061751265900950966,0.0985585807564371,0.11067388096409247,0.1605532913424725,0.06065752759917505,0.08190008190008191,0.0,0.056458897922312554,0.07294706127553147,0.04295163645734902,0.0,0.0,0.0,0.041996220340169386,0.0,0.04022256485888583,0.0,0.0,0.04361370716510903,0.0,0.0,0.0,0.0,0.0,0.0,0.0,0.0,0.0,0.035669698591046906,0.0,0.0,0.0,0.0,0.0,0.0,0.0,0.0,0.0,0.0,0.0,0.0,0.0,0.0,0.0,0.0,0.0,0.0,0.0,0.0,0.0,0.0,0.0,0.0,0.0,0.0,0.0,0.0,0.0,0.0,0.0,0.0,0.0,0.0,0.0,0.0,0.0,0.0,0.0,F
South Carolina,0.0,0.0,0.0,0.0,0.0,0.0,0.0,0.0,0.0,0.0,0.0,0.0,0.012793940789642026,0.016092262303875553,0.025933609958506226,0.018597236981934114,0.0,0.017044001931653553,0.020247599213236146,0.021814328897753123,0.04553457592131625,0.03893575600259572,0.08579272477693892,0.05641330166270784,0.08732394366197183,0.09979186268639693,0.10814918741961885,0.109421469053364,0.12863534675615212,0.13155421913174217,0.19643318686999225,0.18268268268268267,0.20694305578161692,0.23353053689782483,0.19355284683978893,0.19807583474816073,0.19893337848133413,0.21579711252005196,0.2254327328328073,0.17908033582376956,0.1722836291836853,0.15367316341829085,0.1695873374788016,0.14265857048796546,0.133245687281255,0.15359859566998246,0.11921103966476411,0.11702322179557506,0.11580775911986102,0.09747728779194448,0.11514333359803067,0.09530049437131455,0.07783057512698673,0.06034500697088874,0.09804339485911591,0.062193352221684754,0.0651685935652048,0.042255971763068285,0.042828710351951224,0.0427221552070768,0.03191985660618263,0.014793993638582737,0.016014092401313153,0.025036859821403735,0.023030861354214647,0.0,0.015199878400972791,0.014758840545486747,0.01802830443796761,0.0,0.0,0.0,0.0,0.0,0.0,0.0,0.0,0.0,0.0,0.0,0.0,0.0,0.0,0.0,0.0,0.0,0.0,0.0,0.0,0.0,0.0,F
South Dakota,0.0,0.0,0.0,0.0,0.0,0.0,0.10127607859023698,0.04815100154083205,0.0909008271975275,0.15597761262501147,0.19574468085106383,0.2757813805783052,0.4058721934369603,0.4030491544729694,0.4322512350035286,0.5153690410454629,0.6649185240681776,0.8046890522551163,0.6472804559945899,0.7498766650222003,1.0601719197707737,0.9929217459693276,1.0204081632653061,1.0262257696693273,0.7504111842105263,0.7247127031783829,0.5552699228791774,0.44343376918703814,0.5995475113122173,0.4978977649922549,0.35737491877842753,0.28062601187263897,0.35975029097450006,0.2522704339051463,0.2367716697549928,0.2631301968213872,0.23482344755609671,0.09852216748768472,0.16208649524791865,0.16094045203274787,0.0955044682447643,0.0857576357279504,0.07230182726436177,0.05383942391816407,0.08125126955108673,0.11092261516377397,0.06032575909913533,0.0,0.05711022272986865,0.06190672719768881,0.0,0.0716075904045829,0.0,0.053167248974631626,0.04861842638359938,0.04695717505634861,0.0,0.06974311286760432,0.0,0.0,0.0,0.0,0.0,0.0,0.0,0.0,0.0,0.0,0.0,0.0,0.0,0.0,0.0,0.0,0.0,0.0,0.0,0.0,0.0,0.0,0.0,0.0,0.0,0.0,0.0,0.0,0.0,0.0,0.0,0.0,0.0,F
Tennessee,0.0,0.0,0.0,0.0,0.0,0.0,0.0,0.0,0.0,0.0,0.013668360024603046,0.0,0.0,0.011017584064166409,0.012643557054051208,0.017229496898690556,0.03600765162597052,0.019411193788417987,0.051301496665402714,0.03863372951844192,0.07388573787947933,0.0974162552305887,0.09380663042319581,0.09245895724337001,0.12168306897508699,0.12850806284458816,0.14666184878950836,0.10758812733371306,0.10398189491712032,0.14374797538062845,0.16408493348700018,0.12536410899303124,0.12541877845545915,0.14333333333333334,0.09427655599170366,0.11009695635188407,0.12034930652381301,0.099113197704747,0.10639326820775703,0.10857612160525619,0.1403705783267827,0.1165660998354361,0.10055163745548495,0.10845391395074272,0.08500690681117841,0.06593288301622757,0.08085599547206425,0.058747182184575454,0.05185995010231828,0.04232326509882482,0.0498618115508448,0.045812455261274164,0.0494674969446546,0.03126256085034166,0.02357621749060635,0.0369727366255144,0.028720097310447355,0.024125452352231604,0.022803417004332648,0.020230629172567266,0.02448100274187231,0.011724114829330385,0.016383296319219427,0.0,0.016957455627991107,0.0,0.0,0.0,0.0,0.0,0.0,0.0,0.0,0.0,0.0,0.0,0.0,0.0,0.0,0.0,0.0,0.0,0.0,0.0,0.0,0.0,0.0,0.0,0.0,0.0,0.0,F
Texas,0.0,0.0,0.014167115291984245,0.0,0.0,0.00971298139964062,0.013972117862576459,0.010387297818667457,0.01678814756781712,0.014660216171551185,0.00836180328260506,0.015055357391022376,0.015026990787298727,0.027948249158641247,0.020577245898088483,0.027327780328370608,0.03329818524890393,0.045300113250283124,0.04931125046899287,0.07984584428995753,0.0873720998778896,0.09162727811113719,0.09899247657178055,0.1029736501870688,0.12784998934583422,0.11838267738568001,0.15188535957207952,0.13887692705193352,0.12460096797446195,0.09599108211882251,0.11405732111522714,0.18378506245962642,0.1540489190900844,0.1245674740484429,0.11974595667924758,0.11381565004434885,0.11173260018689816,0.10211069533103431,0.08817100276146682,0.07334543927411676,0.08712811872504443,0.07502446449929324,0.06281083641381015,0.0716435732232145,0.05718614824409199,0.051546897858594586,0.052285449774788814,0.04912926721074548,0.050459277403551744,0.03846996664313019,0.037237196039138255,0.03962283077540375,0.03072676351473877,0.03176322339439509,0.03536200513284862,0.02151325390872566,0.02595364558184452,0.024139866385839554,0.023780930072175122,0.01731543699135904,0.013437536953226623,0.01083840480358101,0.013454777323435299,0.019729644089177992,0.008867396946068492,0.011196624512357537,0.01051156271899089,0.011215603147098243,0.004354594641671293,0.00559144813423542,0.010800911033365423,0.009971897380110598,0.005166512388866166,0.0034670156795784113,0.006017907573536681,0.004622897632235885,0.0034065601832729375,0.005226799543526174,0.00305616800192102,0.0034257867533390714,0.0,0.0037940105220558473,0.0,0.0025767329602796613,0.0,0.0,0.0021476740689832913,0.0025847251360211604,0.0021311237841938812,0.0,0.0,F
Utah,0.0,0.0,0.0,0.0,0.0,0.0,0.0,0.0,0.0,0.0,0.0,0.0,0.07173601147776185,0.1043115438108484,0.0,0.06832156684126622,0.07138607971445568,0.09501187648456057,0.15780529254673464,0.2237970906378217,0.28149190710767064,0.24915908807773765,0.21372894141312546,0.11151034568207162,0.15855592145383582,0.16330339437769742,0.15308525671219972,0.14928801102434544,0.11039964672113049,0.0759795940518832,0.051851083687649076,0.0,0.06686726847208291,0.05886681383370125,0.0701426233341127,0.05583472920156338,0.04154836922650786,0.034788658897199516,0.0,0.03018776791644026,0.05978358342799068,0.0,0.04193311667889716,0.0,0.0,0.0,0.0,0.0,0.0,0.0,0.03416800898130522,0.0343457141455277,0.0,0.0,0.0,0.0,0.0,0.0,0.0,0.0,0.0,0.0,0.0,0.0,0.0,0.0,0.0,0.0,0.0,0.0,0.0,0.0,0.0,0.0,0.0,0.0,0.0,0.0,0.0,0.0,0.0,0.0,0.0,0.0,0.0,0.0,0.0,0.0,0.0,0.0,0.0,F
Virginia,0.0,0.0,0.0,0.0,0.0,0.0,0.013289036544850499,0.0,0.0,0.0,0.019289710011359498,0.014516798009124844,0.0,0.023743227783893456,0.0233189180022047,0.017607958797376415,0.03487885411337953,0.022914757103574702,0.07259783143251915,0.08536377161532646,0.12241958713394142,0.14986410627651198,0.1597556678021849,0.23098747144040777,0.19177812745869394,0.20760062524423606,0.21340266875981162,0.25628007059790625,0.2316369785272521,0.18101647714086794,0.23569839416701546,0.22759067087048213,0.21296517285061228,0.20811654526534862,0.18566383923695803,0.1756039852862345,0.19391845647426914,0.19115585574104751,0.18524780569563493,0.1424857147054071,0.17735737511084837,0.15135315272782815,0.11969517628439574,0.1416099360806527,0.0932001662489452,0.10621483214263135,0.10196595331948917,0.09106332019360311,0.09158674027526903,0.07807200542664432,0.07811686282678887,0.051207865528145116,0.08581492154979187,0.06053658599415242,0.05566343042071197,0.05088195386702849,0.040336435753021496,0.03968496245192014,0.033737156877779485,0.025887010811633925,0.030941049932961057,0.018490839330015253,0.011993283761093787,0.01815541031227306,0.02746598795158662,0.013193109427419051,0.0,0.0,0.009109127345600291,0.010574923331805845,0.010294067185945168,0.0,0.009886959100945853,0.0,0.0,0.0,0.0,0.0,0.0,0.0,0.0,0.0,0.0,0.0,0.0,0.0,0.0,0.0,0.0,0.0,0.0,F
Washington,0.0,0.0,0.0,0.0,0.05857658888997364,0.0,0.0,0.03917727717923604,0.0,0.04025996434117444,0.052441134826157636,0.06193868070610096,0.07045688580564739,0.03253796095444685,0.07497857754927163,0.09721847150958682,0.1327874294566781,0.12901778201604308,0.1904015232121857,0.3229827742520399,0.3436807095343681,0.3508977133165682,0.3641703377386197,0.31660983925962005,0.3194709113328102,0.31337437045327365,0.26769461398436667,0.28675961633540986,0.23593634344929681,0.1674496488208754,0.1517516475893167,0.1257911081410433,0.11533665835411472,0.09273401701941959,0.08402222523377151,0.07707846055709122,0.06813381481229135,0.08161477824667569,0.059687975960153135,0.05465808332321147,0.048790404553771094,0.054814901822595484,0.04051341546507559,0.04232998987761112,0.019661816751867872,0.0397463460461419,0.039014009576165985,0.012424565140220091,0.023560114538402985,0.021882636128232248,0.022129197632175853,0.013038538193603665,0.018720281553034557,0.012032005133655523,0.012884660811304143,0.01870601164449225,0.014294563301091152,0.0,0.013110169121181663,0.0,0.0,0.0,0.0,0.0,0.0,0.0,0.0,0.0,0.0,0.0,0.0,0.0,0.0,0.0,0.0,0.0,0.0,0.0,0.0,0.0,0.0,0.0,0.0,0.0,0.0,0.0,0.0,0.0,0.0,0.0,0.0,F
West Virginia,0.0,0.0,0.0,0.0,0.0,0.0,0.0,0.024424994911459393,0.02175489485134155,0.022655188038060717,0.033853549544669764,0.0,0.03737502725262404,0.03593890386343217,0.04799548277809147,0.05895531187359981,0.06604226705091258,0.07897507897507897,0.1369781430528259,0.15640460914807366,0.13196342727872562,0.2118784347480633,0.32965967486506575,0.3508652404959804,0.311279296875,0.3017046311660884,0.4297908150997836,0.34843205574912894,0.3309085722436172,0.29313714220025294,0.276398916967509,0.28618932104990596,0.2405836092715232,0.24842037047037857,0.19485357327067454,0.13693736603953321,0.15751733866227813,0.17362905392835734,0.1386001386001386,0.1384142912755742,0.13374944271065536,0.11105681666740705,0.11873772662921861,0.09189620565403497,0.07948359747579363,0.07384396007333469,0.07359845697028145,0.07647598654022637,0.06999170468685192,0.07423496741909764,0.06668599594085242,0.06802519889976635,0.05286727204876228,0.05234745624079829,0.05199194124910639,0.03280481137233461,0.031224386245657855,0.024173079247411466,0.020176748315241515,0.036970095300690106,0.0,0.0,0.0,0.0,0.0,0.0,0.0,0.0,0.02457706959406873,0.0,0.0,0.0,0.0,0.0,0.0,0.0,0.0,0.0,0.0,0.0,0.0,0.0,0.0,0.0,0.0,0.0,0.0,0.0,0.0,0.0,0.0,F
Wisconsin,0.0,0.0,0.0375727972947586,0.025289565525264276,0.04431017119838872,0.04759505011478806,0.06717131268246054,0.09138679460817913,0.08583486326029423,0.14232112821839824,0.1774140133415338,0.18593943686913406,0.2583562086226385,0.2996594778660613,0.358589547778737,0.36381000022738125,0.39952887924066416,0.44987862185697425,0.5665407687180627,0.6702260592979666,0.6908615841101836,0.6319771196604853,0.602688919796013,0.4754590008046229,0.4573530105144043,0.43579980733061147,0.3673366948823838,0.3271782000717103,0.247304596828427,0.19179216703354185,0.17027073046143368,0.15001013581998784,0.16082399710878206,0.1387762458322069,0.12098298676748581,0.10206974766090163,0.09736195465714684,0.07911716160362302,0.08410664722868597,0.05470459518599562,0.06567156010999986,0.043293901926578636,0.03520462689382033,0.046843744461043724,0.046266984853650224,0.01936764634677771,0.031174686154842268,0.02325067717597275,0.02815480450007625,0.019499661623518887,0.017066205499869157,0.016206329729354294,0.012049499343302286,0.01247956471278282,0.019309492546535877,0.013827816034735473,0.0157194506766509,0.0,0.0,0.0,0.0,0.0,0.0,0.0,0.0,0.0,0.0,0.0,0.0,0.0,0.0,0.0,0.0,0.0,0.0,0.0,0.0,0.0,0.0,0.0,0.0,0.0,0.0,0.0,0.0,0.0,0.0,0.0,0.0,0.0,0.0,F
Wyoming,0.0,0.0,0.0,0.0,0.0,0.0,0.0,0.0,0.0,0.0,0.0,0.0,0.0,0.0,0.0,0.0,0.0,0.2660458929165281,0.0,0.3626772172766238,0.0,0.2997002997002997,0.46115643845335225,0.35829451809387314,0.27210884353741494,0.26702269692923897,0.18909549322407815,0.19329896907216496,0.14952153110047847,0.14744913005013272,0.4302925989672977,0.0,0.18631887143997872,0.0,0.17495626093476632,0.18646776771443793,0.0,0.13275175421960933,0.0,0.0,0.08923790826343031,0.0,0.0954653937947494,0.07470491558344539,0.10554885404101327,0.0,0.0,0.0,0.1026518391787853,0.0844451950684006,0.0,0.0,0.0,0.0,0.0,0.0,0.0,0.0,0.0,0.0,0.0,0.0,0.0,0.0,0.0,0.0,0.0,0.0,0.0,0.0,0.0,0.0,0.0,0.0,0.0,0.0,0.0,0.0,0.0,0.0,0.0,0.0,0.0,0.0,0.0,0.0,0.0,0.0,0.0,0.0,0.0,F
