state,1916,1918,1919,1920,1921,1922,1923,1924,1925,1926,1927,1928,1929,1930,1931,1932,1933,1934,1935,1938,1939,1940,1941,1942,1943,1944,1945,1947,1948,1949,1950,1951,1952,1953,1954,1955,1956,1957,1958,1959,1960,1961,1962,1963,1964,1965,1966,1967,1968,1969,1970,1971,1972,1973,1974,1975,1976,1977,1978,1979,1980,1981,1982,1983,1984,1985,1986,1987,1988,1989,1990,1991,1992,1993,1994,1995,1996,1997,1998,1999,2000,2001,2002,2003,2004,2005,2006,2007,2008,2009,2010,2011,2012,2013,2014,2015,2016,2017,2018,2019,gender
Alabama,0.0,0.0,0.0,0.0,0.0,0.0,0.0,0.0,0.0,0.0,0.0,0.0,0.0,0.0,0.0,0.0,0.0,0.0,0.0,0.0,0.0,0.0,0.0,0.0,0.0,0.0,0.0,0.0,0.0,0.0,0.0,0.0,0.0,0.0,0.0,0.0,0.0,0.0,0.0,0.0,0.0,0.0,0.0,0.0,0.0,0.0,0.0,0.0,0.0,0.0,0.0,0.0,0.010777255679613743,0.0,0.0,0.0,0.0,0.0,0.0335000358928956,0.018250672993566638,0.020159935488206437,0.0,0.0,0.0,0.026181748940829246,0.03550211829305815,0.0337284378914908,0.031148915778123877,0.028454898985108605,0.027328004372480702,0.057264585289873327,0.0778320243401967,0.06790348005335273,0.11024818090501506,0.09841526193600483,0.07724393635099645,0.09592699178139016,0.09107705118530277,0.10656547278681708,0.11300028907050694,0.07905138339920949,0.0691237868775403,0.10622111216375277,0.12090854132481216,0.08189289579129011,0.09906471256665016,0.050503633455851404,0.10700608245100247,0.05766846400046135,0.03669163736431738,0.02285938214355692,0.04372246325631453,0.03496136768870398,0.028091860383453897,0.027774884560636044,0.028141269171239623,0.0,0.022395580605427196,0.0,0.020209369063497837,M
Alaska,0.0,0.0,0.0,0.0,0.0,0.0,0.0,0.0,0.0,0.0,0.0,0.0,0.0,0.0,0.0,0.0,0.0,0.0,0.0,0.0,0.0,0.0,0.0,0.0,0.0,0.0,0.0,0.0,0.0,0.0,0.0,0.0,0.0,0.0,0.0,0.0,0.0,0.0,0.0,0.0,0.0,0.0,0.0,0.0,0.0,0.0,0.0,0.0,0.0,0.0,0.0,0.0,0.0,0.0,0.0,0.0,0.0,0.0,0.0,0.0,0.0,0.0,0.0,0.0,0.0,0.09113693324219639,0.06059137178865729,0.0,0.0,0.0,0.0,0.16038492381716118,0.19289060347203085,0.1479727730097662,0.0,0.15045135406218654,0.2224884477152148,0.08874689385871495,0.2311111111111111,0.0,0.24213075060532688,0.17097264437689969,0.19349845201238391,0.13966480446927373,0.13565891472868216,0.2105666156202144,0.1536688436419516,0.1708752610594266,0.13185157280090412,0.0,0.0,0.0,0.0,0.0,0.0,0.0,0.0,0.0,0.0,0.0,M
Arizona,0.0,0.0,0.0,0.0,0.0,0.0,0.0,0.0,0.0,0.0,0.0,0.0,0.0,0.0,0.0,0.0,0.0,0.0,0.0,0.0,0.0,0.0,0.0,0.0,0.0,0.0,0.0,0.0,0.0,0.0,0.0,0.0,0.0,0.0,0.0,0.0,0.0,0.0,0.0,0.0,0.0,0.0,0.0,0.0,0.0,0.0,0.0,0.0,0.0,0.0,0.016906742408872657,0.0,0.0,0.0,0.016316940247364815,0.0,0.016433313613357,0.018947767321417293,0.03992628992628993,0.03374862896194842,0.036657851326228695,0.017639350871887914,0.0,0.012302241468395541,0.04751496721467262,0.05330253631235286,0.06329666492055176,0.031400460540087924,0.04902561588429955,0.06655238479378844,0.07953393116338257,0.12165450121654502,0.12018749248828171,0.12423878286726817,0.13370584713630015,0.1381624395539327,0.134755322835252,0.16226867055596336,0.10116048251641473,0.0981027302174919,0.11797511797511798,0.10532050118031595,0.10125592880109427,0.11642050390964379,0.08039135194307609,0.06387198709113524,0.07624009275877952,0.06946351550005654,0.05795026503724157,0.037424449392788314,0.04416163157155188,0.031002624888907263,0.028975908601705437,0.029363031942784036,0.025032333430681297,0.0,0.028813972560232284,0.014188757774256865,0.014804579549940782,0.0,M
Arkansas,0.0,0.0,0.0,0.0,0.0,0.0,0.0,0.0,0.0,0.0,0.0,0.0,0.0,0.0,0.0,0.0,0.0,0.0,0.0,0.0,0.0,0.0,0.0,0.0,0.0,0.0,0.0,0.0,0.0,0.0,0.0,0.0,0.0,0.0,0.0,0.0,0.0,0.0,0.0,0.0,0.0,0.0,0.0,0.0,0.0,0.0,0.0,0.0,0.0,0.0,0.0,0.0,0.0,0.0,0.0,0.0,0.0,0.019324418335008114,0.040051265619993594,0.0,0.022034520749173704,0.03498270299685156,0.0,0.0,0.03494602780150656,0.06605019815059446,0.019895746289443315,0.019879134860050888,0.02809101488823789,0.0665023667018738,0.10207687173648464,0.0978393803505911,0.11000634651999154,0.09841256257755338,0.1632040933350977,0.17188188629352139,0.10803336070178472,0.10899420150847976,0.18375114844467777,0.14207068016338129,0.16468752708676432,0.13841757456688694,0.1617832104979328,0.1347587817806127,0.12991667413314217,0.1984216459977452,0.11518695729222045,0.0629553017357676,0.07989472694802144,0.09349473477019979,0.04728877679697352,0.0689289501590668,0.03849961500384996,0.03365114974761638,0.0,0.028449502133712664,0.0,0.031456432840515886,0.0,0.0,M
California,0.0,0.0,0.0,0.0,0.0,0.0,0.0,0.0,0.0,0.0,0.0,0.0,0.0,0.0,0.0,0.0,0.0,0.0,0.0,0.0,0.0,0.0,0.0,0.0,0.0,0.0,0.004419805781105962,0.0028098832961804317,0.005221560297154249,0.0,0.005524480353566743,0.0034602076124567475,0.003196892620372997,0.0026550048738303756,0.002204617939711048,0.005399917921247597,0.004417711625378054,0.0048894017328039744,0.0049539284652729615,0.00582639291251671,0.004697320335326041,0.005882862910716718,0.006245667068471248,0.00873400585178392,0.007636429587346436,0.012120804013332884,0.01028923391331498,0.015718102967863624,0.02073242658754982,0.014506819932370588,0.01794863979789154,0.016554547233133175,0.016707484545576794,0.027742447652135314,0.029985253827227432,0.019199189549104993,0.022427347198942373,0.032992536860627385,0.052906920817208436,0.048534705806357,0.041988964775195016,0.03727824923798873,0.037003058103975535,0.037682837125734066,0.04529078744209984,0.048908002361075974,0.045035835262782715,0.05111412826451561,0.057185366618927855,0.06128023018386463,0.0711071632055199,0.08410390799803229,0.08005386283025111,0.09444958483038729,0.0795378848887961,0.09337834648497224,0.07113372346698893,0.07881475785744689,0.08021390374331551,0.07208154542833399,0.07254160679659055,0.06476831773567679,0.06002795587659396,0.06406855052666041,0.06770749230145982,0.05355576066272405,0.05411346918068826,0.04944193130413039,0.05515425399423549,0.03687606176267575,0.0348166541852246,0.03079559756848673,0.025945144551519646,0.02306813017311427,0.026923129353708573,0.016555066731008344,0.01948656509595329,0.016056518946692355,0.01586830123732062,0.016622552968404362,M
Colorado,0.0,0.0,0.0,0.0,0.0,0.0,0.0,0.0,0.0,0.0,0.0,0.0,0.0,0.0,0.0,0.0,0.0,0.0,0.0,0.0,0.0,0.0,0.0,0.0,0.0,0.0,0.0,0.0,0.0,0.0,0.0,0.0,0.0,0.0,0.0,0.0,0.0,0.0,0.0,0.0,0.0,0.0,0.0,0.0,0.0,0.0,0.01681859463823203,0.0,0.016068903458028024,0.03710345680539237,0.017614937466971993,0.021373393178834233,0.0,0.015965259595121014,0.025368638021246236,0.0344924900442131,0.0,0.04392257913384674,0.054477162599994265,0.042662116040955635,0.03792379844765252,0.07736195725751861,0.04817729243616509,0.07789767910738424,0.06717161188705904,0.052882072977260705,0.07587078974594781,0.07141496857741383,0.07256718511888924,0.09508716323296355,0.13660535688149486,0.17431012471766671,0.16908449323662025,0.13570225919131504,0.20881079704609118,0.17645253682487724,0.19936908517350158,0.16927313610065436,0.2023945963081275,0.1379539994767262,0.13802940026225585,0.16824682263601845,0.12085403518195247,0.1341291663872309,0.1271999814981845,0.08569972668735813,0.11131725417439704,0.08587786259541985,0.056405728860113795,0.1054743774439185,0.04617306752132109,0.06701664246621244,0.04832428437420052,0.03171034045374614,0.037515872099734504,0.01445295562942622,0.04112566829210975,0.02812412112121496,0.0,0.02005615724027276,M
Connecticut,0.0,0.0,0.0,0.0,0.0,0.0,0.0,0.0,0.0,0.0,0.0,0.0,0.0,0.0,0.0,0.0,0.0,0.0,0.0,0.0,0.0,0.0,0.0,0.0,0.0,0.0,0.0,0.0,0.0,0.0,0.0,0.0,0.0,0.0,0.0,0.0,0.0,0.0,0.0,0.0,0.0,0.0,0.0,0.0,0.0,0.0,0.0,0.0,0.0,0.0,0.0,0.0,0.015596244424342619,0.0,0.023878560463926318,0.027865826047580897,0.0,0.06612835862453013,0.020622100017185084,0.05587693925848015,0.055107134753152445,0.05368534074401566,0.04030382886374206,0.05465144522710712,0.09132958194620393,0.05122076148198737,0.07275780047572408,0.058743424741662435,0.1228983081871192,0.09536574050208774,0.08190637077990223,0.12786361214704314,0.09952174273629502,0.14465212581898632,0.16344638374875955,0.10499790004199916,0.15843032112607397,0.1676716215780479,0.16993715531614725,0.14072983145148094,0.14224280516043664,0.13183692786153742,0.11405267159742864,0.10635013208000275,0.10709695844638013,0.08491785120915636,0.09084371096559295,0.05766790973049863,0.06950690980456292,0.05607557261786654,0.04509786236132407,0.03232957694439313,0.032914844594912306,0.03802281368821293,0.0,0.02884060757546626,0.03427340383862123,0.03060599877576005,0.042245339810952104,0.04963052828940112,M
Delaware,0.0,0.0,0.0,0.0,0.0,0.0,0.0,0.0,0.0,0.0,0.0,0.0,0.0,0.0,0.0,0.0,0.0,0.0,0.0,0.0,0.0,0.0,0.0,0.0,0.0,0.0,0.0,0.0,0.0,0.0,0.0,0.0,0.0,0.0,0.0,0.0,0.0,0.0,0.0,0.0,0.0,0.0,0.0,0.0,0.0,0.0,0.0,0.0,0.0,0.0,0.0,0.0,0.0,0.0,0.0,0.0,0.0,0.11501807426881366,0.19209220425804385,0.07849293563579278,0.11881776325560671,0.08944543828264759,0.10313835273316635,0.0,0.0,0.10076291924571758,0.07115411982353778,0.12129380053908356,0.1803891251127432,0.14536644457904302,0.16544552115339162,0.1950743721043648,0.23258818968859024,0.21548821548821548,0.20511418022699304,0.24474517708033403,0.41267501842299187,0.28219218773206595,0.10365763364430625,0.21968365553602814,0.12964563526361278,0.0,0.13305736250739209,0.14413375612568463,0.08874426859931962,0.1789709172259508,0.07595321282090232,0.2908756889161053,0.12678288431061807,0.0,0.0,0.0869414014953921,0.09087604507451835,0.0,0.0,0.0,0.0,0.0,0.0,0.0,M
Florida,0.0,0.0,0.0,0.0,0.0,0.0,0.0,0.0,0.0,0.0,0.0,0.0,0.0,0.0,0.0,0.0,0.0,0.0,0.0,0.0,0.0,0.0,0.0,0.0,0.0,0.0,0.0,0.0,0.0,0.0,0.0,0.0,0.0,0.0,0.0,0.0,0.0,0.0,0.0,0.005274484155449597,0.0,0.0,0.0,0.0,0.006519754857217368,0.0,0.0,0.006201858076679773,0.006108287724784988,0.0,0.007640003056001223,0.0,0.01297506428554578,0.007288718278890657,0.013136210561513293,0.013906974980087741,0.010270235573528467,0.023214612987965056,0.047822292361584355,0.03129435695684732,0.040754363264016956,0.03585757757835365,0.043349535606570684,0.04461656523834169,0.0477188676994393,0.05207528132857061,0.05422474562214922,0.06376914034588997,0.06377130291368883,0.08776634648203227,0.08747172544812175,0.12345065875825666,0.1551336115541766,0.1314668468521402,0.13695964555143098,0.14976888456392168,0.137294829075651,0.12646416977043667,0.15030523524696307,0.14601374703894995,0.1339921279624822,0.1064905614121108,0.11042385773082834,0.1375515818431912,0.1213312193415362,0.10104755050560123,0.08999815751803505,0.09487733715696137,0.07905852589731427,0.06682285502660838,0.07199906233779281,0.05017390786709867,0.04561533363743556,0.04089387188290721,0.04209073077926779,0.026657780739753414,0.031200195633659108,0.028748649684636026,0.028035777269315297,0.030053721026334572,M
Georgia,0.0,0.0,0.0,0.0,0.0,0.0,0.0,0.0,0.0,0.0,0.0,0.0,0.0,0.0,0.0,0.0,0.0,0.0,0.0,0.0,0.0,0.0,0.0,0.0,0.0,0.0,0.0,0.0,0.0,0.0,0.0,0.0,0.0,0.0,0.0,0.0,0.0,0.0,0.0,0.0,0.0,0.0,0.0,0.0,0.0,0.0,0.0,0.0,0.007036505389963128,0.0,0.0,0.0,0.0,0.0,0.007982374916185064,0.0,0.0,0.014726094639701552,0.03139717425431711,0.03480792354914246,0.030102347983142687,0.016661112962345886,0.025593929722080033,0.03293068091667041,0.019087892403018822,0.04104276939624671,0.0416660879710004,0.04031120248317007,0.055427983213239364,0.05836748677215109,0.09041591320072333,0.1211489611150915,0.13894586404478027,0.13739224137931033,0.1028987665687323,0.1270785453562255,0.12883277505797475,0.1295542276981651,0.1135948190317021,0.13325211299779183,0.12144494702273993,0.09082200131878522,0.088768863383469,0.10354008480425994,0.10560180751000761,0.08689798665932318,0.0922607430538306,0.06322545241986473,0.07126959913976344,0.05949626495669995,0.03933633975358593,0.033156020700889445,0.029413062340985632,0.034616658137924805,0.022300521832210873,0.02559123274473498,0.031461381154632685,0.022678675565346983,0.015526075180706264,0.016121520438505357,M
Hawaii,0.0,0.0,0.0,0.0,0.0,0.0,0.0,0.0,0.0,0.0,0.0,0.0,0.0,0.0,0.0,0.0,0.0,0.0,0.0,0.0,0.0,0.0,0.0,0.0,0.0,0.0,0.0,0.0,0.0,0.0,0.0,0.0,0.0,0.0,0.0,0.0,0.0,0.0,0.0,0.0,0.0,0.0,0.0,0.0,0.0,0.0,0.0,0.0,0.0,0.0,0.0,0.0,0.0,0.0,0.0,0.0,0.0,0.0,0.0,0.0,0.0,0.0,0.0,0.0,0.045662100456621,0.0,0.0,0.0,0.05770340450086555,0.09536524890329964,0.0729594163246694,0.05708848715509039,0.12895546076778097,0.12331723358339328,0.09586706433745207,0.0,0.07250755287009064,0.06623393826996954,0.08137800081378001,0.12994513427663876,0.0,0.09182736455463728,0.0,0.08736167734420501,0.0,0.08006405124099279,0.0,0.0,0.07940289026520565,0.0,0.0,0.0,0.0,0.0,0.0,0.0,0.0,0.0,0.0,0.0,M
Idaho,0.0,0.0,0.0,0.0,0.0,0.0,0.0,0.0,0.0,0.0,0.0,0.0,0.0,0.0,0.0,0.0,0.0,0.0,0.0,0.0,0.0,0.0,0.0,0.0,0.0,0.0,0.0,0.0,0.0,0.0,0.0,0.0,0.0,0.0,0.0,0.0,0.0,0.0,0.0,0.0,0.0,0.0,0.0,0.0,0.0,0.0,0.0,0.0,0.0,0.0,0.0,0.0,0.0,0.0,0.0,0.0,0.0,0.0,0.0,0.0,0.0,0.0,0.0,0.0,0.0,0.0,0.0,0.09928693925444534,0.0,0.09065361254645997,0.08778089887640449,0.12259194395796848,0.10305736860185502,0.12127512127512127,0.17711654268508678,0.1121559830903287,0.18728185919809315,0.11127278952323888,0.11727257497068186,0.08362602441879914,0.1084327300025023,0.1498252039287498,0.10710166419508979,0.08025682182985554,0.0872185220424992,0.11736170878647993,0.04586104104563173,0.09851470142467414,0.06912442396313365,0.06723254054962602,0.0,0.0,0.08573061535530577,0.0,0.0,0.0,0.0,0.0,0.0,0.0,M
Illinois,0.0,0.0,0.0,0.0,0.0,0.0,0.0,0.0,0.0,0.0,0.0,0.0,0.0,0.0,0.0,0.0,0.0,0.0,0.0,0.0,0.0,0.0,0.0,0.0,0.0,0.0,0.0,0.0,0.0,0.0,0.0,0.0,0.0,0.0,0.0,0.0,0.0,0.0,0.0,0.0,0.0,0.0,0.0,0.0,0.0,0.0,0.008350232613622808,0.0030809425219363107,0.0037703125589111336,0.004377380200484013,0.008446353588493653,0.017494298154675514,0.012249338895974292,0.013023626390463642,0.01763979537837361,0.01619420710077424,0.022351191164342914,0.038828861791653284,0.05162309070480702,0.03476170129559757,0.03976032198885316,0.031320515649580376,0.030090917558050392,0.04911483341274787,0.032298793199635904,0.03290652353547689,0.04381591273078899,0.04887694119215303,0.06503375909741911,0.06643813831854967,0.08706129811877947,0.10619342883614853,0.12445871505582232,0.11353450851508815,0.13764467900652483,0.13964410257210394,0.09453537465650812,0.11891386535670058,0.11710470975350284,0.12045270140277207,0.0942546376618177,0.10670189522890097,0.06903482326211387,0.08484434997857025,0.08801156723455082,0.06740846761161642,0.07253992020608778,0.07101398502078343,0.047597326616821686,0.04453604830607658,0.038204184995579225,0.03511912179538014,0.049919895980867914,0.03547608911593586,0.023607176581680833,0.03737686733623506,0.03774107109159758,0.03601440576230492,0.029769077016854967,0.03310759969902182,M
Indiana,0.01254138657569981,0.022402437385187508,0.01685690892452921,0.03265554926633866,0.016367281803674454,0.012798634812286689,0.01849340401923314,0.015770694107674413,0.018484667994824292,0.020749040356883495,0.02676879993410757,0.01267775265704566,0.015041148284234727,0.018901209677419355,0.0156564526951465,0.020799149545885232,0.0,0.011615750958299455,0.013671474468521431,0.013926745319618806,0.01212709192335678,0.017078122924533673,0.008899330770326072,0.0,0.011004559031598804,0.01801978900465238,0.022088182822190126,0.009548476421231038,0.0,0.008450738232347012,0.00603129033425411,0.0,0.00866494811862314,0.009686168151879117,0.012506774502855714,0.007316741750373677,0.006017148874291732,0.0,0.008149959250203748,0.005120904556580874,0.009238633913998583,0.005168225748100677,0.009636902913556981,0.01093457841732912,0.016535302871630932,0.016680567139282735,0.008566882878472647,0.015066102524827681,0.012873492192226986,0.015054383962062953,0.017900615781182874,0.0175054704595186,0.019329007317409913,0.0173012875041451,0.011677638781438392,0.008882309400444115,0.010596427490160461,0.030217566478646256,0.040970413508530625,0.03798216245111555,0.04281413142557247,0.037520203186331105,0.03322067192419909,0.0618615809405978,0.050177903475960225,0.043957376502508604,0.05451968160505943,0.06167080440867186,0.09094353921940128,0.09729665000149687,0.1518009786004834,0.1376133066084303,0.16665368740752276,0.14997710875708445,0.18788772088955116,0.17605633802816903,0.16044794446536453,0.20461804631354805,0.23573159799462132,0.19736296542001824,0.15331860595469682,0.19642040740301742,0.12970168612191957,0.18250078214620918,0.11241875988055508,0.11613364302304806,0.10560985214620701,0.09098518761145685,0.09817804210327576,0.07742089172986064,0.06681700492775411,0.04881465288537046,0.0500947444079019,0.03561729219536085,0.022312463742246418,0.029516608768703313,0.011735160889055789,0.02464328840040415,0.018032871348343554,0.013424620754463686,M
Iowa,0.0,0.0,0.0,0.0,0.0,0.0,0.0,0.0,0.0,0.0,0.0,0.0,0.0,0.0,0.0,0.0,0.0,0.0,0.0,0.0,0.0,0.0,0.0,0.0,0.0,0.0,0.0,0.0,0.0,0.0,0.0,0.0,0.0,0.0,0.0,0.0,0.0,0.0,0.0,0.0,0.0,0.0,0.0,0.0,0.0,0.0,0.0,0.0,0.0,0.0,0.0,0.0,0.0,0.0,0.0,0.01454503141726786,0.017335028313879577,0.013423539518900345,0.0,0.03068896731624981,0.01504664459825459,0.0,0.01594303023861402,0.052123340283112045,0.03649737499649064,0.0524063236963927,0.034383595898974745,0.02245028864656831,0.05478745689516259,0.06650410108623366,0.07207997743583315,0.14887213178420014,0.09953219866626853,0.10510255975589083,0.18627864473499228,0.10483317066117197,0.23415829100471916,0.18678321939556952,0.1710991259066394,0.20286261692775837,0.14584891548242335,0.11712802092687306,0.17398181099248713,0.14713484709905755,0.15369681281346062,0.1302507326603712,0.11160269440790786,0.08256615613260125,0.08176263017471383,0.027391006619493265,0.06194605927761365,0.050057566201131304,0.035617971810919455,0.030717247734602982,0.025407795111540222,0.0,0.032263268269075655,0.02847056143947159,0.04169148302561048,0.0,M
Kansas,0.0,0.0,0.0,0.0,0.0,0.0,0.0,0.0,0.0,0.0,0.0,0.0,0.0,0.0,0.0,0.0,0.0,0.0,0.0,0.0,0.0,0.0,0.0,0.0,0.0,0.0,0.0,0.0,0.0,0.0,0.0,0.0,0.0,0.0,0.0,0.0,0.0,0.0,0.0,0.0,0.0,0.0,0.0,0.0,0.0,0.0,0.0,0.02592400562921265,0.0,0.0,0.0,0.0,0.0,0.0,0.0,0.0,0.0,0.0,0.0,0.017190991920233798,0.03573052686285974,0.0,0.0,0.04497558468260088,0.0,0.02347024308466052,0.043963476496449105,0.03504836674610963,0.05933268183721905,0.06600430764955185,0.10217023675310034,0.136561600354322,0.16428331404248964,0.15008658841639408,0.1602250967212474,0.19121220571246464,0.08571778439936323,0.1301977378143055,0.16732401099557787,0.15009677291938223,0.16479635878521542,0.1353988291983593,0.10746696385925808,0.11069818929390368,0.1213150551983501,0.1061787887450484,0.06931984994291307,0.040685137719191175,0.041988579106483036,0.0828283708967261,0.05419809403369314,0.03818980332251289,0.042688421951335195,0.0,0.0,0.0,0.026043023074118443,0.0,0.0,0.0,M
Kentucky,0.0,0.0,0.0,0.0,0.0,0.0,0.0,0.0,0.0,0.0,0.0,0.0,0.0,0.0,0.0,0.0,0.0,0.0,0.0,0.0,0.0,0.0,0.0,0.0,0.0,0.0,0.0,0.0,0.0,0.0,0.0,0.0,0.0,0.0,0.0,0.0,0.0,0.0,0.0,0.0,0.0,0.0,0.0,0.0,0.0,0.0,0.0,0.0,0.0,0.0,0.0,0.009749629514078465,0.0,0.0,0.0,0.0,0.0,0.020387775489816306,0.035616266158261925,0.032635078630142575,0.03635996364003636,0.02722684147695143,0.0,0.04640883977900553,0.03209095493513043,0.018517232599587992,0.03808979669571014,0.03098779557589626,0.04614562588040997,0.061055795603982714,0.100589501263217,0.10330821065483319,0.1060394273870921,0.10480087833117079,0.09586276488395559,0.16205787781350484,0.13972985561248255,0.14740871004448122,0.15894990514279855,0.14586372160866848,0.12557340918992338,0.11901298563909972,0.13831633760034714,0.13334421857566606,0.12137261392474899,0.08043490320075443,0.0769865273577124,0.08817856158721411,0.05191209551825575,0.06327397631745459,0.060731980182195944,0.04281526858347331,0.0271600746902054,0.04837093597761116,0.038969780706415845,0.03227078776578579,0.03354203935599284,0.027334140341286266,0.028898154646410438,0.03876970793486689,M
Louisiana,0.0,0.0,0.0,0.0,0.0,0.0,0.0,0.0,0.0,0.0,0.0,0.0,0.0,0.0,0.0,0.0,0.0,0.0,0.0,0.0,0.0,0.0,0.0,0.0,0.0,0.0,0.0,0.0,0.0,0.0,0.0,0.0,0.0,0.0,0.0,0.0,0.0,0.0,0.0,0.0,0.0,0.0,0.0,0.0,0.0,0.0,0.009945300845350571,0.0,0.0,0.0,0.0,0.0,0.0,0.0,0.0,0.014761392631956307,0.016676394563495373,0.01561006068411091,0.03300778595421626,0.04039884679655508,0.05064175325242295,0.029309334160891,0.025065169440545414,0.05469804967266636,0.05211681114604868,0.03513394817742644,0.04471355379599441,0.053394506298574174,0.06018416354043373,0.07695579092326697,0.11402035781661381,0.11408531045993281,0.15515559890061176,0.13639095658606498,0.1538498521599077,0.15054665712381846,0.13782190347362244,0.20864609043026897,0.13584170596678286,0.0958052822371828,0.10292410007389423,0.14959691941158546,0.12521699536127948,0.11697574893009986,0.13318663501071282,0.1568941118562727,0.09574818228060201,0.07405871374825962,0.08711614448834822,0.06668148477439431,0.057683824776899324,0.05476826179229136,0.034569779099111554,0.03763900769888794,0.02036729013204793,0.02383546717515663,0.021126016689553186,0.041636700859230096,0.03632694248234107,0.029778363891606756,M
Maine,0.0,0.0,0.0,0.0,0.0,0.0,0.0,0.0,0.0,0.0,0.0,0.0,0.0,0.0,0.0,0.0,0.0,0.0,0.0,0.0,0.0,0.0,0.0,0.0,0.0,0.0,0.0,0.0,0.0,0.0,0.0,0.0,0.0,0.0,0.0,0.0,0.0,0.0,0.0,0.0,0.0,0.0,0.0,0.0,0.0,0.0,0.0,0.0,0.0,0.0,0.0,0.0,0.0,0.0,0.0,0.0,0.0,0.03991060025542784,0.0405120725976341,0.0858838226108682,0.0,0.061771291792139596,0.038529706403637204,0.04594884362076888,0.0,0.05336586109628726,0.046475600309837335,0.13928654337228197,0.09994618282463288,0.06699419383653417,0.15765765765765766,0.24135783245094988,0.16427104722792607,0.18430753027909424,0.3310649255103918,0.2922552362396493,0.1890923566878981,0.3033673778946304,0.29594856618022247,0.2728226652675761,0.20199872421858386,0.15794461408865956,0.18384340867308316,0.1529051987767584,0.14105902777777776,0.0894654439722657,0.07905138339920949,0.06863417982155114,0.13625665799578843,0.0,0.0,0.08404538450763413,0.0,0.0,0.0,0.0,0.0,0.0,0.0,0.0,M
Maryland,0.0,0.0,0.0,0.0,0.0,0.0,0.0,0.0,0.0,0.0,0.0,0.0,0.0,0.0,0.0,0.0,0.0,0.0,0.0,0.0,0.0,0.0,0.0,0.0,0.0,0.0,0.0,0.0,0.0,0.0,0.0,0.0,0.0,0.0,0.0,0.0,0.0,0.0,0.0,0.0,0.0,0.0,0.0,0.008410994852471149,0.0,0.0,0.0,0.0,0.0,0.0,0.0,0.010673725557168473,0.0,0.023888520238885203,0.0,0.02812939521800281,0.0,0.04643540016388965,0.057280017456767224,0.05926460357133655,0.06953757512541599,0.048066524069311924,0.047616888122987616,0.0627015406664278,0.07655962901391197,0.060993564127371384,0.0724562674671359,0.09649986932309362,0.10865558121034556,0.120681012235198,0.12877248984329656,0.15947780291510588,0.12916160623060166,0.14788104691678144,0.18375900728841904,0.16495717457967643,0.13614850993019686,0.17271157167530224,0.10969576216167812,0.1267513184400534,0.1315144220052606,0.0799196236927433,0.11565507031828276,0.13636673560762744,0.08348987685243164,0.08819774863641638,0.10486003464940274,0.05974264705882353,0.06834947795140116,0.04672667355270277,0.05289139633286319,0.05133074968559916,0.026027432914291666,0.0,0.020962712575007206,0.02954923977864933,0.03308428220892724,0.014577259475218658,0.023852828050925787,0.031490112104799094,M
Massachusetts,0.0,0.0,0.0,0.0,0.0,0.0,0.0,0.0,0.0,0.0,0.0,0.0,0.0,0.0,0.0,0.0,0.0,0.0,0.0,0.0,0.0,0.0,0.0,0.0,0.0,0.0,0.0,0.0,0.0,0.0,0.0,0.0,0.0,0.0,0.0,0.0,0.0,0.0,0.0,0.0,0.0,0.0,0.0,0.0,0.0,0.0,0.0,0.0,0.0,0.0,0.0,0.0,0.0,0.0,0.008209102252577658,0.016951738400773,0.0,0.013627923615488135,0.05568210579600102,0.02967554734898444,0.030531897798489475,0.02366602505443186,0.02934091049478041,0.04612262468482873,0.04202942059441609,0.051782169672909294,0.057757562630856976,0.05052986174468384,0.04677268475210477,0.054174759847253603,0.09358359255549112,0.1359381131229329,0.10413991839995435,0.11904230465901819,0.13378536570533775,0.16995400327434318,0.12448530115867087,0.12262916939175932,0.1213452929504944,0.13358714891627427,0.09724201525693688,0.11455537127908766,0.10813450537184316,0.08566380525761605,0.08137900421691203,0.09863077280111394,0.06334626652941643,0.0810257864565398,0.06115176180334436,0.02426167317320629,0.052936844043454244,0.04835478597250685,0.03544255942535797,0.03586800573888092,0.019085790628876803,0.01707192156671463,0.014830927427328456,0.012837300059051579,0.0,0.01630213286238283,M
Michigan,0.0,0.0,0.0,0.0,0.0,0.0,0.0,0.0,0.0,0.0,0.0,0.0,0.0,0.0,0.0,0.0,0.0,0.0,0.0,0.0,0.0,0.0,0.0,0.0,0.0,0.0,0.0,0.0,0.0,0.0,0.0,0.0,0.0,0.003683716132834804,0.0,0.003442933379239112,0.0,0.0,0.0,0.0,0.0,0.0,0.0037853217838959793,0.004538676003371588,0.0,0.0049032999208467294,0.0035341933203746245,0.011620981682427622,0.015668250900924427,0.0058299689554153124,0.008479786309385003,0.009884052461509219,0.012723293806300577,0.014293243762339088,0.023847741343728503,0.007595753973528798,0.024057198394903723,0.026559208718747136,0.05011206880842612,0.05803320202588633,0.04859972055160683,0.03189538314329001,0.035015577442785446,0.053229240596167494,0.06345527782375987,0.06597796516724962,0.056398971874479925,0.0647078123291167,0.08365815988821063,0.08490301799593866,0.15097139307774596,0.18382023277918258,0.18786648196292008,0.1644962302947224,0.2171936559248409,0.19457682142634175,0.20318500473389148,0.1972854386097306,0.19321878479575574,0.16122755323289042,0.1637892872952634,0.17763821399101493,0.13018656092492176,0.12498347574238984,0.1359427815607701,0.12554370569511902,0.10558836181611983,0.10913647448766489,0.06862731081023118,0.09650035433723858,0.06249707044982267,0.05531497929639346,0.04528985507246377,0.05571213213606869,0.04066561478276429,0.043690870288527785,0.04138216428719222,0.02899180981372762,0.03014431591243076,0.039811294464239505,M
Minnesota,0.0,0.0,0.0,0.0,0.0,0.0,0.0,0.0,0.0,0.0,0.0,0.0,0.0,0.0,0.0,0.0,0.0,0.0,0.0,0.0,0.0,0.0,0.0,0.0,0.0,0.0,0.0,0.0,0.0,0.0,0.0,0.0,0.0,0.0,0.0,0.0,0.0,0.0,0.0,0.0,0.0,0.0,0.0,0.0,0.0,0.0,0.0,0.0,0.0,0.0,0.0,0.0,0.0,0.0,0.010649627263045794,0.01045347159791767,0.0,0.0,0.009525260992151185,0.016289887599775562,0.024249562641816637,0.010332891315204849,0.01546551190844417,0.03235140818490627,0.017722012511740833,0.03200284469730643,0.023871607477321973,0.02809093973557062,0.022244879043470202,0.0726321905868681,0.07112505243192968,0.08565310492505353,0.11033468186833395,0.11864507326333273,0.11092064132298073,0.129371504882731,0.1051967178624027,0.12380392815175424,0.15922214673913043,0.1465777286824999,0.16242669704256846,0.1295728415324148,0.120999978392861,0.11957125165478072,0.10624918686846785,0.07907048254958378,0.08047852093529091,0.08984927783642939,0.08194226582071032,0.041664624283123376,0.054730258014073496,0.034056376401550875,0.032432432432432434,0.0326530612244898,0.02771695446104382,0.019682825328984365,0.0,0.0,0.0159494720724744,0.02660016625103907,M
Mississippi,0.0,0.0,0.0,0.0,0.0,0.0,0.0,0.0,0.0,0.0,0.0,0.0,0.0,0.0,0.0,0.0,0.0,0.0,0.0,0.0,0.0,0.0,0.01513584420171035,0.0,0.0,0.0,0.0,0.0,0.0,0.0,0.0,0.0,0.0,0.0,0.0,0.0,0.0,0.0,0.0,0.0,0.0,0.0,0.0,0.0,0.0,0.0,0.0,0.0,0.0,0.0,0.0,0.0,0.0,0.0,0.0,0.020219039595619208,0.0,0.0,0.04108885464817669,0.0,0.0,0.0,0.0195102916788606,0.0,0.020754064337599448,0.0,0.0,0.04190795489180128,0.026648393482564335,0.03326188188336167,0.10042401249721045,0.10390210113137843,0.10079019512981777,0.13690105787181084,0.12708095056551022,0.12244719464730836,0.09048545446319504,0.07262823422605537,0.11605588537249477,0.10465486645128998,0.1358880282647099,0.08595988538681948,0.05825242718446602,0.1537574476263694,0.09695089437200058,0.10461814377522044,0.1079508119778466,0.15316067947646894,0.06842619745845552,0.06280092108017585,0.0515729757607014,0.05170036764705883,0.0,0.0361249924739599,0.0,0.030433988678556213,0.0,0.05300470416749486,0.0,0.0,M
Missouri,0.0,0.0,0.0,0.0,0.0,0.0,0.0,0.0,0.0,0.0,0.0,0.0,0.0,0.0,0.0,0.0,0.0,0.0,0.0,0.0,0.0,0.0,0.0,0.0,0.0,0.0,0.0,0.0,0.0,0.0,0.0,0.0,0.0,0.0,0.0,0.0,0.0,0.0,0.0,0.0,0.0,0.0,0.0,0.0,0.0,0.0,0.0,0.007664244765320825,0.010862312431140697,0.0,0.0,0.009031520004816811,0.0,0.00875871492134674,0.010321160098395059,0.008777319406653208,0.017425245695964313,0.018160805679379232,0.02160832419135002,0.033104231036004794,0.030690851057299823,0.018884255252183492,0.007862624229462826,0.03825554705432287,0.03553201111182893,0.04082017144472007,0.05645070240802568,0.03573052686285974,0.064263222157959,0.07211274671181551,0.12097407698350353,0.13430330162283155,0.11696688166293485,0.14811031664964247,0.13376984546062592,0.18195765024885385,0.17408470926058864,0.19197334106056216,0.17645346721967547,0.16777897915812237,0.1808689166511281,0.16193395408015732,0.15009084445848805,0.14792024140583396,0.13095757768165403,0.10405827263267431,0.1147651272309945,0.07857200419050689,0.07268347385471613,0.05489558859050087,0.08963456676626062,0.047138682002451214,0.0605370850182822,0.03458241731097003,0.025062028520588458,0.017940897557474945,0.015779507679360403,0.03073398340364896,0.02008204951659638,0.027458278671019312,M
Montana,0.0,0.0,0.0,0.0,0.0,0.0,0.0,0.0,0.0,0.0,0.0,0.0,0.0,0.0,0.0,0.0,0.0,0.0,0.0,0.0,0.0,0.0,0.0,0.0,0.0,0.0,0.0,0.0,0.0,0.0,0.0,0.0,0.0,0.0,0.0,0.0,0.0,0.0,0.0,0.0,0.0,0.0,0.0,0.0,0.0,0.0,0.0,0.0,0.0,0.0,0.0,0.0,0.0,0.0,0.0,0.0,0.0,0.0,0.0,0.0,0.0,0.0,0.0,0.05004003202562049,0.0,0.06382978723404255,0.0,0.0,0.0,0.0,0.10597430123195126,0.22935779816513763,0.12296761852712118,0.11180992313067784,0.15955903684363215,0.20961221739781402,0.17064846416382254,0.10976948408342481,0.17739074342847927,0.13125512715340443,0.17707662588538314,0.11762728953117123,0.2188183807439825,0.13149243918474687,0.23383998663771507,0.13668204339654877,0.14485755673587639,0.11852353538774128,0.08448800270361609,0.09017132551848511,0.1647748077627243,0.0,0.0,0.0,0.0,0.0,0.0,0.0,0.0,0.0,M
Nebraska,0.0,0.0,0.0,0.0,0.0,0.0,0.0,0.0,0.0,0.0,0.0,0.0,0.0,0.0,0.0,0.0,0.0,0.0,0.0,0.0,0.0,0.0,0.0,0.0,0.0,0.0,0.0,0.0,0.0,0.0,0.0,0.0,0.0,0.0,0.0,0.0,0.0,0.0,0.0,0.0,0.0,0.0,0.0,0.0,0.0,0.0,0.0,0.0,0.0,0.0,0.0,0.0,0.0,0.0,0.0,0.0,0.0,0.0,0.0,0.0,0.036146755828664376,0.02262750599628909,0.0,0.0,0.03297220913801224,0.0,0.030528136766052708,0.03702920016927634,0.0,0.05803524322042841,0.05812417437252312,0.08169934640522876,0.13623204858943067,0.1229796205200281,0.11365675659508286,0.1480078148126221,0.20634824300540147,0.20760823105574894,0.12913540769893,0.19806882891804903,0.15161622900115226,0.11867582760774517,0.11751608114794657,0.10450605520378681,0.1114689125588308,0.05730294155099962,0.06316720358789717,0.1224147928612847,0.04685094705842982,0.034444750620005515,0.036832412523020254,0.045568466621098196,0.0,0.054246745195288285,0.045934772622875514,0.0,0.0,0.0,0.0,0.0,M
Nevada,0.0,0.0,0.0,0.0,0.0,0.0,0.0,0.0,0.0,0.0,0.0,0.0,0.0,0.0,0.0,0.0,0.0,0.0,0.0,0.0,0.0,0.0,0.0,0.0,0.0,0.0,0.0,0.0,0.0,0.0,0.0,0.0,0.0,0.0,0.0,0.0,0.0,0.0,0.0,0.0,0.0,0.0,0.0,0.0,0.0,0.0,0.0,0.0,0.0,0.0,0.0,0.0,0.0,0.0,0.0,0.0,0.0,0.0,0.0,0.05885122410546139,0.0,0.0,0.0,0.0,0.047773743550544624,0.0,0.0541907514450867,0.060106474325948824,0.04024144869215292,0.11866795223614923,0.08839929280565754,0.11723329425556857,0.1383672662581538,0.1731832411909678,0.11325028312570783,0.18971848225214197,0.09471378677558752,0.17521317603083753,0.13900472616068948,0.10371745182597303,0.10448774881145184,0.14070561259054667,0.12233662962585382,0.04520568587071174,0.08715862870424172,0.10680783876660166,0.04769337495664239,0.07783783783783783,0.04604475550234828,0.03416634127294026,0.03096294767261843,0.04848354253084092,0.03304146704113663,0.02758316323716004,0.0,0.06048941435248832,0.039639843705759105,0.0,0.0,0.045207956600361664,M
New Hampshire,0.0,0.0,0.0,0.0,0.0,0.0,0.0,0.0,0.0,0.0,0.0,0.0,0.0,0.0,0.0,0.0,0.0,0.0,0.0,0.0,0.0,0.0,0.0,0.0,0.0,0.0,0.0,0.0,0.0,0.0,0.0,0.0,0.0,0.0,0.0,0.0,0.0,0.0,0.0,0.0,0.0,0.0,0.0,0.0,0.0,0.0,0.0,0.0,0.0,0.0,0.0,0.0,0.0,0.0,0.0,0.0,0.0,0.0,0.05005506056662329,0.0,0.0,0.0,0.0,0.0,0.0,0.056415215989684075,0.0,0.10364995928037314,0.07953723788864786,0.0701311452416018,0.12963629816348576,0.04706989879971758,0.09830425165888423,0.1279645111755673,0.21985753231905722,0.2469361624291202,0.2708002614623214,0.28912875867386273,0.12551897267548517,0.21886191802626345,0.20876826722338201,0.06018657839301836,0.14434477781214558,0.10384215991692627,0.10412328196584757,0.12914334911752046,0.09882507960909191,0.10204081632653061,0.0,0.0,0.0,0.06526563111865291,0.0,0.0,0.0,0.0,0.0,0.0,0.0,0.0,M
New Jersey,0.0,0.0,0.0,0.0,0.0,0.0,0.0,0.0,0.0,0.0,0.0,0.0,0.0,0.0,0.0,0.0,0.0,0.0,0.0,0.0,0.0,0.0,0.0,0.0,0.0,0.0,0.0,0.0,0.0,0.0,0.0,0.0,0.0,0.0,0.0,0.0,0.0,0.0,0.0,0.0,0.0,0.0,0.0,0.0,0.0,0.0,0.0,0.0,0.0,0.0,0.011368334022323274,0.0055806685640939786,0.008897023310201072,0.012203555302444779,0.022018550628904853,0.017284092873192373,0.008800363748368265,0.051372795250870476,0.08237708471832818,0.07765619484645253,0.06281407035175879,0.06968349755410924,0.04593166988638667,0.07274098819979524,0.06365456787831368,0.05874690301652576,0.05322309139518764,0.07297087146360429,0.09037191518943344,0.08229368971987228,0.12495438612011103,0.15310261302743278,0.14212653921877003,0.16621499548328816,0.15182867847828482,0.1727591387080621,0.14612199905148876,0.1535372623125074,0.14888010540184454,0.1381845501623333,0.14233728565481865,0.1299536270741283,0.1017825704225352,0.1129492141765038,0.09757477197200028,0.10624208641993277,0.08532799788151178,0.08238959793876205,0.061413454270597134,0.04737942752581362,0.03936064619913064,0.041925791349311715,0.030564545127651926,0.02718129926610492,0.02897028734903764,0.04772043168636664,0.018854761770085035,0.02913639718736646,0.020131661063354338,0.025267413459108903,M
New Mexico,0.0,0.0,0.0,0.0,0.0,0.0,0.0,0.0,0.0,0.0,0.0,0.0,0.0,0.0,0.0,0.0,0.0,0.0,0.0,0.0,0.0,0.0,0.0,0.0,0.0,0.0,0.0,0.0,0.0,0.0,0.0,0.0,0.0,0.0,0.0,0.0,0.0,0.0,0.0,0.0,0.0,0.0,0.0,0.0,0.0,0.0,0.0,0.0,0.0,0.0,0.0,0.0,0.0,0.0,0.0,0.0,0.0,0.0,0.0,0.02845435920783064,0.0,0.0,0.0,0.0,0.0,0.0,0.0412796697626419,0.025751957148743305,0.03116883116883117,0.036467830164105236,0.07900974453515934,0.13162051174054964,0.1167666259752667,0.13412017167381973,0.12241264188738038,0.1332174920359108,0.09853929979132856,0.155978163057172,0.1550295152346312,0.10265700483091789,0.13045909175622789,0.10646959353666939,0.14334683702087878,0.15156299336911905,0.11882426516572858,0.07550018875047187,0.10515247108307045,0.10489294749182453,0.08925725215173733,0.1299322984339739,0.0651843267907583,0.08309412297930201,0.07680491551459294,0.0571801993138376,0.06650594396874221,0.0,0.0646173728422413,0.0,0.0,0.0,M
New York,0.0,0.0,0.0,0.0,0.0,0.0,0.0,0.0,0.0,0.0,0.0,0.0,0.0,0.0,0.0,0.0,0.0,0.0,0.0,0.0,0.0,0.0,0.0,0.0,0.0,0.0,0.0,0.0,0.0,0.0,0.0,0.0,0.0,0.0,0.0,0.0015958431477686922,0.0,0.0,0.0,0.0,0.0,0.0,0.0016179763646012658,0.004219450367903614,0.0016527122660998966,0.004159690519025385,0.002550630005611386,0.0022957895220166217,0.003928887142716825,0.009289579414292018,0.011876257063499665,0.009143912113941855,0.009380863039399626,0.014861049190072818,0.02185046818625126,0.029490470209163892,0.021527693445645334,0.047094385911112084,0.05795796640688743,0.05308003911160777,0.04632054922936943,0.04504406720791907,0.05068045174954254,0.06985013970027941,0.06813320305279003,0.05961650143644933,0.07030664907302211,0.06270934219890806,0.07315859808617108,0.10960063068433096,0.11084983326144328,0.1317857690538261,0.14738647790681625,0.13055496057852167,0.13949770377375248,0.14158619941412606,0.11219800975389732,0.13303951332153363,0.10953421315949957,0.12134383772525582,0.11301620301819743,0.11245979091274627,0.09092180724576863,0.10194519021326173,0.0933743142823795,0.09104297764091578,0.0852835510190377,0.07321676865516245,0.05921570539838236,0.05559119093435963,0.05559050280146875,0.042473919523099854,0.03483212430525057,0.02854321597185793,0.025724976613657625,0.024584443598528107,0.032057605050305776,0.030854145597284836,0.030512155504303112,0.01980777030532263,M
North Carolina,0.0,0.0,0.0,0.0,0.0,0.0,0.0,0.0,0.0,0.0,0.0,0.0,0.0,0.0,0.0,0.0,0.0,0.0,0.0,0.0,0.0,0.0,0.0,0.0,0.0,0.0,0.0,0.0,0.0,0.005455596896856485,0.0,0.0,0.0,0.0,0.0,0.0,0.0,0.0,0.0,0.0,0.00539176569542994,0.00535177197169983,0.0,0.0,0.0,0.0,0.0,0.0,0.0,0.0064813854609561345,0.00624875024995001,0.0,0.00849569551427277,0.008981363670383952,0.0,0.0,0.02628207234140412,0.02996231056723385,0.03401030026236518,0.05739063894911363,0.05002266652076723,0.043879581890269706,0.03519671905366735,0.04831520214457155,0.04546212247495795,0.043972150971051664,0.06451896710999018,0.05099655773235307,0.05083604687907891,0.0559247746751811,0.09395230311844426,0.13215506193934218,0.12102304816717316,0.11457634697071316,0.11232642057820025,0.10155148095909731,0.11110648167437467,0.11928265876933201,0.13220800726476323,0.09143069156054964,0.1119279590954186,0.07773283619451654,0.08686703997220255,0.08414922462500167,0.0949083666403775,0.07833764854278696,0.08649290629074527,0.06162774275553044,0.06178194915477035,0.04835456328921555,0.036449524698197934,0.03720182735375962,0.0319702828608836,0.0338810774182619,0.022889231379610273,0.03238691568606283,0.01582128278960858,0.017952735344039693,0.02393898977463151,0.021293585307426137,M
North Dakota,0.0,0.0,0.0,0.0,0.0,0.0,0.0,0.0,0.0,0.0,0.0,0.0,0.0,0.0,0.0,0.0,0.0,0.0,0.0,0.0,0.0,0.0,0.0,0.0,0.0,0.0,0.0,0.0,0.0,0.0,0.0,0.0,0.0,0.0,0.0,0.0,0.0,0.0,0.0,0.0,0.0,0.0,0.0,0.0,0.0,0.0,0.0,0.0,0.0,0.0,0.0,0.0,0.0,0.0,0.0,0.0,0.0,0.0,0.0,0.0,0.0,0.0,0.0,0.04911591355599214,0.0,0.0618174325159695,0.0,0.06904487917146145,0.05975857535556352,0.0,0.14534883720930233,0.09565455042361301,0.12672486623486343,0.20149683362118592,0.19440705847166143,0.16558783682071354,0.15775358889414734,0.17784963621665317,0.10371650821089023,0.14508523757707653,0.2256063169768754,0.1352657004830918,0.0,0.1336898395721925,0.17003589646703193,0.18857250612860646,0.0,0.09545628102329133,0.0,0.0,0.0,0.0,0.0,0.0,0.0,0.0,0.0,0.0,0.0,0.0,M
Ohio,0.0,0.0,0.0,0.0,0.0,0.0,0.0,0.0,0.0,0.0,0.0,0.0,0.0,0.0,0.0,0.0,0.0,0.0,0.0,0.0,0.0,0.0,0.0,0.0,0.0,0.0,0.0,0.0,0.0,0.0,0.0,0.0,0.0,0.0,0.00350754121360926,0.0,0.0028694816281438756,0.0,0.0,0.0,0.0,0.0,0.0026412403264573043,0.0032455238816465628,0.0,0.0029552224691474773,0.0,0.003748500599760096,0.005633767550750856,0.006770064007877893,0.0035204449842460087,0.006240639041437844,0.007045329650974369,0.01640664618321749,0.02456289216890338,0.015132255916712063,0.023235640374248714,0.02022274984458442,0.05427694812782222,0.053638735865468246,0.05326439736660819,0.030820837753375956,0.03353014068080764,0.055060679886258214,0.048953524277182386,0.04212616787277897,0.05694191155536062,0.0552689756816507,0.06660491038960045,0.09163195759182129,0.10950109501095011,0.13889521380755043,0.16120110628210194,0.1432019966449818,0.15473402475744397,0.18000102857730615,0.18427897544416524,0.17899814736917471,0.15705142753392945,0.17971099537886012,0.16565534535936227,0.1529415117460981,0.1564791213549714,0.1522645621647443,0.1294412622051899,0.116008068308895,0.10216656309575219,0.10274602264738646,0.07974481658692185,0.0719840455033573,0.06476038656969214,0.043437711599146576,0.039123120460087896,0.05141117072463386,0.034463104595522445,0.04481868803476844,0.02946499978953572,0.03234105108416024,0.03211844057323769,0.028916127166701475,M
Oklahoma,0.0,0.0,0.0,0.0,0.0,0.0,0.0,0.0,0.0,0.0,0.0,0.0,0.0,0.0,0.0,0.0,0.0,0.0,0.0,0.0,0.0,0.0,0.0,0.0,0.0,0.0,0.0,0.0,0.0,0.0,0.0,0.0,0.0,0.0,0.0,0.0,0.0,0.0,0.0,0.0,0.0,0.0,0.0,0.0,0.0,0.0,0.0,0.0,0.0,0.0,0.0,0.0,0.0,0.0,0.0,0.022340663198544667,0.0,0.0,0.029935638377488402,0.03315191866729287,0.026094671468086215,0.012584948401711553,0.011353315168029064,0.035156799324989454,0.02454951637452742,0.03269782182202324,0.06127614226721726,0.0540586678806157,0.04342162396873643,0.04689606659241456,0.07913711237469957,0.10651833002929255,0.13988565867899283,0.12619888944977284,0.1326774966021617,0.16105176663927692,0.15929379749775993,0.1825168107588857,0.18086625416468347,0.15945330296127563,0.1879151142070306,0.13450119738870847,0.10612542698902265,0.14076482220062336,0.11175076193701321,0.16411939686121652,0.1311012505042356,0.11819931782108,0.07803909048987265,0.07252157516861266,0.07243061909118634,0.04753228234175711,0.06058403004967891,0.03586514704710289,0.028486550278761243,0.04536643708500021,0.02144542140253056,0.0,0.0,0.0,M
Oregon,0.0,0.0,0.0,0.0,0.0,0.0,0.0,0.0,0.0,0.0,0.0,0.0,0.0,0.0,0.0,0.0,0.0,0.0,0.0,0.0,0.0,0.0,0.0,0.0,0.0,0.0,0.0,0.0,0.0,0.0,0.0,0.0,0.0,0.0,0.0,0.0,0.0,0.0,0.0,0.0,0.0,0.0,0.0,0.0,0.0,0.0,0.0,0.0,0.0,0.0,0.0,0.01870417477180907,0.0,0.03231539828728389,0.026811705224452274,0.01864071878611639,0.025016975805010545,0.04020504573323952,0.051124744376278126,0.020975039702753724,0.05216332917958675,0.037751190614473226,0.02428436997237653,0.05307358496456557,0.09306076868194932,0.05075981091970433,0.05164622336991608,0.0782472613458529,0.0544069640914037,0.07054781915219925,0.12723775706465454,0.16253310859619552,0.1329293928527266,0.18330646945418919,0.14055262737581856,0.18813175600267848,0.16055912353607857,0.15483371504145027,0.1305233668661658,0.11677316812092511,0.14259787399533316,0.1605834532133418,0.0981719702098849,0.1143010824984872,0.09619348632678301,0.10421370757633655,0.07489361702127659,0.07141885457760848,0.0745077168706759,0.0637970503246144,0.05582582343089561,0.02045157068062827,0.03314962913852401,0.025056376847907794,0.0,0.0,0.021774158428776728,0.028171659310733402,0.0,0.0,M
Pennsylvania,0.0,0.0,0.0,0.0,0.0,0.0,0.0,0.0,0.0,0.0,0.0,0.0,0.0,0.0,0.0,0.0,0.0,0.0,0.0,0.0,0.0,0.0,0.0,0.0,0.0,0.0,0.0,0.0,0.0,0.0,0.0,0.0,0.0,0.0,0.0,0.0,0.0,0.0,0.0,0.0,0.0,0.0,0.0024747084793411336,0.0035408257205580343,0.0046333716015506355,0.002751803807395748,0.0034578545165343077,0.005414966968701491,0.006131809374310172,0.005560669998949651,0.0060148566960392166,0.009012546752586278,0.013668474742097465,0.01843445399451575,0.01711569431369956,0.017630041590870844,0.013673068880095228,0.04691128294540308,0.08429710396117607,0.057859356086271345,0.05951618614252243,0.04474106110883263,0.05102908657935023,0.059593407007882924,0.055501068205490806,0.05630588358946254,0.06802823927799362,0.09878740347490347,0.09408180637068232,0.11398509425690487,0.15479088695904947,0.19508913555331314,0.18399120584405965,0.19801661407688842,0.20233644470719503,0.2517671283839319,0.22796216187108473,0.24190739747173826,0.24139101572813337,0.20794204453984436,0.19870117282155667,0.17862698070226496,0.1566531514928124,0.16121461951309105,0.16120025707753416,0.12355409752252731,0.12478269679937716,0.13870520305796588,0.09788218544224951,0.08035632289466434,0.0822731229208151,0.07509053253721219,0.0482148155474236,0.04927975739196361,0.049062775191848026,0.056881350673526905,0.038837551895004686,0.0348879399369226,0.03786168834005621,0.01665001665001665,M
Rhode Island,0.0,0.0,0.0,0.0,0.0,0.0,0.0,0.0,0.0,0.0,0.0,0.0,0.0,0.0,0.0,0.0,0.0,0.0,0.0,0.0,0.0,0.0,0.0,0.0,0.0,0.0,0.0,0.0,0.0,0.0,0.0,0.0,0.0,0.0,0.0,0.0,0.0,0.0,0.0,0.0,0.0,0.0,0.0,0.0,0.0,0.0,0.0,0.0,0.0,0.0,0.0,0.0,0.0,0.0,0.0,0.0,0.0,0.0,0.0,0.0,0.0,0.0,0.0,0.0,0.05871415989822879,0.0,0.0,0.0,0.04475875033569063,0.0517063081695967,0.05895233282802762,0.10451140916216688,0.15988630307337007,0.1864801864801865,0.15473887814313345,0.11149401986620719,0.3067160232681121,0.18747243052492282,0.1745962461807071,0.17981568891885816,0.14846962083142987,0.16317016317016317,0.11603620329542817,0.0690766751093714,0.09457382669346259,0.0,0.0638080653394589,0.14390371533228677,0.0,0.0755287009063444,0.0,0.07944073721004132,0.0,0.0,0.0,0.0,0.0,0.0,0.0,0.0,M
South Carolina,0.0,0.0,0.0,0.0,0.0,0.0,0.0,0.0,0.0,0.0,0.0,0.0,0.0,0.0,0.0,0.0,0.0,0.0,0.0,0.0,0.0,0.0,0.0,0.0,0.0,0.0,0.0,0.0,0.0,0.0,0.0,0.0,0.0,0.0,0.0,0.0,0.0,0.0,0.0,0.0,0.0,0.0,0.0,0.010404311546704955,0.0,0.0,0.0,0.0,0.0,0.0,0.0,0.0,0.0,0.0,0.014394288346384154,0.0,0.015199878400972791,0.026565912981876143,0.033051891469607284,0.06448398159275434,0.02567101172309535,0.019994287346472437,0.014304105278214848,0.04920832489072858,0.06422420084659174,0.08555539711963497,0.06848924148165059,0.06464669177581651,0.06537193909514341,0.10621211336200197,0.12865376698229725,0.15399994596493125,0.0979431929480901,0.15055350553505534,0.11562861339416858,0.16542865483797722,0.136919315403423,0.1558745210105865,0.10868870276836519,0.14062899514190744,0.10930015752081525,0.09707481232202951,0.08025413810399598,0.08219628472793031,0.10459567235405634,0.06845742600078238,0.06478082487583675,0.0903145437558393,0.0625058599243679,0.10611135059853433,0.05249895002099958,0.056525118349466545,0.028914269191846174,0.025530673280326793,0.021730469740320887,0.02904443799012489,0.030069535801541064,0.03164431786717298,0.03280032800328003,0.0,M
South Dakota,0.0,0.0,0.0,0.0,0.0,0.0,0.0,0.0,0.0,0.0,0.0,0.0,0.0,0.0,0.0,0.0,0.0,0.0,0.0,0.0,0.0,0.0,0.0,0.0,0.0,0.0,0.0,0.0,0.0,0.0,0.0,0.0,0.0,0.0,0.0,0.0,0.0,0.0,0.0,0.0,0.0,0.0,0.0,0.0,0.0,0.0,0.0,0.0,0.0,0.0,0.0,0.0,0.0,0.0,0.0,0.0,0.0,0.0,0.0,0.0,0.0,0.0,0.0,0.0,0.05408328826392645,0.0,0.0,0.0,0.07356547327121138,0.06202704379109291,0.1011378002528445,0.06388143605468251,0.19409937888198758,0.12244897959183673,0.16701461377870563,0.22935779816513763,0.19296422740092029,0.1556420233463035,0.1262427015938141,0.26025719534598896,0.2733998070119009,0.16074586079408454,0.28929604628736744,0.20186335403726707,0.1407349491790461,0.0946372239747634,0.20514439008994792,0.24065458045884808,0.0,0.0,0.0,0.0,0.12799414883891022,0.0,0.0,0.0,0.0,0.0,0.0,0.0,M
Tennessee,0.0,0.0,0.0,0.0,0.0,0.0,0.0,0.0,0.0,0.0,0.0,0.0,0.0,0.0,0.0,0.0,0.0,0.0,0.0,0.0,0.0,0.0,0.0,0.0,0.0,0.0,0.0,0.0,0.0,0.0,0.0,0.0,0.0,0.0,0.0,0.0,0.0,0.0,0.0,0.0,0.0,0.0,0.0,0.0,0.0,0.0,0.0,0.0,0.0,0.0,0.0,0.0,0.0,0.0,0.0,0.0,0.0,0.011166530186853272,0.02230732051901699,0.023510263134098923,0.02671511006625347,0.009082322168131948,0.0324722182133064,0.042282520773586296,0.020492185025801524,0.02924243808827561,0.024227063493542554,0.027343322760581865,0.0477082376223628,0.06574053249831323,0.07787107258938245,0.0804422612833108,0.07532626784619427,0.06969388302149788,0.0752782607137096,0.09945930306153818,0.08848758465011286,0.11083251571641412,0.08694417828879662,0.10296467246582638,0.090380662082654,0.13709898546750754,0.12368815592203898,0.09314803085062782,0.09165045638186443,0.07842258570468295,0.05565862708719852,0.06246669973727241,0.06109901859701379,0.05511441343975178,0.038590172369436584,0.03294675803900896,0.03535130357931949,0.03153863482766389,0.0179472798653954,0.027143794250039585,0.03508689855208065,0.0264321414840446,0.027476644851875905,0.0,M
Texas,0.0,0.0,0.0,0.0,0.0,0.0,0.0,0.0,0.0,0.0,0.0,0.0,0.0,0.0,0.0,0.0,0.0,0.0,0.0,0.0,0.0,0.0,0.0,0.0,0.0,0.0,0.0,0.0,0.0,0.0,0.0,0.0,0.0,0.0,0.0024438524890637602,0.0,0.0,0.002384915884016771,0.0,0.0,0.0,0.0,0.0,0.003644960061651896,0.0032147277393498753,0.002907196474152116,0.007846450989859971,0.0,0.005350709266239402,0.003351374901553362,0.0032250088687743894,0.0048772821616114535,0.007604874139332993,0.0065765480297259975,0.005320438167641095,0.008250144377526606,0.004671805652884839,0.015141064248582628,0.026671892180236675,0.02897386760467445,0.028176289652257623,0.018583990572024294,0.026693647342475188,0.024269109757048875,0.030089537867683404,0.025215805266741192,0.03278814176400203,0.030489664003902673,0.03973018402497326,0.04624812117007746,0.05017016046089654,0.069135302846351,0.07529223596671827,0.08116708824880933,0.0762793036046305,0.09732486954557105,0.08032301017997509,0.0977887676461339,0.11039221202124305,0.08530307805441749,0.0895416204988981,0.07602237702141021,0.07971401569626495,0.07699585123418616,0.07321662303664922,0.07757442424590683,0.06279788741465929,0.05257117173516972,0.052003357697111154,0.0502699368879952,0.038617408017329005,0.033529149691577755,0.02382141270139401,0.026334907373774065,0.019156917429230782,0.017764040253315214,0.019278081739066574,0.01566408372452751,0.014686518788615415,0.015096068255050676,M
Utah,0.0,0.0,0.0,0.0,0.0,0.0,0.0,0.0,0.0,0.0,0.0,0.0,0.0,0.0,0.06228977201943441,0.0,0.08673026886383348,0.0,0.05832264084917765,0.07727975270479134,0.0,0.0,0.0,0.05850885991307255,0.0,0.0,0.04785833931562575,0.0,0.0,0.0,0.02989179171399534,0.0327242977911099,0.0,0.0,0.0,0.0,0.0,0.0,0.0,0.0,0.0,0.0,0.0,0.041655818797188236,0.0326975476839237,0.0,0.0,0.0,0.0,0.0,0.0,0.0,0.0,0.032825322391559206,0.0,0.0,0.0,0.0,0.030309153364316024,0.0189855393475303,0.021775648603247683,0.015883604942977858,0.0,0.03968778939013097,0.041090261607998904,0.03212679374598415,0.02950831765703958,0.03855050115651503,0.01914095398514662,0.04595588235294117,0.0417949010220753,0.06996812563165669,0.0806606491261763,0.057787879955310706,0.08256398708999475,0.10249652243941723,0.10880247086901586,0.07348567029429261,0.057648614737698806,0.0834529492272257,0.07232321904073112,0.055809067331998294,0.04232184132565029,0.04853897679836909,0.01947356463600662,0.0518000518000518,0.04140259243924966,0.0348057207948361,0.0481989653288776,0.030653950953678476,0.0,0.0,0.018941546387847105,0.03467139224901764,0.0,0.0,0.0,0.0,0.0,0.0,M
Vermont,0.0,0.0,0.0,0.0,0.0,0.0,0.0,0.0,0.0,0.0,0.0,0.0,0.0,0.0,0.0,0.0,0.0,0.0,0.0,0.0,0.0,0.0,0.0,0.0,0.0,0.0,0.0,0.0,0.0,0.0,0.0,0.0,0.0,0.0,0.0,0.0,0.0,0.0,0.0,0.0,0.0,0.0,0.0,0.0,0.0,0.0,0.0,0.0,0.0,0.0,0.0,0.0,0.0,0.0,0.0,0.0,0.0,0.0,0.0,0.1278538812785388,0.0,0.0,0.0,0.0,0.0,0.0,0.0,0.0,0.0,0.0,0.1343183344526528,0.1254030813328556,0.26440037771482533,0.0983477576711251,0.13919268244183733,0.13357079252003562,0.1366120218579235,0.23713540431586438,0.2142857142857143,0.2958579881656805,0.17513134851138354,0.0,0.0,0.18631887143997872,0.24363833243096913,0.1414827391058291,0.0,0.0,0.15817779183802594,0.0,0.0,0.0,0.0,0.0,0.0,0.0,0.0,0.0,0.0,0.0,M
Virginia,0.0,0.0,0.0,0.0,0.0,0.0,0.0,0.0,0.0,0.0,0.0,0.0,0.0,0.0,0.0,0.0,0.0,0.0,0.0,0.0,0.0,0.0,0.0,0.0,0.0,0.0,0.0,0.0,0.0,0.0,0.0,0.0,0.0,0.0,0.0,0.0,0.0,0.0,0.0,0.0,0.0,0.0,0.0,0.0,0.0,0.0,0.0,0.0,0.0,0.0,0.0,0.0,0.008566631257924135,0.0,0.010986395180634647,0.02450148893663538,0.022722108611679163,0.03802763341361389,0.05829841501184186,0.056399591102964504,0.07205847030161618,0.04393673110720562,0.04613914247108065,0.07613499064863702,0.0762306382288541,0.06357771988587024,0.0844750261104626,0.0800771112923556,0.0858394075625973,0.11266653522237557,0.12728631118735992,0.15671301572828814,0.1292327350874136,0.15844544095665172,0.18808305747818238,0.18429149291727184,0.1461500579834469,0.16207718115366537,0.15293966127889755,0.12984306621996378,0.14160740134684374,0.11320153061224489,0.08154780940198274,0.1049718484588224,0.10797953083676312,0.09603123376521151,0.08778530223225482,0.0565744189335722,0.07408748909267522,0.06809090135330667,0.05077208585734795,0.03524788072117164,0.026589144538589713,0.023312113332735585,0.023198957831432804,0.029011259995285667,0.01686277448849584,0.01565251418509098,0.02611123385622753,0.0171280536108078,M
Washington,0.0,0.0,0.0,0.0,0.0,0.0,0.0,0.0,0.0,0.0,0.0,0.0,0.0,0.0,0.0,0.0,0.0,0.0,0.0,0.0,0.0,0.0,0.0,0.0,0.0,0.0,0.0,0.0,0.0,0.0,0.0,0.0,0.0,0.0,0.0,0.0,0.0,0.0,0.0,0.0,0.0,0.0,0.0,0.010026670944712936,0.0,0.0,0.0,0.0,0.010925140934318053,0.025426961054371318,0.014637920578825203,0.011486595143467573,0.0,0.013464749286368288,0.01532684496896314,0.012655985015313741,0.02418379685610641,0.04270046745774901,0.05704005967267781,0.029980213059380808,0.04154941547526866,0.0314052945631893,0.04834151420496802,0.06681638486237682,0.0770894049073987,0.06295829938523073,0.06606141824427625,0.07487832272557095,0.08082292432035268,0.09343323049801674,0.11655996080882478,0.14539306846999153,0.1451304466602923,0.13413456379439856,0.12350913414566704,0.15428324145327288,0.15451581902805783,0.1517105362967458,0.15803435365830715,0.147526100771675,0.13466097676623992,0.114998538154176,0.06765630596569427,0.11505197175275728,0.11319405830486932,0.06407432621841336,0.1084031824077121,0.062013100267431495,0.043003186145155296,0.04216952147633487,0.035886177488811954,0.03620719032203101,0.051601806063212206,0.024133921323416487,0.015227322166630412,0.01095314245657079,0.0,0.0,0.012114457393453348,0.012726856211978516,M
West Virginia,0.0,0.0,0.0,0.0,0.0,0.0,0.0,0.0,0.0,0.0,0.0,0.0,0.0,0.0,0.0,0.0,0.0,0.0,0.0,0.0,0.0,0.0,0.0,0.0,0.0,0.0,0.0,0.0,0.0,0.0,0.0,0.0,0.0,0.0,0.0,0.0,0.0,0.0,0.0,0.0,0.0,0.0,0.0,0.01635858007524947,0.0,0.0,0.0,0.0,0.0,0.0,0.0,0.0,0.0,0.0,0.0,0.0,0.0,0.0,0.02048089132839061,0.024108972555952908,0.028148624738619916,0.0,0.0,0.0,0.033555438377834236,0.0341097358931878,0.0,0.0,0.0,0.04415254705005795,0.03272965306567751,0.10505944152612663,0.1132438706754997,0.09838532322472364,0.10118445330635081,0.1611703446565832,0.12093437718795749,0.19514733623886032,0.16099818877037633,0.16874789065136686,0.1537947174857907,0.178755586112066,0.11746821448313986,0.20689655172413793,0.12646666198271622,0.08684324793747286,0.17520805957074026,0.15916654608594993,0.08483072414590885,0.08004482510205715,0.0,0.0680619363620895,0.052849467101206735,0.04482696790389098,0.0,0.0,0.0,0.0,0.0,0.0,M
Wisconsin,0.0,0.0,0.0,0.0,0.0,0.0,0.0,0.0,0.0,0.0,0.0,0.0,0.0,0.0,0.0,0.0,0.0,0.0,0.0,0.0,0.0,0.0,0.0,0.0,0.0,0.0,0.0,0.0,0.0,0.0,0.0,0.0,0.0,0.0,0.0,0.0,0.0,0.0,0.0,0.0,0.0,0.0,0.0,0.0,0.0,0.0,0.0,0.0,0.0,0.0,0.0,0.0,0.011066639614880941,0.0,0.0,0.009158347834050737,0.0,0.027864370178157818,0.022671782350889434,0.03114345659585628,0.02875950661468652,0.02257445539126369,0.01771793054571226,0.03308026927339188,0.018149119767691266,0.03466948425014858,0.03751705320600273,0.033286032129780485,0.05988867751708589,0.06302410672082072,0.08372433761839145,0.10045383608086535,0.122692543639507,0.13919609488216,0.1600885427989802,0.18647262703447717,0.14203083510014203,0.19233207929999577,0.15795459331957373,0.21223311685555413,0.14244711385138728,0.1287225919057489,0.11946902654867257,0.14351954073746964,0.08791307876110184,0.1090388678130892,0.08658995100831719,0.11084170419120194,0.06254811393379522,0.03239229561707323,0.04728877679697352,0.04064489906516732,0.05530514614384868,0.04760971238132579,0.04546487838145033,0.04027849703665343,0.029770765108663295,0.02856508077570064,0.03260834121368246,0.01719158300096273,M
Wyoming,0.0,0.0,0.0,0.0,0.0,0.0,0.0,0.0,0.0,0.0,0.0,0.0,0.0,0.0,0.0,0.0,0.0,0.0,0.0,0.0,0.0,0.0,0.0,0.0,0.0,0.0,0.0,0.0,0.0,0.0,0.0,0.0,0.0,0.0,0.0,0.0,0.0,0.0,0.0,0.0,0.0,0.0,0.0,0.0,0.0,0.0,0.0,0.0,0.0,0.0,0.0,0.0,0.0,0.0,0.0,0.0,0.0,0.0,0.0,0.0,0.0,0.0,0.0,0.0,0.0,0.0,0.0,0.0,0.0,0.0,0.0,0.0,0.15965939329430548,0.16556291390728478,0.20521841102316035,0.15142337976983647,0.31279324366593686,0.2581477896095515,0.16605778811026237,0.3435245620061834,0.38314176245210724,0.25389916575988397,0.211864406779661,0.16909029421711194,0.2807017543859649,0.19175455417066153,0.0,0.0,0.0,0.0,0.0,0.0,0.0,0.0,0.0,0.0,0.0,0.0,0.0,0.0,M
