state,1921,1923,1924,1926,1927,1931,1932,1933,1934,1935,1936,1937,1938,1939,1940,1941,1942,1943,1944,1945,1946,1947,1948,1949,1950,1951,1952,1953,1954,1955,1956,1957,1958,1959,1960,1961,1962,1963,1964,1965,1966,1967,1968,1969,1970,1971,1972,1973,1974,1975,1976,1977,1978,1979,1980,1981,1982,1983,1984,1985,1986,1987,1988,1989,1990,1991,1992,1993,1994,1995,1996,1997,1998,1999,2000,2001,2002,2003,2004,2005,2006,2007,2008,2009,2010,2011,2012,2013,2014,2015,2016,2017,2018,2019,gender
Alabama,0.0,0.0,0.0,0.0,0.0,0.0,0.0,0.0,0.0,0.0,0.0,0.0,0.0,0.0,0.0,0.0,0.0,0.0,0.0,0.0,0.0,0.0,0.0,0.0,0.0,0.0,0.0,0.0,0.0,0.0,0.0,0.0,0.0,0.0,0.0,0.0,0.0,0.0,0.0,0.021144629264166902,0.015032790273784692,0.011692943308713191,0.013957568990269582,0.03158622051130194,0.019042541036675936,0.029442361669970756,0.04526447385437772,0.038474595450944886,0.025311795296608222,0.031169827606876546,0.026799200896555082,0.02070631542620499,0.059821492665885004,0.07072135785007072,0.08735972044889456,0.05973852905360384,0.04911361616539595,0.044935316793983396,0.06664445184938354,0.033135310406854274,0.03854678616170377,0.03833712711153708,0.03556862373138576,0.04326934025642778,0.04581166823189867,0.040095285266161934,0.03152661573905663,0.034299434059338024,0.03532855556677097,0.023173180905298935,0.020740971195976253,0.046839626323869996,0.03638821021988876,0.03153496439176937,0.028985507246376812,0.06635883540243868,0.05454597651652169,0.04318162190171863,0.040946447895645055,0.023309344133329447,0.05892090569849331,0.03942329353457986,0.04325134800034601,0.03669163736431738,0.03592188622558945,0.053812262469310194,0.02447295738209279,0.05267223821897605,0.02083116342047703,0.03517658646404953,0.0501810100720456,0.0,0.027727164699358316,0.032334990501596536,M
Alaska,0.0,0.0,0.0,0.0,0.0,0.0,0.0,0.0,0.0,0.0,0.0,0.0,0.0,0.0,0.0,0.0,0.0,0.0,0.0,0.0,0.0,0.0,0.0,0.0,0.0,0.0,0.0,0.0,0.0,0.0,0.0,0.0,0.0,0.09257544899092761,0.0,0.12220670391061453,0.0,0.0,0.0,0.21141649048625794,0.12202562538133008,0.14774166314900802,0.14604631754642186,0.1337920489296636,0.19143752175426382,0.2676181980374665,0.2343916471340294,0.31963470319634707,0.3301782962799912,0.24514811031664963,0.25495195136301235,0.2565042139978014,0.19197207678883071,0.27841467409105797,0.21834061135371177,0.21958717610891526,0.20570840833119053,0.1688374336710082,0.21734156943491192,0.18227386648439278,0.2060106640814348,0.26874840030714103,0.14725568942436412,0.19490644490644493,0.23547880690737832,0.18711574445335472,0.12400110223201985,0.16277005031074282,0.2848101265822785,0.1170177198261451,0.1882594557590279,0.12424565140220092,0.14222222222222222,0.11045655375552282,0.0,0.0,0.0,0.11971268954509177,0.0,0.09571209800918837,0.1536688436419516,0.09493070058857034,0.1695234507440196,0.0,0.0,0.0,0.0,0.0,0.10199918400652795,0.0,0.0,0.14767413241447205,0.0,0.0,M
Arizona,0.0,0.0,0.0,0.0,0.0,0.0,0.0,0.0,0.0,0.0,0.0,0.0,0.0,0.0,0.0,0.0,0.0,0.0,0.0,0.0,0.0,0.0,0.0,0.0,0.0,0.0,0.0,0.0,0.0,0.0,0.0,0.0,0.0,0.0,0.0,0.019989339019189766,0.01657879903179814,0.0,0.03138950892857143,0.05985783763561541,0.0552769771390216,0.03941974140649637,0.05502712050939392,0.05572686406360292,0.0743896665990397,0.08704094272036424,0.10341618118514942,0.09505703422053231,0.07832131318735111,0.11015789297993792,0.09859988168014197,0.12316048758921241,0.11363636363636363,0.21655370250583567,0.15972349506428216,0.1360749924402782,0.17429844874380618,0.13778510444603007,0.12116316639741519,0.10660507262470573,0.13314126069495372,0.1465354825204103,0.12460677370592801,0.12705455278814157,0.17696299683852623,0.16220600162206003,0.12819999198750048,0.12831218558422777,0.1736180403113151,0.15592618178229548,0.1424556269972664,0.1564733608932504,0.09734310581768209,0.13882461823229986,0.1465751465751466,0.14163791538042492,0.12612580605048584,0.13379669852302345,0.12999452654625068,0.09916966416781525,0.09847678648009023,0.09531040498844967,0.08692539755586236,0.09168990101233135,0.05821305979886385,0.07440629973337742,0.0724397715042636,0.09228381467732126,0.08344111143560433,0.0708580262818861,0.059844404548174746,0.06384940998415588,0.056750888274772995,0.0544422264278122,M
Arkansas,0.0,0.0,0.0,0.0,0.0,0.0,0.0,0.0,0.0,0.0,0.0,0.0,0.0,0.0,0.0,0.0,0.0,0.0,0.0,0.0,0.0,0.0,0.0,0.0,0.0,0.0,0.0,0.0,0.0,0.0,0.0,0.0,0.0,0.0,0.0,0.0,0.0,0.0,0.0,0.027041644131963225,0.0,0.018930072312876235,0.0,0.0,0.0219482752313714,0.03638612960739366,0.03095017022593624,0.03945862762893106,0.03482837351495685,0.03582659925958362,0.0,0.02705418566901136,0.07609740467798783,0.05687850750796299,0.07712082262210797,0.07773933999300346,0.06911646123718465,0.05412092160197928,0.06989205560301312,0.050508975056336926,0.03979149257888663,0.039758269720101776,0.04013002126891128,0.050854751007315256,0.05889050292489498,0.04484304932735426,0.029617093293843873,0.02995164948012494,0.03528737153191302,0.044072278536800354,0.03457067542457111,0.02179884030169595,0.056875355470971695,0.04439708755105665,0.030337176042298693,0.0,0.04493978069387022,0.05839547210493217,0.04927873846429532,0.05862457722660654,0.06202374623427254,0.05845849446892706,0.042297208384246644,0.04428697962798937,0.0367801597309794,0.06362672322375398,0.0,0.050476724621424565,0.02772387025228722,0.03982930298719772,0.0,0.0,0.0,0.0,M
California,0.0,0.0,0.0,0.0,0.0,0.0,0.0,0.0,0.0,0.0,0.0,0.0,0.0,0.0069723661886722296,0.006341757300948092,0.0056725251245591975,0.004578614816397546,0.0061142550459588165,0.005266726795130911,0.008208210736339643,0.007950389569088886,0.009366277653934774,0.005221560297154249,0.010688725718003531,0.01012821398153903,0.007785467128027681,0.014386016791678488,0.012895737958604681,0.012125398668410763,0.017639731876075485,0.01597172664559758,0.02053548727777669,0.017503880577297796,0.028160899077164098,0.02724445794489104,0.03189130946335905,0.03122833534235624,0.040238812674290206,0.08336435632853194,0.15555031817110535,0.1511452981749028,0.17289913264649986,0.1637146789154796,0.18720705722249661,0.2160609847368831,0.20843679925354042,0.21271480323880704,0.20273327130406577,0.18401909198079303,0.17606065309923938,0.1778449286652974,0.16154966324858927,0.20570802779278247,0.26641712611690926,0.26964788316570554,0.19610238674773903,0.18837920489296636,0.19173027529573491,0.19763252702007206,0.17174016921044494,0.16522349378615991,0.17490615765513937,0.19103960972252446,0.19820324450093718,0.20053565900862708,0.22918881667388313,0.21586778618677538,0.21341280236484456,0.23289686919000605,0.22472371296932883,0.1959482865763524,0.183168792651279,0.1668337789661319,0.18147589084309967,0.16879873889206645,0.16691394658753708,0.14892650005574024,0.16369938020027774,0.15524563088368193,0.15667908704520334,0.13669287787830106,0.14093791911981998,0.11475643169768351,0.1134648054236177,0.10149383153994719,0.08803524087513054,0.08423748231012872,0.0815992067317624,0.07872459342666685,0.06868591516056653,0.06459435466991924,0.06996054683915956,0.05899753024132024,0.06776886979426394,M
Colorado,0.0,0.0,0.0,0.0,0.0,0.0,0.0,0.0,0.0,0.0,0.0,0.0,0.0,0.0,0.0,0.0,0.0,0.0,0.0,0.0,0.0,0.0,0.0,0.0,0.0,0.0,0.0,0.014905795373241115,0.0,0.0,0.0,0.0,0.01899232167566541,0.02672581981452281,0.02357255107386066,0.025724796130990664,0.03957574798163686,0.04872370949841648,0.03129801399874808,0.07575040242401287,0.1110027246123314,0.11498406649364303,0.10605476282298497,0.132954053552656,0.17321355175855793,0.16182711978260206,0.16651189599410804,0.1915831151414522,0.17440938639606784,0.144241322003073,0.12338443505351801,0.14055225322830955,0.1519626114631419,0.19464590443686006,0.21742977776654113,0.1402185475292525,0.12388446626442451,0.16495979105093134,0.15518958608389502,0.11955946933989378,0.13564777560639155,0.11426394972386211,0.14513437023777848,0.20236498841887116,0.16099917061033323,0.15712461946381223,0.15683199372672024,0.13821526399115422,0.16552075375604786,0.150879705400982,0.17665615141955834,0.13390263004977138,0.13167841205589018,0.18790286135623052,0.12652695024040123,0.13186913125525773,0.14099637437894455,0.12071624974850782,0.11563634681653137,0.1250752767869551,0.12755102040816327,0.10496183206106871,0.10300176574455562,0.11576456060917883,0.08691400945189853,0.053054841952418184,0.08812075385883623,0.05477240623828879,0.0404017084150987,0.04046827576239341,0.058750954703013926,0.03437392581481829,0.062231829943336286,0.07019655034095468,M
Connecticut,0.0,0.0,0.0,0.0,0.0,0.0,0.0,0.0,0.0,0.0,0.0,0.0,0.0,0.0,0.0,0.0,0.0,0.0,0.0,0.0,0.0,0.0,0.0,0.0,0.0,0.0,0.0,0.0,0.013612232859930126,0.01094834570496398,0.0,0.014066393376738203,0.0,0.02031818274173558,0.012144519785446818,0.012215978499877841,0.016757085105045977,0.03302509907529723,0.04339739615623063,0.11268826525083975,0.07951292653005589,0.12395118230358504,0.12665935939593229,0.16159374849259564,0.17519439377939905,0.19733996539792387,0.23394366636513927,0.21088572002410122,0.2421968275626812,0.20899369535685675,0.17036984453751686,0.20534595572880412,0.23371713352809761,0.2103602419142782,0.22042853901260978,0.19895155687488156,0.1705161990389087,0.1487733786737916,0.1502518928792387,0.1195151101246372,0.10913670071358611,0.14151825051400496,0.15427659963914964,0.14175988453013041,0.11006168573549362,0.16782099094299416,0.17969203549608823,0.11628896389369488,0.15177164205241958,0.12899742005159895,0.09444884528669795,0.12252926192241963,0.09619084263178146,0.08181966944853543,0.11908699966920278,0.08789128524102495,0.13824566254233775,0.13722597687742288,0.07139797229758674,0.08860993169651099,0.05677731935349559,0.10380223751489755,0.06132962629814376,0.04744856144588708,0.04960764859745648,0.03232957694439313,0.09404241312832087,0.057034220532319393,0.0374654615276542,0.0,0.03916960438699569,0.0663129973474801,0.04752600728732112,0.0,M
Delaware,0.0,0.0,0.0,0.0,0.0,0.0,0.0,0.0,0.0,0.0,0.0,0.0,0.0,0.0,0.0,0.0,0.0,0.0,0.0,0.0,0.0,0.0,0.0,0.0,0.0,0.0,0.0,0.0,0.0,0.0,0.0,0.0,0.0,0.0,0.0,0.0,0.0,0.0,0.08719346049046321,0.07109847138286526,0.0,0.0,0.0645244547683572,0.10178117048346055,0.11022657685241885,0.15706806282722513,0.1659625829812915,0.08325008325008325,0.18251202920192466,0.11804384485666106,0.1381931248920366,0.14788038120276042,0.09604610212902193,0.20408163265306123,0.17822664488341008,0.11926058437686345,0.11787240312361867,0.0,0.16140865737344093,0.14394702749388225,0.0,0.08086253369272238,0.15461925009663702,0.15748031496062992,0.1181753722524226,0.1463057790782736,0.11629409484429512,0.09427609427609428,0.1093942294543963,0.1295709761013533,0.10316875460574797,0.08911332244170504,0.0,0.11716461628588166,0.20167098818784213,0.0,0.13305736250739209,0.10089362928797925,0.08874426859931962,0.0,0.10633449794926325,0.0,0.09508716323296355,0.0,0.0,0.0,0.0,0.0,0.0,0.0,0.0,0.0,0.0,0.0,M
Florida,0.0,0.0,0.0,0.0,0.0,0.0,0.0,0.0,0.0,0.0,0.0,0.0,0.0,0.0,0.0,0.0,0.0,0.0,0.0,0.0,0.0,0.0,0.0,0.0,0.0,0.0,0.0,0.0,0.006796248470844094,0.0,0.0,0.005612806178577041,0.008707672547973834,0.009494071479809274,0.00930213328923433,0.014490353564626976,0.005273594059823651,0.009632777129646476,0.020645890381188334,0.03597164042284083,0.03731612778968149,0.062018580766797726,0.07696442533229085,0.05801338949029436,0.09386289468801502,0.09990558373405352,0.11795512986859799,0.11054556056317497,0.09792447873128089,0.08597039078599694,0.11810770909557737,0.08797116500702547,0.10162237126836673,0.16876599644585516,0.16811174846406993,0.11823309363673366,0.1033010210199131,0.10975675048632055,0.09714198067385858,0.1025232101156234,0.10366495486587349,0.09757446775816898,0.08722741433021806,0.09124913800909705,0.11754013107091361,0.08300992571675879,0.09759579318431767,0.08519639237345397,0.11301041791402226,0.10339374771925557,0.07944588424040479,0.07788342162691528,0.09480791761731516,0.06679352258164732,0.07613189088777397,0.07278131895072322,0.07490289650272972,0.07331045845488761,0.07741378411975317,0.07269607950043254,0.060943634224811145,0.07062298028976823,0.0504468689059053,0.04105982658261478,0.051906300755152956,0.05442593395753076,0.04217266694781778,0.044301694539816146,0.04124891616368243,0.03748750416527824,0.03794618387877459,0.04094504652054221,0.04160147594801624,0.03193207859048048,M
Georgia,0.0,0.0,0.0,0.0,0.0,0.0,0.0,0.0,0.0,0.0,0.0,0.0,0.0,0.0,0.0,0.0,0.0,0.0,0.0,0.0,0.0,0.0,0.0,0.0,0.0,0.0,0.0,0.0,0.0,0.0,0.0,0.0,0.0,0.0,0.0,0.0,0.0,0.006038720274399449,0.0072075535160848565,0.009001131570826047,0.013559873621977843,0.018343186917074688,0.02251681724788201,0.01230802893754359,0.011719360383353299,0.031143789522145943,0.05464238772466144,0.032604645385666375,0.03671892461445129,0.04767905186799714,0.03287538498806104,0.029452189279403105,0.041312071387259355,0.0648693120688564,0.09933774834437085,0.0605858653176214,0.05269338472192948,0.055383417905309325,0.03670748539042081,0.04670384103710832,0.019444174386466853,0.04837344297980409,0.04223084435294428,0.04948547791551941,0.042696403455897126,0.06773920406435224,0.058224933504479354,0.06196120689655173,0.0704044192312379,0.05272407732864675,0.07594353056049039,0.06742107767965734,0.06006162845354363,0.06345338714180562,0.07807175165747568,0.078380631275116,0.08001700361326783,0.09737698451829208,0.07121982366954002,0.06731534177834894,0.057958671918432035,0.06203251935533897,0.06626822376153442,0.04627487274409996,0.03793147047667214,0.04036385128803933,0.023530449872788507,0.02408115348725204,0.031220730565095226,0.03913953243312408,0.045619002674217396,0.03077820255297091,0.024151672503320853,0.02507792068211944,M
Hawaii,0.0,0.0,0.0,0.0,0.0,0.0,0.0,0.0,0.0,0.0,0.0,0.0,0.0,0.0,0.0,0.0,0.0,0.0,0.0,0.0,0.0,0.0,0.0,0.0,0.0,0.0,0.0,0.0,0.0,0.0,0.0,0.0,0.0,0.0,0.0,0.0,0.0,0.0,0.0,0.05299885169154668,0.0876424189307625,0.07976867085452188,0.05159958720330237,0.12483195698098713,0.11911306578706249,0.12768883213829682,0.13388259526261587,0.09434951252751861,0.10474494605635279,0.06227296315516347,0.08204286739821556,0.09108389839085113,0.10192640913260625,0.22103888274891992,0.1328399278868963,0.0870995838575438,0.15686998246747255,0.1337852301105958,0.1278538812785388,0.17975402081362346,0.10943095901313173,0.11683380391393243,0.09617234083477592,0.07629219912263971,0.15503875968992248,0.16175071360608945,0.12895546076778097,0.14387010584729215,0.09586706433745207,0.06967831842991523,0.10876132930513595,0.07948072592396344,0.08137800081378001,0.0,0.07129616426636247,0.07652280379553107,0.12060907583295642,0.0,0.07479431563201197,0.0,0.0,0.0,0.0,0.0,0.0,0.0,0.0,0.0,0.0,0.0,0.0,0.0,0.0,0.0,M
Idaho,0.0,0.0,0.0,0.0,0.0,0.0,0.0,0.0,0.0,0.0,0.0,0.0,0.0,0.0,0.0,0.0,0.0,0.0,0.0,0.0,0.0,0.0,0.0,0.0,0.0,0.0,0.0,0.0,0.0,0.0,0.0,0.0,0.0,0.0,0.0,0.0,0.049685326266975825,0.0,0.05842259006815968,0.08415737428992215,0.07641087217552668,0.07743362831858407,0.08806693086745927,0.10595465140919687,0.22367013517455994,0.15925151786602967,0.16019223067681218,0.13716077201920251,0.15508118956394817,0.12132767137533582,0.13833509642769956,0.14256771966684173,0.11642290620679618,0.16015597799596126,0.0960680710903726,0.16940777864050258,0.16933606152543568,0.11895910780669146,0.12310533199969223,0.15305300467214436,0.19800275482093666,0.16246953696181965,0.0,0.11784969631039796,0.09655898876404494,0.09632224168126095,0.10305736860185502,0.16458766458766458,0.15054906128232376,0.18117504960745406,0.17876904741636163,0.17974835230677053,0.12564918746858772,0.10035122930255895,0.12511468846442572,0.1248543366072915,0.09886307464162135,0.11235955056179776,0.10307643514113542,0.10953759486738127,0.08407857525032485,0.07578053955744166,0.08448540706605223,0.050424405412219514,0.07092198581560284,0.06619385342789598,0.0,0.1257496614432192,0.06665397067225291,0.0,0.09045226130653267,0.09388691842269978,0.06676310225881829,0.06648936170212766,M
Illinois,0.0,0.0,0.0,0.0,0.0,0.0,0.0,0.0,0.0,0.0,0.0,0.0,0.0,0.005853258801837923,0.005531075425431885,0.0,0.0,0.005189375125101007,0.00406461105736792,0.0,0.0,0.004671014602759402,0.0,0.005978787262791616,0.0,0.006138598390571113,0.005443035907707883,0.007059999131077029,0.005166223232505877,0.0051156913601088615,0.00789729566981407,0.006690849307736056,0.01079203743855897,0.014942855627913254,0.014081976526801886,0.009859793733115102,0.01223366296258538,0.026285906548345037,0.04333682881417596,0.08761280864904485,0.07455564833591792,0.08072069407473134,0.08357526172253013,0.09004896412424256,0.11643901732709108,0.12829151980095377,0.15707975760719972,0.16394447338583643,0.16029205365565585,0.15268823837872852,0.12331691676878849,0.13291418074835162,0.17688500197382406,0.21074281410456028,0.2134501496243696,0.18721126399635543,0.17553035242196063,0.16713704504636587,0.16663241037084886,0.14551995963466446,0.15033390747287945,0.15477698044181792,0.14906614444801683,0.15266636039156095,0.15879980776865374,0.15893378946618203,0.1671723569092998,0.14490588586794145,0.20380538107043455,0.19191312420523782,0.16022944857035276,0.1590985508910339,0.14102046033696466,0.14972939966039028,0.13679434138529292,0.14311603407685922,0.1398173635688382,0.14432286336560918,0.12842504198510987,0.10526801791403112,0.10415988542412603,0.10415384469714903,0.08527854352180553,0.06939337759318909,0.0654928885638501,0.07023824359076028,0.05920731848893636,0.04493637954685209,0.06019830028328612,0.04099398353006426,0.05661160663739637,0.03067893824196345,0.056703003841628505,0.049661399548532735,M
Indiana,0.0,0.0,0.0,0.0,0.0,0.0,0.0,0.0,0.0,0.0,0.0,0.0,0.0,0.0,0.0,0.0,0.0,0.0,0.0,0.0,0.0,0.0,0.0,0.0,0.0,0.0,0.0,0.005381204528821732,0.0,0.0,0.0,0.0,0.0,0.007169266379213224,0.007185604155332231,0.008269161196961083,0.01284920388474264,0.009841120575596208,0.015432949346855535,0.05480757774335756,0.04650593562599437,0.05147585029316124,0.056643365645798735,0.05770847185457465,0.07637596066638025,0.07377305407939981,0.10354825348612452,0.09948240314883433,0.09342111025150714,0.09474463360473723,0.09082652134423251,0.09784735812133072,0.09218343039419391,0.14770840953211603,0.13949120238654256,0.13564996536596627,0.07944073721004132,0.09052914283989921,0.09123255177447313,0.103072469040365,0.08255837500194713,0.08222773921156248,0.10458507010231148,0.11076849384785799,0.1002181217944939,0.10320997995632274,0.09033564364146095,0.06472696272674171,0.055070538881420175,0.07752939656286342,0.08186119615579823,0.06487889273356401,0.06474318536471994,0.08624264035160462,0.07088924791453724,0.05926477809573801,0.06309811757282574,0.043452567177668856,0.06850518180221324,0.05181347150259067,0.06085991479611928,0.034574371292353606,0.035872746153119986,0.043673323539921385,0.02714440825190011,0.04032514803574082,0.04791671204234095,0.022260807622100528,0.040162434736043556,0.03632813386917331,0.025817353955922738,0.02464328840040415,0.03348961821835231,0.029534165659820113,M
Iowa,0.0,0.0,0.0,0.0,0.0,0.0,0.0,0.0,0.0,0.0,0.0,0.0,0.0,0.0,0.0,0.0,0.0,0.0,0.0,0.0,0.0,0.0,0.0,0.0,0.009107965826912218,0.0,0.0,0.010897005139754092,0.014482259232440259,0.00893878718535469,0.01805706031058144,0.010756350728742762,0.009256859332765578,0.016266334110502628,0.012657998951194372,0.031157786697457893,0.01715527429377454,0.024068354125717038,0.023090809857676645,0.03647139275131069,0.05246839971380873,0.039461352537858235,0.07291561902846223,0.06757771437152725,0.07091331458613521,0.045143130277763024,0.14395252504480155,0.11829898511923292,0.10190013786489241,0.0843611822201536,0.11845602681151046,0.1208118556701031,0.1076426264800861,0.16878932023937393,0.19059083157789147,0.12381026077536177,0.11957272678960515,0.11247668166355755,0.11229961537381734,0.12810434681340438,0.08127031757939485,0.09300833867864015,0.08056978955170968,0.09817272065110681,0.10341909806010845,0.10356322211074792,0.12275637835506452,0.08476012883539584,0.08435259384226065,0.08675848606441817,0.06844626967830253,0.0709776233703164,0.052073647015064166,0.07889101769412826,0.08601346297681377,0.06637254519189474,0.0830367734282325,0.0676024973157832,0.07280375343795502,0.07733637251709541,0.0637729682330902,0.07843784832597119,0.03872966692486445,0.050216845469070986,0.028590488897360145,0.035040296340791914,0.035617971810919455,0.030717247734602982,0.035570913156156306,0.03630328804065968,0.026886056890896383,0.02847056143947159,0.02977963073257892,0.03105204322444417,M
Kansas,0.0,0.0,0.0,0.0,0.0,0.0,0.0,0.0,0.0,0.0,0.0,0.0,0.0,0.0,0.0,0.0,0.0,0.0,0.0,0.0,0.0,0.0,0.0,0.0,0.0,0.0,0.0,0.0,0.0,0.0,0.0,0.013931457230426304,0.0,0.0,0.014714177109645144,0.0,0.0,0.01379462561386084,0.020580366330520683,0.02292826727808713,0.03208213025344883,0.04073772313161988,0.03314917127071823,0.07737216009003306,0.0793048755258258,0.0664819944598338,0.09700889248181083,0.09202325678671519,0.0740162013240676,0.07934618741569467,0.07250801404365746,0.08139405823374894,0.05537711817477019,0.1272133402097301,0.1266809588774118,0.09855662236917402,0.07411942895813864,0.09316371112824468,0.08847237695786093,0.10729253981559095,0.10145417653026716,0.0665918968176083,0.12215552142956862,0.08337386229417078,0.1056933483652762,0.0922713515907581,0.07094052197289324,0.11160284779680583,0.11723787564969324,0.0398358761900968,0.09796318217070085,0.10171698266742614,0.047806860284450824,0.05529881107556188,0.09416934787726595,0.07964637011668194,0.07562490049355199,0.0711631216889381,0.056613692425896714,0.08984359047657942,0.06524221171097701,0.052890679034948526,0.037789721195834736,0.043593879419329525,0.04516507836141096,0.085927057475654,0.0806336859080776,0.03974760272271079,0.04979831681689159,0.07090043553124684,0.03125162768894213,0.03904724716907458,0.040825848594424355,0.04277682718161818,M
Kentucky,0.0,0.0,0.0,0.0,0.0,0.0,0.0,0.0,0.0,0.0,0.0,0.0,0.0,0.0,0.0,0.0,0.0,0.0,0.0,0.0,0.0,0.0,0.0,0.0,0.0,0.0,0.0,0.0,0.0,0.0,0.0,0.0,0.0,0.0,0.0,0.0,0.0,0.0,0.013670539986329458,0.011341297444427642,0.020147885479418932,0.024713223634079535,0.025008336112037347,0.01434102968593145,0.02531349793597632,0.037048592153498164,0.04060089321965083,0.04836227742360958,0.03753173639474556,0.04792715073088905,0.04080843660731545,0.032620440783706094,0.046091638557750725,0.08770677381850817,0.08281991718008282,0.07330303474563847,0.03166895386889053,0.05082872928176796,0.04813643240269564,0.046293081498969976,0.0428510212826739,0.05005720823798627,0.05343177733521154,0.03522449746383618,0.05146439599513428,0.046958277570378716,0.057839687665686604,0.04241940313404532,0.055499495459132187,0.03858520900321543,0.03105107902499612,0.04396400124133651,0.048710454801825356,0.02083767451552407,0.0,0.026447330142022163,0.04339336081579519,0.019049174082238003,0.030343153481187247,0.016641704110500914,0.03574374484465218,0.035822540644805737,0.017304031839418584,0.018078278947844164,0.01917852005753556,0.026347857589829726,0.03734510269903242,0.0,0.02125624402168137,0.0,0.04099582587954681,0.0,0.024769846839780375,0.021538726630481606,M
Louisiana,0.0,0.0,0.0,0.0,0.0,0.0,0.0,0.0,0.0,0.0,0.0,0.0,0.0,0.0,0.0,0.0,0.0,0.0,0.0,0.0,0.0,0.0,0.0,0.0,0.0,0.0,0.0,0.0,0.0,0.0,0.0,0.0,0.0,0.0,0.0,0.0,0.0,0.008797266982390804,0.007324182987387757,0.01911010606108864,0.019890601690701143,0.02548723089732044,0.024318221295813795,0.022567877230747865,0.03697638793513285,0.031212132339441118,0.045881625406451354,0.05890024822247465,0.03210410290435118,0.05482802977583771,0.03960643708830151,0.03512263653924955,0.03300778595421626,0.07896138237508493,0.0611193573736139,0.04655011896141512,0.06516944054541808,0.06666324803856212,0.04343067595504056,0.0404040404040404,0.040987424312994875,0.049439357683864975,0.046141192047665855,0.03645274306891594,0.04975433795634057,0.042253818688864006,0.03103111978012235,0.04392251144297009,0.0625015024399625,0.037019669784545524,0.03573160460427248,0.035622503244192256,0.028193561615747386,0.0336613153806318,0.039586192336113164,0.041554699836551516,0.014229204018327215,0.02282453637660485,0.040535062829347386,0.0,0.02094491487388169,0.026661136949373464,0.02800161787125478,0.028577779189026133,0.044111160123511246,0.020538098172109262,0.0311128011892004,0.0,0.023761838487389254,0.020430400435848543,0.02816802225273758,0.02649608236496461,0.03632694248234107,0.04254051984515251,M
Maine,0.0,0.0,0.0,0.0,0.0,0.0,0.0,0.0,0.0,0.0,0.0,0.0,0.0,0.0,0.0,0.0,0.0,0.0,0.0,0.0,0.0,0.0,0.0,0.0,0.0,0.0,0.0,0.0,0.0,0.0,0.0,0.0,0.0,0.0,0.0,0.0,0.04013243704223939,0.0,0.0,0.07046388725778038,0.057611061323774165,0.06656017039403621,0.06355034599632821,0.0908646117285245,0.10258514567090685,0.12276633474287274,0.1416747446126314,0.08774028874531388,0.26850142641382785,0.14279714405711885,0.18560701932000337,0.15166028097062578,0.18635553394911683,0.16396002498438475,0.1399036219493238,0.0772141147401745,0.11558911921091163,0.1531628120692296,0.13666388277275834,0.152473888846535,0.17041053446940357,0.13154840207382187,0.1306988544629815,0.11165698972755694,0.14264264264264265,0.11678604796013703,0.12320328542094457,0.06143584342636476,0.09196247930844216,0.08767657087189479,0.08957006369426752,0.10112245929821014,0.09184610674558628,0.0,0.0,0.13688533221017163,0.0757002271006813,0.054608999563128,0.0,0.05591590248266608,0.0,0.08007320979180965,0.0,0.0,0.0,0.0,0.0,0.0,0.0,0.0,0.0,0.0,0.0,0.0,M
Maryland,0.0,0.0,0.0,0.0,0.0,0.0,0.0,0.0,0.0,0.0,0.0,0.0,0.0,0.0,0.0,0.0,0.0,0.0,0.0,0.0,0.0,0.0,0.0,0.0,0.0,0.0,0.0,0.0,0.0,0.0,0.008541460248044006,0.011583075472010327,0.0,0.016565067585475747,0.0,0.0,0.0,0.02018638764593076,0.03188454438664206,0.04966212021780387,0.06275725861527955,0.07330812562697739,0.08981318856777902,0.08715287406409698,0.08962358095996814,0.12808470668602168,0.15483621231915615,0.1141340411413404,0.13642192573190365,0.07032348804500703,0.12059955205880664,0.060092870800327776,0.11456003491353445,0.18552397639722745,0.1440421199026474,0.10814967915595183,0.09976871797197405,0.10300967395198853,0.0809344649575641,0.1472258444453792,0.0786668046786047,0.062322832271164634,0.09119307708725431,0.1225376431926626,0.0943122460824144,0.07046693617179098,0.07711140670483681,0.11141722712908193,0.0887824417236182,0.07190440943216665,0.07347697361312212,0.0964493192472467,0.0805928048534778,0.07016590842217243,0.08024608800320984,0.045668356395853316,0.060140636565507034,0.0727289256574013,0.05334075465572021,0.06266682139955902,0.034193489559587856,0.05974264705882353,0.06834947795140116,0.05410456937681373,0.05289139633286319,0.03593152477991941,0.04424663595429583,0.05322263026238756,0.047166103293766214,0.03492182882931284,0.03859832924374845,0.03498542274052478,0.020871224544560064,0.050384179367678555,M
Massachusetts,0.0,0.0,0.0,0.0,0.0,0.0,0.0,0.0,0.0,0.0,0.0,0.0,0.0,0.0,0.0,0.0,0.008031160904308717,0.0,0.0,0.0,0.00566938419148912,0.0,0.005480953685941353,0.0067415730337078645,0.007885546919004168,0.010753613214039918,0.008253974804741908,0.00931301027535467,0.01100517243104259,0.009770204783492262,0.012548020308488254,0.008388870764785384,0.009379983116030392,0.011385091223043424,0.02081716848659185,0.016862616515996066,0.0204806116876024,0.032344062414239226,0.0632574578534636,0.0946838728895603,0.11196829058010771,0.10393689875391207,0.12989355944434422,0.11465150718960493,0.14622316270001665,0.1736921242287551,0.1781743752852999,0.1596005246274671,0.20522755631444145,0.1491752979268024,0.1783435035756124,0.1822734783571538,0.16704631738800305,0.22586388815615932,0.20729551663184959,0.19248367044271245,0.14824881092099573,0.12914334911752046,0.1410987691383969,0.14671614740657635,0.1299545159194282,0.11649940346690996,0.12518571507180984,0.10570684848244605,0.12785364053355827,0.15415662312909917,0.11555251219720962,0.11160216061782956,0.1261839244720799,0.12785530521556093,0.10692968176449935,0.10300850228907783,0.07707065903612483,0.08516180743412484,0.09221225584709532,0.09061842802674099,0.09069345611832008,0.08030981742901505,0.09062661833247022,0.04834841803976174,0.06730540818750494,0.07292320781088582,0.06115176180334436,0.03749531308586427,0.04373043638372307,0.04144695940500587,0.04489390860545343,0.04065040650406504,0.045328752743582404,0.056093456576348066,0.032133676092544985,0.030809520141723792,0.013245033112582781,0.029887243581035183,M
Michigan,0.0,0.0,0.0,0.0,0.0,0.0,0.0,0.0,0.0,0.0,0.0,0.0,0.0,0.0,0.0,0.005385609651012494,0.0,0.005491890308644235,0.0,0.0051147232423253575,0.0,0.005655149013176497,0.005883477723682469,0.004301044436957441,0.0,0.0038794273965162738,0.007558102916168041,0.006139526888058007,0.004681812329552769,0.005738222298731853,0.006053302076282612,0.006538262456752118,0.00900763960433943,0.010954670725660452,0.012366617200197867,0.017332058331341143,0.017033948027531907,0.014912792582506646,0.03706817234052412,0.07144808456090948,0.06361547976674324,0.06899957873941401,0.09102507666251335,0.09182201104779117,0.12154360376785171,0.13989735791674587,0.1526795256756069,0.1429324376233909,0.13758312313689522,0.15191507947057595,0.1472300541768108,0.12089019140946973,0.13666927856843486,0.16970315137872818,0.19266317790101278,0.15947691571645004,0.14634715700446224,0.1512831048522655,0.1499015983372878,0.11839881420424246,0.12389282346197229,0.12577011410448033,0.12410825917481796,0.11991457180869688,0.1345802132578764,0.11477555997919692,0.1556065810197924,0.11749730735337316,0.11213253864026669,0.09676815183235178,0.0680829335233982,0.08732306299119223,0.09169705041154509,0.07783399121587813,0.0818946436476317,0.06876317960942513,0.07643981558894489,0.06609703044068693,0.05388722872679175,0.05452908429181937,0.05735664098653422,0.06736819412818819,0.04146233361451467,0.03467981483994512,0.04062309579238473,0.04109112747732086,0.06308229813664597,0.04096480304122698,0.016266245913105715,0.03024752558436539,0.031036623215394164,0.030803797927085597,0.03391235540148461,0.04777355335708741,M
Minnesota,0.0,0.0,0.0,0.0,0.0,0.0,0.0,0.0,0.0,0.0,0.0,0.0,0.0,0.0,0.0,0.0,0.0,0.0,0.0,0.0,0.0,0.0,0.0,0.0,0.0,0.011442956860052637,0.0071826696546572425,0.010066872797871575,0.01550387596899225,0.008411490095470413,0.012370283829290084,0.01602285927923838,0.02438958293813176,0.01827342261205524,0.023622357248782793,0.04150710976622125,0.04093048639061327,0.051806760782282094,0.06162633398466857,0.1124492755985072,0.12323821426091786,0.19335718674328672,0.1767134897307824,0.19205804420891648,0.20359219448230645,0.24821418420903044,0.302209909966631,0.2864193178813783,0.26624068157614483,0.25297401266960756,0.22680927212951016,0.28501151758872445,0.25527699458965175,0.2950279643070463,0.32217276081270674,0.2738216198529285,0.27837921435199503,0.28397347184528837,0.24633597391319756,0.2453551426793493,0.26442395974879723,0.21536387130604143,0.23727870979701549,0.23060720511330624,0.24437838527893788,0.24951121869472115,0.20518379435163855,0.22344822131261,0.20167389331451044,0.21075035472831985,0.16621081422259626,0.18885344972301496,0.1570991847826087,0.16569656285847814,0.1497700712989917,0.13389193625016196,0.11451783669324345,0.11530084980996712,0.10191248536363241,0.1076237123591557,0.09135399673735727,0.07187942226914351,0.0866246810104652,0.08578010881819519,0.07557988011467293,0.06025358901812847,0.02972972972972973,0.027210884353741496,0.04989051802987888,0.06748397255651782,0.031971167819566354,0.043025292725652295,0.06060799387540272,0.02660016625103907,M
Mississippi,0.0,0.0,0.0,0.0,0.0,0.0,0.0,0.0,0.0,0.0,0.0,0.0,0.0,0.0,0.0,0.0,0.0,0.0,0.0,0.0,0.0,0.0,0.0,0.0,0.0,0.0,0.0,0.0,0.0,0.0,0.0,0.0,0.0,0.0,0.0,0.0,0.0,0.0,0.0,0.0,0.0,0.01944660517835315,0.0,0.0,0.02762278327164245,0.022251891410769914,0.03613587087448807,0.028523436757202168,0.026041666666666668,0.030328559393428812,0.03452681006801781,0.0298804780876494,0.02739256976545112,0.05354035604336768,0.06940719941950342,0.09145843540748,0.052027444476961594,0.09219737066757726,0.05188516084399862,0.042500442712944925,0.04753894536678124,0.06095702529716549,0.04568296025582458,0.051740705151895924,0.04091348657293759,0.05387516354960363,0.04031607805192711,0.04148516905206388,0.025416190113102047,0.0,0.03619418178527802,0.027235587834770765,0.0,0.03640169267870956,0.045296009421569965,0.04297994269340974,0.02912621359223301,0.03363444166826831,0.0,0.04981816370248593,0.0,0.03248862897985705,0.03421309872922776,0.031400460540087924,0.0,0.0,0.0,0.03010416039496658,0.0,0.030433988678556213,0.0,0.0,0.03468849729429721,0.04423473901503981,M
Missouri,0.0,0.0,0.0,0.0,0.0,0.0,0.0,0.0,0.0,0.0,0.0,0.0,0.0,0.0,0.0,0.0,0.0,0.0,0.0,0.0,0.0,0.0,0.0,0.0,0.0,0.0,0.0,0.0,0.0,0.0,0.0,0.006825705607317156,0.008041817450743867,0.0,0.0,0.005789248208227679,0.006026201925974136,0.008777429467084638,0.010411108652932679,0.046486075307442,0.03088280710010441,0.02759128115515497,0.021724624862281394,0.0400385556461778,0.05053130053130053,0.04365234668994792,0.0887953431775578,0.06656623340223522,0.04644522044277777,0.07548494689721759,0.06795845821426082,0.05778438170711574,0.08144676041355008,0.08827794942934611,0.08439984040757449,0.06137382956959635,0.06447351868159518,0.062165263963274674,0.06298856515278765,0.0628002637611078,0.05967645683134143,0.06171636458130318,0.06586980271190798,0.07054507830503692,0.07069913589945011,0.08473898792869133,0.08521872806870968,0.06469186244467143,0.05808427500264019,0.053516955955545245,0.046661880832735106,0.043465662126919734,0.05821145310339809,0.05219790462697141,0.03356330412082789,0.04626684402290209,0.03554783158227348,0.053251286906100224,0.05357355450613119,0.028015688785720003,0.045510309074359885,0.038278668708195664,0.03322673090501308,0.03732900024154059,0.020684900022983222,0.030640143301593287,0.050851151415357045,0.03211224464590075,0.025062028520588458,0.025629853653535636,0.028929097412160744,0.013969992456204075,0.04016409903319276,0.048814717637367666,M
Montana,0.0,0.0,0.0,0.0,0.0,0.0,0.0,0.0,0.0,0.0,0.0,0.0,0.0,0.0,0.0,0.0,0.0,0.0,0.0,0.0,0.0,0.0,0.0,0.0,0.0,0.0,0.0,0.0,0.0,0.0,0.0,0.0,0.0,0.0,0.0,0.0,0.0,0.0,0.0,0.10856691669956574,0.07451564828614009,0.10051373687737324,0.06900517538815411,0.1772211720226843,0.14312451833094791,0.15976263836585644,0.19801980198019803,0.2258469259723965,0.22802417056207958,0.16778523489932887,0.125642490005711,0.1697432633142372,0.2336696760488582,0.2606777621816723,0.1798561151079137,0.17832375668714087,0.13548824155617925,0.1801441152922338,0.16999999999999998,0.15957446808510636,0.18414086776383934,0.22817341179296266,0.24547803617571057,0.1933238819435494,0.14571466419393297,0.12142471667566108,0.16395682470282824,0.0978336827393431,0.11604293588627793,0.11977840994160803,0.07756748371082842,0.07840677434530344,0.22577003709079183,0.0,0.14488087572440436,0.10082339102671821,0.0,0.0,0.0835142809420411,0.0,0.08047642040882022,0.0,0.0,0.0,0.0,0.0,0.0,0.13458950201884254,0.0,0.0,0.0,0.0,0.0,0.0,M
Nebraska,0.0,0.0,0.0,0.0,0.0,0.0,0.0,0.0,0.0,0.0,0.0,0.0,0.0,0.0,0.0,0.0,0.0,0.0,0.0,0.0,0.0,0.0,0.0,0.0,0.0,0.0,0.0,0.0,0.0,0.0,0.0,0.0,0.0,0.02419048277292048,0.0,0.0,0.0,0.0218539428155163,0.0,0.02586652871184687,0.032913296971976674,0.05028410519434806,0.05038291011688835,0.06380054966627405,0.08060692271218588,0.12590799031476999,0.14215763702416678,0.1037967768369298,0.10964912280701754,0.11631595643438722,0.0625,0.12338367387227321,0.15773648149060973,0.14203200454502415,0.18977046810048798,0.14029053717699236,0.10092206064498371,0.1127554615926709,0.10833725859632594,0.09690861517588914,0.09667243309250026,0.14282691493863733,0.08512902367650971,0.07386303682599979,0.08982826948480846,0.15250544662309368,0.16461372537889538,0.07027406886858749,0.10767482203744691,0.11840625185009768,0.08496692359045943,0.07937961775660989,0.07379166154224573,0.0804654617479574,0.12735763236096792,0.08744534665833854,0.09277585353785255,0.07376898014384951,0.07431260837255388,0.06366993505666624,0.05053376287031773,0.0773146060176535,0.06692992436918546,0.07577845136401212,0.08103130755064457,0.045568466621098196,0.0,0.04649721016738996,0.0,0.0,0.04020585397233837,0.0,0.0,0.047384382107657316,M
Nevada,0.0,0.0,0.0,0.0,0.0,0.0,0.0,0.0,0.0,0.0,0.0,0.0,0.0,0.0,0.0,0.0,0.0,0.0,0.0,0.0,0.0,0.0,0.0,0.0,0.0,0.0,0.0,0.0,0.0,0.0,0.0,0.0,0.0,0.0,0.0,0.0,0.0,0.0,0.0,0.09092286710107592,0.0,0.10123165176311794,0.11955593509820667,0.12911555842479017,0.10636681355417109,0.13814274750575595,0.1333777925975325,0.14022787028921999,0.19137091162143355,0.1881628463906945,0.07855459544383347,0.2229157378510923,0.21947873799725653,0.211864406779661,0.20658910514298143,0.1327207759060745,0.11670881151526939,0.20981116994704765,0.07643798968087138,0.19720161517513382,0.1083815028901734,0.17173278378842521,0.16096579476861167,0.14833494029518654,0.13599891200870393,0.1758499413833529,0.16472293602161164,0.15320055951508693,0.1572920598968164,0.16523867809057527,0.16574912685727816,0.15769185842775377,0.13900472616068948,0.169223210873956,0.14628284833603258,0.13028297462087654,0.13762870832908553,0.2109598673966548,0.12589579701723805,0.1578898486114981,0.13440860215053765,0.12108108108108108,0.11971636430610554,0.09273721202655212,0.0928888430178553,0.09158002478047729,0.08260366760284157,0.0717162244166161,0.07112375533428165,0.0769865273577124,0.07361685259640977,0.052687038988408846,0.08563214875527556,0.045207956600361664,M
New Hampshire,0.0,0.0,0.0,0.0,0.0,0.0,0.0,0.0,0.0,0.0,0.0,0.0,0.0,0.0,0.0,0.0,0.0,0.0,0.0,0.0,0.0,0.0,0.0,0.0,0.0,0.0,0.0,0.0,0.0,0.0,0.0,0.0,0.0,0.0,0.0,0.0,0.0,0.05288673424416042,0.06271277548826375,0.11372251705837756,0.1096163428001993,0.13891645167692002,0.08120178643930166,0.11643702697457792,0.14047574452144596,0.24980784012298232,0.22414345180915787,0.24783147459727387,0.19503738216491492,0.20098258150960252,0.1676727028839705,0.24377856780091414,0.19020923015316848,0.22356143079315707,0.24234808365496815,0.2317703690497415,0.14758225540411493,0.2223408039843472,0.16495919430456676,0.1289490651192779,0.15053081920456346,0.14807137040053306,0.11569052783803327,0.18234097762816467,0.11523226503420958,0.13336471326586646,0.22937658720406326,0.13649547858727182,0.0791487116348606,0.14633254069873788,0.149407040806798,0.0481881264456438,0.08689775031379744,0.06963788300835655,0.08947211452430659,0.10031096398836392,0.0,0.07268951194184839,0.08329862557267806,0.0,0.0,0.05668934240362812,0.0,0.0,0.0,0.0,0.0,0.0,0.08639308855291576,0.0,0.0,0.0,0.0,0.0,M
New Jersey,0.0,0.0,0.0,0.0,0.0,0.0,0.0,0.0,0.0,0.0,0.0,0.0,0.0,0.0,0.0,0.0,0.0,0.014151877954204523,0.0,0.012128930531550381,0.0,0.0,0.0,0.007047216349541931,0.01165569089107757,0.0,0.006192717364379489,0.007090977237963067,0.008620524511024692,0.00657882370632131,0.008263400481113539,0.0070706981430579,0.014262919084677167,0.007141135619091825,0.019418675469799546,0.012175395265510584,0.015227926225176242,0.016929218048328462,0.03759162959714304,0.06918185350505596,0.08617786318521306,0.0775057612615871,0.10438524546510018,0.11711928389923558,0.12091773460107483,0.15514258608181258,0.15379140293347568,0.14779861421849788,0.15688217323094705,0.16851990551362564,0.14373927455668167,0.11844283349506252,0.1387403532098159,0.21037769149311686,0.21217197096594081,0.16027204437445125,0.12293476351944667,0.14009375505145752,0.14454891455700397,0.14814436412863016,0.10149519754431133,0.1351755487768407,0.12628895840574672,0.11411391641155623,0.14264704256189664,0.13824937445014454,0.12931185125642192,0.11442336645588677,0.1469309791725337,0.1114171256885328,0.13074073599343733,0.11285644922115927,0.12384716732542819,0.1033030132281521,0.11413838944018477,0.11627429790843057,0.08802816901408451,0.09504263144120442,0.0820193735416814,0.10042060223253918,0.079443308372442,0.08688357600814908,0.0818846056941295,0.0506469742517318,0.0735872950679399,0.05066033121375166,0.04854368932038835,0.06342303162091148,0.047076716942186174,0.04404962924895382,0.033938571186153066,0.038848529583155274,0.040263322126708675,0.0336898846121452,M
New Mexico,0.0,0.0,0.0,0.0,0.0,0.0,0.0,0.0,0.0,0.0,0.0,0.0,0.0,0.0,0.0,0.0,0.0,0.0,0.0,0.0,0.0,0.0,0.0,0.0,0.0,0.0,0.0,0.0,0.0,0.0,0.0,0.0,0.0,0.0,0.0,0.0,0.0,0.03216172754422238,0.0,0.07759155803848541,0.0,0.07377351530800443,0.03857776634732849,0.0550526058233423,0.06560897053560778,0.06523157208088715,0.10253781081773904,0.09155113784985613,0.07581980160485247,0.0845858546424621,0.08114856429463171,0.06716326779826597,0.10487065951992541,0.2845435920783064,0.18234865061998543,0.15223896267520604,0.12604618332156903,0.16613804561244525,0.1324570788119619,0.11689367757674325,0.12383900928792571,0.09785743716522455,0.14545454545454545,0.13024225058609012,0.16328680537266263,0.1421501526797936,0.15922721723900005,0.16630901287553648,0.16136211885154683,0.13900955690703737,0.09853929979132856,0.12598236246925432,0.1132907995945382,0.15096618357487923,0.10560974094551781,0.10646959353666939,0.13088189467123715,0.08209662140827281,0.08755472170106317,0.11325028312570783,0.09896703160759573,0.09872277410995249,0.07013069811922218,0.12309375641113315,0.11588324762801477,0.09064813415923856,0.053763440860215055,0.08168599901976802,0.041566214980463874,0.05160846378806125,0.0646173728422413,0.09795278675678322,0.06330449461911795,0.0,M
New York,0.002863590025543223,0.003992790161765041,0.00391886823085493,0.0033932237322067834,0.0027658844745372677,0.0036039932244927375,0.0030673153016091133,0.006511900498160389,0.003241112868514533,0.003866353062473822,0.003246352722716028,0.0038054405114512045,0.003079974621009123,0.004940772489778777,0.0029098866308168636,0.005968432418354558,0.003235752289294745,0.00591339155749636,0.005419279826977175,0.00957822295229566,0.006237184534900945,0.007266259986782327,0.00515357658214801,0.00842994168679468,0.007993634160432236,0.009365861780693143,0.007364731639221883,0.009099947759559157,0.009751055551763478,0.007340878479735984,0.00855353403514552,0.012046071590730085,0.012402293184009724,0.01529381287239654,0.012571342367938049,0.020766863637221772,0.01650335891893291,0.02499212910219833,0.05024245288943685,0.08458037388684948,0.08890767448131118,0.10216263372973965,0.11315194971024457,0.11960333495900974,0.13408677329757684,0.14935056452771694,0.14762516046213095,0.1528565059550347,0.1183122911548239,0.15236742941401343,0.15069385411951733,0.1325214115173154,0.15305404721042118,0.20058667411649672,0.21175108219140312,0.15629748621543005,0.14297222177765684,0.140758614850563,0.12147780389257137,0.1130657785863694,0.10596944208107681,0.10849711586795203,0.11412741301442687,0.0985444267117888,0.13172114077928823,0.11261692991872412,0.11090955695328983,0.0984262007486511,0.13113829081352762,0.11771726158185959,0.10994277337693456,0.09377234419138936,0.09117983149493479,0.09357360620604305,0.10818128524201787,0.09675311620426216,0.08837853991022267,0.08231599209766476,0.0674370047594963,0.07966260543580131,0.07923983480509016,0.06582792044225616,0.06966553576280278,0.0634309742712565,0.045350147022250833,0.04918032786885246,0.05224818645787585,0.04474341963156108,0.04053632678515747,0.0317218627077782,0.030413625304136254,0.04285297999622894,0.043973400579730954,0.046218130712419474,M
North Carolina,0.0,0.0,0.0,0.0,0.0,0.0,0.0,0.0,0.0,0.0,0.0,0.0,0.0,0.0,0.0,0.0,0.0,0.0,0.0,0.0,0.0,0.0,0.0,0.0,0.0,0.0,0.0,0.0,0.0,0.0,0.0,0.0,0.0,0.0,0.00539176569542994,0.0,0.006571669532644768,0.006739604160582302,0.009154994049253868,0.01364662680197504,0.015695096590240265,0.011840235752249646,0.021059004698790424,0.0194441563828684,0.03499300139972006,0.028567347521782603,0.03823062981422746,0.04640371229698376,0.04758907600435978,0.04071130797290255,0.0344952199480929,0.03627016542349361,0.05344475755514527,0.08608595842367045,0.07190758312360288,0.06895362868470954,0.04590876398304436,0.06857641594713382,0.04849293063995515,0.04983510443385856,0.03959118436294851,0.04533027353986939,0.056331835730871214,0.05072247005423403,0.055341767590316476,0.03337249038872277,0.048409219266869266,0.05728817348535658,0.06739585234692015,0.06770098730606489,0.06388622696276544,0.05758473181967752,0.0681071552576053,0.08348019664224098,0.0635954313042151,0.07509782479809225,0.06548438397904499,0.0761350127559539,0.07352056570733467,0.06373232423819956,0.05809225049378413,0.0654794766777511,0.05652391092883245,0.05940703489817911,0.053945296553332946,0.05357063138941385,0.04262704381451146,0.03542112639181926,0.045778462759220546,0.043182554248083774,0.03322469385817802,0.03916960438699569,0.0222290619335864,0.02484251619199716,M
North Dakota,0.0,0.0,0.0,0.0,0.0,0.0,0.0,0.0,0.0,0.0,0.0,0.0,0.0,0.0,0.0,0.0,0.0,0.0,0.0,0.0,0.0,0.0,0.0,0.0,0.0,0.0,0.0,0.0,0.0,0.0,0.0,0.0,0.0,0.0,0.0,0.0,0.0,0.0,0.053652865957256546,0.04814172925091469,0.12483095807760325,0.1145737855178735,0.11717834544176235,0.11362345188046813,0.13322971022538024,0.15384615384615385,0.1336735933892332,0.21478205938092232,0.24915908807773765,0.13053281120208854,0.1607717041800643,0.13908205841446453,0.21605271686291455,0.1851851851851852,0.2708667736757624,0.23217567959756216,0.2262656736117658,0.09823182711198428,0.23369233895549685,0.21636101380589326,0.23194168323392977,0.23014959723820483,0.17927572606669057,0.161090458488228,0.22463002114164904,0.2596337797212353,0.22528865108420162,0.18710420264824412,0.22431583669807087,0.12042751768779167,0.0,0.08084074373484236,0.17286084701815038,0.0,0.0,0.1352657004830918,0.11673151750972763,0.09549274255156609,0.11335726431135462,0.0,0.0,0.0,0.0,0.0,0.0,0.0,0.0,0.0,0.0,0.0,0.0,0.0,0.0,0.0,M
Ohio,0.0,0.0,0.0,0.0,0.0,0.0,0.0,0.0,0.0,0.0,0.0,0.0,0.0,0.0,0.0,0.0,0.0,0.0,0.0,0.0,0.0,0.003415106152882919,0.0,0.00412891657229143,0.0,0.0027782253807557885,0.00535202975728545,0.005294815316841749,0.004509695846069048,0.004000020000100001,0.006217210194311731,0.0055743431565647185,0.006310373282850347,0.009817348236067955,0.01585854180708084,0.011497355608210112,0.00633897678349753,0.009736571644939688,0.022639925785218888,0.04373729254338267,0.03817025143895789,0.042483006797281085,0.07010910729823287,0.06339241752831118,0.07099564051562784,0.07051922116824763,0.08947568656737448,0.09993139038868837,0.07517733663815883,0.08625385872525876,0.07512857054340417,0.06740916614861475,0.08443080819883456,0.12757320962597854,0.11647148224164991,0.10464749562774162,0.0962169254318828,0.09956177732857649,0.08661008141347654,0.08500458874328615,0.07310110267242241,0.07676246622451487,0.08421310509029942,0.08936009087466869,0.0937509375093751,0.1024636823170454,0.08613196365073093,0.0720101468843337,0.07527601204416193,0.08314333224761283,0.05907507825243574,0.06264935157921116,0.06354682038945123,0.04676153451184625,0.04942203673704731,0.053197047563860206,0.062001161291592444,0.048764467621388696,0.05605723953768066,0.027173061045326755,0.029491379037949086,0.028119964092968925,0.0415571579396635,0.024781392714270545,0.023662448938925974,0.030661914069985818,0.02086566424538021,0.01713705690821129,0.01988256034357064,0.02987912535651229,0.015434047508804423,0.02793090775450202,0.03211844057323769,0.019277418111134315,M
Oklahoma,0.0,0.0,0.0,0.0,0.0,0.0,0.0,0.0,0.0,0.0,0.0,0.0,0.0,0.0,0.0,0.0,0.0,0.0,0.0,0.0,0.0,0.0,0.0,0.0,0.0,0.0,0.0,0.0,0.0,0.0,0.0,0.0,0.0,0.0,0.0,0.0,0.0,0.015458339774308239,0.0,0.015097985928677114,0.01945020746887967,0.03917216165045374,0.038360718624128896,0.03977481336433729,0.0465481628021994,0.0320279516669093,0.0657606313020605,0.04920129891429134,0.0510920934985311,0.04148980308301152,0.04060977133574909,0.044976162633804086,0.029935638377488402,0.11603171533552505,0.11742602160638797,0.09312861817266549,0.07266121707538602,0.07265738527164486,0.07364854912358226,0.052819558327883695,0.053283601971493275,0.07112982615870486,0.0665798234187292,0.052758074916466384,0.05568907907849229,0.08580643252359677,0.0638608441795402,0.07256436143361938,0.0744288395573102,0.036154478225143796,0.043142070155643315,0.06404098623118795,0.050769474853244484,0.0488122356003905,0.058318483719423296,0.05248827215169111,0.07627765064836003,0.07373395448604082,0.06095496105655265,0.0307723869114781,0.0672314105149926,0.070919590692648,0.06030293356035614,0.050765102618028864,0.030497102775236352,0.03961023528479759,0.07270083605961468,0.043835179724236874,0.056973100557522485,0.04949065863818204,0.06004717992708557,0.041413583655438985,0.06787878787878787,0.06139363552645043,M
Oregon,0.0,0.0,0.0,0.0,0.0,0.0,0.0,0.0,0.0,0.0,0.0,0.0,0.0,0.0,0.0,0.0,0.0,0.0,0.0,0.0,0.0,0.0,0.0,0.023370726495726496,0.0,0.01908336248847047,0.020879317544592258,0.0,0.021614945190674695,0.024723406885468816,0.0,0.022204599524187154,0.023370726495726496,0.0299790146897172,0.034782608695652174,0.026107104395783703,0.04655493482309125,0.017689096440953796,0.04051266941661756,0.0972944654417543,0.13365410318096765,0.18373011219264299,0.15399422521655437,0.1723063386736078,0.21003255504603216,0.18704174771809068,0.2588507028792163,0.290838584585555,0.19534242377815228,0.23114491294784328,0.1894142453807941,0.23117901296612725,0.1981083844580777,0.20076109429778563,0.23763294404033963,0.20908351724939017,0.1699905898066357,0.19980643751365867,0.1644073580047771,0.2062117318612988,0.17753389283408652,0.17279603547209182,0.1632208922742111,0.15029752775903318,0.18641810918774968,0.16554298097760656,0.23803635464325462,0.13273916753579218,0.15652451685034338,0.15305634386658587,0.1416698148847752,0.10967388148769394,0.12415637336049916,0.11028576989198483,0.11991184858698471,0.13047405573584023,0.1083276912660799,0.11093928595441403,0.13398378452659063,0.10073991732379199,0.12595744680851062,0.04421167188137669,0.08160368990597835,0.0637970503246144,0.07975117632985088,0.07771596858638743,0.08287407284631003,0.05428881650380022,0.08361553576654542,0.05181347150259067,0.10016112877237295,0.0751244248286224,0.074393691414968,0.04111419467571179,M
Pennsylvania,0.0,0.0,0.0,0.0,0.0,0.0,0.0,0.0,0.0,0.0,0.0,0.0,0.0,0.0,0.0,0.0,0.0,0.0,0.0,0.0,0.0025817111581556253,0.0027196823411025596,0.002958331895255329,0.0034848756397235993,0.0034916201117318434,0.0023510271637678503,0.0022989139930296924,0.003233360893885715,0.005424022997857511,0.0036263088708580753,0.0035481910878310354,0.008659133220764602,0.006229642418525177,0.00451567163842114,0.00920204469433108,0.007907675562026411,0.013363425788442122,0.014163302882232137,0.02625577240878693,0.06439220909306051,0.055325672264548924,0.07340288557573131,0.08277942655318732,0.11183125220109855,0.12330456226880394,0.11072557438891716,0.13740414082845345,0.11751964421503791,0.10814006861837447,0.10658161507208282,0.09651578033008397,0.10242296776413007,0.10871962940787194,0.15226146338492458,0.1612210611962,0.11110696842026771,0.11906786868515053,0.11390638554671292,0.09351549848322424,0.1028520806900849,0.10506583621823458,0.07616433397683398,0.11349551244717233,0.10083296799649277,0.10464736019766722,0.0904436222296969,0.10368995922567768,0.08612917766758967,0.09409061009017711,0.10555185451147658,0.07628655023244961,0.0762431875300031,0.07260589144947761,0.07570240331174058,0.05524861878453039,0.08329235617015725,0.05836097800712618,0.07142419851845805,0.04846543676840897,0.04153973968429798,0.05332593880315263,0.046235067685988625,0.03448122441715608,0.05165763614656993,0.04292510761086005,0.03875640389017404,0.04450598358223717,0.029062421026029822,0.0314504969178513,0.02585515939705768,0.040176777822418644,0.020932763962153562,0.02766815686388723,0.030272757545484818,M
Rhode Island,0.0,0.0,0.0,0.0,0.0,0.0,0.0,0.0,0.0,0.0,0.0,0.0,0.0,0.0,0.0,0.0,0.0,0.0,0.0,0.0,0.0,0.0,0.0,0.0,0.0,0.0,0.0,0.0,0.0,0.0,0.0,0.0,0.0,0.0,0.0,0.0,0.0,0.0,0.037612838515546636,0.10447956118584303,0.06253908692933083,0.042820439623180134,0.1056205205582799,0.24683970379235548,0.0811568540652206,0.12145748987854252,0.11837552358404661,0.17965864856772132,0.18261897088838758,0.09281819236570367,0.20515158422612262,0.11663662389990456,0.08672086720867209,0.1886199308393587,0.21402364451691805,0.1712156309799577,0.13904061972390505,0.14743463731079223,0.14678539974557198,0.13333333333333333,0.14862981885740825,0.14394961763382816,0.09846925073851939,0.09479489831092727,0.15159171298635674,0.08709284096847239,0.15100373068040504,0.13053613053613053,0.058027079303675046,0.0709507399148591,0.11634056054997356,0.06616674018526687,0.09821038847664776,0.0,0.0,0.1048951048951049,0.0,0.08058945429426663,0.0,0.0,0.0,0.0,0.08419870895312938,0.0,0.0,0.07944073721004132,0.0,0.0,0.0,0.0,0.0,0.0,0.0,0.0,M
South Carolina,0.0,0.0,0.0,0.0,0.0,0.0,0.0,0.0,0.0,0.0,0.0,0.0,0.0,0.0,0.0,0.0,0.0,0.0,0.0,0.0,0.0,0.0,0.0,0.0,0.0,0.0,0.0,0.0,0.0,0.0,0.0,0.0,0.0,0.0,0.0,0.0,0.0,0.0,0.0,0.016124202427844195,0.0,0.012428226989137729,0.0,0.02261761158021713,0.024553735850909718,0.0221909904578741,0.03469720020284517,0.05007371964280747,0.03454629203132197,0.03360112411033387,0.027359781121751026,0.026565912981876143,0.045070761094919025,0.04396635108596887,0.06560369662568813,0.07997714938588975,0.04577313689028751,0.03473528815816135,0.046708509706612174,0.03137031227719948,0.01997602876548142,0.07026814323458316,0.05992427750388146,0.04922024765556189,0.033449979415397284,0.054035068759625,0.06436266965160208,0.06494464944649446,0.0468764648895278,0.06487398228940283,0.05215973920130399,0.05520555952458271,0.044754171728150376,0.047941702889286626,0.03857652618381715,0.048537406161014755,0.05015883631499749,0.06575702778234424,0.05229783617702817,0.04889816142913026,0.06478082487583675,0.06228589224540642,0.05312998093571273,0.05637165500547137,0.03149937001259975,0.03886101886525825,0.050599971085730805,0.03282515136042016,0.03259570461048133,0.03630554748765611,0.0338282277767337,0.027688778133776355,0.02050020500205002,0.03404255319148936,M
South Dakota,0.0,0.0,0.0,0.0,0.0,0.0,0.0,0.0,0.0,0.0,0.0,0.0,0.0,0.0,0.0,0.0,0.0,0.0,0.0,0.0,0.0,0.0,0.0,0.0,0.0,0.0,0.0,0.0,0.0,0.0,0.0,0.0,0.0,0.04127115146512588,0.0,0.0,0.0,0.0,0.0,0.0845229151014275,0.0,0.0,0.0,0.08251797713073206,0.08965594530987335,0.11724703951225231,0.1792573623559539,0.1554001554001554,0.14763779527559054,0.2549471895107442,0.17405430494314228,0.06712911165808906,0.17584349928563578,0.13635410111181037,0.18134193028410237,0.10507512871703267,0.11397782613200705,0.17048481619605754,0.12979989183342347,0.1346045989904655,0.19939010086793338,0.15308525671219972,0.14713094654242276,0.14886490509862302,0.08849557522123894,0.10221029768749201,0.12939958592132506,0.09523809523809523,0.08350730688935282,0.0716743119266055,0.0,0.0,0.0,0.1224739742804654,0.08041170794467674,0.0,0.0,0.0,0.0,0.0,0.0,0.0,0.08294625082946251,0.0,0.0,0.0,0.0,0.0,0.0,0.09458948164964057,0.0,0.0,0.0,0.0,M
Tennessee,0.0,0.0,0.0,0.0,0.0,0.0,0.0,0.0,0.0,0.0,0.0,0.0,0.0,0.0,0.0,0.0,0.0,0.0,0.0,0.0,0.0,0.0,0.0,0.0,0.0,0.0,0.0,0.0,0.0,0.0,0.0,0.0,0.0,0.0,0.008547739123001967,0.0,0.0,0.007443466869128965,0.0,0.009645061728395061,0.0,0.012062726176115802,0.017541090003332805,0.01854474340818666,0.027745136440788614,0.02344822965866077,0.05097025521534933,0.04133473620922892,0.03768323472886913,0.04128981517892253,0.035555555555555556,0.029777413831608725,0.05019147116778823,0.10308346143412606,0.07302130084775948,0.05449393300879169,0.05231635156588252,0.042282520773586296,0.044710221874476055,0.05117426665448232,0.0260906837622766,0.03463487549673703,0.049475209386154004,0.05190042039340518,0.03893553629469122,0.0393653619045989,0.05255321012525182,0.039314498114691114,0.04480848852006524,0.04701712508363624,0.03431151241534988,0.036338529743086594,0.04613364562262678,0.05680809515355938,0.056709435032253494,0.04204368887670231,0.04685157421289355,0.04098513357427624,0.04114918449797995,0.050414519381581896,0.05009276437847866,0.04409414099101582,0.04391491961660366,0.04286676600869583,0.03215847697453048,0.028553856967141102,0.039770216526734424,0.02703311556656905,0.020190689848569827,0.03845370852088941,0.03742602512221936,0.05046136101499423,0.027476644851875905,0.031018973271984697,M
Texas,0.0,0.0,0.0,0.0,0.0,0.0,0.0,0.0,0.0,0.0,0.0,0.0,0.0,0.0,0.0,0.0,0.0,0.0,0.0,0.0,0.0,0.0,0.0,0.0,0.0,0.0,0.0,0.0,0.002932622986876512,0.003927382693988159,0.0023984151272838906,0.004292848591230187,0.00293937538273117,0.0043826544276983756,0.006369520375115754,0.006018657839301836,0.005037174346678487,0.008331337283775763,0.014466274827074438,0.020931814613895237,0.01448575567358764,0.028364343003361478,0.03091520909382766,0.040775061302232574,0.04676262859722864,0.04714706089557739,0.0637639447067151,0.057395328259426885,0.048475103305174426,0.051268754346058196,0.05722961924783929,0.06112503715168542,0.09961135242823084,0.17028501136080598,0.16342247998309423,0.12963466594143774,0.11796869954577745,0.10834423998682532,0.09241786630788475,0.09582006001361654,0.09155130492546021,0.09321125852621676,0.10521949835185225,0.11818964299019796,0.116227538401077,0.11845743963307703,0.13782307600687416,0.15846907705719918,0.1755290793174736,0.1555459968630109,0.14303509299428718,0.14043673239048304,0.11721180813066345,0.13320726967118393,0.14105871722429153,0.11238090516208467,0.12819986029502403,0.13351408245928026,0.13538939790575916,0.13667874748088346,0.12318047146721628,0.10554365012480638,0.11710992363286449,0.09800525510936879,0.09010728537376768,0.09048277382521668,0.08245873627405619,0.07628042135851798,0.056579732872379294,0.07372076705125813,0.07527631917159329,0.07783091600624605,0.07292616226071104,0.07443923311973265,M
Utah,0.0,0.0,0.0,0.0,0.0,0.0,0.0,0.0,0.0,0.0,0.0,0.0,0.0,0.0,0.0,0.0,0.0,0.0,0.0,0.0,0.0,0.0,0.0,0.0,0.0,0.0,0.0,0.0,0.0,0.0,0.0,0.0,0.02521559332291089,0.0,0.0,0.0,0.024673081667900318,0.0,0.027247956403269755,0.07664642414951948,0.06928806513078123,0.10882639326421904,0.09675583380762665,0.08673497045590069,0.08680974198215578,0.14332807797047442,0.13655206047305535,0.10316529894490035,0.13045747086449816,0.17035067309290344,0.13186813186813187,0.12671666837905407,0.1212366134572641,0.12973451887479037,0.14309711939277048,0.1238921185552273,0.16251523580335656,0.13559994708294748,0.08218052321599781,0.11422859998572142,0.08483641326398879,0.08866615265998458,0.0957047699257331,0.14169730392156862,0.13678331243588282,0.1282748969913706,0.1382753985020165,0.1463959625534538,0.13510470614726414,0.13178124313639358,0.09125368524498104,0.11197816425796969,0.11868832445996813,0.11349601094902695,0.12492192379762648,0.09192081678211483,0.08138815639548133,0.11325761252952789,0.12333257602804193,0.10036260036260036,0.06688111086340329,0.09808884951271991,0.10282445936827224,0.044277929155313346,0.06095811818703385,0.051759834368530024,0.056824639163541316,0.06549040758147777,0.05412929167955459,0.039102213185266285,0.04009783872649264,0.02956330771179998,0.03575738613507353,0.036571428571428574,M
Vermont,0.0,0.0,0.0,0.0,0.0,0.0,0.0,0.0,0.0,0.0,0.0,0.0,0.0,0.0,0.0,0.0,0.0,0.0,0.0,0.0,0.0,0.0,0.0,0.0,0.0,0.0,0.0,0.0,0.0,0.0,0.0,0.0,0.0,0.0,0.0,0.0,0.0,0.0,0.0,0.1277139208173691,0.09886307464162135,0.0,0.0,0.09847365829640572,0.18799937333542222,0.21637816245006655,0.2794857462269424,0.1433544951873848,0.18812709030100336,0.16501650165016502,0.1266357112705783,0.12004801920768307,0.21121351766513058,0.16438356164383564,0.2753872633390706,0.20689655172413793,0.16903313049357674,0.10133423408208073,0.13506668917778153,0.08368200836820083,0.10067114093959732,0.17035775127768313,0.1195151101246372,0.13207858675912168,0.0,0.14331780723754925,0.11331444759206798,0.0,0.0,0.24487978628673196,0.273224043715847,0.1897083234526915,0.14285714285714285,0.0,0.0,0.18210197710718,0.0,0.15970188980569602,0.0,0.0,0.0,0.0,0.0,0.0,0.0,0.0,0.0,0.0,0.0,0.0,0.0,0.0,0.0,0.0,M
Virginia,0.0,0.0,0.0,0.0,0.0,0.0,0.0,0.0,0.0,0.0,0.0,0.0,0.0,0.0,0.0,0.0,0.0,0.0,0.0,0.0,0.0,0.0,0.0,0.0,0.0,0.0,0.0,0.0,0.0,0.0,0.0,0.0,0.0,0.0,0.0,0.008961376467425397,0.0,0.006440062339803449,0.018122977346278317,0.03816146540027137,0.040336435753021496,0.03205323890347396,0.056739763839901855,0.04872849093954621,0.0530417998850761,0.06625884093255466,0.09937292259191996,0.08533042846768336,0.0695805028106861,0.07350446680990615,0.10224948875255625,0.08510946525904062,0.08380397157952268,0.11103669498396136,0.12009745050269362,0.09970258212788968,0.08403915235803974,0.08772075009516875,0.0794744951747628,0.10389529835008063,0.05836456349450145,0.07859420182397865,0.0858394075625973,0.07886657465566291,0.09823182711198428,0.07978117164349213,0.103095777429285,0.09417040358744395,0.0737285585314475,0.06715706945290414,0.08101796692560645,0.07293473151914942,0.07405499388241354,0.06251703188368626,0.06136320725029895,0.08450255102040817,0.08314678605692356,0.07316219741069441,0.06572667094411669,0.07241699595409393,0.08778530223225482,0.059717442207659545,0.042806104809101235,0.056174993616478,0.04727056269477223,0.04582224493752313,0.037224802354025595,0.04841746615260468,0.044613380445063085,0.043516889992928506,0.03559919058682456,0.033261592643318336,0.05423102416293409,0.04496114072837048,M
Washington,0.0,0.0,0.0,0.0,0.0,0.0,0.0,0.0,0.0,0.0,0.0,0.0,0.0,0.0,0.0,0.0,0.0,0.0,0.0,0.0,0.011355635802048557,0.0,0.012349236405548924,0.014170614194906677,0.0,0.021534425716019656,0.016573669962985472,0.012883040397533818,0.02323669252493476,0.04155299813914834,0.026600461074658625,0.021299254526091587,0.03262169705317337,0.029176848170976332,0.044258395264351706,0.050291504461042705,0.058032872814407124,0.05614935729039244,0.09878239955333175,0.18238361353379942,0.15724019631200267,0.20320614134116052,0.19009745225713412,0.24791287028012038,0.24466238681750693,0.2504077741275931,0.2813686194356701,0.21812893843916625,0.26821978695685494,0.2581820943124003,0.24667472793228534,0.21350233728874507,0.25229257162915186,0.2638258749225511,0.32295227483049727,0.21983706194232508,0.2565818830879072,0.20044915458713042,0.1880229387985334,0.19443004221909488,0.1793095638058927,0.16847622613253463,0.20389419544452608,0.19391802556192156,0.19764515093670287,0.2147083685545224,0.19635295724627785,0.20030761526630184,0.17696831161170204,0.1881502944552108,0.16959053307957564,0.1517105362967458,0.14298346283370647,0.15320018157058557,0.13655761024182075,0.113049410388851,0.1432721773391173,0.11108466238197254,0.12510922233696084,0.11813703896519964,0.09872432683559496,0.09883337855121894,0.10750796536288824,0.10241169501395611,0.07388330659461285,0.08519338899301414,0.07310255858955063,0.08556572105574936,0.09136393299978247,0.0941970251265088,0.06819631739886046,0.08878712119442043,0.07510963583941074,0.06363428105989259,M
West Virginia,0.0,0.0,0.0,0.0,0.0,0.0,0.0,0.0,0.0,0.0,0.0,0.0,0.0,0.0,0.0,0.0,0.0,0.0,0.0,0.0,0.0,0.0,0.0,0.0,0.0,0.0,0.0,0.0,0.0,0.0,0.0,0.0,0.0,0.0,0.0,0.0,0.0,0.0,0.0,0.01822489520685256,0.0,0.020144232706176223,0.04035349663048303,0.03286230693394677,0.0389817955015008,0.02291825821237586,0.0847936687394008,0.08164668471488118,0.03498185316367135,0.06935413957520589,0.04651752865056878,0.035650623885918005,0.05734649571949371,0.1125085385944469,0.11661573105999677,0.06830017928797062,0.06970462664459352,0.04514672686230248,0.08628541297157376,0.0682194717863756,0.05108556832694764,0.07453151618398637,0.043977791215436206,0.0883050941001159,0.08182413266419376,0.0,0.05095974180397486,0.07523583540714161,0.04166418665555621,0.05578973468881726,0.03818980332251289,0.03252455603981006,0.05366606292345878,0.05399932500843739,0.0,0.0,0.0,0.0,0.03512962832853229,0.050658561296859174,0.03650167907723755,0.0,0.0,0.0,0.0,0.0,0.0,0.0,0.0,0.0,0.0,0.0,0.0,0.0,M
Wisconsin,0.0,0.0,0.0,0.0,0.0,0.0,0.0,0.0,0.0,0.0,0.0,0.0,0.0,0.0,0.0,0.0,0.0,0.0,0.0,0.0,0.0,0.010912711945327313,0.0,0.013676148796498906,0.0,0.007640100339984465,0.0,0.010128377180766212,0.007305313397944772,0.009683823173388855,0.010791237515137707,0.0186005417407782,0.009384934833358751,0.014911505947396795,0.01820395253319377,0.013891139768017967,0.019279198949283656,0.03619073766707017,0.03604438608686697,0.0760529881910451,0.06859396658902212,0.09716845061868974,0.0872464400336522,0.11284558961820576,0.14221092603518964,0.15008328797849355,0.191821753324603,0.20034020034020036,0.20504558602760792,0.19049363494825533,0.17362062978598972,0.19505059124710472,0.18835019183815835,0.244230264883294,0.27321531283952194,0.22735701501201286,0.17879002641582373,0.22163780413172562,0.19469055750796085,0.19646041075084197,0.17053206002728513,0.1821972284998511,0.17085887409286268,0.1978256683181317,0.19186827370881374,0.1883509426516225,0.17288494785566894,0.17351841964762413,0.17194695337668242,0.147961975799096,0.11115456660011115,0.1268123599780192,0.13478791963270292,0.10611655842777706,0.1275645795684065,0.11781389767644813,0.08628318584070797,0.10598366085228528,0.08565889725440692,0.07496422162149884,0.06380312179560214,0.06696686294885118,0.0481139337952271,0.059801161139212126,0.03940731399747793,0.016257959626066926,0.05530514614384868,0.04760971238132579,0.05398954307797226,0.04890960354450774,0.017862459065197976,0.04126067223156759,0.0423908435777872,0.02406821620134782,M
Wyoming,0.0,0.0,0.0,0.0,0.0,0.0,0.0,0.0,0.0,0.0,0.0,0.0,0.0,0.0,0.0,0.0,0.0,0.0,0.0,0.0,0.0,0.0,0.0,0.0,0.0,0.0,0.0,0.0,0.0,0.0,0.0,0.0,0.0,0.0,0.0,0.0,0.0,0.0,0.0,0.0,0.1303441084462982,0.16538037486218302,0.18484288354898337,0.0,0.0,0.17508754377188596,0.0,0.18120631633445508,0.0,0.0,0.1524390243902439,0.19168104274487255,0.16236694930543027,0.1922768787053357,0.2319512902290519,0.12706480304955528,0.19553072625698326,0.19171213685297153,0.203125,0.14903129657228018,0.14964459408903852,0.11025358324145534,0.18687222611539359,0.0,0.17690169320192065,0.12751849018107625,0.15965939329430548,0.13796909492273732,0.0,0.0,0.31279324366593686,0.0,0.0,0.0,0.0,0.0,0.0,0.16909029421711194,0.0,0.0,0.0,0.0,0.0,0.0,0.0,0.0,0.0,0.0,0.0,0.0,0.0,0.0,0.0,0.0,M
