state,1910,1911,1912,1913,1914,1915,1916,1917,1918,1919,1920,1921,1922,1923,1924,1925,1926,1927,1928,1929,1930,1931,1932,1933,1934,1935,1936,1937,1938,1939,1940,1941,1942,1943,1944,1945,1946,1947,1948,1949,1950,1951,1952,1953,1954,1955,1956,1957,1958,1959,1960,1961,1962,1963,1964,1965,1966,1967,1968,1969,1970,1971,1972,1973,1974,1975,1976,1977,1978,1979,1980,1981,1982,1983,1984,1985,1986,1989,1990,1991,1992,1993,1996,2001,2002,2003,2004,2009,2017,gender
Alabama,1.2044509660063585,1.0515315786036183,0.9646009646009646,0.7778097864109634,0.7756664295633913,0.7376605622169691,0.6182339898265293,0.6771099228847033,0.6982251409877688,0.6877339601288412,0.6589644843816859,0.5612841501009885,0.5460396553513962,0.5318247309093991,0.5490371515139191,0.5576356249502111,0.5475606863287736,0.47466522594836563,0.4979537527972098,0.4762984803810388,0.41753653444676403,0.3778821520068318,0.35856734216993674,0.3863616519689164,0.32519019611779115,0.3265470671235638,0.3124870659327014,0.2920913742395552,0.3109427944987044,0.26921389542535795,0.2829480491983139,0.2430706035311187,0.23674242424242425,0.22170078485314348,0.19932536031892056,0.1664097533632287,0.20735416090682887,0.2368232637550256,0.2096167008898015,0.18021110443662575,0.16282856478250757,0.14609309456996558,0.1546236774664624,0.13410431296774286,0.10890904661593798,0.11138918222980891,0.10353875611658749,0.07571753075131792,0.07634148131835866,0.05017339334464694,0.08131183087139178,0.048787181168148064,0.0610806577916993,0.03746111373519879,0.05369083839057645,0.040527206089653225,0.05825206231091568,0.04092530158049617,0.045860583825171476,0.0276379429473892,0.02475530334767871,0.019628241113313835,0.012932706815536491,0.022632114971144056,0.0,0.0,0.0,0.011503508570113886,0.0,0.0,0.0,0.0,0.0,0.0,0.0,0.0,0.0,0.0,0.0,0.0,0.0,0.0,0.0,0.0,0.0,0.0,0.0,0.0,0.0,F
Alaska,0.0,0.0,3.731343283582089,0.0,0.0,0.0,0.0,0.0,0.0,0.0,1.3824884792626728,0.0,0.0,1.3363028953229399,0.0,0.0,0.0,0.0,0.0,0.0,0.0,0.0,1.0460251046025104,0.0,0.0,0.0,0.0,0.0,0.0,0.0,0.0,0.6600660066006601,0.0,0.0,0.0,0.0,0.0,0.0,0.28653295128939826,0.0,0.0,0.0,0.0,0.10066438494060802,0.0,0.10638297872340426,0.0,0.0,0.0,0.0,0.0,0.0,0.0,0.08528057308545113,0.0,0.0,0.0,0.0,0.0,0.0,0.0,0.0,0.0,0.0,0.0,0.0,0.0,0.0,0.0,0.0,0.0,0.0,0.0,0.0,0.0,0.0,0.0,0.0,0.0,0.0,0.0,0.0,0.0,0.0,0.0,0.0,0.0,0.0,0.0,F
Arizona,0.0,0.4721435316336166,0.0,0.3386550556361877,0.28808066258552395,0.0,0.3194888178913738,0.26109660574412535,0.3146853146853147,0.24343592418709792,0.19972345982485787,0.2768729641693811,0.20739716557207052,0.1802687643395608,0.2460781298062135,0.13210039630118892,0.23508668821627976,0.07093204709887928,0.1638448935008192,0.18111254851228978,0.19450522732798445,0.1372495196266813,0.13995801259622112,0.16923076923076924,0.15845577643330452,0.09427609427609428,0.10395010395010396,0.05841121495327102,0.16774770744799822,0.11298158400180769,0.0,0.09258306758563935,0.09760425909494233,0.046583850931677016,0.05460644356034012,0.0,0.06995452955578874,0.04773554508025539,0.05235297539410157,0.0,0.038442528420012084,0.041277539858624424,0.0,0.0535475234270415,0.042663936174751484,0.0,0.023419203747072598,0.0,0.0,0.0,0.0,0.0,0.01989455883815776,0.0,0.0,0.0,0.0,0.0,0.0,0.022290745625441172,0.0,0.0,0.0,0.0,0.0,0.0,0.0,0.0,0.0,0.0,0.0,0.0,0.0,0.0,0.0,0.0,0.0,0.0,0.0,0.0,0.0,0.0,0.0,0.0,0.0,0.0,0.0,0.0,0.0,F
Arkansas,1.1831108216650386,0.9802829453046675,0.8554842652001222,0.6079437989732505,0.6555778295497643,0.5754586362062998,0.5090938949788562,0.617842073538276,0.5675289857595488,0.5256678976611106,0.5282197394115953,0.428481411468179,0.457190357439734,0.40562808974521486,0.33604795495140927,0.4267296168512802,0.3863271108913339,0.34438495976957517,0.34859556211034387,0.3641022183264783,0.2935673269243177,0.24812185540009649,0.26595744680851063,0.26828071323409125,0.2550056667925954,0.2478391523900988,0.2769898214583681,0.24484536082474226,0.2071673726848273,0.18985371926548397,0.17888038473945048,0.164665133577492,0.15638903119691538,0.15919342000530645,0.19258142845181278,0.1475535619429853,0.11601513240857503,0.11044638748274274,0.12508720021168604,0.1646927753154593,0.12639091967980967,0.12367803326686691,0.1018462904447288,0.10095106529939961,0.13017374209659424,0.08302200083022,0.063150380275116,0.04674567602496769,0.05987170349251603,0.04615073985404829,0.029092601751374625,0.04366685103781549,0.05784359093012494,0.035188551991085566,0.03268265145437799,0.030421849648458628,0.03272727272727273,0.02271608677545148,0.030905930075333207,0.0,0.0,0.0,0.0,0.03551276486603796,0.0,0.0,0.0,0.0,0.0,0.0,0.0,0.0,0.0,0.0,0.0,0.0,0.0,0.0,0.0,0.0,0.0,0.0,0.0,0.0,0.0,0.0,0.0,0.0,0.0,F
California,0.594421582075903,0.5194529842043888,0.4556354916067146,0.36185819070904646,0.29638652050345105,0.30830892554339445,0.2813397695975361,0.2877094972067039,0.3181072617923356,0.25793011086034573,0.24368081942838263,0.2147594883782808,0.21020691672150324,0.19550989975975477,0.19526519738435458,0.13289747036539168,0.18195836545875096,0.15282884682312708,0.13019453485731586,0.11655011655011654,0.09638768610237855,0.09572037300067932,0.10899785163654746,0.0752285475984104,0.08447267152645246,0.07776761207685269,0.05678922460866399,0.05343133421951156,0.0524002905834296,0.060427173635159315,0.036993584255530544,0.033089729893261983,0.03815512346997955,0.0366855302757529,0.032258701620176834,0.02651883468663577,0.025971272592357028,0.025757263548320627,0.02610780148577125,0.018124361000092945,0.0193356812374836,0.018598615916955018,0.016384074679411612,0.015930029242982254,0.01175796234512559,0.01043984131441202,0.007136303394841472,0.007497082656966094,0.011228904521285379,0.005502704417376893,0.0053236297133695135,0.006811736001882516,0.004996533654776998,0.0046789317063128145,0.005409137624370393,0.005387024005925727,0.005322017541369816,0.009287969935555777,0.005004378831477543,0.002072402847481512,0.002709228648738346,0.003009917678751486,0.004482495853691335,0.005121682643471135,0.002875298312199891,0.005310414130603508,0.0,0.0030337964929312545,0.002959827738025647,0.0031425349083252733,0.0029523490857558997,0.0,0.0018348623853211008,0.00241170157604698,0.0,0.0014054023666975855,0.001657760807218996,0.002633134890712933,0.0026917538121963365,0.0,0.001156847728760854,0.0,0.0015866258022376712,0.0,0.0,0.0,0.0,0.0,0.0019114903507967092,F
Colorado,0.7136739937196689,0.7396870554765291,0.5943016955077784,0.4563431700638881,0.45504857951051536,0.40540540540540543,0.40071965979718677,0.4044257916825639,0.36900369003690037,0.2878111958555188,0.32451323015476785,0.25914364803580897,0.4218406511793714,0.35725098395398125,0.2540770503427086,0.21368825935649308,0.2528199144301828,0.20972354623450903,0.17363264293687214,0.1085360403498691,0.13852159677622466,0.16406890894175555,0.13812154696132595,0.1503964998632759,0.1310272536687631,0.14751154438173422,0.10260356547390022,0.10152284263959391,0.08632596685082873,0.08039508441483864,0.0882515168229454,0.09893915242126092,0.060544904137235116,0.0768418019402555,0.024085938629028372,0.06274736943720437,0.043074754278106274,0.05232497296543063,0.017260425296879316,0.02081382037673015,0.016790919470750218,0.015839325878290622,0.021219194276880172,0.014905795373241115,0.014423770373575654,0.0,0.0,0.0,0.0,0.013362909907261406,0.0,0.015434877678594397,0.0,0.0,0.0,0.0,0.0,0.0,0.0,0.0,0.0,0.0,0.0,0.0,0.0,0.0,0.0,0.0,0.0,0.0,0.0,0.0,0.0,0.0,0.0,0.0,0.0,0.0,0.0,0.0,0.0,0.0,0.0,0.0,0.0,0.0,0.0,0.0,0.0,F
Connecticut,0.7963594994311717,0.7198560287942412,0.5428986912263694,0.5356708059410762,0.4485349799033029,0.38844379703811605,0.41134444684996757,0.38956439617518596,0.42559717802231506,0.3566984653670676,0.3271537622682661,0.33678037957129836,0.285215614490656,0.302875181298524,0.20991973657131097,0.2457002457002457,0.21924055073226345,0.2503953610964681,0.18651745270450307,0.17998892375853795,0.12320890754768642,0.17210011309436005,0.11867292709354524,0.0991134849402566,0.11467263692458908,0.054153579551608357,0.0869281755949147,0.08488964346349745,0.06566319830285887,0.04547291835084882,0.04715868898844612,0.06120700208103807,0.0319744204636291,0.0,0.031006683662922897,0.03840111712340723,0.031022618308985277,0.022914757103574702,0.027690092484908897,0.014319672365896267,0.028433323855558714,0.0,0.017153078977676494,0.0,0.0,0.0,0.021474895846755142,0.0,0.018430159932832306,0.016254546193388463,0.012144519785446818,0.014251974916524147,0.010473178190653736,0.0,0.0,0.0,0.0,0.0,0.0,0.012059234962134001,0.0,0.0,0.0,0.0,0.0,0.0,0.0,0.0,0.0,0.0,0.0,0.0,0.0,0.0,0.0,0.0,0.0,0.0,0.0,0.0,0.0,0.0,0.0,0.0,0.0,0.0,0.0,0.0,0.0,F
Delaware,1.7391304347826086,1.6331658291457287,0.8856088560885609,0.7910349373764008,0.7349338559529642,0.8173418621179815,0.7651363938789089,0.5963590709353421,0.7646095030038231,0.6323893318669233,0.5393743257820928,0.42979942693409745,0.37790697674418605,0.5884174667079591,0.351213282247765,0.43668122270742354,0.37086985839514497,0.5033557046979865,0.4716981132075472,0.41884816753926707,0.16170763260025875,0.31185031185031187,0.0,0.29772981019724604,0.0,0.31545741324921134,0.29314767314034446,0.35807291666666663,0.15728216420257943,0.0,0.20479812755997662,0.25673940949935814,0.0,0.1027115858668858,0.1073652566029633,0.0,0.0,0.09380863039399624,0.11822327309576085,0.11467889908256881,0.1418216199180586,0.0,0.0,0.06512960791976032,0.0,0.056420672534416606,0.0,0.0,0.0,0.06179196704428424,0.0,0.0,0.0,0.0,0.0,0.0,0.0,0.0,0.0,0.0,0.0,0.0,0.0,0.0,0.0,0.0,0.0,0.0,0.0,0.0,0.0,0.0,0.0,0.0,0.0,0.0,0.0,0.0,0.0,0.0,0.0,0.0,0.0,0.0,0.0,0.0,0.0,0.0,0.0,F
Florida,1.3742249036366683,0.9125067096081589,0.7835906890988706,0.6790256520801897,0.7068299498643873,0.5816015320235478,0.6393328700486448,0.5246872057042917,0.5932358877132897,0.5869449220371139,0.4555555555555556,0.5131696077917998,0.5617977528089888,0.43932737464020605,0.4513361337027438,0.39329413634196725,0.3648620473973174,0.3945782032077747,0.31872180139906453,0.34872367136281207,0.32985156679494226,0.2940618478467084,0.2781142062530839,0.27046963363658716,0.22617124394184168,0.2659342575638678,0.22146951537258988,0.288521848212419,0.20533880903490762,0.1796773453627953,0.17032752563784112,0.21598272138228944,0.15951318937760317,0.1329620430997717,0.15347409543298296,0.08781863141595989,0.08761807069282386,0.10089280615255752,0.15255088247788978,0.1178214435027175,0.11423597889354295,0.09151718859196646,0.09053163924702651,0.05907951237787832,0.05436998776675275,0.05945610588356943,0.05711565920990004,0.029186592128600614,0.03809606739738552,0.029537111270517745,0.03100711096411444,0.033120808147718804,0.020039657427329875,0.022476479969175112,0.019559264571652107,0.029009387437774866,0.018056190865974917,0.022326689076047183,0.007329945269741987,0.012762945687864758,0.009822861072001572,0.01207649913268779,0.0117955129868598,0.008503504658705767,0.013136210561513293,0.007585622716411495,0.0,0.0,0.007173343854237652,0.0,0.0050942954080021195,0.004845618591669413,0.0,0.0,0.004260613187449937,0.006509410166071326,0.0,0.004875908137890682,0.0,0.0,0.0,0.0,0.0,0.0,0.0,0.0,0.0,0.0,0.0,F
Georgia,1.006466669908105,1.03235366757224,0.7864151993875705,0.7072501211044728,0.6476210372382096,0.5878761842313519,0.6763285024154589,0.5661208143752752,0.6426588584249154,0.6314672326877155,0.5086347624366354,0.5254308532997058,0.5478400446646661,0.5224739234585133,0.48541862652869233,0.5512903524188327,0.4114817318013756,0.41280842280671853,0.4092795903324669,0.4255490793215417,0.33490011750881316,0.33446837661945156,0.30295524265000096,0.32063064166973004,0.3280009207043388,0.3170637970791699,0.26449366965518584,0.20309000493489732,0.24724406521294592,0.21824927704926977,0.22189874316551872,0.1535416951003139,0.16193186284528432,0.17965789513413952,0.18574060259123365,0.185018264623559,0.15341625116431976,0.15587794879348013,0.12078676685611117,0.13955769013163685,0.1312503185687344,0.11498374154622222,0.09310431263950728,0.08050195335622115,0.08236949583004427,0.08228383351237686,0.08193409356200054,0.05997849827420359,0.05243655177235545,0.04360328085226737,0.055289564388815035,0.03794661385762905,0.030152814463702042,0.03502457759151681,0.048050356773899044,0.03471865034461476,0.03118770933054904,0.018343186917074688,0.011258408623941006,0.01641070525005812,0.013021511537059221,0.00812446683186416,0.011814570318845717,0.0,0.009578849899422077,0.010216939685999387,0.0,0.0,0.01156737998843262,0.0,0.009030704394942805,0.0,0.0,0.0,0.0,0.0,0.006944347995166734,0.0,0.0,0.0,0.0,0.0,0.0,0.0,0.0,0.0,0.0,0.0,0.0,F
Hawaii,0.0,1.4947683109118086,1.0471204188481675,1.2022630834512023,0.776483638380477,0.8882309400444115,0.733822548365577,0.842358604091456,0.8274231678486997,0.7119549095223969,0.7593457943925234,0.7018455939693268,0.676818950930626,0.5313005313005312,0.606821510776313,0.5610972568578554,0.6458333333333334,0.4860976083997667,0.5304101838755304,0.5697482080499908,0.5184929139301764,0.5144580450594288,0.40383644623927306,0.4811976474781679,0.49654194006029434,0.350140056022409,0.4108309990662932,0.27581451473883817,0.3346160281077464,0.25078369905956116,0.3459166791998797,0.25220680958385877,0.11884325894625644,0.14819881440948474,0.1596763891845859,0.06545216537580452,0.12554927809165098,0.045854732208363905,0.05569996286669142,0.0744393784311901,0.0,0.0,0.04285591840233136,0.0,0.0,0.04154894465680572,0.0,0.0,0.0,0.0,0.0,0.0,0.0,0.0,0.0,0.0,0.0,0.0,0.0,0.0,0.0,0.0,0.0,0.0,0.0,0.0,0.0,0.0,0.0,0.0,0.0,0.0,0.0,0.0,0.0,0.0,0.0,0.0,0.0,0.0,0.0,0.0,0.0,0.0,0.0,0.0,0.0,0.0,0.0,F
Idaho,0.8450704225352111,0.7674597083653107,0.5515485787017396,0.6749915626054674,0.54858934169279,0.5866666666666667,0.5478569126651628,0.5760194027588298,0.5349023803155925,0.4456584243818286,0.41623309053069724,0.3291139240506329,0.39166316967408027,0.21830883423082523,0.3167290526921969,0.40797824116047143,0.2884469409442842,0.19947828755562375,0.2444240757714635,0.1894238358326756,0.3727865796831314,0.17056908047759342,0.22403584573531765,0.22977186935828,0.12057272042200451,0.11656709893632523,0.06792555359326179,0.1448321263989467,0.15919666911584618,0.1100648159471689,0.05832264084917765,0.08053382420616659,0.0910021613013309,0.0,0.0,0.0,0.047746371275783045,0.04058112166220275,0.07375235597803818,0.0,0.0,0.0,0.03897723729342065,0.03848818412747287,0.0,0.0,0.0,0.0,0.0,0.0,0.0,0.0,0.0,0.0,0.0,0.0,0.0,0.0,0.0,0.0,0.0,0.0,0.0,0.0,0.0,0.0,0.0,0.0,0.0,0.0,0.0,0.0,0.0,0.0,0.0,0.0,0.0,0.0,0.0,0.0,0.0,0.0,0.0,0.0,0.0,0.0,0.0,0.0,0.0,F
Illinois,0.7126474442988204,0.6267675609569671,0.47853134380301915,0.46859511579706226,0.42143197522039555,0.33757982932849284,0.37102674916311706,0.3736475805292656,0.3520891577531177,0.33883415950304324,0.2970355266253627,0.29995016501960486,0.2706804713707066,0.23875132115355577,0.20161653255566955,0.17259899194844064,0.1821341287762631,0.19359299377736805,0.15868967666978379,0.1517206065031245,0.12655379942628944,0.09777831539050845,0.09863795672521984,0.10420780132508445,0.11704119850187267,0.10540706957910227,0.07872955362414925,0.09653480280755385,0.07414660113881574,0.07023910562205508,0.0682165969136599,0.055960657961675424,0.04119070561149809,0.042256340304393916,0.04796241047694146,0.03828993807018712,0.02763067004374856,0.03211322539397089,0.0308016435757012,0.03168757249279556,0.025942937330117984,0.028460774356284253,0.016873411313894436,0.02117999739323109,0.01756515899051998,0.021485903712457222,0.01283310546344786,0.011947945192385814,0.016188056157838453,0.013014745224311543,0.01165404953942225,0.012817731853049635,0.01223366296258538,0.011040080750304916,0.01230551929291416,0.012597920197901874,0.006560897053560777,0.008010450557034409,0.010682552250248212,0.008754760400968026,0.004826487764853516,0.007775243624300227,0.010087690855508239,0.006128765360218184,0.006902528626320108,0.008482679909929363,0.005395115108634496,0.0,0.0,0.0050694147722746465,0.0,0.0035591495056341337,0.0,0.0,0.0,0.0,0.0,0.0,0.0,0.0,0.0,0.0,0.0,0.0,0.0,0.0,0.0,0.0,0.0,F
Indiana,0.603813559322034,0.7603117278084015,0.5869170846227724,0.45086073412879135,0.3817904152425278,0.400754970654394,0.3837664292164142,0.36296314340698155,0.32259509834670014,0.35399508741511343,0.3222014194278748,0.28438152133884365,0.24957337883959047,0.2527431882628529,0.24444575866895343,0.260839203926965,0.1929660753190165,0.18532246108228317,0.1796014959748135,0.16760136659575842,0.13440860215053765,0.12748825766047864,0.13866099697256823,0.10230179028132991,0.08131025670809618,0.09570032127965002,0.10082226155535143,0.08984725965858043,0.09748721723733164,0.05861427762955776,0.06641492248429762,0.0872134415491955,0.05392460072005202,0.058166954881307964,0.03112509009894502,0.04417636564438025,0.04047435949326102,0.022677631500423713,0.024730132429859164,0.030181207972667896,0.013268838735359043,0.029025631865678306,0.019496133266902065,0.012914890869172154,0.01771793054571226,0.00836199057185563,0.01404001404001404,0.012818995779592158,0.016299918500407497,0.015362713669742623,0.016424238069330813,0.0,0.00856613592316176,0.007654204892130385,0.009921181722978558,0.0,0.006119202056051891,0.0,0.0,0.008781723977870056,0.005966871927060958,0.006251953735542357,0.0,0.0,0.007298524238398996,0.010362694300518135,0.0,0.0,0.0,0.0,0.0,0.0,0.0,0.0,0.0,0.0,0.0,0.0,0.0,0.0,0.0,0.0,0.0,0.0,0.0,0.0,0.0,0.0,0.0,F
Iowa,0.786206896551724,0.8553459119496855,0.5450155225939979,0.47833427124366906,0.44329850273668975,0.3690502476106362,0.3837878699773216,0.3604902667627974,0.374652108756155,0.38623393093906727,0.3351171611160181,0.33244182268103084,0.26924585021565806,0.22141388581369603,0.19965255270049526,0.19196416668888475,0.1686247408431237,0.18167589021186203,0.15388122649036817,0.17229295643032355,0.1090230956821116,0.13447146866230122,0.07819313704850982,0.07668006011716713,0.06995452955578874,0.06402607607461948,0.0397456279809221,0.05435560005721642,0.054883235915589586,0.04884402474763921,0.054919190334222504,0.03291722583749019,0.03378296855770855,0.03194024716837424,0.04030937444889527,0.03643176850213386,0.026637706698358708,0.021581957483543756,0.01888467131229581,0.011058073315026078,0.014572745323059548,0.012070422292345628,0.0,0.009080837616461742,0.0,0.0,0.0,0.008963625607285636,0.0,0.0,0.0,0.0,0.0,0.0,0.0,0.0,0.0,0.0,0.0,0.0,0.0,0.0,0.0,0.0,0.0,0.0,0.0,0.0,0.0,0.0,0.0,0.0,0.0,0.0,0.0,0.0,0.0,0.0,0.0,0.0,0.0,0.0,0.0,0.0,0.0,0.0,0.0,0.0,0.0,F
Kansas,0.9234622006573798,0.8488964346349746,0.6012024048096193,0.5731460124414622,0.5432407118326569,0.47554644212730685,0.4472019660771121,0.39727805530425203,0.4220028622802833,0.385643375334097,0.3516635062920186,0.34660328777975835,0.30170620058260506,0.3034287448164256,0.31463563163948843,0.27419130917673196,0.20579846192728454,0.19662103116807458,0.20874449673599516,0.16917871424177175,0.1613690096446129,0.10754753216823507,0.14722266433232534,0.13741411617738913,0.13223272960410323,0.14791076050782695,0.14109640204174795,0.13671708109031872,0.10464629552113855,0.07119822423252503,0.09220839096357768,0.0720691864189622,0.06141618497109827,0.0752471183773985,0.045351473922902494,0.06876085697741748,0.027454928159604645,0.04637080276042661,0.0341481460402379,0.038938643822662294,0.044300467923692445,0.015388955859344942,0.017052790567370704,0.030742308510889868,0.020611473720371008,0.01618609383309825,0.015927189988623434,0.02786291446085261,0.0,0.0,0.019618902812860193,0.0,0.0,0.0,0.01470026166465763,0.0,0.0,0.0,0.0,0.0,0.0,0.0,0.0,0.0,0.0,0.0,0.0,0.0,0.0,0.0,0.0,0.0,0.0,0.0,0.0,0.0,0.0,0.0,0.0,0.0,0.0,0.0,0.0,0.0,0.0,0.0,0.0,0.0,0.0,F
Kentucky,0.9274162642753124,1.0486390004462294,0.7895567954521528,0.8345233845055336,0.6977640709329221,0.6972055776446212,0.6212191085912704,0.5701916477482709,0.6231411981305764,0.5930830792682927,0.5437037360525799,0.4973306538375657,0.4352396972245585,0.43355010838752706,0.44490347183602125,0.4223427601341559,0.35581880939191207,0.32618344722227954,0.31737862412077544,0.3309851280330985,0.31571486866691006,0.2299004508727289,0.26013027662634297,0.2434992404610848,0.224036850921273,0.2333722287047841,0.20054495912806541,0.21227325357005017,0.21584158415841587,0.1875453738807776,0.15252437493966597,0.1479062620053784,0.15704097845767284,0.14132435799691317,0.14953414362946205,0.11501774842842129,0.11550537669394328,0.0742239233892681,0.07698345610433523,0.07464732945370342,0.05528255528255529,0.04068225650916104,0.048905734197334634,0.04813365629464008,0.05670033870991808,0.037787753744766395,0.05325785933838521,0.03187807395713158,0.0403107024915115,0.01854226864656891,0.034804068912056445,0.03882050369603546,0.032948929159802305,0.01692706129288894,0.02050580997949419,0.02457281112959322,0.028207039671186512,0.018534917725559652,0.01458819606535512,0.020487185265616357,0.0,0.017549333125341238,0.021368891168237283,0.015387997362057594,0.0,0.0,0.0,0.0,0.014665521359284324,0.010198462071919554,0.0,0.0,0.014778845138815581,0.0,0.0,0.0,0.0,0.0,0.0,0.0,0.0,0.0,0.0,0.0,0.0,0.0,0.0,0.0,0.0,F
Louisiana,1.1421112742698647,1.3230526592482257,1.0735373054213635,0.9400838147015518,0.8799885839318841,0.7222767419038273,0.7442034405385191,0.8043665613329504,0.718132854578097,0.8127828576706383,0.6662575611466643,0.696765422307823,0.6762538298048525,0.6579880314246008,0.7320282941273235,0.598356587437269,0.7032729239924264,0.6587650854504712,0.5647099707509194,0.6762862556478647,0.5145597006198105,0.5222956857772545,0.49873865514541715,0.5586592178770949,0.488818639503571,0.45583379598515616,0.38511280356373045,0.4527245788289524,0.36275379717104234,0.3585422695725664,0.32406157169862276,0.3076075478628162,0.26782079574914835,0.2840560755303061,0.272535821943263,0.2181802471269334,0.19670829423229624,0.24899823557541678,0.2130209026760751,0.17331300649923775,0.13446601173809186,0.14349152644775398,0.13766890628039563,0.1072654462242563,0.09321998525176352,0.09212730318257956,0.09518447018447018,0.07527733755942947,0.05088377075522228,0.054972312725420004,0.04649636234341666,0.03352517181650556,0.049605283671357914,0.048384968403149424,0.03369124174198369,0.031850176768481064,0.026520802254268193,0.039080420709224684,0.027792252909501478,0.02083188667453649,0.02465092529008857,0.016524070062057063,0.01795367950687227,0.02103580293659809,0.0,0.012652622255962547,0.01250729592262153,0.009756287927569319,0.0,0.0,0.0,0.0,0.0,0.0,0.0,0.00878348704435661,0.0,0.0,0.0,0.0,0.0,0.0,0.0,0.0,0.0,0.0,0.0,0.0,0.0,F
Maine,1.1212624584717608,0.8578781812982557,0.5361930294906166,0.42600481570661236,0.4466564573762124,0.43031066330814444,0.4589114194236926,0.36192898366428644,0.3791732174234717,0.45306805870186156,0.38491820488146267,0.40920716112531963,0.25549310168625444,0.2160947359322327,0.25717270754641164,0.25374270489723416,0.28967696629213485,0.2890173410404624,0.2677260557906555,0.2945902517407606,0.23958244202960552,0.2934322948131527,0.20950305874465766,0.19077034883720928,0.12056493282810886,0.11978097193702943,0.0949749611466068,0.1645021645021645,0.17123287671232876,0.13723303885410412,0.06727211570803902,0.09554140127388536,0.07137758743754462,0.04657971785999468,0.041803107364314085,0.0,0.04769854519437157,0.07045797684952189,0.05445436724025267,0.027461965178228156,0.034005894355021535,0.04511871862839095,0.0,0.0,0.0,0.0,0.0,0.0,0.0,0.0,0.0,0.024608721330839647,0.0,0.0,0.0,0.0,0.03200614517987453,0.0,0.0,0.0,0.0,0.0,0.0,0.0,0.0,0.0,0.0,0.0,0.0,0.0,0.0,0.0,0.0,0.0,0.0,0.0,0.0,0.0,0.0,0.0,0.0,0.0,0.0,0.0,0.0,0.0,0.0,0.0,0.0,F
Maryland,1.0093513433278907,0.8940852819807428,0.7289536847719797,0.6363270237615787,0.5168284381696711,0.6241466744685001,0.6044740599714422,0.5870574315099664,0.6103890711290121,0.6740095347690285,0.5219644149807596,0.5036850487019,0.4278032889830841,0.5838456482233306,0.4858791375645309,0.384260682446972,0.36750177823441077,0.3650359084236004,0.3231931483052559,0.2934047710167113,0.30814689742507384,0.28872207169191133,0.2785394089741916,0.27212766938794336,0.2949986384678224,0.16621743036837378,0.20257826887661143,0.22021581149526537,0.2277244120569725,0.2149993676489187,0.17593244194229415,0.14502261662235422,0.12928805378383038,0.12098725600903372,0.11930123561994035,0.0714918928193543,0.09377254147631642,0.08119925046845722,0.06452187068927157,0.060544904137235116,0.05482335913686103,0.054530031910166823,0.030859435272334514,0.03576134010916619,0.04815666969875328,0.03170800450958286,0.027332672793740815,0.026475601078880744,0.016834733421996265,0.016565067585475747,0.023366435784027372,0.01166141902810402,0.02411506330204117,0.013457591763953843,0.015103205235777815,0.02837835441017364,0.009229008619894051,0.0,0.0,0.009903735689101929,0.0,0.014943215780035862,0.0,0.0,0.0,0.0,0.0,0.0,0.0,0.0,0.0,0.0,0.0,0.0,0.0,0.0,0.0,0.0,0.0,0.0,0.0,0.0,0.0,0.0,0.0,0.0,0.0,0.0,0.0,F
Massachusetts,0.7208073041806823,0.5659152054921607,0.5063291139240507,0.45779523553847457,0.4507635597682991,0.40179456226013943,0.3647859922178988,0.37955048021386845,0.3292142545091431,0.33529196959134216,0.32985922908955756,0.29457528286780366,0.2653513564136984,0.26021180030257185,0.24914039279678302,0.1954928883689428,0.198924564075467,0.21322293469463985,0.17341776179718077,0.1658541488666633,0.13324450366422386,0.17734855136084282,0.13135541271870677,0.13374776302156918,0.09052448779766853,0.08002977852224083,0.07911094368054247,0.07653251698648549,0.08399525244225327,0.05622562800399021,0.05679569041185482,0.041438225168940454,0.03212464361723487,0.03895092183848351,0.049668639221195736,0.03615590425916552,0.02607916728084995,0.018420352442743405,0.021923814743765414,0.02247191011235955,0.018024107243438097,0.016130419821059876,0.021666683862447512,0.015521683792257785,0.01100517243104259,0.010747225261841489,0.00579139398853304,0.008388870764785384,0.007503986492824313,0.007590060815362283,0.005677409587252323,0.008431308257998033,0.0,0.00784098482769436,0.006024519795567961,0.0,0.0,0.005774272152995114,0.006013590715015936,0.0,0.0,0.0,0.0,0.0,0.0,0.0,0.0,0.0,0.0,0.0,0.0,0.0,0.0,0.0,0.0,0.0,0.0,0.0,0.0,0.0,0.0,0.0,0.0,0.0,0.0,0.0,0.0,0.0,0.0,F
Michigan,0.7262619922890702,0.6722689075630253,0.5571862096413114,0.5278099884041745,0.3896911942888954,0.37041002034043463,0.381892697466468,0.328312089609888,0.31678479432987217,0.334284264137074,0.34222290735316785,0.2767025300619637,0.3283595766452342,0.2616608111485146,0.24324582860734933,0.22864100656159103,0.18269676308995828,0.17465780008797577,0.17705566838514813,0.1483641572660067,0.1321406789997967,0.12968379228519397,0.1221317010790695,0.10143216156478033,0.07624582805846472,0.09716975967591832,0.08103508819318765,0.08557647424926093,0.07959930932291603,0.06324561621071952,0.05399568034557236,0.047393364928909956,0.04540358224997915,0.02837476659466188,0.0353460377091728,0.03171128410241721,0.03535486417154509,0.0261550641859413,0.023533910894729875,0.01146945183188651,0.023692719366707547,0.015517709586065095,0.018265415380739433,0.01596276990895082,0.01228975736507602,0.01836231135594193,0.007704202642541506,0.010897104094586864,0.01294848193123793,0.011531232342800474,0.01177773066685511,0.008964857757590245,0.004416208747878642,0.008428969720547234,0.008605111436193098,0.0049032999208467294,0.004947870648524475,0.006536802196365538,0.0059688574860664485,0.00874495343312297,0.004239893154692502,0.0,0.00678575669669364,0.0053599664108771585,0.0,0.0,0.0,0.004579173917025369,0.0,0.0,0.0,0.0,0.0,0.0,0.0,0.0,0.0,0.0,0.0,0.0,0.0,0.0,0.0,0.0,0.0,0.0,0.0,0.0,0.0,F
Minnesota,0.770637408568443,0.8049242424242424,0.5416290535379488,0.5656748500961648,0.476318864024445,0.5464314060687466,0.48131051564962846,0.45337512593753504,0.42072396274343776,0.4518740297183411,0.3982334771398668,0.3176852960582586,0.34694226587505195,0.29636215455286363,0.24004553441065107,0.2619750866829331,0.21007865139753543,0.1783980900910355,0.14567035338548692,0.12694293209963609,0.15435927120372667,0.12241264188738038,0.10319629608969712,0.06390518793934817,0.072992700729927,0.08587019750145425,0.050577650002661984,0.0809695450033955,0.07208192483595148,0.07349158521349305,0.0389756287685994,0.035539760106619286,0.04673087081961884,0.012289793326642224,0.03195160397051932,0.019622806061266762,0.020826463492945035,0.01549618793776731,0.007961276351824724,0.009339102823522087,0.010720904231694056,0.0,0.0071826696546572425,0.0,0.0,0.0,0.0,0.006676191366349325,0.0,0.0,0.0,0.0,0.0,0.0,0.0,0.0,0.0,0.0,0.0,0.0,0.0,0.0,0.0,0.0,0.0,0.0,0.0,0.0,0.0,0.0,0.0,0.0,0.0,0.0,0.0,0.0,0.0,0.0,0.0,0.0,0.0,0.0,0.0,0.0,0.0,0.0,0.0,0.0,0.0,F
Mississippi,0.9448142581060769,1.101482141410869,0.811090658076392,0.7955278434745217,0.8117615225038334,0.818343240948043,0.7275608701916151,0.7164266393742232,0.6942607775720709,0.5682322649382936,0.5692031156381067,0.6672125678585509,0.6113461204149041,0.5831160078530196,0.5901083812918115,0.5961549432369216,0.5338662870284181,0.617334312365723,0.47503251710682576,0.45986498835598266,0.5061155630535639,0.5371033460921102,0.4846299061733961,0.4713681841681112,0.4587287479572235,0.3583636564119528,0.402049888162179,0.3806313042059759,0.5122277968951116,0.3788080883529851,0.35840445556042594,0.3607376201407633,0.3339376013739147,0.32809295967190705,0.3451128708190521,0.3284112195003284,0.29174100115437085,0.32526897241950076,0.32652263173330726,0.31485783400848577,0.28776700529182275,0.22583299841151366,0.25097764547948404,0.2343054103249293,0.16011894550237318,0.15898867690398635,0.16838685393926187,0.1289906481780071,0.1398426248669408,0.10784632915513592,0.11298489350127632,0.09292698895436018,0.11464724740451371,0.08600538084946853,0.07745580462912338,0.09084944228536819,0.07224466861102935,0.0722302478053117,0.06597252101081376,0.04450130722589976,0.035909618253135184,0.03894080996884735,0.02710190315586606,0.031692707508002405,0.016276041666666664,0.020219039595619208,0.03107412906121603,0.0,0.01712035610340695,0.0,0.0,0.0,0.0,0.020488304592794944,0.017295053614666205,0.0,0.0,0.0,0.0,0.0,0.0,0.0,0.0,0.0,0.0,0.0,0.0,0.0,0.0,F
Missouri,0.8231036684879018,0.9878520891736751,0.5973356252685862,0.5588851711585837,0.44826180997460896,0.42171850289931473,0.5316744516434552,0.42469285605945706,0.37907505686125853,0.3987341772151899,0.40218383881559777,0.30499568229003987,0.32607227613884116,0.30550846668281145,0.3145162739706332,0.24778371235064148,0.2671998206210995,0.21798365122615804,0.2110446711220542,0.19238862502254556,0.17185150467709492,0.17520188493062408,0.1987915051075639,0.15431146225541634,0.13563378877032012,0.15702749000734156,0.13264248704663212,0.12720297080486653,0.14157899911513125,0.12153764726638308,0.08388010736653742,0.10491344640671448,0.07391933151213241,0.07818119273227633,0.06838918450067555,0.063279232440013,0.05432965563356737,0.05471411872963765,0.038145346925353506,0.043189194848706945,0.0401258138421114,0.0515729757607014,0.028166599311755268,0.018079259473531964,0.02342606149341142,0.024538156833876675,0.0319744204636291,0.015926646417073365,0.0183812970302717,0.018210375361362136,0.012613666334124553,0.012736346058100895,0.01566812500753275,0.01128526645768025,0.010411108652932679,0.011269351589682909,0.0,0.00919709371838499,0.01396583026860947,0.008897456810261734,0.0,0.010536773338952945,0.0,0.0,0.0,0.0,0.008712622847982156,0.0,0.0,0.0,0.0,0.0,0.0,0.0,0.0,0.0,0.0,0.0,0.0,0.0,0.0,0.0,0.0,0.0,0.0,0.0,0.0,0.0,0.0,F
Montana,1.1922503725782414,1.0480887792848335,0.700280112044818,0.4091025313219126,0.5599104143337066,0.5690956328096004,0.45098249758402237,0.590108654926939,0.37755729212397926,0.4462474645030426,0.476341695776437,0.4454584963059539,0.4047178538390379,0.33284023668639057,0.3423788993152422,0.31500196876230474,0.40666937779585194,0.2735603884557516,0.2627775587964788,0.22486772486772486,0.24200053777897285,0.25521054870267973,0.20573108008817048,0.18004501125281322,0.12389867841409692,0.13404825737265416,0.1029336078229542,0.08999742864489586,0.21120636103863832,0.08346250149040181,0.056567485009616475,0.12384598063499212,0.06651147322913202,0.0,0.0,0.061251990689697416,0.0,0.0,0.0,0.0,0.0,0.0,0.0,0.0,0.0,0.0,0.0,0.0,0.0,0.0,0.0,0.0,0.0,0.0,0.0,0.0,0.0,0.0,0.0,0.0,0.0,0.0,0.0,0.0,0.0,0.0,0.0,0.0,0.0,0.0,0.0,0.0,0.0,0.0,0.0,0.0,0.0,0.0,0.0,0.0,0.0,0.0,0.0,0.0,0.0,0.0,0.0,0.0,0.0,F
Nebraska,0.7736943907156674,0.9201840368073614,0.4145408163265306,0.3921926304268515,0.42669917708015853,0.5395584429884931,0.4443755490104893,0.35819113476941444,0.34265865565152087,0.36549341611175085,0.2999045758167856,0.22008010915973414,0.2768071879112402,0.24584566355565673,0.19624459212345566,0.21266759130836801,0.20076481835564053,0.12843076630357228,0.1575178997613365,0.12821777295591283,0.08248423095584667,0.08345606283750613,0.12321593592771332,0.10753266304640034,0.07711685774510309,0.05960444324031428,0.07985944737262418,0.051223676721684694,0.044508734839212194,0.05535566011624688,0.03886082273913285,0.0717162244166161,0.045743329097839895,0.038929440389294405,0.0,0.024735331948154745,0.03425244048638465,0.0,0.0,0.0,0.02216148334195169,0.0,0.02424410348768746,0.017923074165680897,0.02104377104377104,0.0,0.0,0.0,0.0,0.0,0.0,0.0,0.0,0.0,0.0,0.0,0.0,0.0,0.0,0.0,0.0,0.0,0.0,0.0,0.0,0.0,0.0,0.0,0.0,0.0,0.0,0.0,0.0,0.0,0.0,0.0,0.0,0.0,0.0,0.0,0.0,0.0,0.0,0.0,0.0,0.0,0.0,0.0,0.0,F
Nevada,0.0,0.0,0.0,0.0,0.0,1.0940919037199124,0.0,0.0,0.0,0.0,1.1844331641285957,0.0,0.0,0.0,0.0,0.0,0.9191176470588236,0.7776049766718507,0.0,0.0,0.0,0.0,0.0,0.0,0.0,0.0,0.0,0.0,0.0,0.0,0.0,0.0,0.0,0.0,0.0,0.0,0.0,0.0,0.0,0.0,0.0,0.0,0.0,0.0,0.0,0.0,0.0,0.0,0.0,0.0,0.0,0.0,0.0,0.0,0.0,0.0,0.0,0.0,0.0,0.0,0.0,0.0,0.0,0.0,0.0,0.0,0.0,0.0,0.0,0.0,0.0,0.0,0.0,0.0,0.0,0.0,0.0,0.0,0.0,0.0,0.0,0.0,0.0,0.0,0.0,0.0,0.0,0.0,0.0,F
New Hampshire,1.3297872340425532,0.6218202374222724,0.6810897435897436,0.43463724506853896,0.4908522980812137,0.6482681978144101,0.4784688995215311,0.36363636363636365,0.26684456304202797,0.3377777777777778,0.26924295216978145,0.24334600760456274,0.2994483845547675,0.19834710743801653,0.26439482961222094,0.2028397565922921,0.27873421872438103,0.24382314694408325,0.12930337805075157,0.11762728953117123,0.09915716410510658,0.10550378055213644,0.1876812830574987,0.0,0.20743301642178047,0.1343408900083963,0.17325017325017325,0.08535336292249915,0.0,0.14520813165537272,0.14999250037498127,0.0,0.0,0.0,0.0,0.0,0.0,0.0,0.0,0.0,0.0,0.0,0.0,0.0,0.0,0.0,0.0,0.0,0.0,0.0,0.0,0.0,0.0,0.0,0.0,0.0,0.0,0.0,0.0,0.0,0.0,0.0,0.0,0.0,0.0,0.0,0.0,0.0,0.0,0.0,0.0,0.0,0.0,0.0,0.0,0.0,0.0,0.0,0.0,0.0,0.0,0.0,0.0,0.0,0.0,0.0,0.0,0.0,0.0,F
New Jersey,0.862363387978142,0.7730385841188038,0.49003459067698896,0.5123546511627908,0.4734821953884515,0.44879640962872297,0.4528654400714837,0.45439730045823185,0.4362288020066525,0.4675073106222876,0.4544093559011571,0.3747657713928795,0.4036129582874009,0.3000017441961872,0.3021199604000956,0.3305351521511018,0.2983607708238268,0.3090760709138581,0.27420675901855346,0.2580176251476333,0.2790228798761498,0.2034548944337812,0.19717643347267133,0.18631545133311916,0.16431513451932347,0.15850613397025295,0.15557211096016477,0.1414669696060359,0.12036940956729272,0.11097638669105407,0.07449957848922698,0.08901300287983245,0.055616559474067,0.08066570433896578,0.06010912117382325,0.048515722126201526,0.043741342859225776,0.04558033534103858,0.044749579000671245,0.03406154568945267,0.03147036540590944,0.029229953123815912,0.023738749896788047,0.028363908951852267,0.023945901419513037,0.014097479370688521,0.014690489744201845,0.026515118036467125,0.027634405726562013,0.020530764904889,0.015005340135754193,0.011305724175116971,0.013436405492802566,0.008910114762278138,0.01253054319904768,0.013267752726997033,0.005943300909325039,0.012400921801853938,0.0,0.007319955243702224,0.0062009094667217855,0.0,0.006355016650143623,0.0,0.00825695648583932,0.0,0.0,0.009989154632113705,0.0,0.0,0.0,0.0,0.0,0.0,0.0,0.0,0.0,0.0,0.0,0.0,0.0,0.0,0.0,0.0,0.0,0.0,0.0,0.0,0.0,F
New Mexico,0.0,0.3209242618741977,0.0,0.34259611724400457,0.2457002457002457,0.23717119448037946,0.2403846153846154,0.33891922425155335,0.27919198554770897,0.2903811252268602,0.13992537313432835,0.24154589371980675,0.18424036281179137,0.23128071697022262,0.1852115685995156,0.08566533409480297,0.19898974437471298,0.16863406408094433,0.09421265141318977,0.16606698034874065,0.10241966457559852,0.11320754716981132,0.08532423208191127,0.08769731896767727,0.14097744360902253,0.1010895203863866,0.13398838767306834,0.07217238890607279,0.08957897879964169,0.13876499157498265,0.13118440779610197,0.06436781609195402,0.07412211618641712,0.07757951900698215,0.08167265599477296,0.042162071000927566,0.04296455424274973,0.0,0.061289531747977445,0.09319664492078285,0.02805363855692083,0.03206327152247101,0.0,0.0,0.023568230025925053,0.0,0.0,0.030790885897774258,0.0,0.02943526344560784,0.0,0.0,0.0,0.0,0.0,0.0,0.0,0.0,0.0,0.0,0.0,0.0,0.0,0.0,0.0,0.0,0.0,0.0,0.0,0.0,0.0,0.0,0.0,0.0,0.0,0.0,0.0,0.0,0.0,0.0,0.0,0.0,0.0,0.0,0.0,0.0,0.0,0.0,0.0,F
New York,0.6931100741147407,0.562971034232271,0.5289791186096787,0.5172971225347559,0.5575753623424686,0.4387667168803489,0.41747237126868064,0.43745067208330535,0.38876889848812096,0.36983209128297106,0.35400512252445504,0.3493579831162732,0.3404624277456647,0.316571219968514,0.28831673412718406,0.25819589136646937,0.26240930195732454,0.23012158828150064,0.1781704851375655,0.19593618078682942,0.15917116890970603,0.16037769848992683,0.14170996693434107,0.13284277016247192,0.13029273731428423,0.10374714050971422,0.1129730747505178,0.10274689380918253,0.08562329446405362,0.0734939907854593,0.07391112042274833,0.05859915465293565,0.060092542515473836,0.05367540029112081,0.05320747466486681,0.04932784820432265,0.0471687080451884,0.02975706470777524,0.029080896427835203,0.030787613116989267,0.030884495619851828,0.021159909948973397,0.021089913330499026,0.02055914123455958,0.02015218147364452,0.019788455032331783,0.01742386562714828,0.017914670570829357,0.011472121195208995,0.009987796161565088,0.011942775249541146,0.011642029614806145,0.00711909600424557,0.013632070419380908,0.009916273596599379,0.008666021914636217,0.006194387156484795,0.008800526501063716,0.012965327570965525,0.010450776841078521,0.009577626664112633,0.006095941409294568,0.0069122148711365655,0.005838269324671465,0.004796444236006374,0.006553437824258642,0.006623905675583179,0.005476091385013033,0.006189685732774387,0.008381058807095963,0.005514351098734456,0.0,0.004267827515750951,0.0026458386250105834,0.0,0.0,0.0035662793008054694,0.0,0.0,0.003354546848642846,0.0,0.0,0.0,0.0031413349416968234,0.006993985172751433,0.004432399574489641,0.003890596428432479,0.004276245456489202,0.005142357599547473,F
North Carolina,1.2271830291070547,1.082817705854355,0.9288052373158755,0.8984530666956491,0.7988865692414754,0.8411406688094099,0.6865234795334223,0.7922881198154775,0.7136772361571225,0.6346879302022063,0.6716619414067774,0.5948781643759499,0.5715681485100147,0.5140352573399078,0.47800559466355164,0.5401381232972186,0.5166677330603365,0.4396563820333328,0.43805351871250353,0.407694611774886,0.3806979462347637,0.3975172606178952,0.26282692121642104,0.3039359708221468,0.30608340772860604,0.262947833028126,0.2905996628401702,0.26651198520074626,0.23968656372436045,0.23193005477821688,0.21804265923047259,0.20019593644843892,0.17840387995401144,0.16758712626166444,0.15177510888214332,0.1507530984431074,0.15170113717951686,0.12598620347804534,0.1283340106517229,0.11456753483398618,0.11018312435267415,0.08826032593277505,0.08083320379294263,0.0760385947245656,0.060715839750660285,0.07805609901973704,0.06479831524380365,0.048615995696967194,0.060914356552033685,0.03521502507736634,0.047447538119783465,0.04495488456227857,0.02519139987513828,0.03482128816300856,0.02632060789160487,0.02109024142123415,0.022234720169507043,0.02368047150449929,0.022375192492464824,0.012962770921912269,0.00624875024995001,0.007791094778667982,0.009911644766651564,0.008981363670383952,0.012281051872092845,0.01465607087024492,0.009855777128026544,0.009461782284389637,0.0,0.0,0.007816041643869879,0.0,0.007651460663840727,0.0,0.0,0.0,0.0,0.0,0.0,0.0,0.0,0.0,0.0,0.0,0.0,0.0,0.0,0.0,0.0,F
North Dakota,1.4431538190777895,0.8088978766430739,0.8622418287547624,0.5489021956087825,0.5363368195226602,0.4813263214190213,0.5484603933244535,0.5336839662773609,0.4575062034739454,0.4546205984460241,0.5678681284012934,0.4066661350769476,0.40684861840989994,0.3416257883672039,0.22705440572875735,0.24937655860349126,0.2518235498436957,0.278503046127067,0.19172113289760348,0.25734315378471917,0.07250317201377561,0.18513375914097935,0.10285179990649836,0.12687878196369315,0.12231840421528038,0.123774159763877,0.12424734779699896,0.09296560272699102,0.05111951743175544,0.06039863096436481,0.0780411667154424,0.0,0.0,0.0,0.0,0.0,0.0,0.0,0.0,0.0,0.0,0.0,0.0,0.0,0.0,0.0,0.0,0.0,0.0,0.0,0.0,0.0,0.0,0.0,0.0,0.0,0.0,0.0,0.0,0.0,0.0,0.0,0.0,0.0,0.0,0.0,0.0,0.0,0.0,0.0,0.0,0.0,0.0,0.0,0.0,0.0,0.0,0.0,0.0,0.0,0.0,0.0,0.0,0.0,0.0,0.0,0.0,0.0,0.0,F
Ohio,0.8666666666666666,0.7481735762696945,0.5610955989894961,0.4804073500110693,0.4571510205539385,0.4242714302345134,0.4003182654532796,0.43315246501013016,0.38136455666370284,0.33932576435452566,0.3428011753183154,0.3042727880365925,0.2907308766574256,0.2790865168202143,0.290223637210747,0.26437343495914684,0.21578888989724818,0.21623022041532144,0.22217013340399294,0.18755042382204712,0.16506556486256496,0.1610468042274786,0.14013063417797747,0.15131757006126517,0.12105973832471947,0.13374332712246087,0.10417716839735189,0.08928475382149503,0.09577372946978033,0.08795984891602421,0.06701752311118996,0.060584687446310216,0.0612721031256628,0.04593040751358115,0.04809302565247636,0.049587907390308134,0.03197527245596738,0.03472024588764301,0.026565075378401387,0.027722725556813894,0.025685442924556476,0.02444838335065094,0.027295351762155796,0.021179261267366994,0.023049556546575138,0.017000085000425002,0.016260395892815298,0.01579397227693337,0.016504053201300908,0.011289950471478148,0.011398326923839353,0.01199724063465403,0.011093209371120677,0.0086547303510575,0.011043866236692141,0.008274622913612936,0.009088155104513784,0.008121751299480208,0.0068857158953621565,0.007385524372230428,0.0035204449842460087,0.007488766849725412,0.0042271977905846215,0.0059660531575336335,0.005210310460070413,0.005296289570849223,0.003872606729041452,0.0,0.004523079010651851,0.0,0.0,0.0,0.0,0.0,0.0,0.0,0.0,0.0,0.0,0.0,0.0,0.0,0.0,0.0,0.0,0.0,0.0,0.0,0.0,F
Oklahoma,0.9257218426272867,0.8678782928323463,0.9159887893909359,0.7350367518375919,0.5801556999057867,0.5145153415705862,0.5531914893617021,0.4530531845042679,0.4528705240358921,0.3969187345642714,0.4256612952265126,0.3467675444977933,0.4555693351218648,0.29108098022142054,0.29508596512620416,0.28642949983151206,0.2517089060533524,0.2536523499426843,0.2016882049749757,0.1959166838523407,0.16334292261933786,0.17832323709123332,0.20081892392353234,0.16963749771641828,0.1738210399032648,0.1426755557861423,0.11453191895503259,0.15905024283563862,0.12717826604610888,0.13653368285956147,0.08607935440484196,0.08693819484693609,0.10212097407698349,0.05961696102541173,0.06967382328654005,0.0751795957008409,0.06463350409345525,0.0492566720401218,0.05005601506447692,0.035891177948460265,0.028295213393067672,0.05137306183448534,0.035114003464581676,0.04115320423420746,0.025002841231958176,0.025428822414351102,0.02516644169393031,0.018853695324283562,0.014548981571290009,0.014457482952218019,0.019595835884874464,0.0,0.0,0.012881949811923532,0.0,0.0,0.025933609958506226,0.0,0.0,0.0,0.0,0.0,0.0,0.0,0.0,0.0,0.0,0.0,0.0,0.013813299444705364,0.0,0.0,0.0,0.0,0.0,0.0,0.0,0.0,0.0,0.0,0.0,0.0,0.0,0.0,0.0,0.0,0.0,0.0,0.0,F
Oregon,0.6788511749347258,1.0114335971855761,0.5792903692976104,0.4759933774834437,0.4117181314330958,0.35561877667140823,0.3185437997724687,0.35004516711833783,0.48716127067898096,0.25680534155110424,0.2926383173296754,0.3806228373702422,0.21745039412883935,0.25911365260900643,0.23289916328819116,0.21872265966754156,0.21073850100787977,0.21909804637575314,0.23401666198633342,0.21400778210116733,0.09611687812379854,0.1382306477093207,0.08086525826341857,0.1164021164021164,0.09939369843951895,0.07817844229453728,0.09933176810547227,0.09911621376063436,0.10930668332292316,0.037221767289510904,0.06216757615528079,0.045094376087096565,0.043122035360069,0.06591026787816016,0.024567610062893083,0.029625240705080727,0.03501264345458082,0.0,0.03036232372984279,0.02003205128205128,0.019622592144422277,0.01590280207372539,0.020879317544592258,0.0,0.0,0.015452129303418011,0.0,0.0,0.0,0.0,0.0,0.0,0.0,0.0,0.018414849734826166,0.0,0.0,0.0,0.0,0.0,0.0,0.0,0.0,0.0,0.0,0.0,0.0,0.0,0.0,0.0,0.0,0.0,0.0,0.0,0.0,0.0,0.0,0.0,0.0,0.0,0.0,0.0,0.0,0.0,0.0,0.0,0.0,0.0,0.0,F
Pennsylvania,0.8206831119544592,0.689584612236546,0.5754935656622172,0.5435658843310224,0.48410205298425774,0.4690892703511,0.4590993354436733,0.4880970586735994,0.4469535203439904,0.45678188979350437,0.43624979913464224,0.4285509941353168,0.4112320345601063,0.31973016179751595,0.3540818878304954,0.3320064868052484,0.3325902271494849,0.3126662720973749,0.2831143832106296,0.24911008699186457,0.24164712970360572,0.22392767759960622,0.22315965273478558,0.20924701958119712,0.1953300404131118,0.19458264234383638,0.14871547012677994,0.15523763018460887,0.132891767038623,0.13725051107756098,0.12312700863975959,0.1016300402560549,0.07426127303394718,0.0793386149087606,0.08219565133632149,0.06623602321539823,0.04956885423658801,0.047594440969294785,0.04240275716532638,0.03684011390564948,0.04090183559457302,0.030093147696228482,0.02298913993029693,0.028176430646718372,0.02576410923982318,0.024930873487149265,0.02261971818492285,0.016019396458414513,0.018243952797109445,0.015353283570631877,0.012882862572063513,0.013954721580046608,0.013858367484310347,0.009610812670086092,0.013900114804651906,0.0071546898992289444,0.008068327205246719,0.00842328195131343,0.006744990311741188,0.0049428177768441346,0.006616342365643138,0.0070812867341749335,0.0050357538523516975,0.007681022497714896,0.0,0.004808193161146594,0.005630087185921565,0.0,0.0039391170075315915,0.0,0.0,0.0,0.0,0.0,0.0,0.0,0.0,0.0,0.0,0.0,0.0,0.0,0.0,0.0,0.0,0.0,0.0,0.0,0.0,F
Rhode Island,1.0678056593699947,0.4571026722925457,0.30945013092120927,0.519318653926049,0.4667444574095682,0.40537116797567774,0.3487966515521451,0.33400133600534404,0.4011520263320304,0.30537681317482823,0.28927680798004984,0.39290848107331094,0.252255748520423,0.20455873758036236,0.32458499489937864,0.2411032886488572,0.20742789411299883,0.24932681759250022,0.23873780361220676,0.14404432132963987,0.13043478260869568,0.10448107731599722,0.11502185415228894,0.14820303816228234,0.08623875816188246,0.07378258730939498,0.11115227862171174,0.09705204415868009,0.117000117000117,0.10510335162910195,0.0,0.05210504376823677,0.04295163645734902,0.040929927963326784,0.0,0.0,0.0,0.0,0.0,0.0,0.0,0.0,0.0,0.035540812699917074,0.0,0.0,0.0,0.0,0.0,0.0,0.0,0.0,0.0,0.0,0.0,0.0,0.0,0.0,0.0,0.0,0.0,0.0,0.0,0.0,0.0,0.0,0.0,0.0,0.0,0.0,0.0,0.0,0.0,0.0,0.0,0.0,0.0,0.0,0.0,0.0,0.0,0.0,0.0,0.0,0.0,0.0,0.0,0.0,0.0,F
South Carolina,1.1023743447425225,1.2265176214873468,0.9513984410820724,0.8817698006887196,0.8117558904337691,0.6848080735267617,0.6985702160997584,0.7989948129772223,0.6655001290840767,0.6918645345393851,0.7188214376428753,0.6861466214453431,0.6831964381668841,0.5873675740914577,0.625,0.6190223166843783,0.6703560018256504,0.6561940743686618,0.6074279763970843,0.4767989030508897,0.4523101208184081,0.5288773523685919,0.4947380462136811,0.42458432304038,0.4084507042253521,0.38206027428506256,0.3156787092248334,0.38998933842096406,0.3495525727069351,0.26310843826348435,0.26880330834841043,0.34034034034034033,0.25577231613458273,0.27578844357457405,0.2603746630106684,0.29239766081871343,0.22644544146279522,0.21006798563898862,0.20190931723286223,0.18485712085034275,0.14905437581060416,0.16304347826086957,0.13494046207990665,0.1316848342965835,0.09771350400625367,0.11702750146284377,0.11017990029622136,0.08228195282501372,0.08685581933989578,0.0740827387218778,0.0774239656952275,0.07544622471062402,0.07783057512698673,0.06450673158957072,0.05328445372778038,0.05297952226291664,0.03379112258936545,0.022370808580447914,0.01763535132139168,0.03266988339364696,0.039285977361455546,0.029587987277165474,0.018683107801532015,0.019473113194425126,0.0,0.0,0.024319805441556465,0.0,0.0,0.0,0.0,0.0,0.0,0.0,0.0,0.0,0.0,0.0,0.0,0.0,0.0,0.0,0.0,0.0,0.0,0.0,0.0,0.0,0.0,F
South Dakota,0.5176876617773942,0.8863198458574182,0.713463751438435,0.7239474185559154,0.39457070707070707,0.45604834112415915,0.35446627506582945,0.43335901386748843,0.42723388782837923,0.5046334526103312,0.3659574468085106,0.29249540364365706,0.29360967184801384,0.26285814422150183,0.2646436132674665,0.22087244616234128,0.2622213897733658,0.1589509239022452,0.125591730267607,0.15786877158362111,0.21012416427889208,0.06881635863153755,0.18007202881152462,0.15548875298020112,0.1439144736842105,0.12423646340200849,0.09254498714652956,0.05685048322910744,0.07918552036199095,0.0,0.10829542993285683,0.08634646519158122,0.0,0.09081735620585267,0.0,0.0,0.0,0.0,0.0,0.0,0.0,0.0,0.0,0.06056935190793458,0.0,0.0,0.03351431061063074,0.0,0.0,0.0,0.0,0.0,0.0,0.0,0.0,0.0,0.0,0.0,0.0,0.0,0.0,0.0,0.0,0.0,0.0,0.0,0.0,0.0,0.0,0.0,0.0,0.0,0.0,0.0,0.0,0.0,0.0,0.0,0.0,0.0,0.0,0.0,0.0,0.0,0.0,0.0,0.0,0.0,0.0,F
Tennessee,1.0302091402013942,0.8982743676621228,0.696043541971949,0.6644824881177611,0.6171151818146311,0.5883062813009111,0.5202295795753343,0.5084836482363646,0.44760986225486565,0.42198233562316,0.4237191607626945,0.3820313529179291,0.3890018565997701,0.3547662068661584,0.3729849330945106,0.37258787043418334,0.3465736468999663,0.2803839102771487,0.28996498115227626,0.27725382360293616,0.25642697264054587,0.23468461487369097,0.24091248267775292,0.2074688796680498,0.20707469632602524,0.16996227666542305,0.16579165515335728,0.18775183005295024,0.1467979692947581,0.17006802721088435,0.1328306604418573,0.12352051915489842,0.10823812387251955,0.12166666666666667,0.09084831759200535,0.08523635330468445,0.07485139795993248,0.09650495565988523,0.06632307628535504,0.06681607483400381,0.08001122964626614,0.06171146461876029,0.06005167236924796,0.04255786496801296,0.053129316756986504,0.049786054522457546,0.0606419966040482,0.04235261971446137,0.03504050682589073,0.029626285569177378,0.03276633330484087,0.03006442376521117,0.03200838037595298,0.020841707233561105,0.019155676711117658,0.022505144032921812,0.018583592377348288,0.013785972772703775,0.0,0.0,0.021216869042956,0.010049241282283189,0.010922197546146284,0.01127310987524425,0.0,0.011797090051120724,0.011851851851851851,0.0,0.0,0.0,0.0,0.0,0.0,0.0,0.0,0.0,0.0,0.0,0.0,0.0,0.0,0.0,0.0,0.0,0.0,0.0,0.0,0.0,0.0,F
Texas,0.784698381559588,0.6800618238021638,0.5440172272121951,0.4745296225116853,0.45321724610889136,0.4726984281158435,0.4176110783370075,0.408072414304793,0.40991060311420136,0.41448429357749256,0.3284994146737702,0.3323759670171863,0.3144108841650195,0.2876340642576829,0.25884009313911305,0.2721846920705713,0.27748487707419944,0.20924338025130776,0.22511657822801096,0.20440536138229126,0.18737631058149817,0.16537606293229637,0.17708654142285185,0.12928913856820862,0.12998082250159812,0.165735748339952,0.13317484426247553,0.12272844716217379,0.1163628874472248,0.13418108253168737,0.12185611230259309,0.08734339602041652,0.09499683343888536,0.08150711264898115,0.08033589498734331,0.08791277796529015,0.08058290558933869,0.0758187198865165,0.06429135618023622,0.05323459302153635,0.051930666789761576,0.050016309666195496,0.04685070584964528,0.03731436105375756,0.034702705344705397,0.03338275289889935,0.03693559296017192,0.02528010837057777,0.022535211267605635,0.015095809695405516,0.02400819218312861,0.017052863878021865,0.014607805605367613,0.02030763462920342,0.018752578479540937,0.013954543075930158,0.012071463061323031,0.015087416491149723,0.009512372028870049,0.007819874770291179,0.009675026606323167,0.0048772821616114535,0.005264912865692073,0.0059786800270236334,0.007093917556854793,0.005303664242695676,0.004671805652884839,0.005607801573549121,0.00653189196250694,0.003558194267240722,0.0032872337927633893,0.0031728764391260995,0.002583256194433083,0.0030336387196311094,0.0034388043277352462,0.002101317105561766,0.0,0.0021411167208369194,0.0,0.0,0.0,0.0025767329602796613,0.0,0.0,0.0,0.0,0.0,0.0,0.0,F
Utah,0.7994186046511629,1.2002526847757422,0.5593945376768674,0.7214206437291898,0.5237795935470354,0.5288606829857964,0.30307204849152775,0.3473149879775581,0.3014492753623188,0.25783163594173003,0.33089104230678323,0.21468926553672316,0.1434720229555237,0.2897542883634678,0.2515148050760261,0.14803006148941014,0.15466983938132065,0.166270783847981,0.10924981791697014,0.14919806042521447,0.14074595355383532,0.1370374984427557,0.08800603469952224,0.07434023045471441,0.0853762653982193,0.09331622535868425,0.05887894488930759,0.13780431786862654,0.0,0.0759795940518832,0.08296173390023852,0.0,0.07522567703109327,0.03679175864606328,0.0,0.06381111908750099,0.0,0.04638487852959935,0.0,0.0,0.0,0.02727024815925825,0.026208197924310724,0.04092490280335584,0.0,0.0,0.0,0.0,0.0,0.0,0.0,0.0,0.0,0.0,0.0,0.0,0.0,0.0,0.0,0.0,0.0,0.0,0.0,0.0,0.0,0.0,0.0,0.0,0.0,0.0,0.0,0.0,0.0,0.0,0.0,0.0,0.0,0.0,0.0,0.0,0.0,0.0,0.0,0.0,0.0,0.0,0.0,0.0,0.0,F
Vermont,1.0718113612004287,0.8571428571428572,0.5512172714745062,0.6224066390041494,0.3894547633313361,0.5660377358490566,0.5759041695461875,0.5007967220578192,0.2909997921430056,0.45599635202918376,0.33726812816188867,0.3695779031316865,0.2636382072601906,0.228310502283105,0.20128824476650561,0.203210729526519,0.3357817418677859,0.2662843097091356,0.14294465999591588,0.1256018421603517,0.14181523500810372,0.0,0.0,0.0,0.12975778546712802,0.10262725779967159,0.0,0.0,0.0,0.0,0.13944223107569723,0.11829652996845426,0.0,0.0,0.0,0.0,0.10840947808579836,0.0,0.0,0.0,0.0,0.0,0.0,0.0,0.0,0.0,0.0,0.0,0.0,0.0,0.0,0.0,0.0,0.0,0.0,0.0,0.0,0.0,0.0,0.0,0.0,0.0,0.0,0.0,0.0,0.0,0.0,0.0,0.0,0.0,0.0,0.0,0.0,0.0,0.0,0.0,0.0,0.0,0.0,0.0,0.0,0.0,0.0,0.0,0.0,0.0,0.0,0.0,0.0,F
Virginia,1.210926499577584,0.912309368191721,0.8073601201652273,0.8133850303438975,0.7827857343442853,0.6508433267787409,0.6803986710963456,0.6623360081518278,0.6404158062046081,0.6701826305244006,0.6579934414985962,0.6470344255495645,0.5843089586931951,0.4770230309309504,0.5342152124141439,0.5018268257252277,0.49062921452820535,0.3987167736021998,0.4707149715463338,0.38291748981732154,0.37205952952472393,0.36831009169651246,0.359450252554916,0.3238846066936152,0.2852084972462628,0.2564478311840563,0.29434850863422296,0.24419138802253332,0.2640661555210674,0.24599675098630772,0.2290900279754169,0.1858309147474579,0.1597238796379592,0.18342475175929027,0.16928173577487352,0.1404831882289876,0.11406968027898184,0.12460529855712729,0.11614743372980285,0.11457614172187376,0.09311262193319539,0.08886790618881653,0.0731470521737974,0.05326612274593359,0.065492008715475,0.03666940633495606,0.04103507877491638,0.04366049598323437,0.047065408197013256,0.03583633035977116,0.03254869284449537,0.028164326040479817,0.028178033941722705,0.024472236891253107,0.020711974110032363,0.033921302578018994,0.019421246844047387,0.007631723548446182,0.015335071308081582,0.013704888076747372,0.008840299980846017,0.007704516387506357,0.0,0.0,0.0,0.0,0.0,0.0,0.0,0.0,0.0,0.0,0.0,0.0,0.0,0.0,0.0,0.0,0.0,0.0,0.0,0.0,0.0,0.0,0.0,0.0,0.0,0.0,0.0,F
Washington,0.9932043910088865,1.1770136164320333,0.5489742848887604,0.5470459518599562,0.546714829639754,0.3856942496493688,0.4770223058317657,0.306888671237349,0.28362357479153666,0.40259964341174437,0.3041585819917143,0.33033963043253844,0.3251856267952956,0.2603036876355748,0.2410025706940874,0.1782338644342425,0.19364833462432224,0.20755034498233016,0.16240129921039367,0.20965548504079784,0.09977827050997783,0.11696590443885607,0.10572687224669602,0.08524111056989771,0.11769980943840377,0.106323447118075,0.10707784559374665,0.07910610105804411,0.04163582531458179,0.02790827480347923,0.06503642039542144,0.04717166555289123,0.03740648379052369,0.027274710888064588,0.03794552107331617,0.013289389751222624,0.027253525924916533,0.025877856517238635,0.01440744247314041,0.030365601846228593,0.02236226875381175,0.011746050390556175,0.029464302156418612,0.012883040397533818,0.01608694097880099,0.0,0.0,0.012424565140220091,0.00906158251477038,0.0,0.0,0.0,0.0,0.0,0.0,0.0,0.0,0.0,0.0,0.0,0.0,0.0,0.0,0.0,0.0,0.0,0.0,0.0,0.0,0.0,0.0,0.0,0.0,0.0,0.0,0.0,0.0,0.0,0.0,0.0,0.0,0.0,0.0,0.0,0.0,0.0,0.0,0.0,0.0,F
West Virginia,1.2824249489944624,1.0588235294117647,0.7635597682991049,0.8389261744966443,0.652001706172689,0.6471192038202347,0.6592159259582642,0.736820679829025,0.6707759245830311,0.664552182449781,0.6093638918040557,0.4875057488885482,0.4111252997788644,0.46121593291404617,0.42913608130999437,0.3950005895531188,0.42927473583093184,0.3568503568503569,0.3543565005062236,0.2713141179099237,0.23879096364721775,0.31119645103621796,0.28118031091432083,0.2725166916473634,0.244140625,0.15386936189470507,0.21038711228660734,0.17421602787456447,0.1654542861218086,0.18680308081388666,0.18050541516245489,0.13082940390852846,0.14228062913907283,0.12691040665334558,0.09169579918619979,0.09228387711359848,0.08933819207711297,0.07854647677711403,0.08662508662508663,0.07785803884251048,0.05572893446277308,0.06219181733374794,0.03196784947709732,0.04111146042417354,0.05298906498386242,0.045834182114483604,0.03553028957186001,0.040787192821454064,0.036291995022812114,0.04124164856616535,0.03769208466222093,0.041406642808553426,0.031098395322801342,0.026173728120399146,0.019496977968414896,0.025514853289593582,0.0,0.0,0.0,0.024646730200460074,0.0,0.030557677616501144,0.0,0.0,0.021863658227294594,0.0,0.0,0.0,0.0,0.0,0.0,0.0,0.0,0.0,0.0,0.0,0.0,0.0,0.0,0.0,0.0,0.0,0.0,0.0,0.0,0.0,0.0,0.0,0.0,F
Wisconsin,0.7806031933767001,0.639048038783605,0.644999686893356,0.45521217945475695,0.499496475327291,0.3695615655971779,0.48828377296096315,0.4518569288959967,0.4339429198159319,0.45025229654547805,0.4068694705965842,0.40729590933238885,0.3898410647966598,0.30419977298524403,0.27447595015162585,0.2546670001591669,0.2286321332070853,0.18707823879200908,0.17107309486780717,0.13631716460297624,0.1682867961294037,0.12224374942337854,0.09735744089012517,0.07558578987150416,0.0990145692866236,0.0825725950731685,0.07529261447899793,0.056023664395840805,0.04772544851074907,0.08281934485539307,0.036182530223054656,0.03851611595378066,0.03433321286591977,0.03965035595205911,0.024574669187145556,0.024572346659105945,0.0,0.017733156911156886,0.0,0.016411378555798686,0.0068407875114583185,0.01018680045331262,0.006286540516753631,0.011394424328361989,0.0,0.0,0.0,0.0,0.0,0.0,0.0,0.005787974903340819,0.006024749671651143,0.0,0.0,0.0,0.0,0.0,0.0,0.0,0.0,0.0,0.0,0.0,0.0,0.0,0.0,0.0,0.0,0.0,0.0,0.0,0.0,0.0,0.0,0.0,0.0,0.0,0.0,0.0,0.0,0.0,0.0,0.0,0.0,0.0,0.0,0.0,0.0,F
Wyoming,0.0,1.837270341207349,0.0,0.8064516129032258,0.7785467128027681,0.0,0.5213270142180095,0.5813953488372093,0.3794411866160745,0.402930402930403,0.3497615262321145,0.3470213996529786,0.6004202942059442,0.44923629829290207,0.2036067481093659,0.2736394040741867,0.30643513789581206,0.2660458929165281,0.2996005326231691,0.3297065611605671,0.0,0.1665001665001665,0.17736786094359702,0.2866356144750985,0.30612244897959184,0.26702269692923897,0.0,0.0,0.0,0.14744913005013272,0.17211703958691912,0.13935340022296544,0.0,0.0,0.0,0.0,0.0,0.0,0.0,0.0,0.0,0.0,0.0,0.0,0.0,0.0,0.0,0.0,0.0,0.0,0.0,0.0,0.0,0.0,0.0,0.0,0.0,0.0,0.0,0.0,0.0,0.0,0.0,0.0,0.0,0.0,0.0,0.0,0.0,0.0,0.0,0.0,0.0,0.0,0.0,0.0,0.0,0.0,0.0,0.0,0.0,0.0,0.0,0.0,0.0,0.0,0.0,0.0,0.0,F
