state,1911,1912,1913,1914,1915,1916,1917,1918,1919,1920,1921,1922,1923,1924,1925,1926,1927,1928,1929,1930,1931,1932,1933,1934,1935,1936,1937,1938,1939,1940,1941,1942,1943,1944,1945,1946,1947,1948,1949,1950,1951,1952,1953,1954,1955,1956,1957,1958,1959,1960,1961,1962,1963,1964,1965,1966,1967,1968,1969,1970,1971,1972,1973,1974,1975,1976,1977,1978,1979,1980,1981,1982,1983,1984,1985,1986,1987,1988,1989,1990,1991,1992,1993,1994,1995,1996,1997,1998,1999,2000,2002,2003,2004,2005,2013,2016,gender
Alabama,0.0,0.0,0.0,0.0,0.0,0.0,0.0,0.0,0.0,0.0,0.0,0.0,0.0,0.0,0.0,0.0,0.0,0.0,0.0,0.010233738589381473,0.0,0.010072116353088112,0.03055967868680695,0.0361322440130879,0.08466035073573876,0.0765696784073507,0.09266347044841063,0.1036475981662348,0.12563315119850038,0.13088753296248531,0.08290780275480018,0.0845508658008658,0.10194999595436523,0.08347814235578725,0.11561098654708521,0.10905292906951741,0.12391914963925758,0.08413187314624686,0.08581481163648846,0.10467550593161201,0.12150316776115949,0.11739945881712886,0.11824251250919264,0.1232391843285614,0.09692305466749605,0.09786539961704843,0.10857608183207851,0.08515011377816926,0.07083302589832509,0.0933580280375239,0.08232836822124986,0.08770555990602975,0.05374855448963304,0.0357938922603843,0.038765153650972654,0.037581975684461734,0.04092530158049617,0.023927261126176425,0.0276379429473892,0.02285104924401112,0.01766541700198245,0.021554511359227486,0.0,0.016107506097841593,0.0,0.0146177459435755,0.0,0.0,0.0,0.013439956992137625,0.0137858143969855,0.0140324617615417,0.0,0.0,0.0,0.0,0.0,0.0,0.0,0.0,0.0,0.0,0.0,0.0,0.0,0.0,0.0,0.0,0.0,0.0,0.0,0.0,0.0,0.0,0.0,0.0,F
Alaska,0.0,0.0,0.0,0.0,0.0,0.0,0.0,0.0,0.0,0.0,0.0,0.0,0.0,0.0,0.0,0.0,0.0,0.0,0.0,0.0,0.0,0.0,0.0,0.0,0.0,0.0,0.0,0.0,0.0,0.0,0.0,0.0,0.0,0.0,0.0,0.0,0.41371158392434987,0.2387774594078319,0.0,0.1954652071931196,0.35702693930542034,0.12027904738994466,0.2617274008455808,0.14806588932074774,0.15957446808510636,0.17149717029669012,0.13091147111765666,0.10741138560687433,0.11109053878911312,0.17406440382941687,0.10474860335195531,0.1211282228759301,0.17056114617090226,0.17857142857142858,0.17297712857966557,0.14236322961155176,0.10552975939214859,0.12518255789693303,0.095565749235474,0.0,0.0,0.0,0.0,0.0,0.0,0.0,0.0,0.0,0.08188666885031118,0.0,0.0,0.0,0.0,0.0,0.0,0.0,0.0,0.0,0.0,0.0,0.0,0.0,0.0,0.0,0.0,0.0,0.0,0.0,0.0,0.0,0.0,0.0,0.0,0.0,0.0,0.0,F
Arizona,0.0,0.0,0.0,0.0,0.0,0.0,0.0,0.0,0.0,0.0,0.08143322475570033,0.0,0.0,0.0,0.0,0.0,0.0,0.06826870562534135,0.0,0.0,0.0,0.0,0.0,0.0,0.0,0.0,0.0,0.05591590248266608,0.06778895040108462,0.0642535874919683,0.06172204505709289,0.07985803016858918,0.07763975155279502,0.0936110461034402,0.08962763790434287,0.07694998251136762,0.07160331762038308,0.122156942586237,0.12414649286157665,0.10983579548574882,0.14963108198751354,0.10305415027168821,0.142793395805444,0.13652459575920475,0.10359688380573513,0.1327088212334114,0.11769465592702932,0.09795740666835977,0.11224525588410678,0.06334389064844141,0.10660980810234541,0.08289399515899068,0.057736720554272515,0.03138950892857143,0.0411522633744856,0.05132862162909148,0.04730368968779565,0.03144406886251081,0.02600586989634803,0.030432136335970784,0.0,0.03102485435554483,0.04413362303096143,0.02284371634631074,0.0,0.0197199763360284,0.0,0.0,0.0,0.0,0.012599536337062798,0.0,0.0,0.014254490164401787,0.011104695065073512,0.0,0.0,0.0,0.0,0.0,0.0,0.0,0.0,0.0,0.0,0.0,0.0,0.0,0.0,0.0,0.0,0.0,0.0,0.0,0.0,0.0,F
Arkansas,0.0,0.0,0.0,0.0,0.0,0.0,0.0,0.0,0.01663506005256679,0.0,0.0315059861373661,0.0,0.0,0.0,0.0,0.015453084435653356,0.0,0.0,0.0,0.0,0.020676821283341373,0.0,0.019630296090299364,0.034630399194056166,0.02788190464388612,0.056732854997497084,0.06765463917525773,0.07420920812590828,0.07469654528478058,0.04105451453036568,0.051102972489566474,0.07010542777792757,0.03979835500132661,0.0669848446788914,0.06787463849377325,0.08827238335435057,0.08743672342383801,0.06735464626783094,0.10898786601758338,0.12639091967980967,0.11610590878114037,0.10968062047893871,0.13283034907815738,0.162053025875352,0.11346340113463402,0.17846846599489305,0.12098880853521049,0.14255167498218105,0.13845221956214485,0.07855002472871149,0.10771156589327821,0.08965756594169366,0.05278282798662835,0.050509552247675074,0.06422390481341266,0.03636363636363636,0.07572028925150494,0.06181186015066641,0.030058237835806877,0.03658045871895234,0.025470290725175565,0.01934385639121015,0.027621039340251747,0.01934909639719825,0.0,0.0,0.0,0.0,0.0,0.0,0.0,0.0,0.0,0.0,0.0,0.0,0.0,0.0,0.0,0.0,0.0,0.0,0.0,0.0,0.0,0.0,0.0,0.0,0.0,0.0,0.0,0.0,0.0,0.0,0.0,0.0,F
California,0.0,0.0,0.0,0.020300446609825416,0.0,0.017768827553528592,0.04748603351955308,0.027337342810278838,0.032241263857543216,0.010325458450355197,0.03420947602485888,0.03472983841485706,0.033137271145721146,0.027246306611770407,0.0213857998289136,0.020046260601387818,0.03782892248097205,0.03330557868442965,0.026418026418026416,0.032623524526958894,0.05557957141974927,0.048970049285985084,0.08340556364171586,0.14078778587742077,0.14943580359865813,0.237349836184929,0.26324706127661796,0.22270123497957578,0.2637878541380993,0.27692340214140004,0.2486456846265115,0.22358902353408014,0.2146782882803318,0.22910261558819464,0.2531917311747844,0.22844119361848733,0.26459734372365734,0.21883084518073717,0.26675341574495776,0.2812881246691067,0.3226643598615917,0.29051761687639616,0.281809803036567,0.2645541527653258,0.22715654722048226,0.210011214191049,0.19068666757935498,0.13937052082301266,0.13465441397816397,0.11304884273684672,0.11115514657617379,0.09680783956130434,0.08765198729826006,0.0776370341380221,0.06498097707147907,0.051446169566574884,0.051441064258462774,0.04503940948329789,0.029359040339321428,0.030478822298306393,0.030099176787514864,0.02974747248358795,0.022620765008664178,0.019305574381913552,0.020424669733090418,0.009836555789009813,0.009480614040410168,0.011839310952102588,0.009078434179606345,0.00918508604457391,0.008771352761879701,0.010091743119266056,0.00844095551616443,0.008234688625836336,0.005621609466790342,0.003039228146568159,0.003194633016532226,0.002277293360930755,0.004787517983114425,0.004486256353660561,0.004533903396120339,0.002313695457521708,0.001682308126749901,0.0014913353416649267,0.0,0.0021155010696502284,0.0021969270482912026,0.001392602495543672,0.0016960363630196232,0.0,0.0,0.0,0.0014164747343401636,0.0,0.0017215022517249451,0.0,F
Colorado,0.0,0.0,0.0,0.0,0.0,0.0,0.0,0.0,0.0,0.0,0.029448141822251014,0.0,0.0,0.0,0.0,0.0,0.0,0.0,0.0,0.0,0.0,0.0,0.0,0.0,0.044894817855310416,0.06412722842118763,0.11346670647954613,0.1496316758747698,0.07465257838520731,0.13237727523441808,0.06595943494750728,0.15640766902119072,0.12967054077418114,0.1541500072257816,0.1785886668597355,0.15271958334964952,0.1953465657376077,0.16915216790941728,0.18038644326499464,0.24178924037880312,0.2787721354579149,0.2637242717269393,0.2683043167183401,0.2596278667243618,0.2107392733709854,0.23783140996189292,0.16206142127866463,0.12480668529722984,0.11492102520244808,0.12048192771084339,0.1209065418156561,0.14247269273389265,0.12992989199577729,0.07397712399704091,0.08521920272701448,0.08072925426351374,0.07884621702421235,0.0674893945237177,0.09275864201348093,0.07633139569021197,0.045800128240359075,0.04162797399852701,0.022351363433169423,0.022197558268590455,0.025085447304882255,0.0185076652580277,0.0,0.022937752673681797,0.01599829351535836,0.0,0.02175805047867711,0.0,0.0,0.0,0.0,0.0,0.0,0.012094530853148206,0.0,0.0,0.0,0.0,0.0,0.0,0.0,0.0,0.0,0.0,0.0,0.0,0.0,0.0,0.0,0.0,0.0,0.0,F
Connecticut,0.0,0.0,0.0,0.0,0.0,0.0,0.0,0.0,0.0,0.0,0.0,0.0,0.0,0.0,0.0,0.0,0.0,0.0,0.0,0.02281646436068267,0.0,0.041277539858624424,0.09360718022135346,0.1255938404412166,0.2815986136683635,0.36401173530370534,0.46689303904923596,0.5909687847257299,0.45472918350848823,0.4244282008960151,0.44885134859427916,0.5499600319744204,0.5295488244016098,0.49266175153310826,0.5445976610228661,0.47662022674713744,0.5015785721560241,0.45965553524948777,0.5269639430649827,0.6283764572078475,0.5821799994707454,0.5562498468475091,0.5302579954821067,0.5149961432006898,0.4313648207755808,0.40158055233432116,0.3576882887227715,0.36245981201236865,0.30883637767438077,0.2226495293998583,0.22395960583109373,0.1864225717936365,0.20021466314398945,0.15499070055796654,0.11702242929894897,0.12040528874551319,0.08104500381388254,0.10960906101571063,0.10129757368192562,0.06479792646635309,0.05136245674740484,0.04990798215789637,0.033473923813349404,0.023878560463926318,0.03483228255947612,0.0,0.017402199638034247,0.030933150025777626,0.016434393899552983,0.0,0.0,0.0,0.0,0.0,0.0,0.0,0.0,0.0,0.0,0.0,0.0,0.0,0.0,0.0,0.0,0.0,0.0,0.0,0.0,0.0,0.0,0.0,0.0,0.0,0.0,0.0,F
Delaware,0.0,0.0,0.0,0.0,0.0,0.0,0.0,0.0,0.0,0.0,0.0,0.0,0.0,0.0,0.0,0.0,0.0,0.0,0.0,0.0,0.0,0.0,0.0,0.0,0.0,0.0,0.0,0.2516514627241271,0.18808777429467086,0.20479812755997662,0.0,0.2528735632183908,0.22596548890714874,0.23620356452651922,0.2810810810810811,0.33989266547406083,0.2188868042526579,0.21955750717784156,0.42595019659239847,0.5200126063662149,0.19182529142688506,0.3719520595123295,0.4949850201901785,0.3329633740288568,0.2595350936583164,0.2682979180081563,0.3105590062111801,0.17533003300330033,0.20597322348094746,0.1885804085908853,0.16432165964876247,0.14055573575521677,0.18098584051953584,0.19618528610354222,0.17774617845716317,0.13722554890219563,0.0768344218209758,0.10323912762937153,0.0,0.1224739742804654,0.06544502617801047,0.0,0.0,0.0,0.0,0.0,0.0,0.0,0.0,0.0,0.0,0.0,0.0,0.0,0.0,0.0,0.0,0.0,0.0,0.0,0.0,0.0,0.0,0.0,0.0,0.0,0.0,0.0,0.0,0.0,0.0,0.0,0.0,0.0,0.0,0.0,F
Florida,0.0,0.0,0.0,0.0,0.0,0.0,0.0336337952374546,0.0,0.0,0.0,0.0,0.0,0.0,0.0,0.0,0.0,0.0,0.0,0.0,0.0,0.0,0.022428565020409994,0.024588148512417016,0.060004615739672286,0.061034091899904094,0.1476463435817266,0.12126280577043697,0.09477175801611121,0.12997935621989448,0.1419396046982009,0.1472609463970155,0.12406581396035801,0.19818870575248992,0.14882336526834714,0.19412539576159552,0.1816472197290251,0.23224381793607585,0.23751593094658788,0.21663942837596442,0.2901231209994741,0.33944557223202104,0.3215434083601286,0.3213349087869967,0.28408318608128313,0.28177024092648123,0.2582103760114231,0.2716598190431288,0.18830341884993415,0.19832060424490486,0.15916983628245412,0.14283348513703734,0.14133232080327385,0.10489023985615052,0.10757595514408658,0.07890553383074764,0.0770397476948263,0.062018580766797726,0.0513096168881939,0.03248749811456484,0.026194296192004193,0.04720813297323409,0.042463846752695274,0.029154873115562627,0.01910721536220115,0.022756868149234482,0.00770267668014635,0.014661860834504247,0.015542245017514915,0.01452952287282197,0.009169731734403814,0.009691237183338825,0.014757288717130444,0.010707975657202006,0.009373349012389863,0.0073230864368302425,0.007176804567637396,0.0038415144786680703,0.0043980208905992305,0.0034827915270647727,0.003416864275317256,0.0,0.0,0.005141161608742913,0.0,0.0,0.003856596322349747,0.0,0.0,0.0,0.0,0.0,0.0,0.0,0.0,0.0,0.0,F
Georgia,0.0,0.0,0.0,0.0,0.0,0.0,0.0,0.0,0.0,0.0,0.0,0.0,0.0,0.0,0.0,0.0,0.0,0.0,0.0,0.0,0.0,0.011432273307547204,0.010211166932157007,0.0,0.028823981552651805,0.04084093428499193,0.07592149717192423,0.07993605115907274,0.10003091864758198,0.10473620677412485,0.10747918657021972,0.1289166286729448,0.11021030541842174,0.15224639556658495,0.16762338504356628,0.19587967782587257,0.21601983454844492,0.20470178382983054,0.21499427939198107,0.251032162699424,0.2670590126234839,0.23872900676796732,0.27228601870486563,0.2539726121426365,0.21713789399099448,0.2087635808566041,0.2104905788490918,0.193432613204689,0.18737626095974355,0.1705741880080464,0.12806982176949805,0.1049317943336831,0.10748922088431019,0.10811330274127286,0.08872543976957104,0.06237541866109808,0.04797448886004148,0.047848236651749275,0.03418896927095442,0.03906453461117767,0.031143789522145943,0.03249006837682572,0.023289032418333126,0.015964749832370128,0.015325409528999082,0.01903311762466692,0.011453629164212317,0.009914897132942246,0.007910891715714196,0.0,0.007573233164702675,0.0,0.007484245662879638,0.0,0.0,0.0,0.0,0.0,0.0,0.0,0.0,0.0,0.0,0.0,0.0,0.0,0.0,0.0,0.0,0.0,0.0,0.0,0.0,0.0,0.0,0.0,F
Hawaii,0.0,0.0,0.0,0.0,0.0,0.0,0.0,0.0,0.0,0.0,0.0,0.0,0.0,0.0,0.0,0.0,0.0,0.0,0.0,0.0,0.0,0.0,0.0,0.0,0.0,0.09337068160597572,0.15514566454059645,0.11711560983771123,0.12539184952978058,0.1654384117912468,0.3222642566904862,0.3169153571900172,0.3419972640218878,0.37257824143070045,0.7308825133631504,0.7532956685499058,0.6144534115920762,0.6683995544002971,0.623429794361217,0.7771775187186049,0.7750490241852647,0.7456929802005657,0.6034699522252954,0.6017551190973673,0.4570383912248629,0.484588496981252,0.34563138011413874,0.4125412541254125,0.34182469276471067,0.2567600096285004,0.21248130951444086,0.19241129839144153,0.25,0.18186327188559145,0.1943291228690045,0.11685655857434998,0.12962409013859805,0.09287925696594426,0.10562704052237373,0.07330034817665385,0.06875552499754445,0.051493305870236865,0.07338295418807003,0.0,0.0,0.0,0.0,0.0,0.05023610971566361,0.0,0.04838865769863544,0.04613823013749192,0.0,0.0,0.0,0.0,0.0,0.0,0.0,0.0,0.0,0.0,0.0,0.0,0.0,0.0,0.0,0.0,0.0,0.0,0.0,0.0,0.0,0.0,0.0,0.0,F
Idaho,0.0,0.0,0.0,0.0,0.0,0.0,0.09095043201455207,0.08023535704733886,0.08625646923519263,0.0,0.0,0.06993985172751434,0.0,0.10077742585660812,0.09066183136899365,0.0,0.0,0.07638252367858234,0.0,0.09319664492078285,0.0,0.09601536245799328,0.19694731659281145,0.07535795026375283,0.10199621156928457,0.12226599646787122,0.3028308097432521,0.1469507714915503,0.18344135991194815,0.17496792254753293,0.1495628163828808,0.17062905243999546,0.16988744956466342,0.18244258424554627,0.27478818410808337,0.17188693659281895,0.19478938397857318,0.17208883061542243,0.2508699522537833,0.20883534136546186,0.15816528272044286,0.17149984409105085,0.17704564698637518,0.21359371424212373,0.25009473285335354,0.15677667163126127,0.1630561378989052,0.09415457041977246,0.13124372732185594,0.11724245740190714,0.12798976081913446,0.07452798940046373,0.14542810398109435,0.0,0.06311803071744161,0.0,0.05530973451327434,0.06605019815059446,0.0,0.0,0.0,0.060072086503804564,0.0,0.0,0.0,0.0,0.0,0.0,0.0,0.0,0.035293287216771364,0.0,0.0,0.0,0.0,0.0,0.0,0.0,0.0,0.0,0.0,0.0,0.0,0.0,0.0,0.0,0.0,0.0,0.0,0.0,0.0,0.0,0.0,0.0,0.0,0.0,F
Illinois,0.0,0.023926567190150957,0.021627466882941336,0.013402430307362401,0.028777296926363327,0.024873301619873767,0.03490114763185448,0.02576262129900862,0.033465102173140075,0.02940945808171908,0.023507066224106966,0.015467455506897517,0.021704665559414162,0.020701697539198212,0.027542392332197976,0.03252395156718984,0.02212491357455635,0.0217253724012204,0.021809837184824148,0.02437332433395204,0.021168501270110076,0.03357887888518122,0.041683120530033785,0.10001702417432755,0.13671610014715244,0.15953093760682874,0.16089133801258976,0.19677367225301104,0.18925536792609285,0.21018086616641166,0.21197218924877054,0.18977146513868762,0.2253671482901009,0.22680529700112995,0.22058333888259973,0.2447287918160587,0.2405572520421092,0.24518108286258156,0.27920936517236844,0.30129184035659745,0.3761286650222664,0.35107581604715843,0.32747534431072683,0.3482034458708961,0.3033604976544555,0.2739374435466755,0.25473019150166554,0.22074622033416072,0.20582578558448256,0.166555791334243,0.1769832975094161,0.13711897237231116,0.1424696134920301,0.1134247865259914,0.09849283063814193,0.10616724323034712,0.089347333136153,0.08294687629604494,0.07816750358007167,0.06515758482552247,0.05637051627617666,0.04971790493071918,0.039836974841418196,0.02991095738072047,0.023905734291619112,0.023121921894147843,0.025388101940696378,0.017460751267802374,0.018829254868448688,0.016043638697256536,0.012101108319156055,0.011463206688781103,0.009529743796503317,0.013947206154388232,0.005118792549963072,0.010576254797086997,0.007405597150326217,0.010230029520942333,0.006361098349648373,0.00487543269465165,0.007127075760815338,0.005891536807376204,0.0,0.0,0.0,0.004005736214258818,0.0,0.0,0.0,0.0,0.0,0.0,0.0,0.0,0.0,0.0,F
Indiana,0.0,0.0,0.022770744147918756,0.0,0.020684127517646145,0.04264071435737935,0.04871988502107135,0.031363412339262514,0.04816259692722632,0.028301476030826837,0.030688653381889603,0.02986348122866894,0.01849340401923314,0.029570051451889526,0.03080777999137382,0.029048656499636893,0.012354830738818878,0.02535550531409132,0.030082296568469453,0.0,0.031312905390293,0.039287282475561,0.043843624406284254,0.02787780229991869,0.0979789003577369,0.07169583043936101,0.09626492106276473,0.07759186678073335,0.07276255154014068,0.09487846069185374,0.09077317385732593,0.09516106009420945,0.08017607294450557,0.09173710766004849,0.08325545832979356,0.11872478784689898,0.08354916868577157,0.12859668863526766,0.12313932852848503,0.1905887745624299,0.18420112530142002,0.20579251781729957,0.18726591760299627,0.18968607995997833,0.16619456261563065,0.1855287569573284,0.14396718337080425,0.12224938875305623,0.15260295578611005,0.10983709208864983,0.09406170861543232,0.07388292233727019,0.09403737438903043,0.06834591853607452,0.0750625521267723,0.045282095214784,0.06654195281798893,0.051493968768907945,0.04641768388302744,0.042961477874838894,0.04001250390747108,0.04141930139444982,0.024510157297538894,0.01751645817215759,0.026646928201332347,0.024220405691795337,0.010072522159548751,0.017558748646513127,0.012660720817038517,0.011048808109825153,0.007215423689679058,0.011555016321460554,0.0,0.007602712647872761,0.0,0.0,0.007906513385727162,0.007578628268283441,0.007484357692422837,0.0,0.010470577676728394,0.0,0.0,0.0,0.0,0.0,0.0,0.0,0.0,0.0,0.0,0.0,0.0,0.0,0.0,0.0,F
Iowa,0.0,0.03449465332873405,0.07315700619020822,0.04975799520513865,0.06939406365328203,0.0959469674943304,0.08940158615717375,0.08563476771569258,0.06341154090044387,0.06754299371330597,0.08248556502612042,0.05228074761469089,0.039538193895302866,0.06482225737029067,0.07465273149012185,0.0718728403593642,0.03913019173793952,0.03704548045138493,0.04380329400770938,0.02869028833739779,0.03800280636108513,0.03308171182821569,0.02760482164218017,0.04955112510201703,0.09021856174150927,0.10504201680672269,0.1315977685595766,0.14269641338053293,0.08140670791273201,0.10199278204927037,0.08862330033170435,0.09652276730773872,0.11056239404437238,0.07306074118862269,0.0936816904340585,0.13933569657603018,0.11870076615949066,0.1473004362359073,0.1253248309036289,0.14937063956136037,0.19312675667753004,0.1773584236383307,0.18161675232923485,0.17016654598117306,0.173412471395881,0.15890213073311665,0.1470034599594844,0.11293368385974006,0.1247085615138535,0.11753856168966204,0.11729990286101794,0.12389920323281614,0.07019936620000802,0.1007598975607708,0.059266013220879876,0.0667779632721202,0.06165836334040349,0.04777230212209595,0.06757771437152725,0.05624159432693483,0.042487652026129905,0.03231587296924116,0.01867878712408941,0.03596475454055026,0.02618105655108215,0.037559228013405756,0.01610824742268041,0.01883745963401507,0.023016725487187355,0.01504664459825459,0.0,0.0,0.0,0.014037451921727168,0.0,0.0,0.0,0.0,0.0,0.0,0.0,0.0,0.0,0.0,0.0,0.0,0.0,0.0,0.0,0.0,0.0,0.0,0.0,0.0,0.0,0.0,F
Kansas,0.0,0.0,0.0,0.05619731501717141,0.06544217093495047,0.09669231698964587,0.027534122644849154,0.04770467138820594,0.03436426116838488,0.06550594725047405,0.07922360863537334,0.04508253571923984,0.050571457469404266,0.050747682522498144,0.03817853672081077,0.05776798931292198,0.025487911447713372,0.07590708972218005,0.03460473700399877,0.04878597965999925,0.026886883042058767,0.075600827630113,0.07495315427857589,0.06811989100817438,0.06984674801758495,0.11204714279785867,0.12817226352217378,0.07534533277521976,0.13402018679063535,0.1341212959470221,0.15614990390775144,0.10115606936416184,0.11971132469131579,0.09768009768009768,0.10495078170237407,0.1159208077849974,0.14729549112135512,0.15651233601775705,0.15019191188741168,0.16889553395907744,0.271871553515094,0.21194182562303587,0.19154822995246765,0.23130653841749682,0.17804703216408074,0.1979522184300341,0.14860221045788055,0.10400541795665635,0.1537042729787888,0.12261814258037618,0.10846534153970337,0.08792800248267302,0.1213927054019754,0.0793814129891512,0.07206026858827383,0.08911702848180231,0.05555144063402711,0.06261510128913444,0.0844059928254906,0.027584304530722015,0.036934441366574325,0.02021018593371059,0.037645877776383486,0.02467206710802253,0.019836546853923668,0.022897267592733934,0.0,0.0,0.0,0.0,0.0,0.0,0.0,0.01638377351071499,0.0,0.0,0.0,0.0,0.0,0.0,0.0,0.0,0.0,0.0,0.0,0.0,0.0,0.0,0.0,0.0,0.0,0.0,0.0,0.0,0.0,0.0,F
Kentucky,0.0,0.0,0.0,0.0,0.0,0.0,0.0,0.0,0.0,0.0,0.010149605180358484,0.0,0.0,0.0,0.0,0.0,0.0,0.0,0.011181930001118194,0.0,0.0,0.0,0.0,0.02512562814070352,0.0339450514479686,0.05885558583106267,0.05146018268364853,0.06336633663366337,0.06049850770347665,0.030891012646008305,0.05954667691125624,0.05357868676791191,0.06322405489335589,0.0479276101376481,0.06544113272651556,0.07971497828173552,0.08441152071720685,0.10868252626494385,0.10511562718990891,0.09981572481572482,0.12355351976856316,0.11767942291233648,0.12732128439227378,0.1298139333621809,0.13603591348115904,0.10955902492467817,0.08804420426255388,0.08217181661731189,0.08962096512508305,0.06960813782411289,0.06470083949339242,0.060955518945634266,0.03554682871506678,0.04613807245386193,0.05103583849992439,0.04231055950677976,0.037069835451119304,0.0458486162054018,0.0286820593718629,0.033102266531661345,0.01949925902815693,0.023505780285061006,0.015387997362057594,0.01324649519814549,0.010892534257020237,0.012886874718099616,0.0,0.01676059583918208,0.0,0.0,0.0,0.0,0.0,0.0,0.0,0.0,0.0,0.0,0.0,0.0,0.0,0.0,0.0,0.0,0.0,0.0,0.0,0.0,0.0,0.0,0.0,0.0,0.0,0.0,0.0,0.0,F
Louisiana,0.0,0.0,0.0,0.0,0.0,0.0,0.0,0.0,0.0,0.0,0.0,0.0,0.0,0.0,0.0,0.0,0.0,0.0,0.0,0.0,0.0,0.0,0.03174200101574403,0.03219763493736096,0.049674195716331124,0.10346314125592758,0.12347033968062339,0.16963307061955218,0.14853894025149178,0.19640095254461984,0.22726229282402094,0.160692477449489,0.21457473331426002,0.21059586241070324,0.21385984619372678,0.19851295748213385,0.22261431657404812,0.19138596724803622,0.21022225788333465,0.23571100881147866,0.296045675618524,0.24092058599069235,0.2302631578947368,0.24626772223227078,0.24008933556672252,0.20913770913770913,0.21130480718436345,0.21023031601499734,0.17832481932880148,0.1340189267545539,0.13829133374308542,0.09637597970435251,0.10410099262495784,0.08789019584865308,0.08599547727489887,0.04806895408586109,0.05097446179464088,0.04342539517109606,0.05034372613012986,0.01936858415649816,0.04406418683215217,0.021943386063954996,0.027346543817577514,0.03424437643130792,0.014761392631956307,0.010422746602184608,0.023415091026166367,0.017474710211055667,0.011017867308151385,0.012223871474722781,0.008620392400262059,0.010026067776218167,0.0,0.0,0.0,0.0,0.015820594458836792,0.0,0.0,0.0,0.0,0.0,0.0,0.0,0.0,0.0,0.0,0.0,0.0,0.0,0.0,0.0,0.0,0.0,0.0,0.0,F
Maine,0.0,0.0,0.0,0.0,0.0,0.0,0.0,0.0,0.0,0.0,0.0,0.0,0.0,0.0,0.0,0.0,0.0,0.0,0.0,0.0,0.0,0.04190061174893153,0.08175872093023256,0.06889424733034792,0.18822724161533197,0.31082714557071317,0.2510822510822511,0.410958904109589,0.3259284672784973,0.34476959300369997,0.33439490445859876,0.3426124197002141,0.2927867979771094,0.3344248589145127,0.34279752589611745,0.387550679704269,0.4076497232008053,0.4192986277499456,0.5657164826715,0.5554296077986851,0.64858158028312,0.6040968751716184,0.3955353272648461,0.5856209150326798,0.40541252040225345,0.4599007854485324,0.31265758951084216,0.3763222131814484,0.26246719160104987,0.2615217605842297,0.22147849197755687,0.2558442861442761,0.18020883023268142,0.15329026606810467,0.1644157369348209,0.13442580975547305,0.10649627263045794,0.10591724332721367,0.09785419724610331,0.08206811653672548,0.08184422316191516,0.052195958541495786,0.039881949429688125,0.0,0.0,0.04218341348181895,0.0,0.0,0.0,0.0,0.0,0.0,0.0,0.0,0.0,0.0,0.0,0.0,0.0,0.0,0.0,0.0,0.0,0.0,0.0,0.0,0.0,0.0,0.0,0.0,0.0,0.0,0.0,0.0,0.0,0.0,F
Maryland,0.0,0.0,0.0,0.0,0.0,0.0,0.0,0.0,0.0,0.0,0.0,0.0,0.0,0.0,0.0,0.0,0.0,0.0,0.0,0.0,0.0,0.0,0.0,0.036307524734501224,0.04492362982929021,0.09668508287292818,0.08368200836820083,0.11179198410069559,0.12647021626406982,0.09383063570255688,0.11739926107523911,0.11492271447451588,0.14518470721084045,0.13634426927993182,0.1915982727558695,0.20197162779514305,0.23318759108890275,0.23806345392248474,0.2713308666890907,0.3245542860902173,0.3473764995758775,0.34909736151828424,0.3689064558629776,0.3995220004637309,0.2977029312288613,0.2989511086815402,0.2713749110585276,0.23736974125014731,0.25510204081632654,0.19193857965451055,0.1832508704416346,0.14124537076909827,0.17999528984288263,0.14599765061251888,0.09577694613433603,0.09967329309485576,0.08874141523265684,0.07384639948906276,0.08121063265063583,0.06373232423819956,0.044829647340107595,0.065321527072144,0.029197080291970805,0.038198139204933014,0.02250351617440225,0.028714179061620628,0.02458344714558864,0.01909333915225574,0.015460331366435622,0.017384393781353997,0.012016631017327981,0.03174459208199175,0.01567538516660695,0.01968676174643451,0.0,0.0,0.0,0.0,0.0,0.0,0.0,0.0,0.0,0.0,0.0,0.0,0.0,0.0,0.0,0.0,0.0,0.0,0.0,0.0,0.0,0.0,F
Massachusetts,0.0,0.0,0.0,0.010531858873091101,0.0,0.0,0.0,0.0,0.0,0.0,0.0,0.0,0.0,0.0,0.007696570408226093,0.0,0.0,0.01590988640341108,0.008376472164982995,0.011658894070619588,0.01755926251097454,0.02627108254374135,0.04709428275407365,0.1477950821186425,0.21031081332588872,0.27312111508758713,0.30053012767863807,0.39989044097507537,0.426226534868958,0.41133848510403936,0.42872625270942244,0.4858852347106774,0.42456504803947026,0.4597896887904977,0.4512256851543857,0.5125123309106164,0.49939622178104337,0.49547821320909835,0.5123595505617978,0.5655063647628703,0.6011269786648313,0.6303973257121633,0.5763718581525057,0.5372525086790791,0.4806940753478193,0.47006814540259845,0.4110546674744839,0.3423693837351093,0.31024373582793335,0.28008553963778127,0.22577169890861398,0.21260825466177732,0.19504449758889716,0.17671924733666022,0.1393661499835101,0.13996036322513464,0.12472427850469447,0.09140657886824223,0.08479434385897865,0.07370598445041489,0.07777259293824856,0.044175464946768564,0.056887315708800144,0.03283640901031063,0.0186469122408503,0.04371164303323833,0.015331414067424153,0.013498692314182064,0.0,0.012855535915153463,0.009466410021772743,0.012354067576749646,0.01998647069675912,0.0,0.00863036161215155,0.0,0.0,0.006878335992956584,0.0,0.0,0.0,0.0,0.0,0.0,0.0,0.0,0.0,0.0,0.0,0.0,0.0,0.0,0.0,0.0,0.0,0.0,F
Michigan,0.0,0.0,0.0,0.0,0.014987688684295043,0.02608047690014903,0.0316022332244812,0.007999616018431115,0.04550466422808338,0.03237243718205642,0.020605507557805807,0.0,0.013230041013127141,0.010932396791341541,0.014881959006967461,0.02647779175216787,0.01940642223199731,0.028641358121126906,0.02558002711482874,0.017788168326895712,0.03862921472324927,0.0603474287684814,0.05752868864868138,0.12947404764644954,0.2312913997919746,0.24445584938278275,0.23339038431616616,0.2522685803157031,0.23686103325975347,0.25941402948633674,0.26497199482981476,0.23999036332131837,0.24255848863178708,0.2605507922561881,0.2690344425463138,0.30750509767808987,0.27568851439235426,0.2581375851265683,0.3017899513265138,0.31427695395250305,0.382123598556853,0.3432638407759652,0.32662283044468593,0.340601846974964,0.32593102656796924,0.29220940022782427,0.2626202086795434,0.22125014778158728,0.22024653774748906,0.16488822933597153,0.16853932584269662,0.14636577564397785,0.13291836867016793,0.11848576515988958,0.11137495534494714,0.07845909171231666,0.08352580584244854,0.0738646113900723,0.06121467403186078,0.05794520644746419,0.0517011974909713,0.04750029687685548,0.03215979846526295,0.033937170373767485,0.02278726192058639,0.023094910459107575,0.018316695668101474,0.011844670809264355,0.015827236916150816,0.011282077985194441,0.014175725841462225,0.008080517871412025,0.013073848567479734,0.008276775368316504,0.01355711613025677,0.006472013165923926,0.00546826583062958,0.008273883944987865,0.0,0.006038855723109838,0.010760208748049713,0.0,0.0,0.0,0.0,0.0,0.006468375036384609,0.0,0.0,0.0,0.00597186059288632,0.0,0.0,0.0,0.0,0.0,F
Minnesota,0.0,0.0,0.0,0.031455019322369014,0.015263447096892363,0.028146813780680027,0.02518750699652972,0.021168501270110076,0.01940563317808827,0.025527786996145302,0.04154346179223382,0.029319064721835375,0.027166530834012496,0.02969635477245168,0.04109413124438166,0.028181282504547437,0.052470026497363376,0.029673590504451036,0.025388586419927216,0.04410264891535048,0.025038949476964167,0.05020360350309589,0.06680996920931855,0.09545199326221224,0.15789036314783525,0.22626843422243517,0.1854463772658413,0.19387552197255917,0.2694691457828079,0.2430245087924433,0.1799200355397601,0.2133365841765208,0.22531287765510744,0.18744940996038,0.24419491987354192,0.2447109460421042,0.26343519494204426,0.22610024839182216,0.2723904990193942,0.3078431072243579,0.36903535873669757,0.3821180256277653,0.3480261738692745,0.34108527131782945,0.34487109391428694,0.2886399560167686,0.24701908055492502,0.19240670984526165,0.22972302712298012,0.19422827071221407,0.18477358541092037,0.14462105191350025,0.1453467455280692,0.14279272508642718,0.1401541695865452,0.10067347080469347,0.08131844302287759,0.07393115386695999,0.05868440239716892,0.06383823047326559,0.06442200200845065,0.05036831832777183,0.04406451044328897,0.038338658146964855,0.02926972047416947,0.016646552082899828,0.011712802092687307,0.022860626381162843,0.010859925066517041,0.012124781320908318,0.013777188420273132,0.010310341272296113,0.0,0.0106332075070445,0.0,0.0,0.00936364657852354,0.011122439521735101,0.009079023823358512,0.0,0.0,0.0,0.0,0.0,0.0,0.0,0.0,0.0,0.0,0.0,0.0,0.0,0.0,0.0,0.0,0.0,F
Mississippi,0.0,0.0,0.0,0.0,0.0,0.0,0.0,0.0,0.0,0.0,0.0,0.0,0.0,0.0,0.0,0.0,0.0,0.0,0.0,0.0,0.0,0.0,0.0,0.0,0.022053148086889404,0.025482035165208528,0.029906745330469536,0.03414851979300743,0.042682601504561705,0.03867673980867906,0.0302716884034207,0.038164297299875964,0.04784688995215311,0.049639522515069145,0.05351886540005352,0.05876797145555672,0.05581538579979598,0.05279108417245087,0.07679459366060629,0.08304685387616362,0.09569194847945495,0.10895153602210159,0.08713837574067619,0.10865214159089609,0.09500542888165038,0.12282335228510867,0.11488229603353757,0.14192982822316377,0.128194693146671,0.11298489350127632,0.11193478214957021,0.09553937283709475,0.08821064702509593,0.10023692363768909,0.07318427295210216,0.06956894014395419,0.05278364262695855,0.05736740957462066,0.047282638927518494,0.03867189658029943,0.019470404984423675,0.02409058058299205,0.015846353754001202,0.016276041666666664,0.020219039595619208,0.02071608604081069,0.0,0.0,0.0,0.0,0.0,0.0162585763990505,0.0,0.0,0.0,0.0,0.0,0.0,0.0,0.0,0.0,0.0,0.0,0.0,0.0,0.0,0.0,0.0,0.0,0.0,0.0,0.0,0.0,0.0,0.0,0.0,F
Missouri,0.033373381391002536,0.0,0.0,0.0,0.02750338062386835,0.027982865875971326,0.03250200429026456,0.0159610550257372,0.02953586497890295,0.015543336765820202,0.018373233872893968,0.027011904532211698,0.01862856504163484,0.012580650958825327,0.02018978396931153,0.029896483426137,0.0,0.0,0.018036433595863644,0.015622864061554085,0.016110518154540145,0.029523490857559,0.04114972326811102,0.06382766530368006,0.09788726649808303,0.0766839378238342,0.1046347017910999,0.11208337429947891,0.1352596396996844,0.12302415747092155,0.09966777408637872,0.11730676522577535,0.12665353222628764,0.11676202231822655,0.14537120965948933,0.15463055834169173,0.15419433460170606,0.16705031239723775,0.12825882106585698,0.1928627826604709,0.2099756870257128,0.209412542709137,0.22538810143669846,0.2061493411420205,0.21149554223484185,0.18956263560580106,0.2127344914280514,0.14819920730656555,0.14795929981106737,0.12269657252284792,0.14357335556404643,0.14583408660857408,0.14169278996865203,0.10020692078447704,0.1042415022045669,0.08823659171458403,0.07204390079401575,0.06982915134304735,0.07266256395047083,0.05341880341880342,0.05418912002890087,0.04768638800276252,0.02452440177977087,0.027523093595720163,0.02457649433862898,0.024395343974350038,0.018160805679379232,0.01994614540740002,0.022069487357336527,0.009207255317189945,0.011015815563773703,0.007862624229462826,0.009563886763580718,0.008075457070870212,0.00942003956416617,0.0,0.0,0.0,0.0,0.0,0.0,0.0,0.0,0.0,0.0,0.0,0.0,0.0,0.0,0.0,0.0,0.0,0.0,0.0,0.0,0.0,F
Montana,0.0,0.0,0.0,0.0,0.0,0.0,0.0,0.0,0.12170385395537525,0.0,0.0,0.0,0.0,0.0,0.0,0.0,0.0,0.0,0.0,0.0,0.0,0.0,0.07501875468867217,0.06883259911894274,0.06702412868632708,0.18013381369016984,0.08999742864489586,0.1739346502671139,0.21461786097531896,0.2262699400384659,0.14636343165953614,0.21061966522558473,0.2649769585253456,0.15638157103332131,0.2695087590346686,0.1369997064292005,0.1925975548484341,0.22024565861922915,0.18084669132757913,0.2564102564102564,0.37186486272648156,0.22009714632665453,0.2933654280126373,0.2741504941923382,0.17764513607617424,0.2822666008044598,0.3310344827586207,0.18440657962676107,0.1826417299824664,0.16411786646773593,0.15682174594877157,0.1485071127090824,0.12503125781445362,0.09743998582691116,0.1381760757994473,0.09580583351075155,0.06700915791824882,0.0,0.07088846880907373,0.05504789166574921,0.0,0.0,0.0,0.09120966822483183,0.05992329817833174,0.0,0.0,0.0,0.0,0.0,0.0,0.0,0.0,0.0,0.0,0.0,0.0,0.0,0.0,0.0,0.0,0.0,0.0,0.0,0.0,0.0,0.0,0.0,0.0,0.0,0.0,0.0,0.0,0.0,0.0,0.0,F
Nebraska,0.0,0.0,0.0,0.03809814081072844,0.02752849198920883,0.07750736319950395,0.04974876871797423,0.07040931280510702,0.04005407299854804,0.04544008724496751,0.022008010915973413,0.022689113763216407,0.04552697473252903,0.0356808349315374,0.050855293573740176,0.02868068833652008,0.0,0.0477326968973747,0.0,0.029112081513828242,0.029455081001472753,0.0,0.0,0.0925402292941237,0.0812787862367922,0.10115530000532397,0.10244735344336939,0.15578057193724268,0.1439247163022419,0.13878865263976017,0.1379158161858002,0.14739517153748413,0.09245742092457421,0.07355465110577158,0.07915306223409518,0.11132043158075013,0.15228049324023177,0.17110916764896003,0.13837983394419925,0.18098544729260546,0.262412091949197,0.24590447823225853,0.19356920098935368,0.25603254769921435,0.2118788872941016,0.1552420050367406,0.18054375531011044,0.13245507267129664,0.12786398037115113,0.13137878578343246,0.10998075336816059,0.12943398866578046,0.072846476051721,0.10883084577114428,0.09484393861010519,0.05642279480910288,0.02514205259717403,0.06549778315195486,0.09324695720455438,0.06164058795637743,0.053268765133171914,0.047385879008055604,0.03824091778202677,0.026106934001670842,0.0,0.03125,0.024676734774454645,0.024646325232907777,0.0,0.0,0.0,0.0,0.0,0.0,0.0,0.0,0.0,0.0,0.0,0.0,0.0,0.0,0.0,0.0,0.0,0.0,0.0,0.0,0.0,0.0,0.0,0.0,0.0,0.0,0.0,0.0,F
Nevada,0.0,0.0,0.0,0.0,0.0,0.0,0.0,0.0,0.0,0.0,0.0,0.0,0.0,0.0,0.0,0.0,0.0,0.0,0.0,0.0,0.0,0.0,0.8680555555555556,0.0,0.0,0.0,0.0,0.0,0.4844961240310077,0.6060606060606061,0.4191114836546521,0.3785488958990536,0.31965903036760784,0.35569105691056907,0.0,0.28708133971291866,0.1753155680224404,0.287828947368421,0.2010454362685967,0.4408817635270541,0.4293381037567084,0.2316346790205162,0.0,0.24594195769798327,0.1863498718844631,0.1695633743111488,0.2126754572522331,0.16981532583315645,0.20964360587002098,0.0,0.10535557506584722,0.0,0.1224177505738332,0.10090817356205853,0.07576905591756326,0.0,0.0,0.08539709649871904,0.0,0.0,0.0,0.0,0.0,0.0,0.0,0.0,0.0,0.0,0.0,0.0,0.0,0.0,0.0,0.0,0.0,0.0,0.0,0.0,0.0,0.0,0.0,0.0,0.0,0.0,0.0,0.0,0.0,0.0,0.0,0.0,0.0,0.0,0.0,0.0,0.0,0.0,F
New Hampshire,0.0,0.0,0.0,0.0,0.0,0.0,0.0,0.0,0.0,0.0,0.0,0.0,0.0,0.0,0.0,0.0,0.0,0.0,0.0,0.0,0.0,0.0,0.0,0.08643042350907519,0.0,0.2772002772002772,0.2560600887674974,0.5339562823293843,0.4033559212649242,0.5249737513124344,0.424783946096382,0.37380768239236917,0.49846625766871167,0.44752418074202394,0.45176333430486737,0.4539216721207643,0.5298818624044476,0.5752458712191502,0.5675146771037182,0.6517597513285872,0.7038858355028444,0.6253607850683086,0.49880287310454907,0.6327320804608556,0.5251805308074651,0.425531914893617,0.3941145559642669,0.29921675613834375,0.24728428861609114,0.21951005356045306,0.14684287812041116,0.2534078993358965,0.2556192155134421,0.23293316609926534,0.18953752843062927,0.14947683109118087,0.1091486406032943,0.10150223304912709,0.11643702697457792,0.08428544671286758,0.06725595695618755,0.0,0.0,0.05417705060136527,0.07815989280928987,0.0,0.0,0.0,0.0,0.0,0.0,0.0,0.0,0.0,0.0,0.0,0.0,0.0,0.0,0.0,0.0,0.0,0.0,0.0,0.0,0.0,0.0,0.0,0.0,0.0,0.0,0.0,0.0,0.0,0.0,0.0,F
New Jersey,0.0,0.0,0.0,0.0,0.0,0.010153933633889767,0.0,0.0,0.0,0.0,0.0,0.0,0.0,0.00853446215819479,0.0,0.0,0.0,0.0,0.0,0.009000738060520963,0.0,0.02366117201672056,0.04068958132562373,0.1380247129962317,0.2323309086961242,0.3199088478899163,0.32794615681399236,0.41506692954238866,0.4336299554039335,0.42935283392475543,0.3665241295051924,0.4349500163997547,0.44012340437576064,0.40380999352671004,0.43512538281936985,0.43012320478238686,0.4384394161376092,0.4180552775062708,0.40873854827343203,0.5233405210093829,0.530469519654437,0.5552803236726942,0.48927742941945157,0.45018294668684505,0.4088269017499671,0.33237233046256676,0.30492385741937195,0.2941727061214666,0.26422201790639754,0.23037610443716736,0.2130694171464352,0.198858801293478,0.16394611162591774,0.13694093638959248,0.11846207791961637,0.12778096955048834,0.10230760486529498,0.08201697857972157,0.07215384454506478,0.06510954940057875,0.039064679948657845,0.05465314319123517,0.04745827062061858,0.0412847824291966,0.0374488678919168,0.036668182284867776,0.011416176722415664,0.02167818018903373,0.008471584892340275,0.018146286990508097,0.011149359608657478,0.025667697877686663,0.009429387359232717,0.00795682098478921,0.008939746111210442,0.006188731557579958,0.007177462766911898,0.005793071486502144,0.0,0.012163701303727622,0.0,0.009319773063525903,0.0,0.0,0.0,0.0,0.0,0.006587615283267457,0.0,0.0,0.0,0.0,0.0,0.0,0.0,0.0,F
New Mexico,0.0,0.0,0.0,0.0,0.0,0.0,0.0,0.0,0.0,0.0,0.0,0.0,0.0,0.0,0.0,0.0,0.0,0.0,0.0,0.0,0.0,0.0,0.0,0.0587406015037594,0.0,0.0,0.09279307145066501,0.07962575893301484,0.0,0.05622188905547226,0.04597701149425287,0.0,0.0,0.07350539039529566,0.10962138460241166,0.05728607232366631,0.12566760917373546,0.036773719048786464,0.05824790307548928,0.10660382651629917,0.09084593598033452,0.12536355430749171,0.09204980378857613,0.11312750412444025,0.11245431543435479,0.09121174807315183,0.07037916776634116,0.08739348918505571,0.08410075270173667,0.0781057304941215,0.03368421052631579,0.06892986386351886,0.04135079255685734,0.08067577828397875,0.031036623215394164,0.08027522935779817,0.0,0.06429627724554748,0.042818693418155127,0.035786711201240606,0.04744114333155429,0.07690335811330429,0.03269683494637719,0.03159158400202186,0.0390396252195979,0.0,0.04274026132616925,0.029130738755534843,0.0,0.0,0.0,0.0,0.0,0.025472515156146517,0.0,0.0,0.0,0.0,0.0,0.0,0.0,0.0,0.0,0.0,0.0,0.0,0.0,0.0,0.0,0.0,0.0,0.0,0.0,0.0,0.0,0.0,F
New York,0.0,0.0,0.0,0.004891011950372532,0.003946926988428925,0.0038417702877485945,0.006730010339743158,0.008756056272254975,0.004329138192275581,0.005274910766092874,0.0068726160613037345,0.006936416184971098,0.008555978918067947,0.004478706549548491,0.0084377742276624,0.018097193238436175,0.007191299633796895,0.012287619664659688,0.0057124250958259315,0.011980625616859593,0.010811979673478214,0.02269813323190744,0.046885683586754795,0.1166800632665232,0.1617424364468215,0.21425927969925787,0.2505248336705376,0.3486531270982327,0.343383688039625,0.3648997835044347,0.3456264954992594,0.37349826425002197,0.4025655021834061,0.37787160248104484,0.39318605219173686,0.41789136383836334,0.3906479773846308,0.36921695084960393,0.3888768752038763,0.44873355400608245,0.4457456440070625,0.42447635084242485,0.4125309651000152,0.3620891961554838,0.32267948447882955,0.3038088570260946,0.28879684454699045,0.2412246024289891,0.2200436341844808,0.20397002991979482,0.17997948485592202,0.1605032553684456,0.16650600297958112,0.1295726416622319,0.11543141190295443,0.08963642591148585,0.07767421216156235,0.07975640899715156,0.07741316178576682,0.05823197011780481,0.05573432145640749,0.047398044830650736,0.029722098380145636,0.03250923315515431,0.032221069302604995,0.028703591260860445,0.022999583817054737,0.01575556368342571,0.013968431345159939,0.015440183076456478,0.015195588937611252,0.01333696098672172,0.014816696300059266,0.006866136741754033,0.008222965715372321,0.01018936943087277,0.008958477456986866,0.004877239872411405,0.00817197684927029,0.0037104546698391054,0.0023961048918877473,0.003450519549657906,0.003569862203318952,0.0062695597201686505,0.004339806878593903,0.005638090942406901,0.004688617209569468,0.004736614623113496,0.0,0.004230553054157123,0.0031790841694324698,0.0031659996960640294,0.004539029166504558,0.004686035613870666,0.0,0.004109949365423818,F
North Carolina,0.0,0.0,0.0,0.0,0.0,0.0,0.0,0.0,0.0,0.0,0.0,0.0,0.0,0.0,0.0,0.0,0.0,0.0,0.0,0.0,0.0,0.01128704569641072,0.008442665856170744,0.025506950644050504,0.04695497018359394,0.05458778196997672,0.03919293900010974,0.07682261657832067,0.11749088301264934,0.09789670414429381,0.07951044284477006,0.10836383819428842,0.09521995810321843,0.12669922132770225,0.12006883946796164,0.1308567061166825,0.12701887727704572,0.14437576198318824,0.15603007125009546,0.1994314550783402,0.19228142435354564,0.17824757759469403,0.17468325815102909,0.18417138057700286,0.17638650947317203,0.156933419731087,0.14481360420373204,0.11648534849423985,0.1483299541137552,0.13910755494209245,0.11024650261701649,0.0810505909026188,0.09435445824815222,0.07667307516250114,0.07195494131950475,0.05493283806584093,0.0565700152607483,0.04606657277860405,0.034999481489163126,0.03374325134973005,0.018179221150225293,0.031150883552333482,0.014968939450639922,0.023026972260174083,0.019541427826993224,0.014783665692039816,0.018923564568779274,0.009717228646390049,0.012753475322025252,0.014068874958965782,0.010969895472567427,0.0,0.0,0.0,0.0,0.0,0.0,0.0,0.0,0.0,0.0,0.0,0.0,0.0,0.0,0.0,0.0,0.0,0.0,0.0,0.0,0.0,0.0,0.0,0.0,0.0,F
North Dakota,0.0,0.0,0.0,0.0,0.0,0.0,0.0,0.0,0.0,0.0,0.0,0.0,0.0,0.052397170552790154,0.0,0.0,0.0,0.0,0.0,0.045314482508609755,0.06479681569934277,0.05610098176718093,0.0683193441342963,0.0,0.1332952489764829,0.23893720730192108,0.12395413696932135,0.22492587669972397,0.20132876988121604,0.19510291678860597,0.1949317738791423,0.13337143945889302,0.15220700152207,0.21642984849910607,0.15278838808250572,0.23050959084547623,0.26017200260172,0.21514949180206247,0.26574149258138335,0.2551578333454837,0.4029356741977263,0.2945825549647938,0.36983321247280637,0.35263417730446434,0.3236711501114867,0.2606105733432614,0.3159795365633464,0.2634748569707919,0.2724996317572544,0.20507367461643625,0.1385148133897653,0.23491292021061158,0.2203016437891883,0.15201645354556023,0.17331022530329288,0.11442837823780298,0.12603116406966086,0.0937426763534099,0.11362345188046813,0.13322971022538024,0.08284023668639054,0.09721715882853323,0.11370814908401769,0.0,0.0711997152011392,0.0,0.0,0.0,0.0,0.0,0.0,0.0,0.0,0.0,0.0,0.0,0.0,0.0,0.0,0.0,0.0,0.0,0.0,0.0,0.0,0.0,0.0,0.0,0.0,0.0,0.0,0.0,0.0,0.0,0.0,0.0,F
Ohio,0.0,0.037229091876080304,0.026566305069736548,0.037500669654815265,0.032337761450801326,0.03978318165995325,0.02212337858922708,0.02892371637617971,0.029051863386517607,0.028132619251047156,0.02992847095441894,0.03426471046319659,0.028008682691634406,0.0300900760987731,0.027933796901343816,0.03630093474906979,0.020925505201482723,0.025478226307797357,0.023050890078687356,0.032808062581379374,0.03019627579265224,0.05443090749061935,0.05289963831410083,0.12571588210643944,0.11659674672214537,0.13330196816435347,0.15275222942954572,0.16709459184089334,0.15522326279298393,0.1833126367453137,0.14015860528624005,0.16810551370374155,0.13462360822946198,0.16832558978366727,0.17526760370712355,0.17586399850782064,0.18441573225567762,0.18112551394364582,0.20349660249150622,0.2228062839734783,0.25559673502953256,0.2574326313254302,0.26050491358861405,0.22548479230345242,0.23250116250581251,0.19895072621797538,0.18720502434129846,0.16358429202465902,0.1374428753049514,0.13132854933988822,0.11497355608210112,0.12096880695174454,0.09790663709633796,0.07509829040950657,0.08215518464229987,0.05755831566192063,0.060600759696121546,0.05195585630136901,0.04615952732644017,0.042245339810952104,0.03869196205691462,0.04156744494074878,0.03281329236643498,0.022329901971730345,0.026481447854246113,0.021686597682632133,0.018724768374615206,0.018846162544382712,0.015946651203247317,0.013493647332874075,0.010034691361564265,0.015307238136890444,0.012822350110498489,0.008284442569984712,0.008274782975010156,0.0053863970390205995,0.006908621960206337,0.0,0.003786444528587656,0.004500045000450004,0.0,0.0,0.0,0.0,0.0,0.0,0.0,0.0,0.0,0.0,0.0,0.0,0.0,0.0,0.0,0.0,F
Oklahoma,0.0,0.0,0.029168125072920315,0.0,0.0,0.0,0.032829940906106365,0.01687716238643076,0.041161942843702226,0.03293807641633729,0.03152432222707212,0.02530940750677027,0.03980594601318572,0.03658090476771125,0.0,0.0,0.012194824516475208,0.012449889195986157,0.0,0.014627724413672046,0.0,0.026080379730328875,0.04436673017198633,0.055421201128577194,0.06485252535733742,0.0899893648932399,0.09372603595671561,0.11364866327524623,0.0846508833729281,0.05917955615332885,0.07640023183518627,0.07855459544383347,0.10432968179447052,0.06967382328654005,0.1141616082864621,0.10532867333748264,0.10075228371843095,0.07389221271422783,0.1507429473835331,0.14854987031360528,0.21950308238371008,0.11002387752235591,0.17147168430919774,0.16138197522445732,0.15488464561468399,0.13498364181289893,0.12490573152337857,0.07516973811833172,0.08915447820534446,0.08083282302510716,0.06423718344657196,0.07202642624742318,0.056680579172463545,0.0566220880069025,0.03321556904308965,0.05186721991701245,0.03917216165045374,0.028770538968096667,0.024476808224207565,0.026183341576237164,0.02620468772747125,0.03757750360117743,0.0,0.03193255843658194,0.019149139884466856,0.0,0.0,0.0,0.0,0.0,0.0,0.01589464123524069,0.0,0.0,0.0,0.0,0.0,0.0,0.0,0.0,0.0,0.0,0.0,0.0,0.0,0.0,0.0,0.0,0.0,0.0,0.0,0.0,0.0,0.0,0.0,0.0,F
Oregon,0.0,0.0,0.0,0.0,0.1422475106685633,0.0,0.0,0.0,0.0,0.0,0.0,0.0,0.0,0.0,0.0,0.0,0.0,0.04680333239726669,0.048638132295719845,0.0,0.0,0.060648943697563934,0.0,0.0,0.0977230528681716,0.18963337547408343,0.1321549516808458,0.14834478450968144,0.2828854314002829,0.18650272846584237,0.238355987888939,0.23178094006037084,0.235393813850572,0.1818003144654088,0.2863773268157804,0.2995526162225248,0.22172949002217296,0.23277781526212807,0.25707799145299143,0.2616345619256304,0.2894309977418021,0.2654656087812444,0.21763758869477073,0.2007102053419793,0.25032449471537177,0.23693727397431102,0.19349722442505948,0.1469017094017094,0.1765430865061124,0.14229249011857706,0.08811147733576999,0.1097366320830008,0.09198330149295973,0.09575721862109605,0.09355237061707145,0.0687363959216405,0.058637269848715846,0.06544754571703561,0.0513252923708619,0.035005425841005355,0.044890019452341764,0.02787622954083868,0.020197123929552432,0.0,0.02236886254333967,0.0,0.0,0.022367075664621677,0.020975039702753724,0.01448981366099632,0.0,0.0,0.0,0.0,0.0,0.0,0.0,0.0,0.0,0.0,0.0,0.0,0.0,0.0,0.0,0.0,0.0,0.0,0.0,0.0,0.0,0.0,0.0,0.0,0.0,0.0,F
Pennsylvania,0.0,0.007992966189753018,0.006909735817767234,0.007119147838003791,0.012973356821937263,0.012046338247793177,0.01401845338227048,0.02164565478105713,0.01824610854547056,0.02142563815668093,0.01602059791160063,0.018395660997638234,0.021666695945985512,0.016482142451178756,0.011794191360754828,0.024703259625233478,0.017934967806732788,0.016874367211229577,0.01704437437312758,0.010477924323191576,0.01594531450399673,0.017276876340757592,0.04015071962443635,0.089058524173028,0.11498065229408513,0.13904896456853924,0.17418682447944378,0.17015771229284002,0.18492700439924006,0.1586042823156225,0.17554279680591303,0.20148407412311253,0.21041980475801722,0.20163620718441363,0.19674066301603438,0.22305984406464607,0.22392051275077737,0.20609712203612124,0.21307525340024297,0.24491221069433358,0.3023420932605455,0.29288164271198286,0.2762214020776653,0.2843092054710312,0.24296269434749104,0.22442308630531296,0.21041693726457983,0.1891141448480857,0.1675314177854243,0.1490731240481635,0.14280331750247696,0.13808873314723524,0.13303388064382327,0.12098248070715548,0.11227359534174651,0.09739623554904966,0.08122450453052237,0.07419489342915307,0.052517438878968925,0.05894559562118432,0.048925253799754084,0.0467605714861229,0.052230952984461294,0.035009374732567274,0.02163686922515967,0.028150435929607826,0.0258012056199717,0.01890776163615164,0.019032682923115572,0.01657412778652523,0.011930949629022036,0.011093279691163093,0.014332591558857919,0.00988375187221069,0.009759686488840173,0.010582170554354562,0.006032818532818533,0.0,0.0036533684056700277,0.005087024454053269,0.0037373397615577232,0.0,0.0,0.0041633013314237655,0.0,0.0,0.0,0.0,0.0,0.0,0.0,0.0,0.0,0.0,0.0,0.0,F
Rhode Island,0.0,0.0,0.0,0.0,0.0,0.0,0.0,0.0,0.0,0.0,0.0,0.0,0.0,0.0,0.0,0.0,0.0,0.0,0.0,0.0,0.0,0.0,0.0,0.11087840335099175,0.18445646827348747,0.2593553167839941,0.16984107727769016,0.5031005031005031,0.37370080579236253,0.4403794037940379,0.35431429762401,0.32643243707585257,0.4338572364112639,0.4437097616147555,0.4058721934369603,0.49695527402533773,0.5418872625350358,0.5430046255949588,0.5205900020022692,0.654424040066778,0.7725856697819315,0.733015494636472,0.740433597914939,0.6033095840036773,0.6472491909385114,0.5622210630035356,0.6074150478482608,0.3850550508392997,0.45023696682464454,0.37326697476004267,0.24968789013732834,0.32705954952175254,0.27055936575851003,0.20687061183550653,0.15018936920464934,0.132026961295254,0.14273479874393377,0.13579781214635986,0.11219986536016156,0.10329054153755349,0.07287449392712551,0.10016390457111637,0.04990518015770037,0.05371146202599635,0.0,0.0,0.0,0.0,0.0,0.0,0.0,0.0,0.0,0.0,0.0,0.0,0.0,0.0,0.0,0.0,0.0,0.0,0.0,0.0,0.0,0.0,0.0,0.0,0.0,0.0,0.0,0.0,0.0,0.0,0.0,0.0,F
South Carolina,0.0,0.0,0.0,0.0,0.0,0.0,0.0,0.0,0.0,0.0,0.0,0.0,0.0,0.0,0.0,0.0,0.0,0.0,0.0,0.0,0.0,0.0,0.0,0.016901408450704224,0.03991674507455878,0.04384426517011575,0.072947646035576,0.0447427293064877,0.05638037962788949,0.0723701214784182,0.050050050050050046,0.06743088334457181,0.0800676126506828,0.0852554206318118,0.10847009998113565,0.13544400237027004,0.13940875410587428,0.10193480093309548,0.11553570053146422,0.13937552023848698,0.18365817091454273,0.1531756596582724,0.16460604287072939,0.18299074386625688,0.1517700409596255,0.19326638248681455,0.1609069299689157,0.1524802161744837,0.2086013958747612,0.12903994282537917,0.11515476403200509,0.07578240209732919,0.10404311546704954,0.09591201671000468,0.11056595950521733,0.060341290338152595,0.06711242574134374,0.06550273347945482,0.03266988339364696,0.07366120755272915,0.03205365288359593,0.029359169402407456,0.02225498650791443,0.028788576692768308,0.03360112411033387,0.01823985408116735,0.020662376763681444,0.015023587031639675,0.014655450361989624,0.014261673179497418,0.0,0.0,0.0,0.0,0.0,0.0,0.0,0.0,0.0,0.0,0.0,0.0,0.0,0.0,0.0,0.0,0.0,0.0,0.0,0.0,0.0,0.0,0.0,0.0,0.0,0.0,F
South Dakota,0.0,0.0,0.0,0.0,0.0,0.0,0.0,0.04545041359876375,0.0,0.0,0.0,0.04317789291882556,0.096381319547884,0.0,0.0,0.04682524817381532,0.0,0.0,0.049333991119881605,0.0,0.0,0.0,0.06219550119208044,0.061677631578947366,0.14494254063567658,0.12339331619537275,0.09096077316657192,0.09049773755656108,0.07745076344323965,0.18410223088585662,0.11872638963842418,0.15871336366522062,0.16145307769929365,0.12353304508956146,0.12630249447426586,0.13915463558879806,0.17430845017051913,0.16208649524791865,0.18193268490658457,0.19783068422129751,0.27046638960353586,0.2826344156697778,0.31630661551921396,0.2776085042995463,0.29361868719822526,0.24130303639654133,0.16704948841094175,0.221302113078241,0.22011280781400466,0.15658362989323843,0.12889366272824918,0.1622299240468992,0.13671578307762416,0.13775220808686492,0.15965439519158528,0.13520540821632865,0.0,0.08203445447087777,0.08251797713073206,0.05603496581867085,0.0,0.0,0.0,0.0,0.0,0.058018101647714086,0.0,0.0,0.0,0.0,0.0,0.0,0.0,0.05408328826392645,0.0,0.0,0.0,0.0,0.0,0.0,0.0,0.0,0.0,0.0,0.0,0.0,0.0,0.0,0.0,0.0,0.0,0.0,0.0,0.0,0.0,0.0,F
Tennessee,0.0,0.0,0.0,0.0,0.0,0.0,0.0,0.0,0.0,0.0,0.0,0.0,0.0,0.0,0.0,0.0,0.0,0.0,0.0,0.0,0.0,0.0,0.020295868663178784,0.014943534786414194,0.06218132073125233,0.0701426233341127,0.06961584709828492,0.06320468122413196,0.09110787172011661,0.10548317152735726,0.05530769514398437,0.09105746928957993,0.11833333333333333,0.09427655599170366,0.08523635330468445,0.12034930652381301,0.13171622326551904,0.09533942216019786,0.13780815434513286,0.13335204941044357,0.14947888096544157,0.14524125410236716,0.13865626973449383,0.16204441610880885,0.13590247315589762,0.15497399132145648,0.12022679144750326,0.11913772320802848,0.08746808120423798,0.10684673903752458,0.08589835361488905,0.08002095093988244,0.07741205543894124,0.06778162528549325,0.049832818930041156,0.0489931071766455,0.049974151301051185,0.03508218000666561,0.0303459437588509,0.027745136440788614,0.02512310320570797,0.018203662576910477,0.018788516458740415,0.0,0.017695635076681086,0.0,0.0,0.0,0.0,0.0,0.0,0.0,0.0,0.0,0.0,0.0,0.0,0.0,0.0,0.0,0.0,0.0,0.0,0.0,0.0,0.0,0.0,0.0,0.0,0.0,0.0,0.0,0.0,0.0,0.0,0.0,F
Texas,0.0,0.0,0.0,0.013914564573518596,0.0,0.007762287701431365,0.017806796260572785,0.0,0.007996481548118828,0.015529063239123684,0.0,0.00577961184126874,0.00582255190805026,0.0,0.008744889705078595,0.0,0.006471444750040446,0.00857586964678137,0.015969168857991503,0.017895490336435216,0.01564368162873074,0.018698578908002993,0.024027185043649386,0.04155124653739612,0.058115132534788366,0.09245195800039623,0.08504866075273447,0.08752960560189477,0.09083027125221915,0.06921427178787287,0.05822893068027768,0.06761035893398148,0.08381391772395233,0.07730435178027376,0.09262239107057356,0.09074041469723851,0.09538484114755302,0.09919237810665016,0.11948208655944825,0.10039928912687239,0.1342829183429379,0.13231463080614103,0.12338615388442498,0.11877123096849873,0.12469440053412405,0.10457089954957763,0.10064345030550773,0.09014084507042254,0.08375739572934675,0.06712494549160448,0.06068813321296018,0.049364308597449176,0.04790518938171063,0.054114583612389563,0.045352264996773015,0.02957508450024143,0.03138182630159142,0.032698778849240794,0.017873999474951267,0.015050041387613816,0.026012171528594422,0.01871969018912737,0.01614243607296381,0.013005515520900455,0.014732400674154655,0.006423732772716654,0.0072901420456138585,0.0092535136135515,0.008133015467978793,0.004226443447838644,0.0027196083763937995,0.004305426990721804,0.0039003926395257123,0.006017907573536681,0.004622897632235885,0.0034065601832729375,0.00392009965764463,0.00261957257307516,0.0021411167208369194,0.0,0.0,0.0,0.0,0.0,0.0,0.0,0.0,0.0,0.0,0.0,0.0,0.0,0.0,0.0,0.0,0.0,F
Utah,0.0,0.0,0.0,0.0,0.0,0.06888001102080177,0.17365749398877905,0.0927536231884058,0.0,0.0,0.1016949152542373,0.0,0.09272137227630968,0.0,0.05693463903438852,0.14277215942891136,0.05938242280285036,0.06069434328720563,0.0,0.09383063570255688,0.09966363523109506,0.07543374402816193,0.07434023045471441,0.2561287961946579,0.12830980986819082,0.11775788977861518,0.10335323840146991,0.09935968204901745,0.2822099207641376,0.18666390127553667,0.06970028875833914,0.15880976262119692,0.18395879323031641,0.132491621853324,0.08774028874531388,0.15234402049719548,0.09856786687539862,0.11029411764705882,0.1509388395822013,0.21522090034076644,0.1745295882192528,0.08386623335779432,0.13300593411090647,0.15780096716721811,0.10023555355084449,0.0635883388769321,0.1065220549072774,0.060517423974986134,0.0654318502113952,0.05369258554205105,0.0686914282910554,0.05921539600296077,0.046862796146836756,0.05449591280653951,0.0,0.034644032565390614,0.0,0.03414911781445646,0.0,0.024113817217265493,0.0,0.0,0.0,0.0,0.0,0.0,0.0,0.0,0.0,0.0,0.0,0.0,0.0,0.0,0.0,0.0,0.0,0.0,0.0,0.0,0.0,0.0,0.0,0.0,0.0,0.0,0.0,0.0,0.0,0.0,0.0,0.0,0.0,0.0,0.0,0.0,F
Vermont,0.0,0.0,0.0,0.0,0.0,0.0,0.0,0.0,0.0,0.0,0.0,0.0,0.0,0.0,0.0,0.0,0.0,0.0,0.0,0.0,0.0,0.0,0.0,0.0,0.18472906403940886,0.24875621890547264,0.2338932596215182,0.16820857863751051,0.2922145689835108,0.35856573705179284,0.5520504731861199,0.28206092515983455,0.32810791104629966,0.4701273261508325,0.28968713789107764,0.43363791234319343,0.5293105729786952,0.5619517543859649,0.44745762711864406,0.5148900640133593,0.6941608819926501,0.5650477599892372,0.5253940455341506,0.5613472333600642,0.5009887936717204,0.4088307440719542,0.23939353637451788,0.28180354267310787,0.25168896542588426,0.20289463005545788,0.1359064963305246,0.1959412176347096,0.15942028985507245,0.13221683561040104,0.19157088122605362,0.14829461196243204,0.22045107681872136,0.0,0.0,0.0,0.0,0.11179429849077697,0.0,0.0,0.0,0.0,0.0,0.0,0.0,0.0,0.0,0.0,0.0,0.0,0.0,0.0,0.0,0.0,0.0,0.0,0.0,0.0,0.0,0.0,0.0,0.0,0.0,0.0,0.0,0.0,0.0,0.0,0.0,0.0,0.0,0.0,F
Virginia,0.0,0.0,0.0,0.0,0.0,0.0,0.0,0.0,0.0,0.0,0.0,0.0,0.0,0.0,0.0,0.0,0.0,0.0,0.0,0.0,0.0,0.01174674027957242,0.01506440031133094,0.022128245476003148,0.026865963266901133,0.034340659340659344,0.05077246681656633,0.05327650506126798,0.06730099791134835,0.052866929532788515,0.037583780510721816,0.07710807982522169,0.079366479126616,0.07644981615639448,0.11090778018077968,0.08799661050092886,0.15292468459283803,0.12643897849067146,0.15129926406862818,0.19065917824416198,0.23466681477984364,0.20348179968347277,0.22345788078781895,0.2090706432070933,0.22254536258456092,0.19522749598975367,0.19834339603812182,0.15518864324420586,0.1676628313260722,0.11196750338506405,0.12289887726754829,0.09478065962215818,0.11849714705238347,0.09320388349514563,0.06784260515603799,0.07170921911648266,0.06868551193601563,0.0659408066247508,0.05177402162326785,0.04125473324394808,0.03544077538252924,0.029126546276942056,0.04357298474945533,0.014648526907512862,0.016962569263824494,0.022722108611679163,0.0,0.012752778283840407,0.01762487221967641,0.012009745050269362,0.010139245640124375,0.009886959100945853,0.009930650954170046,0.0,0.0,0.0,0.0,0.0,0.0,0.0,0.0,0.0,0.0,0.0,0.0,0.0,0.0,0.0,0.0,0.0,0.0,0.0,0.0,0.0,0.0,0.0,F
Washington,0.0,0.0,0.0,0.0,0.04207573632538569,0.10077936038699274,0.07182500816193274,0.062397186454138075,0.02875711738655317,0.047197021343541874,0.07226179415711778,0.0,0.07592190889370933,0.032133676092544985,0.0,0.0,0.0,0.05600044800358403,0.039664551223934724,0.03325942350332594,0.058482952219428036,0.08223201174743025,0.1095957135898685,0.16814258491200537,0.1175153889199776,0.20880179890780595,0.2521506971225156,0.24518874907475943,0.36280757244523,0.29483177245924386,0.2515822162820866,0.27119700748129677,0.2591097534366136,0.2601978587884537,0.2790771847756751,0.2725352592491654,0.29859065212198427,0.3046144980035401,0.31782663265719263,0.3537304330148404,0.3445508114563145,0.32410732372060475,0.3496825250759179,0.3253136953490866,0.3522971581362577,0.232310693385352,0.20589279375221864,0.19210554931313203,0.17506108902585799,0.1641248824386376,0.14528656844301227,0.17222659028791792,0.1443840616038663,0.1116670603646359,0.13094208151144573,0.07385524372230429,0.07225107247685708,0.0415155355504086,0.025426961054371318,0.04600489324773635,0.027567828344322177,0.029198630318795955,0.03500834814455755,0.022990267453444707,0.0,0.0,0.02022653721682848,0.017550787591593172,0.0,0.02077470773763433,0.012931591878960301,0.011155734047300312,0.012992074834351046,0.0,0.0,0.0,0.0,0.0,0.0,0.0,0.0,0.0,0.0,0.0,0.0,0.0,0.0,0.0,0.0,0.0,0.0,0.0,0.0,0.0,0.0,0.0,F
West Virginia,0.0,0.0,0.0,0.0,0.022314455304146025,0.052388020605954766,0.044779157337675554,0.05438723712835388,0.037758646730101195,0.030468194590202783,0.0490571822780929,0.031145856043853365,0.020964360587002094,0.04799548277809147,0.020634359155759934,0.0,0.014625014625014626,0.01488892859269847,0.03511123878834307,0.018851918182675086,0.019863603257630934,0.0,0.020438751873552256,0.0518798828125,0.08749434303816564,0.09617696561673479,0.04645760743321719,0.059905862216516906,0.08334291297850328,0.10153429602888085,0.07359153969854725,0.07760761589403974,0.06210509261759464,0.08883030546163104,0.0357227911407478,0.08933819207711297,0.0806134893238802,0.07796257796257797,0.08434620874605303,0.0780205082478823,0.08440318066722935,0.07763620587295063,0.06287635123697129,0.08911797292740498,0.10440008148299043,0.1040529908890186,0.1325583766697257,0.05443799253421817,0.07423496741909764,0.06668599594085242,0.05915234686936204,0.03420823485508148,0.04253230819564861,0.07148891921752128,0.061964643703298704,0.046836579368486786,0.0362596188711172,0.03228279730438643,0.020538941833716726,0.0194908977507504,0.0,0.02018896874747638,0.0,0.0,0.0,0.0,0.0,0.0,0.0,0.0,0.0,0.0,0.0,0.0,0.0,0.0,0.0,0.0,0.0,0.0,0.0,0.0,0.0,0.0,0.0,0.0,0.0,0.0,0.0,0.0,0.0,0.0,0.0,0.0,0.0,0.0,F
Wisconsin,0.0,0.0,0.0,0.0,0.013998544151408254,0.028418632288733304,0.03046226486939304,0.023843017572303952,0.01811359813688705,0.0,0.0,0.013840511176212773,0.036322360953461974,0.015494610089204684,0.025011937515632462,0.0,0.011135609451905303,0.01777382803821373,0.0181756219470635,0.0,0.01845188670541563,0.03245248029670839,0.051203277009728626,0.12494695648073931,0.14908940777099866,0.18709073900841908,0.2084080315525278,0.18005510119964424,0.2223045572434235,0.24902094329984675,0.1844719237786337,0.187929165160824,0.2288906911777958,0.24574669187145556,0.232492203005387,0.23799588916191444,0.27554597661951463,0.28876615548515516,0.3036105032822757,0.3447756905774993,0.34762456546929316,0.3922801282454266,0.41273137011622313,0.41396775921687046,0.40066818379896385,0.3165429671107061,0.3196968111696253,0.2733362270215736,0.25120152326768447,0.24120237106481746,0.21994304632695114,0.1855622898868552,0.17471390597895944,0.1428902448443655,0.131364252329987,0.11146519570716092,0.1062779928641919,0.09815224503785872,0.08463419221365431,0.07261834520945855,0.061022875331914965,0.035044358780456315,0.04914004914004914,0.023799934092490205,0.04762340873706383,0.0255861980737248,0.022639800769753225,0.012207882804325079,0.011473905061631262,0.007988751837412923,0.008062305496879887,0.012885767669608918,0.01157809424568716,0.014849279809929217,0.014858350392920822,0.011937244201909959,0.0,0.0,0.0,0.0,0.00896909250722012,0.0,0.0,0.0,0.0,0.0,0.0,0.0,0.0,0.0,0.0,0.0,0.0,0.0,0.0,0.0,F
Wyoming,0.0,0.0,0.0,0.0,0.0,0.0,0.0,0.0,0.0,0.0,0.0,0.0,0.0,0.0,0.0,0.0,0.0,0.0,0.0,0.0,0.0,0.0,0.0,0.0,0.16688918558077437,0.15757957768673178,0.0,0.0,0.17693895606015925,0.1434308663224326,0.0,0.13308490817141336,0.14936519790888725,0.1999500124968758,0.0,0.11473152822395595,0.18964536317087047,0.16744186046511628,0.1093095281472035,0.303408888095663,0.26424442609413706,0.2545743834526651,0.22411474675033619,0.24125452352231602,0.2661656489744794,0.31456432840515886,0.32367697038355725,0.1881950384944397,0.13511231210944097,0.14749262536873156,0.0962000962000962,0.17494751574527642,0.14936519790888725,0.0,0.0,0.0,0.13781697905181917,0.1320306311064167,0.0,0.0,0.0,0.0,0.0,0.0,0.0,0.0,0.0,0.0,0.0,0.0,0.0,0.0,0.0,0.0,0.0,0.0,0.0,0.0,0.0,0.0,0.0,0.0,0.0,0.0,0.0,0.0,0.0,0.0,0.0,0.0,0.0,0.0,0.0,0.0,0.0,0.0,F
