state,1910,1911,1912,1913,1914,1915,1916,1917,1918,1919,1920,1921,1922,1923,1924,1925,1926,1927,1928,1929,1930,1931,1932,1933,1934,1935,1936,1937,1938,1939,1940,1941,1942,1943,1944,1945,1946,1947,1948,1949,1950,1951,1952,1953,1954,1955,1956,1957,1958,1959,1960,1961,1962,1963,1964,1965,1966,1967,1968,1969,1970,1971,1972,1973,1974,1975,1976,1977,1978,1979,1980,1981,1982,1983,1984,1985,1986,1987,1988,1989,1990,1991,1992,1993,1994,1995,1996,1997,1998,1999,2000,2001,2002,2003,2004,2005,2006,2007,2008,2009,2010,2011,2012,2013,2014,2015,2016,2017,2018,2019,gender
Alabama,0.0,0.0,0.0364000364000364,0.049384748343553234,0.06774379297496867,0.06550653641308991,0.049563062475544546,0.06717360346078405,0.03662019970215571,0.05223295899712719,0.06846384253316216,0.06590836611034336,0.07059067787812727,0.0529705907280278,0.08540577912438742,0.047797339281446666,0.07313987506918637,0.08104040443020877,0.0483841703122795,0.06391884368749871,0.07368291784354661,0.10247651579846286,0.0725192377422344,0.1091417095957391,0.08230122247425577,0.0947389639185648,0.0951947353172468,0.1087788566133516,0.1036475981662348,0.08574961113548439,0.1193386329952072,0.10740328993235476,0.11329816017316018,0.10518650376244033,0.11243994684657058,0.10685257847533633,0.11673271280680736,0.16109489453103487,0.13546657540497378,0.1673388826911525,0.1715515236101419,0.1562183585500622,0.1617821810528727,0.12689440366840185,0.14616740466875888,0.1764867562602167,0.16452733848663215,0.16429275540380303,0.13066138148719078,0.12395779532206892,0.13702549276475282,0.14483694409293957,0.1816758026624902,0.1579881753180123,0.1236516278086003,0.1268677755850014,0.11086682826916211,0.0974411942392766,0.08374541394161748,0.10068107787977496,0.07807441825037133,0.060847547451272896,0.08190714316506445,0.04526422994228811,0.03451608449537485,0.0647373342604359,0.05603469278370608,0.0506154377085011,0.038285755306166395,0.04562668248391659,0.0537598279685505,0.025273993061140084,0.04677487253847234,0.0402052834472483,0.030942066930070927,0.028401694634446518,0.04577430856702322,0.04073319755600815,0.016598691074646683,0.025050670674773977,0.022905834115949333,0.040095285266161934,0.016975870013338182,0.026949555332337016,0.02018774603815484,0.04119676605386477,0.01814834979647922,0.018215410237060553,0.012995789364245985,0.0,0.023715415019762844,0.0,0.014354204346453075,0.0,0.017548477669562166,0.020395676116663267,0.014028787071069835,0.0,0.0,0.0,0.0,0.0,0.0,0.0,0.0,0.0,0.0,0.0,0.0,0.0,M
Alaska,0.0,0.0,0.0,0.0,0.0,0.0,0.0,0.0,0.0,0.0,0.0,0.0,0.0,0.0,0.0,0.0,0.0,0.0,0.0,0.0,0.0,0.0,0.0,0.0,0.0,0.0,0.0,0.0,0.7763975155279503,0.0,0.0,0.0,0.0,0.0,0.0,0.0,0.0,0.0,0.2387774594078319,0.2145922746781116,0.0,0.2921129503407984,0.38489295164782295,0.24159452385745925,0.14806588932074774,0.23049645390070922,0.2743954724747042,0.2127311405661921,0.17901897601145722,0.18515089798185522,0.17406440382941687,0.26187150837988826,0.27686450943069735,0.3240661777247143,0.1607142857142857,0.2690755333461465,0.16270083384177345,0.18995356690586745,0.22950135614437725,0.1529051987767584,0.15663069961712495,0.10704727921498662,0.10654165778819519,0.0,0.11005943209333038,0.10214504596527069,0.11767013139831341,0.0,0.0,0.0,0.0,0.10247401551749377,0.0,0.0602990834539315,0.0,0.0683526999316473,0.0,0.06398771435884311,0.0,0.06496881496881497,0.0,0.0,0.06888950124001103,0.0,0.0,0.0,0.0,0.0,0.0,0.0,0.0,0.0,0.0,0.0,0.0,0.0,0.09604302727621974,0.0,0.09417969485778867,0.0,0.0,0.0,0.0,0.0,0.0,0.0,0.0,0.0,0.0,0.0,M
Arizona,0.0,0.0,0.0,0.0,0.0,0.13638843426077468,0.1597444089456869,0.10042177144004821,0.13986013986013987,0.0,0.0,0.11400651465798045,0.0,0.14749262536873156,0.09227929867733005,0.17613386173491855,0.13223626212165734,0.14186409419775856,0.09557618787547789,0.09055627425614489,0.19450522732798445,0.06862475981334065,0.12596221133659902,0.10769230769230768,0.10083549409392106,0.10774410774410774,0.10395010395010396,0.07009345794392523,0.19011406844106463,0.10168342560162692,0.11779824373527523,0.07200905256660838,0.1064773735581189,0.11645962732919254,0.10921288712068024,0.10592357206876885,0.08394543546694648,0.10740497643057462,0.1454249316502821,0.10157440325038089,0.10434400571146137,0.11351323461121718,0.1358441071763163,0.11155734047300313,0.11092623405435387,0.10359688380573513,0.1522248243559719,0.10298282393615066,0.130609875557813,0.12978357711599847,0.14002333722287047,0.1265991471215352,0.09947279419078882,0.10868088574921884,0.11509486607142858,0.09726898615787505,0.09081217672839263,0.09854935351624095,0.06681864633283548,0.08544785823085782,0.10144045445323595,0.07030229988952495,0.0551552966320797,0.05092341118957089,0.039160656593675555,0.02670494375271222,0.06244659173075659,0.041053495863070805,0.06142506142506143,0.025311471721461313,0.020947343614987825,0.022679165406713032,0.02240980055277508,0.03198582781782841,0.028508980328803574,0.03553502420823524,0.026191723415400735,0.029307096504082062,0.028598275932508067,0.022184128264596148,0.017895134511761078,0.02230332522303325,0.012018749248828172,0.014256909509358644,0.0,0.009868745682423765,0.013475532283525198,0.021249468763280918,0.013360818445564207,0.011105969458583989,0.017875017875017874,0.009079353550027237,0.014211358428223759,0.012163336229365768,0.008552271483305967,0.0,0.007941676329039533,0.0,0.0,0.011227334817836493,0.0,0.0,0.0,0.0,0.010430138929450541,0.0,0.01551521599397123,0.0,0.0,0.0,M
Arkansas,0.0651253663301856,0.0,0.09929728078215705,0.10807889759524453,0.09210597605244623,0.1124956732433368,0.1313790696719629,0.08288125376732972,0.16364332718220118,0.1197724323784809,0.10244261612830938,0.08821676118462507,0.10230833173476565,0.09823805298516922,0.1029336078229542,0.09987288905029962,0.08344665595252812,0.09392317084624777,0.12066769457665752,0.12136740610882611,0.09355442286599136,0.11027638017782067,0.09612919764163035,0.1112383445116964,0.08815010703941568,0.16419343845844048,0.0901051226430836,0.10631443298969072,0.10203766117312389,0.11826953003423592,0.10850121697310929,0.10504499900633107,0.08628360341898779,0.12204828867073494,0.08931312623852188,0.06787463849377325,0.13871374527112232,0.12655315232397607,0.11787063096870415,0.10172200828307781,0.10656489306336894,0.166586738685984,0.1357950539263051,0.11954731417034165,0.13814356304128367,0.10792860107928601,0.10158974218170837,0.13473753677784805,0.09978617248752673,0.11826127087599873,0.09891484595467373,0.1251783063084044,0.1475011568718186,0.10263327664066624,0.09507680423091779,0.1081665765278529,0.08727272727272728,0.09465036156438118,0.08885454896658296,0.08641743377794477,0.0768189633097999,0.05457919441109049,0.05803156917363045,0.03551276486603796,0.0696567470299137,0.047768799012778154,0.024107035236449838,0.03864883667001623,0.03604613905799423,0.03791900500530866,0.0,0.02332180199790104,0.030718427216526515,0.03092624091541673,0.023297351867671044,0.050508975056336926,0.031833194063109305,0.0,0.0,0.0,0.02355620116995799,0.0,0.0,0.0,0.022054607207445637,0.0,0.0,0.026158608362035138,0.021875136719604497,0.0,0.0,0.03572066440435792,0.0,0.0,0.0,0.0,0.0,0.0,0.0,0.0,0.0,0.0,0.0,0.0,0.0,0.0,0.0,0.0,0.0,0.0,M
California,0.17146776406035666,0.0848086504823492,0.2038369304556355,0.18092909535452323,0.146163215590743,0.1356559272390936,0.15991944798175733,0.14804469273743018,0.18390576072369402,0.17112670816696016,0.15488187675532794,0.13683790409943553,0.1699934196095635,0.14911772015574518,0.20434729958827805,0.16955884150067213,0.16345412490362374,0.15736831752084374,0.17106956324275227,0.1616161616161616,0.1260454356723412,0.16828259124312975,0.14533046884872994,0.13246765990154874,0.14078778587742077,0.1723086306800854,0.12231525300327631,0.1433523601011286,0.12742797937334016,0.1347990796476631,0.10041115726501146,0.10966881907481114,0.12285949757333416,0.13655169602641357,0.13364319242644687,0.10733814039828764,0.1468171940425081,0.16671974224003897,0.15095056131773193,0.1951854261548471,0.18967382547245817,0.18771626297577856,0.16623841625939587,0.16536887499857766,0.17600199885359866,0.1648774938620933,0.16209603425425628,0.16298005776013247,0.14795733016281912,0.13400703698788433,0.1503142507304333,0.15636030367957593,0.19642622930342077,0.173432401913995,0.13204659494786547,0.1215447291336992,0.1199227952655332,0.12360144606547305,0.11116870118496541,0.1022385404757546,0.09109781331382688,0.07712914051800683,0.06519993969005579,0.05548489530427063,0.0603812645561977,0.05392112809535869,0.05233047679753221,0.04626539651720162,0.037737803659827,0.035964566173055906,0.03641230539098943,0.0319527850611332,0.03577981651376147,0.03255797127663423,0.03529152268215572,0.03260533490738399,0.02845822719059276,0.029017916566834383,0.025050226970238305,0.024176965814727842,0.019290902320740412,0.01926908943351144,0.016427237748404128,0.016582751535106167,0.017647468209701634,0.013852831621396982,0.01057750534825114,0.015653105219074818,0.015040106951871659,0.009610872723777865,0.009486210119554148,0.005991782698014152,0.009718811903829498,0.00987841087415469,0.010198618087249176,0.009400745222712201,0.007609706603534286,0.008808619944988749,0.005634036698335883,0.0031518001506560473,0.0055838030297058324,0.006359960367404868,0.0053911988678482375,0.0068860090068997805,0.006134383903376638,0.004931296473066315,0.0046912101156924586,0.0057344710523901275,0.005696313264679196,0.006819508910114611,M
Colorado,0.19982871824150727,0.1422475106685633,0.17479461632581716,0.2738059020383328,0.1598819333415324,0.15315315315315314,0.1799149492966961,0.22128958412819533,0.2050020500205002,0.17988199740969923,0.2683474787818273,0.1884681076624065,0.26142237537876534,0.19981834695731154,0.183171826991255,0.2869528054215764,0.2268896667963179,0.20336828725770578,0.2666501302244822,0.21068760773798123,0.207782395164337,0.18299993689657348,0.17758484609313338,0.19824993163795462,0.2489517819706499,0.16675218060543867,0.14749262536873156,0.11346670647954613,0.1438766114180479,0.12059262662225795,0.11583011583011582,0.1484087286318914,0.1160443995963673,0.11526270291038325,0.1686015704031986,0.12549473887440873,0.0704859615459921,0.12557993511703353,0.13808340237503453,0.14222777257432268,0.17126737860165223,0.13621820255329933,0.1545969868744127,0.11328404483663247,0.12404442521275062,0.1545421338053893,0.1270235939569201,0.12964913702293168,0.1220934964864205,0.09086778736937755,0.13095861707700368,0.14148637872044864,0.163579758324099,0.14887800124516148,0.11665623399533376,0.1010005365653505,0.07736553533586733,0.07884621702421235,0.09319964005656255,0.09275864201348093,0.10275380189066995,0.0580134957711215,0.06404303692081079,0.060667986461459864,0.04439511653718091,0.040763851870433666,0.0370153305160554,0.04392257913384674,0.014336095421051123,0.023997440273037542,0.015169519379061006,0.033845856300164394,0.025235724609419807,0.03207551492656998,0.032427674704097464,0.018393764513829812,0.027589378089435568,0.014282993715482764,0.01935124936503713,0.019505059124710473,0.012196906864419184,0.0,0.01960399921584003,0.0,0.012732365673542143,0.012786415711947628,0.012618296529968456,0.0,0.0,0.011892586161786742,0.0,0.011368028556487733,0.0,0.0,0.0,0.011581044146940288,0.0,0.0,0.0,0.0,0.0,0.0,0.0,0.0,0.0,0.0,0.0,0.0,0.0,0.0,M
Connecticut,0.0,0.0,0.0,0.0,0.0,0.0,0.0,0.0,0.0,0.0,0.0,0.0,0.0,0.0,0.03292858612883309,0.0,0.021924055073226343,0.0,0.0,0.0,0.041069635849228806,0.034420022618872004,0.025798462411640265,0.027531523594515724,0.038224212308196365,0.0,0.05976312072150386,0.04775042444821732,0.0303060915243964,0.07073565076798706,0.06602216458382458,0.0326437344432203,0.04156674660271783,0.0453898992344237,0.06545855439950389,0.055856170361319596,0.10716904506740368,0.17567980446073939,0.17444758265492608,0.15178852707850046,0.16206994597668467,0.19582418164015986,0.18623342890048764,0.1973605992153133,0.2087209038522619,0.2277255906632508,0.2340763647296311,0.237119202636444,0.1617758482993058,0.21537273706239715,0.19633640319805687,0.25653554849743465,0.356088058482227,0.2786492734478203,0.20458772473651582,0.1907032181168057,0.13403607615066565,0.17400839054157133,0.14614541468761416,0.21224253533355847,0.15119516175482386,0.15408737024221453,0.10605446208552981,0.11046394858405303,0.06140201262152482,0.0592148803511094,0.08518492226875843,0.05916747876931644,0.04468121670390102,0.06245069681830134,0.055107134753152445,0.06315922440472431,0.05270500697566268,0.048579062424095217,0.032407271013169134,0.02845597860110409,0.033580523296488037,0.04005233505113348,0.013074288105012682,0.04381669158204031,0.030714889042463337,0.034629728289824184,0.024880435684073755,0.025526845732762288,0.026268168816764928,0.017999640007199856,0.0,0.019346725566697837,0.035269975631653204,0.0,0.01984783327820046,0.0,0.01728070781779222,0.0,0.0,0.0,0.018925773117831862,0.0,0.024531850519257502,0.0,0.0,0.0,0.0,0.0,0.0,0.0,0.0,0.0,0.0,0.0,M
Delaware,0.0,0.0,0.0,0.0,0.0,0.0,0.0,0.0,0.0,0.0,0.0,0.0,0.0,0.0,0.0,0.0,0.0,0.0,0.0,0.0,0.0,0.0,0.0,0.0,0.0,0.0,0.0,0.0,0.0,0.0,0.0,0.1540436456996149,0.13793103448275862,0.12325390304026293,0.1073652566029633,0.0,0.08944543828264759,0.2188868042526579,0.21955750717784156,0.34403669724770647,0.2363693665300977,0.2656042496679947,0.234192037470726,0.24749251009508924,0.23430755950178814,0.32723990069961634,0.22537025112685125,0.2805049088359046,0.2165841584158416,0.18537590113285274,0.2828706128863279,0.26702269692923897,0.3784192885717375,0.2235707441711913,0.15258855585831063,0.14219694276573053,0.19960079840319359,0.1920860545524395,0.07742934572202864,0.1272264631043257,0.11022657685241885,0.11780104712041885,0.1056125528062764,0.08325008325008325,0.08296001327360213,0.0,0.10364484366902746,0.0,0.0,0.09419152276295133,0.0742611020347542,0.0,0.08840430234271401,0.09000900090009001,0.0,0.0,0.0,0.1078167115902965,0.06442468754026544,0.0,0.0,0.0,0.0,0.0,0.0,0.0,0.0,0.0,0.0,0.0,0.0,0.0,0.0,0.0,0.0,0.0,0.0,0.0,0.0,0.0,0.0,0.0,0.0,0.0,0.0,0.0,0.0,0.0,0.0,0.0,M
Florida,0.0,0.0,0.057616962433740496,0.05389092476826903,0.07397057614859867,0.07092701610043266,0.08339124391938846,0.08744786761738195,0.036695003363708636,0.05928736586233473,0.07222222222222222,0.041891396554432636,0.06639427987742595,0.08079583901429077,0.06256144427562785,0.0794533608771651,0.09382166933073877,0.08768404515728326,0.08692412765429032,0.09299297903008323,0.11453179402602164,0.12805919180421174,0.09419997308572198,0.1376936316695353,0.08769905377336719,0.13950649577120935,0.09119332985930172,0.11708132970938742,0.09477175801611121,0.12233351173637128,0.1419396046982009,0.12108122259310164,0.12406581396035801,0.12041845412809514,0.13254580969212165,0.09475168126458829,0.17737316750010684,0.1827492337857646,0.15061985864905572,0.20713769906122917,0.2030861846996319,0.2213052015042098,0.22788998844941155,0.22479033977924434,0.2310724480086992,0.22748423120670047,0.2367920038077106,0.22338968590736624,0.19265725512392107,0.19093632642727543,0.15710269555151316,0.20286494990477766,0.2373117326920643,0.18730399974312595,0.14886773590646324,0.1264809292286984,0.11917085971543442,0.11287381699557188,0.12216575449569976,0.13227052803787112,0.10259432675201641,0.09551412950398525,0.08256859090801859,0.09110897848613321,0.08359406720963003,0.061949252184027206,0.05520251620771551,0.06842201722768648,0.05380007890678239,0.06258871391369464,0.052980672243222046,0.05330180450836354,0.04611652724103264,0.04193957132404119,0.04942311297441927,0.043124842350222535,0.05661701381136167,0.041488356369615155,0.032985156679494226,0.029255448827344092,0.03485201560823601,0.033345867595621054,0.024034784888675248,0.03011251799406563,0.02320081427373967,0.01672545918987958,0.016969023818338886,0.026218181537773458,0.015415921563791084,0.0163100462117976,0.010658464724288356,0.01608850208384408,0.02393803908850125,0.009069335066584035,0.01563162948571939,0.01090441192506488,0.009921056734271582,0.012840541870866952,0.012799951811946118,0.010466230305372397,0.01590676958625655,0.006803241744691345,0.011188666741257777,0.011075423634954036,0.0,0.0,0.0,0.006969369620517823,0.0,0.005635072692437732,M
Georgia,0.07779452521028832,0.06421338602123981,0.07307397870415479,0.025835620862263847,0.04700475270277328,0.08365930314061547,0.07771476580550304,0.05241859392363659,0.053238011940525534,0.06367736800212258,0.07045278804020964,0.07180888328429312,0.06280968664945216,0.062244185827187506,0.062088428974600186,0.057348996392563134,0.08746471593845664,0.06817019826165995,0.08146797532684176,0.044370046185184434,0.06071288679984332,0.07455018033084161,0.06859363984528323,0.07147816852509904,0.09590670196033299,0.10760953112990007,0.0855714813590307,0.07971757203052043,0.07807707322514082,0.10548715057381373,0.08165873748491088,0.09041899822574041,0.1069064725580518,0.12379787731932304,0.10048262107394607,0.11385739361449786,0.13697879568242835,0.1264206986277831,0.1487584391806843,0.14835862554534368,0.13252459350629492,0.14960250244185902,0.15756114446685845,0.16692316798863502,0.17732322018967864,0.16571049804575896,0.14927718416090507,0.1414587223448198,0.14099606143233356,0.1496653153577826,0.14939946122084063,0.16245894057797436,0.19539023772478922,0.1799538641771036,0.16096869519256182,0.16202036827486885,0.12881879940878949,0.10723709274597507,0.11399138731740267,0.10119934904202507,0.08463982499088495,0.06364165684960257,0.07679470707249716,0.09470873183455472,0.05108719946358441,0.05449034499199673,0.05190850261272797,0.04908698213233851,0.06114186565314385,0.04588317195114233,0.03913305237808549,0.05149798551997819,0.04667128361085182,0.03293068091667041,0.02642938948110299,0.0396275014860313,0.03611060957486702,0.032248961986536054,0.04618998601103281,0.02664602656989506,0.03892907373920032,0.03386960203217612,0.030435760695523298,0.028286637931034486,0.032494347337494414,0.021630390698932,0.021698151588711537,0.01982972872931098,0.015668250900924427,0.01649788065686946,0.012392341532932647,0.009953096034935367,0.017503719540402335,0.0,0.011051351948721727,0.011015237745548008,0.005914150195758371,0.014315196774308992,0.01125309460101528,0.006610696106299992,0.0,0.007207830587149879,0.010294571819344971,0.007525360464766262,0.013380313099326524,0.016559032952475575,0.009438414346389807,0.008099526987623923,0.00862559732261459,0.0,M
Hawaii,0.0,0.0,0.0,0.0,0.0,0.0,0.0,0.0,0.0,0.0,0.0,0.0,0.0,0.0,0.0,0.0,0.0,0.0,0.0,0.0,0.0,0.0,0.0,0.0,0.08866820358219542,0.0,0.09337068160597572,0.0,0.15057721264848586,0.109717868338558,0.15039855617386072,0.1961608518985568,0.44896342268585765,0.421796625626995,0.5428997232275922,0.7199738191338497,1.0043942247332078,1.3939838591342628,1.1418492387671741,1.2003349772029404,1.1562885034593877,1.2699598468577833,0.8571183680466273,0.8046266029670606,0.6602590890096114,0.7478810038225029,0.548141086749285,0.474238405272888,0.36303630363036304,0.39065679173109796,0.4493300168498756,0.5430077909813489,0.6003232509812977,0.5483870967741935,0.23972885839464328,0.33565939404646233,0.28240334988801247,0.16950842556585902,0.14447884416924664,0.36489341271365466,0.16492578339747113,0.2160887928494254,0.24716786817713696,0.1991823042247615,0.2513878705352467,0.2075765438505449,0.17434109322120808,0.2226495293998583,0.24462338191825503,0.1306138852607254,0.0759085302210836,0.13548824155617925,0.055365876164990314,0.053514092044238314,0.1004566210045662,0.0946073793755913,0.14922403501790688,0.058416901956966215,0.0,0.09536524890329964,0.05471956224350205,0.05708848715509039,0.0,0.07193505292364608,0.07456327226246272,0.0,0.0,0.0,0.0,0.0,0.0,0.0,0.0,0.0,0.0,0.0,0.0,0.0,0.0,0.0,0.0,0.0,0.0,0.0,0.0,0.0,0.0,0.0,0.0,0.0,M
Idaho,0.0,0.0,0.5515485787017396,0.20249746878164024,0.28735632183908044,0.3911111111111111,0.40283596519497267,0.3486433227224496,0.2674511901577962,0.28752156411730884,0.36420395421436,0.2911392405063291,0.46160302140159465,0.3056323679231553,0.4606968039159228,0.40797824116047143,0.3643540306664642,0.3989565751112475,0.229147571035747,0.2841357537490134,0.31065548306927615,0.23259420065126377,0.28804608737397985,0.2133595929755457,0.21100226073850792,0.2477050852396911,0.23094688221709006,0.250164581961817,0.17144256674014205,0.2201296318943378,0.1516388662078619,0.1495628163828808,0.13650324195199637,0.1486515183690805,0.21463833440652502,0.19464163040989238,0.1241405653170359,0.1460920379839299,0.14750471195607637,0.12138868657441126,0.10441767068273093,0.11071569790431,0.1948861864671032,0.10776691555692403,0.11442520405828056,0.06062902614626753,0.0627106686525045,0.11646866992778944,0.06276971361318164,0.13124372732185594,0.0781616382679381,0.09599232061435085,0.12421331566743955,0.11816033448463915,0.05842259006815968,0.1367557332211235,0.05457919441109049,0.08849557522123894,0.06605019815059446,0.10595465140919687,0.0,0.08957897879964169,0.07008410092110533,0.058783188008229646,0.08210180623973727,0.0,0.05696151029375865,0.0,0.04365858982754857,0.0,0.0,0.0,0.035278346151132435,0.0,0.0,0.0,0.0,0.0,0.0,0.0,0.0,0.0,0.0,0.0,0.0,0.0,0.042564058908657526,0.0,0.0,0.0,0.0,0.0,0.0,0.0,0.0,0.0,0.0,0.0,0.0,0.0,0.0,0.0,0.0,0.0,0.0,0.0,0.0,0.0,0.0,0.0,M
Illinois,0.11058322411533421,0.11847435603454864,0.17401139774655242,0.16581057943588356,0.156361686919228,0.13835238906905445,0.1906953124190322,0.1529491469748917,0.16316326822705457,0.16837129530861097,0.15587012783311113,0.1795939859521772,0.17884245429850254,0.17552468669787105,0.18541520404673184,0.2065679424914848,0.20629477851188982,0.19082737958054852,0.1747475606185119,0.168789174734726,0.1668635281324409,0.18245232047094875,0.14690759512266785,0.13711552805932167,0.12342526387470207,0.13149792838581076,0.15642319206903338,0.12469078695975706,0.1131210966092189,0.12389397797223603,0.12905842659341066,0.11785653722231643,0.14343192132575228,0.12083830648449488,0.14144846479640363,0.13484717320370246,0.14604782737409955,0.1850889536343413,0.14784788916336578,0.17936361788374847,0.18336939794697027,0.17801935332656227,0.19268347113285905,0.1602076725898249,0.1797845684912045,0.15295917166725498,0.16485604710736868,0.14719868477019324,0.14274922248275726,0.13207556264671716,0.14081976526801887,0.16958845220957977,0.18656336017942707,0.15718972115910335,0.1337556444881974,0.12540656924275045,0.11869259215078133,0.10660061125899636,0.10682552250248212,0.1125612051553032,0.08989333462039674,0.07580862533692723,0.0626877931735155,0.05515888824196366,0.04831770038424076,0.047811468583238224,0.05163895889693018,0.04330911507530559,0.03568066563420485,0.03403749918527262,0.025111782308749366,0.03559149505634134,0.030090917558050392,0.035919803540666345,0.031564729717826,0.03875657216400611,0.03097331762004049,0.03628742603659846,0.03945868529506328,0.027564759515142947,0.03552100963246202,0.02637018031501675,0.025775473532270894,0.023155064236629816,0.01444888895648603,0.023404039537224124,0.010414914157072928,0.014761721216693868,0.014019577928236254,0.013383633489196897,0.009175230214867209,0.013549447013193775,0.004369292611526194,0.010496208244771576,0.01077692660014908,0.00738722932730043,0.0074399918160090025,0.009468531336104457,0.006941276798286496,0.006214332321778128,0.007640836999115845,0.0,0.0,0.0059126815193226425,0.008262511803588292,0.0072342323876583995,0.011322321327479273,0.0,0.00992302567228499,0.0,M
Indiana,0.20127118644067796,0.12355065576886523,0.18674634510724575,0.14573276254668002,0.28725183623009237,0.1887426635985211,0.18812079863549713,0.20462351708849966,0.17249876786594381,0.17579347878437607,0.21770366177559106,0.1820860100658783,0.12798634812286688,0.23219496157481612,0.14587892049598833,0.20743905194191706,0.1846664591762631,0.16267193806111524,0.1838274135271621,0.16115516018822923,0.17851142473118278,0.14090807425631852,0.15946014651845347,0.20460358056265981,0.13938901149959346,0.12304327021669285,0.1568346290861022,0.13477088948787064,0.12534070787656926,0.10712264532298488,0.1195468604717357,0.09077317385732593,0.09674707776244627,0.08803647225279043,0.10648057139112771,0.09514909523404978,0.10928077063180476,0.10622680018619529,0.09521100985495777,0.10623785206379101,0.10615070988287234,0.11833526837545771,0.10939496999761714,0.09040423608420509,0.11672989535998667,0.10766062861264124,0.08724865867723011,0.09663550664615628,0.09983700081499591,0.08807955837319105,0.08417422010532043,0.10129722466277327,0.11350130098189333,0.10497195280635954,0.0959047566554594,0.10127487191707374,0.08444498837351609,0.07658602116787404,0.0823903500302527,0.08029004779766909,0.07518258628096806,0.07127227258518287,0.05108380505315477,0.03892789688432648,0.04087173573503438,0.05181347150259067,0.03633060853769301,0.05036261079774375,0.026338122969769687,0.04501589623835917,0.033146424329475455,0.037520203186331105,0.025998786723286243,0.02112346666264315,0.03953410576893836,0.018189259242417353,0.038942629717899586,0.03320735622005408,0.027283061765820387,0.01796245846181481,0.02210693863113836,0.028420139408262778,0.028035199750798222,0.014208357671723789,0.017816939049871233,0.01615195761726321,0.008186119615579822,0.008317806760713335,0.0083004083800923,0.011609586201177545,0.0,0.0,0.012269078416938337,0.01216671880974728,0.008782715615668365,0.012506700017866714,0.0,0.009098518761145686,0.0,0.0,0.0,0.0,0.0,0.0,0.0,0.0,0.016429225244678106,0.0,0.0,0.0,M
Iowa,0.2620689655172414,0.2012578616352201,0.4001379786133149,0.29825548677546426,0.3347356041072963,0.3122732864397691,0.3081932895272431,0.3893294881038212,0.2702847356026547,0.3458811321842393,0.3481061983685769,0.3149448846451871,0.321526597830349,0.2583162001159787,0.23076723623823475,0.22929053243394568,0.2957843814789219,0.2599362736877411,0.290664538926251,0.22777712884008877,0.22378424903170277,0.1753975678203929,0.19849027096929417,0.18403214428120113,0.18654541214876996,0.1484240854457088,0.17601635248694072,0.15734515806036334,0.15367306056365085,0.1302507326603712,0.154296772843768,0.11900843187400299,0.09410969812504524,0.12039016240387214,0.10329277202529413,0.09628395961278235,0.08810933754072496,0.10970828387468078,0.07365021811795365,0.09030759873937964,0.08561487877297484,0.0758712258376011,0.09222638029193196,0.07446286845498629,0.056118754525706006,0.0750858123569794,0.08306247742867462,0.05019630340079956,0.07405487466212463,0.06506533644201051,0.0741397081427099,0.05864995143050897,0.08958865464526705,0.048136708251434075,0.06717326504051388,0.04558924093913837,0.06916289053183877,0.04439402160509051,0.05028663381273257,0.057566201131301,0.034234013938134245,0.047798608529396144,0.03525367960280854,0.031131311873482347,0.02997062878379188,0.03490807540144287,0.02600254247081937,0.018792955326460484,0.0,0.025574139430208174,0.0,0.018055663029740255,0.01594303023861402,0.0,0.0,0.01455731213788686,0.015628907226806703,0.0,0.019336749492410325,0.0,0.0,0.0,0.0,0.0,0.0,0.01807468459675379,0.0,0.0,0.0,0.0,0.0,0.0,0.0,0.0,0.0,0.0,0.0,0.0,0.0,0.0,0.0,0.0,0.0,0.0,0.0,0.0,0.0,0.0,0.0,0.0,M
Kansas,0.3756456409453749,0.18392756083757783,0.39245156980627927,0.5242189138184106,0.3122073056509522,0.38829021421403953,0.37871157487611296,0.3697439326594029,0.37062860078529225,0.42764413898434517,0.3620065505947251,0.35650623885918004,0.3433208489388265,0.27982873133070363,0.37214967183165304,0.3540191586838817,0.3827129291981081,0.29129041654529564,0.28465158645817523,0.27299292525376806,0.2251660599692273,0.27270981371231034,0.21088651917873627,0.23318759108890275,0.2604584067959609,0.2588438308886971,0.24899365066190812,0.213620439203623,0.19254918375889493,0.1842777568371236,0.15088645794039984,0.18017296604740551,0.213150289017341,0.1641755310052331,0.1848944706087563,0.13028372900984367,0.12812299807815503,0.1554785739614304,0.1707407302011895,0.15575457529064918,0.149514079242462,0.135935776757547,0.15834734098272796,0.1395227847801925,0.1305393335623497,0.1364256480218281,0.11604095563139932,0.10912974830500605,0.10642414860681114,0.10404596940102627,0.10790396547073104,0.0983755423267077,0.12413365056377365,0.14070518126138057,0.11172198865139799,0.08843760235833606,0.08555234734253021,0.04073772313161988,0.08839779005524862,0.07385524372230429,0.04482449486242328,0.07017543859649122,0.05254648342764754,0.0543773790103317,0.0740162013240676,0.05554233119098627,0.019081056327278276,0.029597839357726887,0.0,0.05501117414474815,0.022737608003638016,0.028613212945889237,0.0386710064129419,0.02248779234130044,0.01638377351071499,0.016764459346186086,0.020290835306053433,0.017524183373054815,0.03141141979617478,0.0,0.017615558060879367,0.03321768657267292,0.022402270096703134,0.0,0.0,0.0,0.0,0.0,0.0,0.0,0.0,0.0,0.0,0.0,0.0,0.0,0.0,0.0,0.0,0.0,0.0,0.0,0.0,0.0,0.0,0.0,0.0,0.0,0.0,0.0,M
Kentucky,0.0,0.0,0.08948310348457732,0.05801499464476973,0.07710100231303006,0.09800078400627205,0.08138241597265551,0.07127395596853386,0.08025303309257423,0.10241996951219512,0.11354455532021747,0.10758581491179993,0.09461732548359966,0.1063031515757879,0.12115674902677366,0.10765599768125544,0.11079388076873908,0.13831829723982741,0.14367816091954022,0.1453650900145365,0.14819269345589658,0.14731485201553504,0.188224346501988,0.2256277365740327,0.1800670016750419,0.18881934867932534,0.16130790190735694,0.17582229083579912,0.18811881188118812,0.1855287569573284,0.18727676416642533,0.16711486746062237,0.16627868307283006,0.15062201312828905,0.15528545684597983,0.17847581652686062,0.17732515576957492,0.21393954388671393,0.19321338002656682,0.20109076505895615,0.1812039312039312,0.18081002892960463,0.17422667807800465,0.2173778026209552,0.1909906146018293,0.19951933977236658,0.18259837487446362,0.20037646487339852,0.15194034016031258,0.17460636308852387,0.18984037588394426,0.17630978761949437,0.1812191103789127,0.16757790679960052,0.12987012987012986,0.1493270830182973,0.13902040980799066,0.11944724756471775,0.10003334444814939,0.12497183012025977,0.1090427603395903,0.08969659152952188,0.09616001025706776,0.05715541877335678,0.08610221878794569,0.05664117813650524,0.062286561137481475,0.06116332646944892,0.05237686199744401,0.030595386215758663,0.048479951520048484,0.05445368295390286,0.05067032619022485,0.03535911602209944,0.02521432173474534,0.037034465199175984,0.04761224586963767,0.03575514874141876,0.036430757274007866,0.0375727972947586,0.02573219799756714,0.023479138785189358,0.028919843832843302,0.029943108094620224,0.037840565085771945,0.020578778135048232,0.03105107902499612,0.01293058860039309,0.0,0.023442383829964577,0.01537633581917429,0.015868398085213297,0.016272510305923193,0.0,0.0,0.013868086758750764,0.013747594171020073,0.0,0.0,0.0,0.0,0.0,0.0,0.0,0.02125624402168137,0.0,0.0,0.0,0.0,0.0,M
Louisiana,0.0,0.0,0.0,0.0,0.0,0.03140333660451423,0.033657442034405384,0.021545532892846882,0.02244165170556553,0.015393614728610573,0.01461091142865492,0.03115617742026851,0.013801098567445968,0.019853087155052608,0.019191753029555298,0.03033143991617493,0.040573437922639975,0.05399713815167796,0.040543279951348064,0.023320215711995336,0.04093088527657584,0.057361953929293844,0.07829037028445501,0.044438801422041645,0.09073878936892636,0.06428425327995792,0.06897542750395172,0.06585084782966581,0.04958505141186909,0.07939150254821113,0.13011563106081064,0.10100546347734263,0.14355194652154352,0.14100625332079944,0.12800924970062352,0.14257323079581785,0.23460622247888546,0.2852761242022987,0.2929037411796032,0.32576426221615984,0.2989891319823454,0.32323354378757213,0.28281981833689973,0.2717391304347826,0.30470413089755544,0.3196538246789503,0.29225654225654224,0.28658214474379295,0.2718264595607927,0.22525240336269658,0.23795197199277937,0.22908867407945466,0.2678685318253327,0.22139788572350189,0.17871006489226127,0.19906360480300667,0.1309464611304492,0.1614191290163628,0.1563314226159458,0.13887924449690994,0.13381930871762365,0.12301252157309148,0.12368090326956452,0.10728259497665026,0.09417203518609678,0.10754728917568167,0.11881931126490453,0.10731916720326251,0.10290662679843891,0.10283342820941294,0.08382083296952764,0.09310023792283025,0.08020854220974534,0.05982599182947883,0.07296353560446814,0.061484409310496264,0.07452258965999069,0.07712539798682935,0.052159608401709225,0.06075457178152656,0.0518274353711881,0.04436650962330721,0.05319620533735261,0.036987378057237966,0.033654655159979806,0.04689158172709099,0.051045149434674975,0.03053357420930765,0.05638712323149477,0.05696530295183843,0.05014251029241,0.03324375986924121,0.03415008964398531,0.02282453637660485,0.031848977937344376,0.015381775672183596,0.023937045570150504,0.032585834049234236,0.037335490495006375,0.02540247039024545,0.03393166163347019,0.0,0.0,0.0,0.0,0.0,0.0,0.022710927741398237,0.0,0.029778363891606756,M
Maine,0.0,0.0,0.0,0.0,0.0,0.05247691015952981,0.064034151547492,0.0,0.08323314528807917,0.04924652811976756,0.06998512816026595,0.0,0.05961505706012604,0.0,0.0,0.0,0.05266853932584269,0.0,0.06045427066240608,0.07141581860382074,0.06845212629417301,0.09493397773366705,0.05866085644850415,0.09084302325581395,0.09472959007922839,0.051334702258726904,0.0,0.08658008658008658,0.0,0.06861651942705206,0.07568113017154389,0.11146496815286625,0.08565310492505353,0.04657971785999468,0.09754058385006618,0.0670690811535882,0.10732172668733604,0.1509813789632612,0.15247222827270746,0.17575657714066018,0.16436182271593744,0.18611471434211269,0.1482783239057609,0.14087559601213698,0.17254901960784313,0.19480861369978414,0.1756924348904506,0.15128593040847202,0.137306753458096,0.1665657177468201,0.18750616796605152,0.25100895757456443,0.26086084077455607,0.28091376477447394,0.2518340085404577,0.26423957721667646,0.19203687107924722,0.13977635782747602,0.21183448665442733,0.20968756552736423,0.17781425249623856,0.06138316737143637,0.08947878607113563,0.10369306851718911,0.07551602617888907,0.08399832003359933,0.07593014426727411,0.07183908045977011,0.0,0.0702685821361649,0.0,0.03860705737008725,0.0,0.0,0.03796218965909954,0.0,0.0,0.0,0.06150534327669716,0.0,0.0,0.0,0.0,0.0,0.0,0.0,0.0,0.0,0.0,0.0,0.0,0.0,0.0,0.0,0.0,0.0,0.0,0.0,0.0,0.0,0.0,0.0,0.0,0.0,0.0,0.0,0.0,0.0,0.0,0.0,M
Maryland,0.0,0.0,0.0,0.0,0.0,0.0341330212599961,0.02855782960495002,0.031855829616819875,0.04982767927583773,0.06986684201874074,0.038099592334362026,0.07777489722602866,0.058872012245378545,0.05799791207516529,0.07591861524445795,0.05763910236704581,0.06322611238441476,0.1031623219458001,0.08483820143012968,0.08504486116426414,0.10552975939214859,0.10216319459867632,0.10445227836532185,0.07840966745076335,0.10892257420350368,0.11680143755615453,0.10589318600368325,0.12772517066725392,0.09523020867837032,0.09274482526031785,0.13292673391195559,0.13121093884879664,0.0948112394414756,0.09410119911813733,0.0965771907399517,0.08864994709599931,0.12262563116133686,0.17280866125338332,0.14239309393494415,0.1995739432671824,0.24341571456766298,0.17974714222240173,0.22180219101990434,0.22962544701675136,0.21046248238714396,0.22724069898534385,0.21011992210188254,0.20684063342875583,0.1717142809043619,0.1904982772329711,0.18526245514478845,0.22323287853799126,0.26526569632245284,0.22373246307573258,0.1963416680651116,0.13479718344832478,0.1439725344703472,0.16012037965892428,0.1596678907871627,0.1267678168205047,0.10754829715196176,0.08965929468021519,0.10161126433444621,0.10351692103516921,0.08185315543914218,0.08157524613220815,0.07465686556021364,0.03824091778202677,0.06273525721455457,0.05411115978252467,0.0720210599513237,0.057679828883174314,0.06802412588998231,0.058222859190254383,0.04374835943652113,0.042064526984394064,0.047614118621260734,0.03216662310769788,0.06014862531286987,0.05941219063886671,0.03808763784097504,0.0630493639431814,0.04241127368766025,0.04051535531966616,0.02890591125885244,0.0317225335730147,0.02593304951051369,0.02018706681919117,0.02014820121336945,0.022634164007152395,0.02006152200080246,0.02055076037813399,0.02775721687638786,0.02727334712152549,0.013914979475405275,0.0,0.0,0.02527573529411765,0.0,0.017215090256258916,0.0,0.0,0.018219203040004163,0.0,0.020962712575007206,0.013431472626658787,0.0,0.0,0.0,0.0,M
Massachusetts,0.0,0.0,0.0,0.01412948257834798,0.0,0.010810616024936489,0.012159533073929961,0.0,0.010921799912625601,0.00829930617800352,0.009291809270128381,0.015106424762451472,0.009365341991071707,0.012102874432677761,0.017483536336616354,0.013853826734806968,0.024865570509433374,0.017120089647014877,0.02386482960511662,0.026804710927945587,0.019986675549633577,0.024582967515364353,0.03677951556123789,0.026372798342281248,0.022169262317796375,0.014889261120416901,0.03013750235449237,0.03173299484805495,0.031041723728658818,0.034460868776639154,0.03097946749737535,0.04621955884227974,0.04684843860846752,0.03635419371591794,0.06527878297642868,0.062188155325764695,0.06576485662127379,0.12689576127223234,0.14908194025760482,0.16179775280898875,0.180241072434381,0.1699070887818307,0.15682552129009628,0.1624602903589648,0.18208558022270466,0.19247303423479756,0.18049844597594641,0.21624644638113438,0.20823562517587468,0.18785400518021653,0.2024942752786662,0.2623073680266054,0.34036826090348754,0.23228917552044537,0.21186227947747333,0.18404842707745991,0.16795243587016156,0.16398932914506126,0.16597510373443983,0.17794869345053266,0.17713212392115837,0.11665888940737283,0.09276847638821399,0.09165178641973358,0.06731463847113679,0.0440745198420098,0.05420243736121553,0.06302914672163262,0.03543406732472792,0.03791875494592456,0.030531897798489475,0.03944337509071976,0.03706220273024893,0.04304778303917348,0.03152206544581207,0.03020626564253042,0.03176665944697134,0.049126254473998175,0.03301601276619161,0.02510537651458094,0.02372541783096958,0.02662705308593531,0.02425176181916745,0.02380846093180364,0.018243458959818784,0.018710532470569894,0.023939480992052092,0.016350555918901243,0.009838807536526573,0.013358714891627425,0.010059518819683125,0.011968471626173337,0.008720524626761546,0.008923313047668338,0.0,0.011603620329542819,0.0,0.01215386796848097,0.0,0.0,0.0,0.0,0.0,0.0,0.0,0.0,0.0,0.0,0.0,0.0,M
Michigan,0.12552676409934546,0.0,0.1542211830257201,0.15194529969211082,0.1440875004093395,0.13917139492559683,0.1620715350223547,0.13343165139225394,0.1519927043501912,0.15226560722474053,0.16494527516571603,0.14423855290464066,0.1481436229515708,0.12348038278918665,0.16398595187012313,0.13664344179124668,0.15224730257496524,0.18112660749864154,0.17315002864135812,0.1611541708234211,0.18042285017279935,0.17521108106616634,0.1566159460896303,0.13776607018500014,0.14529865346990448,0.10538128866261565,0.1391102347316388,0.13095793786629323,0.13225731395192203,0.1153302413254297,0.11972955207061695,0.1077121930202499,0.10841263516831756,0.13455131256178376,0.11007766029428102,0.1227533578158086,0.12250871538512136,0.1420856189560595,0.13311368349831584,0.15340391825148206,0.15748689931987958,0.16293595065368352,0.14423379731687347,0.13998121304772254,0.14806231492210634,0.16468697997360418,0.14803075077454753,0.1498351813005694,0.12779588688656568,0.14702321237070606,0.12896615080206345,0.14463303848912262,0.1924205240147123,0.13940219153212735,0.13701985133015165,0.11417684101400243,0.09471638098603993,0.09296785345942098,0.09326339821978825,0.0830770576146682,0.07137153477065711,0.07831210796426535,0.07549154325071675,0.06521292466567209,0.0449438202247191,0.05032187007462829,0.0413783812392344,0.04945507830387398,0.043734169141899155,0.03165447383230163,0.04165690332994871,0.03632529746874696,0.043096095314197475,0.035486160397444996,0.04230351854917324,0.035248501938667604,0.02958634590136652,0.03554372789909226,0.027579613149959548,0.03413626496743926,0.02760619759135926,0.03317731030648661,0.02941343909520466,0.026436894154508957,0.012122436609758562,0.017688801947849248,0.023403508398668126,0.023717375133410237,0.019649367945331092,0.015566798243175627,0.0099601593625498,0.01260658292839461,0.007166232711463584,0.012017641898306713,0.011022387694116493,0.016485537111480274,0.007821360134527394,0.01347363882563764,0.008578413851278898,0.009046908219116117,0.010936987328718966,0.00790213989948478,0.012939958592132506,0.011470144851543554,0.008133122956552857,0.013443344704162394,0.010345541071798055,0.0,0.01507215795621538,0.0,M
Minnesota,0.11755485893416928,0.1065340909090909,0.15276716894660092,0.15838895802692612,0.19322369012312393,0.2228463276146285,0.19702769646476018,0.20429866786074108,0.2381456392887384,0.2439565313816811,0.21188063206800603,0.2468170377068009,0.19301717608541621,0.20745350818700453,0.21282387586923704,0.1900603570052652,0.22801219480952017,0.22299761261379436,0.21580793094146208,0.2397810939659793,0.2122439979051242,0.2559537057645226,0.19244714676186755,0.18590600127810375,0.17967434025828186,0.19944045871305502,0.15705691316616088,0.11231259468212923,0.14167826605687017,0.15923176796256827,0.1490244629387624,0.15548645046645934,0.1401926124588565,0.1597673132463489,0.1512375921271248,0.13953995421345253,0.11975216508443395,0.13636645385235233,0.1353416979810203,0.12919092239205554,0.14856110149633192,0.13302437349811191,0.1565821984715279,0.14237434385561226,0.11839323467230443,0.13458384152752662,0.11270703044464299,0.09613715567543028,0.10026828541231944,0.08092515728195891,0.09448942899513117,0.0843531585571593,0.145985401459854,0.11368705838334126,0.07816022846836014,0.09778197878131059,0.07984447684510172,0.05782644837182406,0.06311196061813656,0.08180250031120516,0.0707396607946997,0.04736911912386077,0.04197359860647653,0.039658059398960076,0.042598509052183174,0.02090694319583534,0.018727371093262307,0.0,0.028575782976453554,0.010859925066517041,0.02771378587636187,0.010332891315204849,0.017183902120493522,0.0,0.023038616265263084,0.026669037247755358,0.009181387491277681,0.00936364657852354,0.01668365928260265,0.010894828588030215,0.0,0.014896192160878874,0.0,0.0158193431017777,0.0,0.0,0.0,0.0,0.0,0.012745889450652165,0.0,0.0,0.0,0.0,0.0,0.01098201146521997,0.0,0.0,0.0,0.0,0.0,0.0,0.0,0.0,0.0,0.016870993139129455,0.0,0.0,0.0,0.0,M
Mississippi,0.0,0.0,0.028762080073630923,0.0,0.036078289889059256,0.03474098664402069,0.0,0.0,0.01983602221634488,0.029595430465536122,0.041941282204913125,0.027295059594213446,0.03187112476096656,0.03809300553813696,0.029213286202564928,0.051343487934280334,0.04380441329463944,0.04079301623562046,0.031103319572470735,0.035374229873537125,0.053423309433431744,0.04012841091492777,0.03944662026992759,0.04865736094638567,0.04300582012098971,0.04134965266291763,0.05662674481157451,0.05981349066093907,0.06041661194147469,0.045350264098596806,0.05414743573215068,0.08576978380969198,0.07871386318099417,0.07746639325586693,0.0850963243115471,0.07298027100007298,0.09025081330674782,0.12317878245472218,0.10362694300518134,0.11519189049090943,0.12939858627216194,0.11674417714493503,0.16731843031965601,0.12586654273653228,0.1353386325079583,0.15898867690398635,0.16442481031716158,0.13100612705578846,0.14192982822316377,0.14040371154159206,0.16110808888144956,0.17529409280027033,0.2250483004607121,0.17421602787456447,0.14579916165482049,0.15141573714228032,0.1230835094854574,0.08056450716746305,0.086051114361931,0.11681593146798687,0.09115518479642008,0.08900756564307966,0.07528306432185015,0.06021614426520458,0.078125,0.06402695871946082,0.04833753409522494,0.033200531208499334,0.061633281972265024,0.05354035604336768,0.05678770861595735,0.026130981544994287,0.052027444476961594,0.04097660918558989,0.03113109650639917,0.056667256950593235,0.05850947122065384,0.04190795489180128,0.030455306837216384,0.025870352575947962,0.04091348657293759,0.057723389517432465,0.04031607805192711,0.03318813524165111,0.03812428516965307,0.03498491275637381,0.04071845450843777,0.03177485247389923,0.03570950319153685,0.0,0.0,0.0,0.02912621359223301,0.0,0.024237723593000145,0.0,0.0,0.0,0.0,0.0,0.0,0.0,0.0,0.0,0.0,0.0,0.0,0.0,0.0,0.0,M
Missouri,0.17029731072163487,0.15351755439861167,0.2019767941555651,0.2757657094532485,0.19435127425472556,0.2200270449909468,0.20879522999763223,0.19067842516955213,0.20350345157814934,0.19620253164556964,0.19234879247702502,0.18556966211622908,0.19873044048698604,0.1900113634246754,0.19949317948994447,0.18904979534900795,0.19993273291229122,0.1916752795264493,0.20909055379684996,0.16633599871740917,0.18161579471556624,0.21145055077833938,0.1653315488023304,0.16665637923584964,0.12964994514810013,0.19781385104820948,0.14715025906735751,0.16002954391579985,0.1317471241765805,0.16074333993295825,0.1211601550849985,0.15037593984962408,0.12855535915153463,0.11883541295306002,0.1301062534403096,0.11629696772759146,0.16856123927337568,0.1318112860304907,0.14205853337717855,0.14134645586849545,0.1630920175518076,0.1387558633561728,0.14083299655877635,0.13981293992864718,0.15461200585651538,0.14255500636823593,0.15987210231814547,0.11262414252073308,0.1045436268596703,0.09674261910723635,0.0951758459756671,0.14125765628075537,0.11570307697870341,0.11661442006269593,0.10931664085579312,0.10283283325585653,0.0955896410241327,0.09503663508997823,0.08069146377418804,0.0800771112923556,0.08518133518133518,0.06623114670198994,0.06412997007268063,0.07532494832358197,0.0516058004919753,0.04564206091459668,0.0609883599358751,0.04457652303120357,0.03490575446295004,0.03783340689829119,0.03682902126875978,0.029900070815957195,0.03459554660963643,0.043037490436113233,0.03230182828348085,0.02826011869249851,0.025806035386526024,0.034106412005457026,0.0321316110789795,0.03135336813557196,0.01885310290652003,0.03197697657686466,0.025064331784914615,0.03915560095335376,0.017601295455345514,0.01962288385036659,0.01615218951902369,0.010866415531729933,0.012733755366368333,0.01864210879534693,0.011187768040275964,0.011566711005725523,0.0,0.013805889197877837,0.011905234334695822,0.0,0.011872254541137363,0.0,0.014536694770943224,0.0,0.0,0.014141604600735363,0.021793350606581594,0.0,0.015037217112353073,0.0,0.0,0.016763990947444886,0.017213185299939756,0.0,M
Montana,0.0,0.0,0.2801120448179272,0.2812579902838149,0.22396416573348266,0.3092911047878263,0.22549124879201118,0.20606968902210565,0.2721924664149618,0.26369168356997974,0.16936593627606647,0.2824858757062147,0.1734505087881591,0.19723865877712032,0.1775297996449404,0.2100013125082032,0.16266775111834078,0.3419504855696895,0.31533307055577453,0.2380952380952381,0.16133369185264856,0.2126754572522331,0.23512123438648053,0.22505626406601648,0.23403083700440527,0.2815013404825737,0.2058672156459084,0.2571355104139882,0.18635855385762207,0.15500178848217477,0.09050797601538635,0.07881107858590408,0.16627868307283006,0.10368663594470047,0.19246962588716468,0.17150557393115276,0.1369997064292005,0.15910232791827164,0.14400677678949597,0.10686395396629675,0.24839743589743588,0.07912018355882586,0.1366120218579235,0.09026628554234993,0.2092201139888897,0.1847509415192212,0.1411333004022299,0.1103448275862069,0.1180202109611271,0.10227936879018118,0.10443864229765012,0.13441863938466134,0.14069094888228856,0.15837292656497456,0.13287270794578793,0.10856691669956574,0.14903129657228018,0.12285012285012285,0.13801035077630822,0.12996219281663515,0.08807662666519872,0.07988131918292822,0.0,0.0,0.0,0.05992329817833174,0.0,0.053044769785699136,0.06372809346787042,0.0,0.0,0.0,0.0,0.0,0.0,0.0,0.05754402117619979,0.0,0.0,0.0,0.0,0.0,0.0,0.0,0.0,0.0,0.0,0.0,0.0,0.0,0.0,0.0,0.0,0.0,0.0,0.0,0.0,0.0,0.0,0.0,0.0,0.0,0.0,0.0,0.0,0.0,0.0,0.0,0.0,0.0,M
Nebraska,0.2578981302385558,0.24004800960192038,0.2657312925170068,0.3283473184968989,0.33526363913441026,0.28079061828993007,0.3255309254379166,0.2885428585642505,0.26286143447239957,0.33044610223802134,0.36806470668423685,0.24208812007570757,0.3448745292008894,0.2503983610289096,0.2854466794522992,0.2542764678687009,0.25334608030592737,0.2854017028968273,0.1957040572792363,0.22684682907584572,0.20378457059679767,0.23564064801178203,0.2566998665160694,0.1774288940265606,0.17993933473857385,0.1625575724735844,0.14907096842889847,0.17643710870802504,0.15578057193724268,0.12731801826736783,0.10547937600621773,0.1379158161858002,0.16264294790343076,0.16058394160583941,0.10297651154808021,0.09894132779261898,0.11132043158075013,0.10028227603625019,0.09506064869386668,0.10845986984815618,0.12188815838073427,0.09796718099436688,0.11083018737228553,0.10753844499408538,0.08768237934904602,0.07860023238329575,0.07934591368544519,0.0778816199376947,0.08233693706594115,0.06220409855893838,0.0968054211035818,0.0584272752268353,0.10494647729657874,0.1311236568930978,0.06996268656716417,0.06466632177961718,0.06582659394395335,0.05028410519434806,0.05038291011688835,0.05398508048684727,0.0,0.07263922518159806,0.0,0.03277792952745152,0.0,0.0317225335730147,0.0,0.024676734774454645,0.03450485532607088,0.02840640090900483,0.0,0.0,0.0,0.0,0.0,0.024227153793972285,0.0,0.0,0.026602819898909287,0.0,0.0,0.0,0.0,0.0,0.0,0.0,0.0,0.0,0.0,0.0,0.0,0.0,0.0,0.0,0.0,0.0,0.0,0.0,0.0,0.0,0.0,0.0,0.0,0.0,0.0,0.0,0.0,0.0,0.0,0.0,M
Nevada,0.0,0.0,0.0,0.0,0.0,0.0,0.0,0.0,0.0,0.0,0.0,0.0,0.0,0.0,0.0,0.0,0.0,0.0,0.0,0.0,0.0,0.0,0.0,0.0,0.0,0.0,0.0,0.0,0.0,0.0,0.0,0.0,0.0,0.26638252530633993,0.0,0.2465483234714004,0.0,0.0,0.0,0.2814636107760354,0.24048096192384769,0.0,0.1985440105890139,0.254957507082153,0.12297097884899164,0.0,0.19075879610004237,0.23394300297745638,0.12736149437486732,0.16771488469601675,0.0,0.08779631255487269,0.30191211003019125,0.2448355011476664,0.12973908029407524,0.15153811183512653,0.11430437622468974,0.1518474776446769,0.08539709649871904,0.12911555842479017,0.09117155447500379,0.07674597083653108,0.0,0.14022787028921999,0.0,0.08552856654122476,0.07855459544383347,0.0,0.06858710562414265,0.0,0.07611177557899315,0.0,0.0,0.0,0.047773743550544624,0.0,0.1083815028901734,0.0,0.0,0.0,0.0,0.04559072554383223,0.0395335046451868,0.0,0.0,0.0,0.0,0.0,0.03336113427856547,0.0,0.0,0.02605659492417531,0.0,0.0,0.0,0.0,0.021678806798473813,0.0,0.0,0.0,0.0,0.0,0.0,0.0,0.0,0.027495188342040146,0.0,0.0,0.0,0.0,M
New Hampshire,0.0,0.0,0.0,0.0,0.0,0.0,0.0,0.0,0.08338892595063375,0.0,0.0,0.09125475285171103,0.0,0.0,0.07344300822561692,0.0936183491964425,0.0,0.0,0.0,0.0,0.0,0.0,0.0,0.0,0.08643042350907519,0.1343408900083963,0.0,0.0,0.20023360587351913,0.11293965795417876,0.10499475026248686,0.1171817782334847,0.14178912090745038,0.08946830265848671,0.12992637505413598,0.0728650539201399,0.0950068616066716,0.13029881862404447,0.16700686583781776,0.18590998043052837,0.2005414619472576,0.1832031626651239,0.23090244371752935,0.19952114924181963,0.22665029747851545,0.20632092281721842,0.12675418741511996,0.17516202487300753,0.2464137991727537,0.15013688951691248,0.20194924927561683,0.37142610348104,0.35826634044040545,0.2996914940502424,0.21501523024547572,0.18953752843062927,0.16940707523667164,0.16868426275054574,0.1522533495736906,0.28138948185522994,0.16857089342573517,0.09607993850883935,0.06404098623118795,0.05632533513574405,0.08668328096218442,0.11165698972755694,0.0,0.0,0.05005506056662329,0.0,0.06283098465128804,0.0,0.0,0.05336179295624333,0.0,0.0,0.039613373474885125,0.05182497964018657,0.04338394793926247,0.0,0.0,0.0,0.0,0.0,0.0,0.0,0.0,0.0481881264456438,0.0,0.0,0.0,0.0,0.0,0.0,0.0,0.0,0.0,0.0,0.0,0.0,0.0,0.0,0.0,0.0,0.0,0.0,0.0,0.0,0.0,0.0,M
New Jersey,0.0,0.0,0.0,0.0,0.016810018771187627,0.0,0.0,0.0,0.0,0.011175473560692133,0.0,0.0,0.0,0.0,0.010241354589833749,0.024484085344526056,0.021060760293446595,0.02604573631296557,0.023147323813254513,0.04179158717179976,0.03600295224208385,0.04030710172744722,0.03746352235980756,0.025698682942499197,0.026290421523091752,0.039083704266637716,0.041631973355537054,0.0492990954687701,0.05810937013593442,0.04110236544113114,0.0784206089360284,0.043633824941094336,0.07415541263208933,0.0650986385893408,0.08014549489843101,0.07883804845507747,0.12514884206945154,0.2279016767051929,0.18253117750273798,0.2854122621564482,0.292557841366047,0.2955473038074721,0.303443150854595,0.3140289919669358,0.3448209804409877,0.3392793368545704,0.3314541748535542,0.3429288599383082,0.28614981413633567,0.2945718442875378,0.31776014405126535,0.40526672812342374,0.40936248734738484,0.35640459049112555,0.2694066787795251,0.27104123428008225,0.2397131366761099,0.21598272138228944,0.20770533536422997,0.2436499388260883,0.20359652749069862,0.17300072548691334,0.15252039960344696,0.11254389890032407,0.1266066661162029,0.09938353402085615,0.09240381935786679,0.08990239168902334,0.07948666069312368,0.0833039181080127,0.053042992741485204,0.06689615765194487,0.055388190157113326,0.059270434829462794,0.0808943466786903,0.061301116191157315,0.05322309139518764,0.0669896524911777,0.05445487197312014,0.0636404533833679,0.05971271549102651,0.04684482935913989,0.046598865317629516,0.04576934658235471,0.03428389514025786,0.043815723585378066,0.03332606995911147,0.020996548692308704,0.02766798418972332,0.020123963615873784,0.020142068724738487,0.012311396249127944,0.020631602112676055,0.00964200608823813,0.022626034080463833,0.013098339421635546,0.007355861886337222,0.01198394151836539,0.012597631645250695,0.008168866814795452,0.008556662217202315,0.0,0.0,0.0,0.009053214796574264,0.014683209749651274,0.0,0.0,0.01610532885068347,0.0,M
New Mexico,0.0,0.0,0.0,0.0,0.18427518427518427,0.129366106080207,0.0,0.09414422895876483,0.0,0.0,0.0,0.14208581983518045,0.11337868480725624,0.08673026886383348,0.0,0.1142204454597373,0.1224552273075157,0.0,0.10767160161507401,0.1245502352615555,0.10241966457559852,0.11320754716981132,0.10970258410531449,0.10022550739163118,0.0,0.11232168931820735,0.15631978561857973,0.09279307145066501,0.06967253906638797,0.10902963623748638,0.0,0.05517241379310345,0.0,0.1034393586759762,0.11434171839268213,0.0,0.09308986752595776,0.05655042412818096,0.09806325079676391,0.09319664492078285,0.07855018795937833,0.12825308608988403,0.10029084344599339,0.10173925681895259,0.1319820881451803,0.1311967013400806,0.14593879691704292,0.0967713556787191,0.09613283810356128,0.09251082797191035,0.10688152593932418,0.0968421052631579,0.1637084266758573,0.07351252010107973,0.09491268033409263,0.07759155803848541,0.09174311926605505,0.09836468707733924,0.08358516041921173,0.07952043063371667,0.04175116306811404,0.07709185791377572,0.057677518584978216,0.05885430290347894,0.0,0.0390396252195979,0.031210986267166042,0.0,0.0,0.0,0.05209961446285298,0.0,0.025209236664313805,0.05537934853748175,0.03566152121860512,0.0,0.0,0.030902348578491962,0.03116883116883117,0.036467830164105236,0.03160389781406373,0.02632410234810993,0.0,0.0,0.0,0.0,0.0,0.0,0.0,0.0,0.0,0.0,0.0,0.0,0.0,0.0,0.0,0.0,0.0,0.0,0.0,0.0,0.0,0.0,0.0,0.0,0.0,0.0,0.0,0.0,M
New York,0.03659987190044835,0.03632071188595296,0.03864687624545597,0.03340877249703632,0.03912809560298026,0.04012709104902741,0.042899768213192635,0.034261870820510625,0.05370381180316386,0.04823896842821361,0.05392131005339382,0.03894482434738784,0.047398843930635835,0.04563188756302904,0.04982561036372695,0.05287671849335103,0.06220910175712436,0.047573212962041006,0.05752840115727036,0.047413128295355225,0.05077503237621447,0.05826455712929926,0.05705206460992951,0.053397584084915184,0.049913138175123814,0.053484550697554534,0.04609820866256761,0.04312832579644699,0.0498955888603478,0.04693733865289838,0.05528784598552041,0.05968432418354557,0.05639453989913698,0.06322780203784571,0.05714876908448658,0.07087884984698789,0.0943374160903768,0.13632887784724937,0.16196954972465177,0.17812833303400932,0.17731333955867873,0.17587007121523793,0.18411829098054705,0.18907669233750696,0.19274586473985808,0.1969270444346566,0.196731282808347,0.21404942595835766,0.18014330849774124,0.17884397501802485,0.18951298619666607,0.22340110882465847,0.27667395834681646,0.21032337218473401,0.17055990586150932,0.18753271423272774,0.1486652917556351,0.1519047400400998,0.15244082113741284,0.16295470555903915,0.12029499090125467,0.11712915993573136,0.09578354892860669,0.0849202810861304,0.08367130500588897,0.07754901425372726,0.07120698601251918,0.058046568681138146,0.04782938975325662,0.052521301857801364,0.052386335437977334,0.04884296444232188,0.04214479671804064,0.04497925662517992,0.0411968204505242,0.04265663464849391,0.0463616309104711,0.04280161451671503,0.03950564296653238,0.03557213452035303,0.033394092028551946,0.03258702652967336,0.023660705483368495,0.029578858256071316,0.025078238880674602,0.022783986112617987,0.029318072900515885,0.019926623140670237,0.017762304836675607,0.015696217815207223,0.016317847494606044,0.01193707277844793,0.013987970345502867,0.012663998784256118,0.011671789285297437,0.012049805864238854,0.006043716213947554,0.008732275160707448,0.010449830364420418,0.004988953032570736,0.007314539842298522,0.009687034277198211,0.009843861216701248,0.005400067886567717,0.004677268475210477,0.007137419109250095,0.009863878477017163,0.0042852979996228936,0.0,0.008489044416566841,M
North Carolina,0.049333991119881605,0.11899095668729176,0.10229132569558103,0.11592942796072891,0.11134307585247043,0.1458888964872689,0.13558300692979813,0.13446143025589044,0.12872692853762424,0.11978617274238822,0.13163223977318753,0.1045939629672,0.12538674482983228,0.11602049695446194,0.1552365436045618,0.13939048343154026,0.17275577452172244,0.16993810511217475,0.15077929086118783,0.1630778447099544,0.1586241442644849,0.163888695167027,0.1306072430584669,0.13339412052749777,0.16898354801683457,0.17060305833372463,0.1444970699205266,0.13325599260037313,0.1644003994776062,0.16021484047179457,0.1839271411195823,0.17605883772770514,0.1414015937413276,0.149812734082397,0.14913554177114954,0.14541670557786462,0.14591101743984064,0.16626048163905985,0.1550702628708318,0.16148566814695195,0.17408933647722516,0.1628613157092873,0.16166640758588527,0.1685179666868751,0.18012365792695884,0.15611219803947407,0.16807063016361573,0.15101990152674913,0.1303780964797914,0.13872585636538257,0.12401061099488861,0.13058323610947586,0.1851020251694943,0.1718599060948487,0.13961365925112149,0.133985063146664,0.11771322442680199,0.10129979476924697,0.0842360187951617,0.07648034843928238,0.10122975404919016,0.08180649517601381,0.0835410058903489,0.0763415911982636,0.06754578529651065,0.060252735799895776,0.06406255133217255,0.0441549839938183,0.038868914585560195,0.043042979211835225,0.06096512482218505,0.04858096566422717,0.03213613478813106,0.04363953742090334,0.03333888981496916,0.041040674239648224,0.03519216387817646,0.033997705154902046,0.038470521962546196,0.02861267541520894,0.036036499826252594,0.0253630926954293,0.024204609633434633,0.0223563603845294,0.01825304334395754,0.009873060648801129,0.013888310209296834,0.012339585389930897,0.018696081835421062,0.01457590735023255,0.013990994886927325,0.013175056982121448,0.016036991994868164,0.010685615825397038,0.01336737558315176,0.011949810794662417,0.015491266798342436,0.014123024381475729,0.010516076451875805,0.008289353706722666,0.01166384790342334,0.011904584753203077,0.0076119721097341895,0.012320391788458873,0.012207590069125479,0.010795638562020943,0.012657026231686864,0.011424467946207077,0.011969494887315755,0.008872327211427557,M
North Dakota,0.0,0.16852039096730706,0.2606777621816723,0.2661343978709248,0.2949852507374631,0.18718245832961938,0.18804356342552692,0.23203650707711346,0.25589330024813894,0.24797487187964953,0.2602728921839262,0.31895383143290007,0.2458043736226479,0.2890679747722495,0.21832154396995898,0.26718916993231207,0.2691906912122265,0.28720626631853785,0.2352941176470588,0.3017126630579466,0.29907558455682437,0.30547070258261594,0.21505376344086022,0.24399765762248682,0.34813699661272113,0.2951537655907836,0.14336232438115262,0.21691973969631237,0.24537368367242612,0.24159452385745925,0.2731440835040484,0.20467836257309943,0.14289797084881395,0.12366818873668188,0.15055989460807379,0.2291825821237586,0.23050959084547623,0.18067500180675003,0.2299873877884116,0.273123200708644,0.18225559524677407,0.1942725572024752,0.1939933898548642,0.24655547498187094,0.14105367092178575,0.23735884341509025,0.1712583767684289,0.21817634667469157,0.12044564890093346,0.12520253351008986,0.20507367461643625,0.1462100808003078,0.15390846496557312,0.13557024233180817,0.11624787624072253,0.11554015020219525,0.1352335379174035,0.13748854262144822,0.11717834544176235,0.11362345188046813,0.055512379260575104,0.08284023668639054,0.07291286912139992,0.0,0.0,0.08306633440132907,0.0,0.0,0.0,0.051440329218107,0.0,0.0,0.0,0.0,0.0,0.0,0.0,0.0,0.0,0.0,0.0,0.0,0.0,0.0,0.0,0.0,0.0,0.0,0.0,0.0,0.0,0.0,0.0,0.0,0.0,0.0,0.0,0.0,0.0,0.0,0.0,0.0,0.0,0.0,0.0,0.0,0.0,0.0,0.0,0.0,M
Ohio,0.08717948717948718,0.10122348384825279,0.1941231219252759,0.18817799424396725,0.19821782531830923,0.17591742229235924,0.1578895022129395,0.18280897044782377,0.2121072534253179,0.16966288217726283,0.16462792006168336,0.17957082572651362,0.18897506982732662,0.20706418989886866,0.18830563752135424,0.20750820555283978,0.19057990743261638,0.22320538881581573,0.18955800373001233,0.19069372701459542,0.3229543660354532,0.2795951462282615,0.22583036086533562,0.23497281204635487,0.22931508124970898,0.22633486128416455,0.19715249073047236,0.13876787039726338,0.15690589721644863,0.16971076732032905,0.13009283898054522,0.13382886182170017,0.13432730300626075,0.14175074042984528,0.1210913681606994,0.12909955199890563,0.12790108982386952,0.14172690534464114,0.13705163888402533,0.15748867497168742,0.13559524520637953,0.13891126903778941,0.1412935855923359,0.13342934598441206,0.1413038031768302,0.12100060500302501,0.12147472225809075,0.14400386487792188,0.11310130576185622,0.11535384177379848,0.13826666138048607,0.12747068174319906,0.1484377063469005,0.1314437172066858,0.09829040950656005,0.09870443046952573,0.0926991820660406,0.0818422630947621,0.091392229156625,0.08370260955194485,0.07334260383845852,0.07800798801797304,0.059885302033282135,0.049965695194344184,0.0513587745349798,0.05069305732098541,0.042598674019455975,0.033704583074307376,0.028646167067461724,0.03334299797042621,0.03977075003373412,0.03870523810889074,0.03207230847729427,0.03922130622034832,0.03238463913721296,0.036108143890953404,0.023854044029948368,0.02763448784082535,0.02449835784445074,0.03483528966300644,0.027750277502775027,0.026564658378493252,0.019755037534571314,0.019639130968454644,0.011709601873536299,0.009428625306430322,0.015870916545430498,0.015214842526379852,0.017248422677136763,0.015587178170615418,0.010067451927917043,0.008549525501334676,0.0137780358425761,0.01691828468497159,0.014269115518682348,0.013586530522663377,0.008426108296556881,0.01081537080498805,0.00898533144641373,0.0,0.01120852844475441,0.010220638023328607,0.013041040153362634,0.010545881174283869,0.007953024137428258,0.008148852369957897,0.015434047508804423,0.011760382212421903,0.00917669730663934,0.008032257546305965,M
Oklahoma,0.11020498126515318,0.0918929957116602,0.2187435914963429,0.32084937580212347,0.23305399910745275,0.25162429113306045,0.2695035460992908,0.24622455679579774,0.21377739022812298,0.19404915912031048,0.18242626938279113,0.249769629952956,0.18728961555009996,0.23385993282746612,0.21948542860626752,0.2310691763346652,0.19741874984576657,0.16828857832735786,0.1593585817086228,0.16240461950917717,0.18040860110195522,0.1573440327275588,0.1825626581123021,0.19573557428817495,0.17885933091495365,0.19974577810059924,0.21815603610482398,0.13348859666562526,0.20564996211711226,0.13926435651675267,0.15870880968392737,0.22920069550555877,0.18591254255040587,0.13662220234990188,0.14708918249380676,0.14200590299047725,0.15799301000622398,0.15672577467311483,0.1382499463685553,0.13877922140071305,0.14383400141476066,0.1354380721090977,0.15684254880846482,0.13717734744735818,0.1477440618252074,0.11327384530029129,0.1326957834770871,0.17203996983408748,0.13336566440349176,0.09397363918941712,0.08573178199632578,0.10623841877702286,0.1415691826242456,0.08502086875869531,0.09976272648835204,0.09360751275779812,0.11021784232365145,0.08813736371352092,0.07991816380026852,0.07649002570064864,0.08436854507898642,0.07279079924297568,0.059497714035197595,0.06560173188572178,0.02554604674926555,0.044681326397089334,0.024990628514307136,0.044976162633804086,0.05687771291722796,0.04420255822305716,0.033923072908512084,0.03523785552479235,0.027247956403269755,0.04218815918998734,0.02209456473707468,0.030182604758790685,0.018649260690022647,0.0,0.014473874656245476,0.029310041620259103,0.02051702913418137,0.02071189750569577,0.02736893321980294,0.0,0.022652255517442235,0.016433853738701723,0.016593103906016662,0.0,0.0,0.0,0.0,0.0,0.0,0.0,0.0,0.0,0.0,0.0,0.0,0.0,0.0,0.0,0.0,0.0,0.0,0.0,0.0,0.0,0.0,0.0,M
Oregon,0.0,0.0,0.41033067825247405,0.24834437086092717,0.2533650039588282,0.343764817449028,0.25028441410693975,0.3952122854561879,0.3146249873135086,0.2978941961992809,0.3292181069958848,0.2681660899653979,0.3171151581045574,0.312723373838456,0.31915811265418786,0.2099737532808399,0.21073850100787977,0.3286470695636297,0.24337732846578677,0.2821011673151751,0.30757400999615536,0.24684044233807267,0.2223794602244011,0.328042328042328,0.2882417254746049,0.244307632170429,0.2167238576846668,0.2808292723217973,0.21861336664584632,0.14144271570014144,0.13124266077225943,0.12884107453456162,0.14014661492022423,0.1506520408643661,0.1228380503144654,0.1431886634078902,0.10892822408091812,0.1304291117777488,0.14506443559813778,0.13688568376068375,0.12754684893874482,0.162208581151999,0.1461552228121458,0.12223481008884383,0.12042612320518759,0.1359787378700785,0.12470382840753212,0.09199048374306107,0.11017628205128205,0.0899370440691516,0.13280632411067195,0.14032568612733742,0.12968874700718278,0.09198330149295973,0.06997642899233941,0.13471541368858286,0.11074197120708748,0.07818302646495445,0.09239653512993262,0.08798621549290611,0.06651030909791017,0.07107586413287446,0.05973477758751145,0.052512522216836326,0.05745365405239773,0.03728143757223278,0.04646009792359101,0.036854625255469564,0.022367075664621677,0.014982171216252659,0.040571478250789696,0.0,0.02428436997237653,0.0,0.03722430747277973,0.0,0.019367333763718526,0.02608242044861763,0.0,0.030672964848782285,0.0,0.030098723814110283,0.015456906145665885,0.0,0.0,0.0,0.02518574486840448,0.0,0.022284477269833184,0.0,0.0,0.0,0.0,0.016808982720365764,0.0,0.0,0.0,0.0,0.0,0.0,0.01993779408246272,0.0,0.024862221853893012,0.0,0.0,0.0,0.0,0.0,0.0,0.0,M
Pennsylvania,0.059297912713472484,0.06752608962553713,0.12389097594117177,0.11631388626574844,0.10945689800930829,0.13656165075723437,0.11979414146416549,0.11023601977876332,0.1287038932927721,0.129610288288515,0.13510055171018254,0.13617508224860536,0.15962686478595758,0.12590107103748338,0.1454975333621297,0.1639392599144921,0.1560522986081822,0.16320820704126837,0.17811832056297888,0.14684384075309911,0.21938154051682363,0.21560838307578184,0.20012381761377543,0.19998146889863488,0.17138152971112108,0.1783674221485167,0.1933301111648139,0.17127156381869993,0.1743764985480344,0.1509755621853171,0.17669073556214088,0.1636639609318287,0.1646412719977434,0.17994917729305843,0.1598962279901879,0.15280191494245335,0.1791707543760004,0.19128432465754666,0.19377073913922405,0.2170579684170699,0.19952114924181963,0.21394347190287435,0.22759248530993959,0.20046837542091434,0.22600095824406294,0.20262000815919495,0.2177702280156298,0.2078191972983504,0.1726500898848406,0.18604567150295098,0.1762191558964402,0.22001944357873487,0.2647938072895013,0.22155452365777414,0.15959391072007742,0.15300029169120358,0.14580619878052997,0.16485566104713428,0.1324470824850997,0.1544630555263792,0.1497699317313765,0.10557554767315355,0.10647022430686445,0.08525934972463535,0.0832445132529933,0.06811606978291009,0.06595244989222404,0.06723950555507775,0.06538934232502443,0.055575434135497474,0.05725607780799626,0.05070653592334365,0.05990371033228071,0.04148908082827292,0.04485702772772544,0.03753725572630836,0.03779346626555201,0.04901665057915058,0.03733405014709616,0.04457109454917434,0.045056502307328945,0.04335314123406959,0.026507207621601813,0.029782986670101104,0.024979807988542595,0.03287680714291894,0.02423219830913105,0.024473121923210873,0.02074454041413646,0.02203994020468397,0.018416206261510127,0.03010567090487612,0.02150141294999386,0.0173458767830541,0.011589560966358665,0.011716336834032764,0.01599778164094579,0.013978043719019815,0.014459868303968677,0.010331527229313986,0.010731276902715012,0.010900238594111449,0.006181386608644051,0.010108668182966895,0.008806139136998365,0.01292757969852884,0.018749162983795364,0.008373105584861425,0.01019353147616898,0.010595465140919687,M
Rhode Island,0.0,0.0,0.0,0.0,0.0,0.0,0.0,0.0,0.0,0.0,0.0,0.0,0.0,0.0,0.0,0.0,0.0,0.0,0.0,0.0,0.0,0.0,0.0,0.0,0.0,0.0,0.0,0.0,0.0,0.05839075090505664,0.0,0.0,0.0,0.040929927963326784,0.0,0.06044905008635578,0.13998740113389793,0.10588601681719091,0.16759402024535763,0.18687846225722485,0.15358931552587646,0.11838006230529595,0.17878426698450536,0.1480867195829878,0.20684900022983221,0.21382339343504392,0.22604764388801948,0.16617958856226003,0.2226099512664701,0.21919431279620855,0.20737054153335704,0.24968789013732834,0.2900339401419315,0.27685144403196377,0.19433299899699097,0.18936920464934048,0.16677089847821555,0.206965458178704,0.14334213504337986,0.1795197845762585,0.17706949977866313,0.17813765182186234,0.1092697140775815,0.06986725222078052,0.09668063164679343,0.06961364427427777,0.07978117164349213,0.06361997667267523,0.05420054200542006,0.0523944252331552,0.0,0.05035753852351697,0.059588837024530744,0.0,0.0,0.06666666666666667,0.0,0.0,0.08951750067138126,0.0517063081695967,0.05053057099545225,0.043546420484236195,0.0,0.0,0.0,0.0,0.0,0.0,0.0,0.0,0.0,0.0,0.0,0.0,0.0,0.0,0.0,0.0,0.0,0.0,0.0,0.0,0.0,0.0,0.0,0.0,0.0,0.0,0.0,0.0,M
South Carolina,0.05396238051187173,0.0,0.04585052728106373,0.03652300949598247,0.02913995504121222,0.02162551811137142,0.0457008552588627,0.035439286059473565,0.020079745274088522,0.043073278414903354,0.05080010160020319,0.031307070180015655,0.028146669737212457,0.04023065575968888,0.05446058091286307,0.058448459086078645,0.05705157462345961,0.07101667471522313,0.04917274094643064,0.0716756520926174,0.0546414911055795,0.08111615833874108,0.07721345229924502,0.02969121140142518,0.0647887323943662,0.04276794115131297,0.0643049222495031,0.05330789517984401,0.06711409395973154,0.045641259698767686,0.09821659343499613,0.08758758758758758,0.10230892645383309,0.08896401405631423,0.07373441784372912,0.10139596302584418,0.13544400237027004,0.12604079138339316,0.12153764726638308,0.12131248555803742,0.13550397800964015,0.13680659670164919,0.14952862014259924,0.14265857048796546,0.16167143390125607,0.17919836161497954,0.1643667365074778,0.1462790272444688,0.14282956958116194,0.11892229110617225,0.13896609227348528,0.18265928087835287,0.2334917253809602,0.17271157167530224,0.17477300822711966,0.14281436436090572,0.11826892906277907,0.11931097909572219,0.11085077973446199,0.11057498994772817,0.08593807547818401,0.10602362107650962,0.05604932340459605,0.05563746626978608,0.06333486872409028,0.06109295292787977,0.045599635202918376,0.05018005785465494,0.0600943481265587,0.0468974411583668,0.05989902735388916,0.05998286203941731,0.048633957945930485,0.03473528815816135,0.052547073419938695,0.06559247112505347,0.05422064950630672,0.04497161167013323,0.03540980034320268,0.04144862960468369,0.04888843145327295,0.0270175343798125,0.047572408003358053,0.03247232472324723,0.02187568361511297,0.032436991144701416,0.022819885900570495,0.029226472689484962,0.0,0.0,0.016073552576590478,0.0,0.0,0.026302811112937696,0.02288030332744983,0.0,0.015424005922818276,0.015571473061351605,0.018751757977310372,0.0,0.0,0.0,0.0,0.0,0.0,0.0,0.0,0.0,0.0,0.0,M
South Dakota,0.2588438308886971,0.0,0.3222094361334868,0.3048199657077539,0.29987373737373735,0.2622277961463915,0.23293498075754507,0.24075500770416022,0.24543223343332427,0.2293788420956051,0.26382978723404255,0.4011365535684439,0.3367875647668394,0.31542977306580217,0.2822865208186309,0.25768452052273144,0.29968158831241803,0.2980329823167097,0.251183460535214,0.2960039467192896,0.29608404966571156,0.20644907589461264,0.27010804321728693,0.21768425417228154,0.21587171052631582,0.1552955792525106,0.2365038560411311,0.2387720295622513,0.11312217194570137,0.14383713210887364,0.2599090318388564,0.10793308148947653,0.08464712728811767,0.21190716448032293,0.0926497838171711,0.15787811809283234,0.13915463558879806,0.09852216748768472,0.17682163117954763,0.08396893149534672,0.13643495463537758,0.1781120126657431,0.13145786775338505,0.10767884783632814,0.13541878258514456,0.11092261516377397,0.14746296668677525,0.09048513955592678,0.09994288977727013,0.09629935341862705,0.15658362989323843,0.07876834944504117,0.11061131185015854,0.15190642564180465,0.08913378170326554,0.0845229151014275,0.12480499219968799,0.10461466930140649,0.0,0.11788282447247435,0.05603496581867085,0.1055223355610271,0.0,0.0777000777000777,0.0,0.0,0.08122534230679972,0.0,0.0,0.0,0.06044731009470078,0.0,0.0,0.0,0.0,0.0,0.0,0.0,0.0,0.0,0.0,0.0,0.0,0.0,0.0,0.0,0.0,0.0,0.0,0.0,0.0,0.0,0.0,0.0,0.0,0.0,0.0,0.0,0.0,0.0,0.0,0.0,0.0,0.0,0.0,0.0,0.0,0.0,0.0,0.0,M
Tennessee,0.0,0.07091639744700969,0.09420138162026376,0.13843385169120023,0.1171737686989806,0.11464430097145961,0.11026605219259804,0.14184017556067013,0.13354106387714224,0.11285574092247301,0.11390300020502539,0.13173494928204452,0.10167093979312175,0.11678639108016395,0.10536297545042672,0.1313749138525155,0.11252391133115787,0.17038714547611344,0.13159949144603306,0.18635093061836694,0.1934067844492253,0.14612438284588306,0.11299435028248588,0.19168320404113298,0.1793224174369703,0.16581685528333956,0.18067039343635088,0.16243697656266481,0.20388606846494178,0.21663427275672173,0.19338581446682163,0.15670513624128904,0.16837041491280816,0.17500000000000002,0.16798368158521743,0.15804240508576908,0.17171791296690395,0.18779342723004694,0.14231826786232435,0.16704018708500953,0.1501965188096575,0.1741634668129457,0.15781020878430277,0.14963894456494878,0.13813622356816493,0.14532145644393016,0.1590167910950597,0.1379875674567935,0.13595716648445602,0.09875428523059127,0.12109297090919452,0.13743736578382248,0.139672932549613,0.13844848376579874,0.0943048699624254,0.11252572016460906,0.10305446681984053,0.10856453558504221,0.09296777701766387,0.09778137433407513,0.07017887452670062,0.07034468897598231,0.06553318527687771,0.05072899443859912,0.047104043411086406,0.05308690523004325,0.04148148148148148,0.031638502196084266,0.04833252779120348,0.03436115381137535,0.04274417610600555,0.0345128242389014,0.027060181844421993,0.022060445621001543,0.03353266640585704,0.02558713332724116,0.014908962149872343,0.025520434576543075,0.03357246351203307,0.020760168157362074,0.010157096424702059,0.03594228695637291,0.015765963037575548,0.026805339623653033,0.017923395408026097,0.036167019295104796,0.016252821670428894,0.021803117845851958,0.024841193796799037,0.012426770814841115,0.008860849223789607,0.0,0.011244377811094452,0.014903684936100451,0.0,0.01120322652924042,0.012987012987012988,0.0,0.02291213197388017,0.0,0.0,0.0,0.01104728236853734,0.0,0.0,0.011309914270849826,0.011695632850693551,0.01441753171856978,0.0,0.0,M
Texas,0.05350216237906282,0.03974387281960697,0.09350296092709602,0.09253327638977864,0.09740195201463017,0.08579800236349214,0.11177694290061167,0.09348568036800713,0.09373382392031226,0.09462503165273946,0.10392526936952003,0.10191318849307454,0.11096854735235982,0.09199632014719411,0.09422212595440516,0.11477667737915655,0.10988401132138298,0.12619317262578872,0.11363027281985315,0.1234949058351343,0.12000505284433029,0.11956242387672777,0.1352897179814334,0.16361368863056489,0.14063498828041765,0.15820230523359055,0.13867793700059433,0.1561019722676772,0.1462259293584595,0.13934189339829073,0.11210762331838565,0.12464630473746939,0.13864402718107596,0.12302960399846213,0.1242932714898519,0.1357938445356714,0.12866178203339787,0.13879717269547778,0.14327787948738357,0.1709421931469334,0.1834883559904909,0.18266826138958356,0.1601161485630734,0.15224259309933083,0.15298516581539137,0.1659319188209997,0.140547126458836,0.14929573433944984,0.13374157991426822,0.11735774634170094,0.1273904075023151,0.1299026983649313,0.18234571134976124,0.13382210512064818,0.111443894964129,0.10698483024879786,0.09536455818445196,0.09293848558548229,0.08739491801524357,0.08434293502242628,0.06665018328800404,0.06394658834112796,0.060838993114663946,0.05619959225402216,0.044336984730342456,0.051268754346058196,0.04963793506190142,0.03645071022806929,0.039735676105250556,0.03253206187191517,0.03522036206532203,0.03172876439126099,0.03659612942113534,0.028169502396574588,0.026220882998981256,0.029418439477864725,0.02980740160363821,0.027005130974885227,0.0305616800192102,0.02526517730587565,0.020068064184358615,0.020656279508970726,0.018716714025624883,0.01588985325505791,0.014735774559985438,0.01303458074271041,0.015892788110476355,0.010769688066754836,0.008950719893614302,0.012186154007773927,0.009403914481619435,0.007023806572630292,0.00821793976250154,0.008191048003636825,0.009407722513089004,0.009440273850030989,0.00925866288805874,0.0076248264348719435,0.007780029891693795,0.008871165333175623,0.008433686808382197,0.00459303420432572,0.005039144994525656,0.006356701779876498,0.004455097076565298,0.005773313082327445,0.009180038923365035,0.0044055235475233614,0.005570748506026537,0.004164432622082945,M
Utah,0.0,0.0,0.23033892727871008,0.27746947835738067,0.251414204902577,0.24176488365064974,0.27552004408320707,0.24044883783061713,0.2202898550724638,0.15469898156503803,0.16544552115339162,0.2033898305084746,0.22716403634624582,0.2202132591562355,0.21721733165656798,0.19357777271692098,0.20226055919095776,0.19002375296912113,0.33988832240835154,0.23623026233992292,0.18766127140511377,0.17441136165441634,0.1131506160422429,0.21063065295502414,0.12196609342602757,0.13997433803802636,0.16486104569006124,0.18373909049150206,0.11039964672113049,0.0868338217735808,0.24888520170071554,0.09957184108334163,0.08358408559010365,0.19131714495952906,0.10911074740861974,0.08774028874531388,0.15926874870161345,0.10436597669159853,0.07965686274509803,0.09056330374932077,0.08369701679918695,0.11453504226888464,0.1048327916972429,0.08696541845713117,0.1374395520488674,0.13531799729364005,0.09293680297397769,0.06778676221372197,0.0655605426395683,0.10066438494060802,0.1220286035046615,0.11775673421323782,0.06415001233654083,0.08331163759437647,0.08174386920980926,0.07664642414951948,0.08661008141347654,0.0859155736296466,0.07398975526465566,0.04878842088144414,0.05305039787798408,0.0,0.0,0.03751465416178195,0.030440076535049574,0.0,0.029304029304029304,0.0,0.0,0.03164256557921716,0.018664841659926587,0.01906032593157343,0.018751757977310372,0.026458526260087312,0.03424188467333242,0.021417862497322766,0.0,0.026985350809560528,0.01914095398514662,0.0,0.0,0.0,0.0,0.019262626651770236,0.033776176536816034,0.0,0.0,0.0,0.0,0.0,0.0,0.0,0.0,0.0,0.0,0.0,0.0,0.0,0.0,0.0,0.0,0.0,0.018941546387847105,0.0,0.0,0.0,0.0,0.0,0.0,0.0,M
Vermont,0.0,0.0,0.0,0.24896265560165973,0.0,0.0,0.11518083390923751,0.13658092419758708,0.1662855955102889,0.27359781121751026,0.1475548060708263,0.09725734292939117,0.0,0.18679950186799502,0.10064412238325281,0.0,0.0,0.0,0.10210332856851133,0.0,0.0,0.0,0.12903225806451613,0.13377926421404682,0.12975778546712802,0.14367816091954022,0.14510779436152568,0.0,0.0,0.1461072844917554,0.1195219123505976,0.0,0.0,0.09114108640174991,0.0,0.17381228273464658,0.13938361468174074,0.25142252216488026,0.06853070175438596,0.16271186440677965,0.11132758140829391,0.19055396760582552,0.18834925332974572,0.0,0.10692328254477412,0.1977587343441002,0.17715998909784683,0.10639712727756351,0.12077294685990338,0.14571466419393297,0.13526308670363857,0.17667844522968199,0.2099370188943317,0.2898550724637681,0.17628911414720141,0.19157088122605362,0.14829461196243204,0.23740885195862302,0.1736714136853074,0.19694731659281145,0.18799937333542222,0.11651131824234355,0.0,0.0,0.0,0.0,0.0,0.0,0.0,0.091324200913242,0.0,0.10344827586206896,0.0,0.0,0.0,0.0,0.0,0.0,0.0,0.0,0.0,0.0,0.0,0.0,0.0,0.0,0.0,0.0,0.0,0.0,0.0,0.0,0.0,0.0,0.0,0.0,0.0,0.0,0.0,0.0,0.0,0.0,0.0,0.0,0.0,0.0,0.0,0.0,0.0,0.0,M
Virginia,0.042241622078287806,0.0,0.05163349605707848,0.08007417397167903,0.07020499859590003,0.07754728999916913,0.045182724252491695,0.06623360081518277,0.05568833097431376,0.06448492664839593,0.053582527809331926,0.07258399004562423,0.07463800567248843,0.06259578233935549,0.07843636055287036,0.10344675793458644,0.074408222108543,0.08020164986251146,0.06323036931219408,0.10487549084168678,0.10561689870379261,0.11430313190581422,0.11276870668389521,0.1380903361872003,0.13031077891424075,0.1196756545525596,0.09811616954474096,0.1329755083291023,0.09728753098144588,0.09282896263634255,0.12776174637090557,0.12110329275677031,0.14687253300042227,0.1287500661387326,0.12923659397866685,0.11275624318379267,0.16784538669621615,0.15434065389462356,0.1970095711366276,0.1792088370521615,0.20543895950339935,0.1930099837538359,0.19816201407083295,0.189679363924544,0.20277333467675915,0.2124296642852627,0.18901005981173605,0.18212664038720622,0.17935736637240185,0.15998361767754982,0.16274346422247682,0.18946910245413695,0.22414345180915787,0.18032174551449656,0.15663430420711974,0.18656716417910446,0.13146690171355155,0.14195005800109897,0.11654654194142003,0.13095781940003046,0.1149238997509982,0.09553600320507882,0.08395298632765652,0.10167029774872911,0.08239796385475985,0.05465716762787893,0.0416571991214118,0.06519022870905239,0.05101111313536163,0.03524974443935282,0.058333047387022614,0.04393673110720562,0.041195662920607716,0.05627368874029692,0.055145568080447654,0.04186825455898772,0.0368618295754746,0.032624008304293024,0.03346281989728369,0.039433287327831454,0.0359722183790365,0.028493275586961478,0.029041064064587327,0.01943198804185351,0.025579295817032804,0.024988677005731777,0.02065163862809576,0.037277751665343035,0.020928585227638612,0.019236009810365003,0.011013908993643401,0.017538265306122448,0.00799488327470419,0.017495308076470404,0.01095444515735278,0.017317107728152894,0.0,0.0,0.0,0.010213635202995999,0.008753807906439301,0.014099152288468657,0.010635657815435883,0.0,0.0,0.010879222498232127,0.0,0.0,0.0,0.0,M
Washington,0.13068478829064298,0.11539349180706207,0.24559375902918232,0.20666180403598344,0.1757297666699209,0.23842917251051893,0.16796560064498792,0.2546523016650343,0.2495887458165523,0.25881405647897854,0.2307409932350936,0.25291627954991225,0.2655682618828248,0.25488069414316705,0.2356469580119966,0.2268431001890359,0.16045147726015271,0.20755034498233016,0.2968023744189953,0.22098821396192206,0.22172949002217296,0.21638692321188374,0.25844346549192365,0.1948368241597662,0.13451406792960433,0.17907106883044208,0.21950958346718064,0.17304459606447148,0.17116950407105846,0.13488999488348294,0.11272979535206383,0.1572388851763041,0.14962593516209477,0.17183067859480688,0.11925735194470795,0.1169466298107591,0.11582748518089528,0.16322955649335139,0.11114312764994032,0.15587675614397342,0.1423053466151657,0.1879368062488988,0.15468758632119772,0.1472347474003865,0.16801916133414363,0.13730555906849018,0.13477566944493705,0.14376996805111822,0.13773605422450977,0.1404135818228236,0.1383074852010991,0.14528656844301227,0.1853307873750421,0.1403733932259811,0.12884660811304144,0.12392732714476115,0.10482679754133511,0.08805599458116956,0.11799152209063497,0.09958893079628765,0.07528073440538675,0.06432493280341842,0.06901494438988134,0.024236548715462918,0.03320816409942014,0.02784316703369023,0.045949214026602174,0.0337108953613808,0.035101575183186344,0.029980213059380808,0.03210636650361669,0.033252664831612204,0.027889335118250782,0.02969617104994525,0.030083670207765346,0.01666543219020813,0.028312036390404107,0.01684762261325346,0.011021307861866276,0.014103129131776113,0.01351419835464635,0.0084530853761623,0.020489004234394207,0.010730765103551884,0.01474735930097517,0.02445953827917741,0.016959053307957564,0.01327467192596526,0.0,0.01702224239673173,0.0,0.009745638826625085,0.009949456759660922,0.0,0.011915164032091509,0.0,0.0,0.0,0.0,0.0,0.012665709701933632,0.0,0.0,0.0,0.0,0.0,0.0,0.0,0.0,0.0,M
West Virginia,0.08743806470416789,0.10457516339869283,0.16675443215727576,0.2669310555216596,0.13405642556821645,0.174052751372339,0.170261066969353,0.14654996946875637,0.16316171138506164,0.15858631626642503,0.16249703781441485,0.1533036946190403,0.14638552340611083,0.1497454327643007,0.15245623941276115,0.14444051409031952,0.18611911623439,0.11407511407511407,0.16080042880114348,0.14363688595231255,0.1853771954629717,0.1820830298616169,0.22623703177014318,0.2180133533178907,0.1617431640625,0.15990345451802687,0.1683096898292859,0.194541231126597,0.168306946227357,0.15519025175307508,0.17768501805054152,0.13900624165281145,0.14228062913907283,0.12421018523518929,0.13467820505473094,0.11609907120743033,0.14106030327965205,0.11988672771243722,0.1256063756063756,0.1427397378779359,0.1649576460098083,0.1465949980009773,0.13015481572818194,0.15235423568958428,0.1276554747338504,0.09930739458138113,0.1294317691546329,0.10706638115631692,0.09850684363334715,0.10172939979654119,0.07248477819657873,0.09464375499097927,0.14305261848488618,0.09815148045149681,0.09748488984207447,0.07654455986878075,0.07025486905273018,0.08460577736594013,0.07667164359791777,0.11912586263555702,0.06237087280240128,0.09167303284950344,0.04845352499394331,0.09024107257960552,0.0699637063273427,0.056350238404854786,0.06766185985537278,0.023767082590612002,0.0368656043911031,0.044199783019247,0.0,0.042687612054981644,0.02178269582643548,0.040632054176072234,0.03834907243181056,0.0,0.0,0.03726575809199319,0.03848056731350668,0.0,0.027274710888064588,0.04423555432679016,0.0,0.0,0.0,0.0,0.0,0.0,0.03354128932716174,0.0,0.0,0.0,0.0,0.0,0.0,0.0,0.0,0.0,0.0,0.0,0.0,0.0,0.0,0.0,0.0,0.0,0.0,0.0,0.0,0.0,M
Wisconsin,0.05913660555884093,0.11018069634200088,0.19412611935625274,0.15173739315158563,0.13293051359516617,0.13438602385351925,0.18342935386364223,0.18277358921635825,0.193128442335662,0.17337301073877603,0.17504849316364668,0.1881530015937666,0.20530091578048948,0.24063564131668558,0.2014299311596609,0.21828600013642876,0.2586545345373086,0.22493931092848712,0.2710508775827594,0.24991480177212314,0.2701445937866743,0.26524587139034966,0.23643949930458968,0.21212786189744715,0.21453156678768445,0.20184412128996743,0.16883798398320746,0.17703477949085694,0.18656311690565547,0.20050999280779372,0.1809126511152733,0.14798297182242043,0.15359595229490422,0.1549968459944129,0.15689981096408318,0.10017956714866269,0.1529973573183736,0.17733156911156886,0.15559729737306904,0.16411378555798686,0.17238784528874965,0.17954235798963492,0.15590620481549003,0.13546704479274807,0.15341158135684022,0.1827821623977146,0.12349971822879821,0.1429916646322324,0.10558051687528595,0.11240981406499123,0.11718794443243488,0.12965063783483435,0.16748804087190178,0.13353134242677617,0.11328235627301048,0.11200530988135735,0.10289094988353317,0.07894936612768542,0.08568846789019412,0.08306689235784591,0.06807969863386738,0.04782874012501443,0.05164431820277773,0.0756000756000756,0.04393833986305884,0.03480172176939281,0.023758612497030172,0.03657198585883213,0.02615974886641088,0.01966955153422502,0.025564005879721352,0.016124610993759773,0.01771793054571226,0.013232107709356752,0.01154943985216717,0.021462061678663408,0.017053206002728513,0.017518964278831838,0.017614316916789965,0.01575602668020518,0.019186827370881374,0.010762911008664142,0.014871823471455395,0.01906795820303562,0.019764017629503725,0.0,0.0,0.0,0.02106061244260983,0.019100980516999874,0.01488253428298076,0.0,0.0,0.0,0.011270907533474595,0.0,0.0,0.0,0.0,0.0,0.0,0.0,0.0,0.0,0.0,0.0,0.0,0.0,0.0,0.0,M
Wyoming,0.0,0.0,0.0,0.0,0.6055363321799307,0.0,0.23696682464454977,0.4983388704318937,0.3104518799586064,0.5860805860805861,0.6359300476947536,0.23134759976865238,0.21014710297208045,0.17969451931716085,0.29086678301337987,0.2736394040741867,0.34048348655090227,0.36581310276022616,0.2996005326231691,0.0,0.32819166393173616,0.1665001665001665,0.24831500532103584,0.2508061626657112,0.17006802721088435,0.23364485981308408,0.18909549322407815,0.19329896907216496,0.0,0.0,0.1434308663224326,0.13935340022296544,0.15970188980569602,0.24894199651481203,0.17495626093476632,0.15982951518380392,0.2065167508031207,0.22757443580504458,0.11162790697674418,0.09109127345600292,0.0,0.19818331957060278,0.07955449482895784,0.11952786493351261,0.13570566948130278,0.25050884609362767,0.1100975149418056,0.1294707881534229,0.23952095808383234,0.18577942915048135,0.14749262536873156,0.0962000962000962,0.10496850944716585,0.13069454817027634,0.15879317189360856,0.20261143628995948,0.15641293013555788,0.0,0.0,0.1285016705217168,0.11582117211026176,0.0,0.0,0.0,0.0,0.0,0.0,0.0,0.0,0.0,0.07248477819657873,0.07059155724975293,0.0,0.0,0.0,0.0,0.0,0.0,0.0,0.0,0.0,0.0,0.0,0.0,0.0,0.0,0.0,0.0,0.0,0.0,0.0,0.0,0.0,0.0,0.0,0.0,0.0,0.0,0.0,0.0,0.0,0.0,0.0,0.0,0.0,0.0,0.0,0.0,0.0,0.0,M
