state,1922,1923,1925,1926,1927,1928,1929,1930,1931,1932,1933,1934,1935,1936,1937,1938,1939,1940,1941,1942,1943,1944,1945,1946,1947,1948,1949,1950,1951,1952,1953,1954,1955,1956,1957,1958,1959,1960,1961,1962,1963,1964,1965,1966,1967,1968,1969,1970,1971,1972,1973,1974,1975,1976,1977,1978,1979,1980,1981,1982,1983,1984,1985,1986,1987,1988,1989,1990,1991,1992,1993,1994,1995,1996,1997,1998,1999,2000,2001,2002,2003,2004,2005,2006,2007,2008,2009,2010,2011,2012,2013,2014,2015,2016,2017,2018,2019,gender
Alabama,0.0,0.0,0.0,0.0,0.0,0.0,0.0,0.0,0.0,0.0,0.0,0.0,0.0,0.0,0.0,0.0,0.0,0.0,0.0,0.0,0.0,0.0,0.0,0.0,0.0,0.0,0.0,0.0,0.0,0.0,0.0,0.0,0.0,0.0,0.0,0.0,0.0,0.0,0.0,0.0,0.0,0.0,0.0,0.0,0.0,0.0,0.0,0.0,0.0,0.0,0.0,0.0,0.0,0.0,0.0,0.0,0.0,0.0,0.0,0.0,0.0,0.0,0.0,0.0,0.0,0.0,0.0,0.0,0.011792730960635864,0.016975870013338182,0.0,0.0,0.0,0.023333592595473282,0.020817611699497775,0.0,0.018395395895198802,0.023715415019762844,0.027649514751016117,0.04593345390864984,0.04318162190171863,0.032172209060863974,0.03205034818332799,0.033669088970567605,0.047871142149132684,0.04901819440039215,0.039749273811343834,0.03265626020508131,0.03363266404331887,0.05244205153305598,0.02106889528759042,0.052077908551192584,0.03869424511045448,0.0250905050360228,0.04479116121085439,0.031688188227838074,0.05254435956509438,M
Arizona,0.0,0.0,0.0,0.0,0.0,0.0,0.0,0.0,0.0,0.0,0.0,0.0,0.0,0.0,0.0,0.0,0.0,0.0,0.0,0.0,0.0,0.0,0.0,0.0,0.0,0.0,0.0,0.04393431819429952,0.03611784737629637,0.03747423646243208,0.031236055332440872,0.02559836170485089,0.04143875352229405,0.0,0.036779579977196664,0.03265246888945325,0.028061313971026694,0.02667111185197533,0.053304904051172705,0.04310487748267516,0.05434044287460942,0.020926339285714284,0.03367003367003367,0.047380266119161366,0.0946073793755913,0.04323559468595236,0.09287810677267154,0.05748292419016704,0.07365002845569281,0.0723913268296046,0.12561108093427487,0.08811147733576999,0.11015789297993792,0.09202655623479918,0.08842291416661403,0.0952088452088452,0.08437157240487105,0.09688146421931869,0.07307731075496421,0.09461915788949478,0.07627389710405236,0.07127245082200893,0.09327943854661751,0.11349746813340317,0.08373456144023446,0.08988029578788251,0.11898759705556115,0.12526594158232757,0.129764801297648,0.12819999198750048,0.18330312226318254,0.17561364997006587,0.17368992401065825,0.14438070303777,0.19317698875709924,0.1717819514429684,0.1980564553447478,0.17338767338767339,0.2088251316506265,0.18652407937043683,0.21025195482189402,0.203544061302682,0.20170101186674289,0.1921885671627567,0.18092822641875192,0.18748615159107565,0.20583447166033572,0.13850693538350362,0.13227786619267098,0.15108866628032122,0.14681515971392017,0.1564520839417581,0.15030490423430387,0.12633818737948002,0.18681864402771536,0.15791551519936833,0.22295387965675473,M
Arkansas,0.0,0.0,0.0,0.0,0.0,0.0,0.0,0.0,0.0,0.0,0.0,0.0,0.0,0.0,0.0,0.0,0.0,0.0,0.0,0.0,0.0,0.0,0.0,0.0,0.0,0.0,0.0,0.0,0.0,0.0,0.0,0.0,0.0,0.0,0.0,0.0,0.0,0.0,0.0,0.0,0.0,0.0,0.0,0.0,0.0,0.0,0.0,0.0,0.0,0.0,0.0,0.0,0.0,0.0,0.0,0.0,0.0,0.0,0.0,0.0,0.0,0.0,0.0,0.0,0.0,0.0,0.0,0.0,0.0,0.02115506663845991,0.0,0.026465528648934762,0.02644336712208021,0.02160667214035694,0.0,0.021875136719604497,0.06659563132658498,0.04767270520932652,0.040185747454902665,0.03595182455509617,0.04042763453418381,0.04927873846429532,0.04509582863585118,0.04873294346978557,0.06745210900260815,0.032897828743302944,0.06397008168487353,0.06305170239596469,0.02651113467656416,0.06599934000659993,0.056085249579360626,0.044358192403659555,0.04551920341394026,0.08912126433367001,0.06291286568103177,0.09191176470588235,0.05519525320822409,M
California,0.0,0.0,0.009165342783820115,0.01079414032382421,0.012105255193911056,0.0,0.018648018648018648,0.016311762263479447,0.015438769838819243,0.012637432073802603,0.009812419251966572,0.009385852391828051,0.009149130832570906,0.014561339643247179,0.009122422915526363,0.011909156950779456,0.009296488251562972,0.01162655505173817,0.008508787686838796,0.011446537040993866,0.008831701733051624,0.007900090192696366,0.008839611562211924,0.010070493454179255,0.008897963771238034,0.01139249519379109,0.01394181615391765,0.017033814423497457,0.018598615916955018,0.023177471497704234,0.023136471043378987,0.016534634547832862,0.016199753763742792,0.02208855812689027,0.028684490165783318,0.029393308893952905,0.03398729198968081,0.045094275219129995,0.047062903285733745,0.05183903666831136,0.047101245843549,0.052182268846867316,0.06262415406888656,0.0755726490874514,0.07787605561350613,0.08149988382691999,0.07875130820429747,0.09075915973273459,0.10534711875630201,0.11858239031128898,0.14426072779110366,0.1630704899919081,0.15767845033945802,0.14558102567734524,0.14220921060615255,0.16279052559141058,0.1525875283264605,0.15877077305620615,0.15788434971383464,0.1477064220183486,0.16188546829215353,0.15763546798029557,0.14897265086994407,0.1550006354749761,0.15387482362963556,0.16067569824344774,0.1792925484676352,0.18146906950556968,0.19881166391987684,0.2075384825396972,0.21605642942116582,0.2179835157733568,0.20676633864529567,0.20917016826166634,0.20788422194455508,0.20192736185383245,0.21172187265028294,0.19614134453078136,0.21113900935859392,0.19466208548552613,0.17978707790961537,0.18272524072988108,0.1820326120397908,0.18770609622051238,0.1807187833875111,0.16516623373542563,0.1399399266891285,0.1560180258300159,0.15364325308625446,0.13747557113013006,0.12670256572695598,0.1400684324604332,0.1370195948587712,0.1429014773703241,0.13839190139768176,0.12694640989856495,0.1363901782022922,M
Colorado,0.0,0.0,0.0,0.0,0.0,0.0,0.0,0.0,0.0,0.0,0.0,0.0,0.0,0.0,0.0,0.0,0.0,0.0,0.0,0.0,0.0,0.0,0.0,0.0,0.0,0.0,0.0,0.0,0.0,0.0,0.0,0.0,0.0,0.0,0.0,0.0,0.0,0.0,0.0,0.0,0.0,0.017071643999317133,0.0,0.0,0.0,0.0,0.0,0.0,0.01832005129614363,0.0,0.022351363433169423,0.019026478515934676,0.04389953278354395,0.02159227613436565,0.020497203595795144,0.017203314505261347,0.029330204778157,0.027810785528278512,0.026593172807272025,0.02064741104407075,0.036657731344651404,0.030111412225233364,0.03218908789920217,0.03678583745258075,0.033326985336126456,0.0411214049007039,0.039010118249420946,0.03903010196614139,0.03928115486595306,0.04165849833366007,0.07287713919533587,0.03819709702062643,0.07416121112929623,0.0832807570977918,0.11874384174225007,0.11460898827086737,0.09038365482957925,0.10812303020543376,0.12732191983266264,0.1186159974933978,0.13189368028077705,0.10407271213487823,0.12739148561634317,0.10899814471243043,0.1359732824427481,0.10054934275063764,0.09518419427865815,0.09777826063338585,0.10610968390483637,0.08527814889564797,0.10954481247657757,0.09811843472238253,0.06937418702124584,0.07637624111391811,0.08749726571044655,0.1375650977694802,0.08356732183446985,M
Connecticut,0.0,0.0,0.0,0.0,0.0,0.0,0.0,0.0,0.0,0.0,0.0,0.0,0.0,0.0,0.0,0.0,0.0,0.0,0.0,0.0,0.0,0.0,0.0,0.0,0.0,0.0,0.0,0.0,0.0,0.0,0.0,0.0,0.0,0.0,0.0,0.0,0.0,0.0,0.0,0.0,0.0,0.0,0.0,0.020446181107728657,0.011918382913806255,0.01217878455730118,0.028942163909121604,0.021599308822117694,0.021626297577854673,0.031192488848685238,0.026779139050679523,0.023878560463926318,0.027865826047580897,0.03549371761198268,0.034804399276068494,0.024059116686715933,0.04930318169865895,0.06483192323900289,0.05052737952377944,0.06510618508758333,0.02732572261355356,0.044191733199776095,0.03983837004154573,0.02798376941374003,0.021361245360604523,0.0496822947990482,0.02319707201402134,0.04863190765056694,0.03995737879595098,0.024880435684073755,0.05389000765805372,0.04086159593718989,0.05099898002039959,0.06398147583937602,0.04191790539451198,0.035269975631653204,0.06872852233676977,0.0628514720476348,0.05070651071597593,0.06912283127116887,0.03430649421935572,0.06425817506782808,0.05168912682296474,0.0681327832241947,0.07304601899196494,0.10221604383023959,0.0517620670318768,0.0676467935419861,0.05542213190467394,0.05172332722057649,0.057034220532319393,0.04683182690956775,0.03845414343395501,0.0,0.04590899816364007,0.06336800971642816,0.04411602514613434,M
Delaware,0.0,0.0,0.0,0.0,0.0,0.0,0.0,0.0,0.0,0.0,0.0,0.0,0.0,0.0,0.0,0.0,0.0,0.0,0.0,0.0,0.0,0.0,0.0,0.0,0.0,0.0,0.0,0.0,0.0,0.0,0.0,0.0,0.0,0.0,0.0,0.0,0.0,0.0,0.0,0.0,0.0,0.0,0.0,0.0,0.0,0.0,0.0,0.0,0.0,0.0,0.0,0.0,0.0,0.0,0.0,0.0,0.0,0.0,0.0,0.0,0.0,0.0,0.0,0.0,0.0,0.0,0.0,0.0,0.0,0.06460783046905284,0.0,0.0,0.0,0.0,0.0,0.0,0.08787346221441124,0.0,0.0760225026607876,0.11827321111768185,0.12972038051311616,0.13311640289897944,0.11931394481730052,0.0,0.07654623392529088,0.07923930269413629,0.0,0.10442046641141664,0.0,0.0,0.0949667616334283,0.0,0.0,0.0,0.0,0.0,0.0,M
Florida,0.0,0.0,0.0,0.0,0.0,0.0,0.0,0.0,0.0,0.0,0.0,0.0,0.0,0.0,0.0,0.0,0.0,0.0,0.0,0.0,0.0,0.0,0.0,0.0,0.0,0.0,0.0,0.0,0.0,0.0,0.0,0.0,0.0,0.0,0.0,0.0,0.0,0.0,0.0,0.00843775049571784,0.011773394269567916,0.015212761333507194,0.0069622529850659675,0.008426222404121627,0.019845945845375274,0.019546520719311962,0.025525891375729515,0.026194296192004193,0.0428166787431658,0.037745641557951355,0.04008795053389861,0.06090424896701617,0.05057081810940997,0.07189164901469927,0.07208748243631255,0.07771122508757457,0.06370636951929631,0.05909382673282459,0.06977690772003954,0.06087381595816308,0.09726411221958489,0.08436014111150876,0.08462233215892724,0.07176804567637396,0.0706838664074925,0.06597031335898845,0.08010420512248978,0.07653775976710653,0.09719965660851243,0.10196575407316771,0.10208878051646642,0.10103580409531793,0.10871548473421724,0.10335678143897323,0.10641497212390404,0.1094530431029167,0.10329695934138479,0.14160531705125962,0.12870801667075263,0.12663994872626466,0.12999380262103782,0.12728612581228646,0.11776764879070073,0.12046997463044064,0.12483860152231757,0.12423482641006527,0.10707758697034836,0.09627781591681596,0.10204862617037018,0.09553400063689334,0.09371512306499569,0.10943590002609625,0.08080639786737755,0.09107084130905901,0.09931351709237898,0.08591609163177268,0.10049212968180624,M
Georgia,0.0,0.0,0.0,0.0,0.0,0.0,0.0,0.0,0.0,0.0,0.0,0.0,0.0,0.0,0.0,0.0,0.0,0.0,0.0,0.0,0.0,0.0,0.0,0.0,0.0,0.0,0.0,0.0,0.0,0.0,0.0,0.0,0.0,0.0,0.0,0.0,0.0,0.0,0.0,0.0,0.0,0.0,0.0,0.0,0.0,0.0,0.0,0.0,0.0,0.0,0.0,0.0,0.0,0.0,0.0,0.0,0.0,0.0,0.0,0.0,0.0,0.008809796493700995,0.007076339551077018,0.0,0.0,0.01055771108823607,0.012688584080902413,0.01632509543901949,0.026053540024750865,0.0185261152059707,0.022898706896551723,0.031140416198432146,0.03920508314181425,0.04882084107460096,0.03833747554333457,0.054838878153235494,0.04568643874210005,0.057004771051490176,0.07589235726638217,0.0775164722503532,0.10723794497584066,0.09700631154989071,0.07710666421883605,0.06623848219249376,0.07873358225869946,0.057515816849633646,0.05817412573543994,0.07867267950717186,0.06342890916691894,0.057355471564921975,0.05117245116041058,0.04608774511990247,0.06322539854581584,0.06449583136699702,0.05507678351584268,0.06900477858091672,0.08598144233869523,M
Hawaii,0.0,0.0,0.0,0.0,0.0,0.0,0.0,0.0,0.0,0.0,0.0,0.0,0.0,0.0,0.0,0.0,0.0,0.0,0.0,0.0,0.0,0.0,0.0,0.0,0.0,0.0,0.0,0.0,0.0,0.0,0.0,0.0,0.0,0.0,0.0,0.0,0.0,0.0,0.0,0.0,0.0,0.0,0.0,0.0,0.0,0.0,0.0,0.0,0.0,0.0,0.0,0.0,0.0,0.0,0.0,0.0,0.0,0.0,0.0,0.0,0.0,0.0,0.0,0.0,0.0,0.0,0.0,0.0,0.0,0.0,0.0,0.0,0.0,0.0,0.0,0.0,0.0,0.11407386282617994,0.0,0.0,0.0,0.0,0.0,0.0,0.0,0.0,0.08560178051703475,0.0,0.12050266827336892,0.0,0.0,0.0,0.0,0.0,0.0,0.0,0.0,M
Idaho,0.0,0.0,0.0,0.0,0.0,0.0,0.0,0.0,0.0,0.0,0.0,0.0,0.0,0.0,0.0,0.0,0.0,0.0,0.0,0.0,0.0,0.0,0.0,0.0,0.0,0.0,0.0,0.0,0.0,0.0,0.0,0.0,0.0,0.0,0.0,0.0,0.0,0.0,0.0,0.0,0.0,0.04868549172346641,0.0,0.0,0.0,0.0,0.0,0.0,0.0,0.0,0.0,0.0,0.0,0.0,0.0,0.0,0.0,0.0,0.0,0.0,0.0,0.0,0.0644433703882713,0.0,0.0,0.0,0.06345752878252198,0.0,0.0,0.0,0.0693000693000693,0.053134962805526036,0.0862738331464067,0.09364092959904657,0.0,0.041883062489529235,0.0,0.10009175077154057,0.1082070917263193,0.05767012687427912,0.09630818619582665,0.06343165239454487,0.03912056959549331,0.05350454788657035,0.06062443164595332,0.0,0.07563660811832927,0.07978723404255318,0.09456264775413711,0.05715374357020385,0.0,0.047609979051609214,0.08853910477127398,0.05025125628140704,0.09388691842269978,0.0,0.14406028368794324,M
Illinois,0.0,0.0,0.0,0.0,0.0,0.0,0.005689522743867168,0.0,0.0,0.0,0.0,0.0,0.0,0.0,0.0,0.0,0.0,0.0,0.0,0.0,0.0,0.0,0.0,0.0,0.0,0.0,0.0,0.0,0.0,0.0027215179538539417,0.005973845418603641,0.0,0.0,0.00691013371108731,0.0028675068461725952,0.003433830094086945,0.01012257961890898,0.007769366359614833,0.015775669972984165,0.013253134876134163,0.011565798881271816,0.015515654760630897,0.017751614824316277,0.019682691160682334,0.0227989746623287,0.021365104500496425,0.025638941174263505,0.033182103383367925,0.03693240721542609,0.03674801668792287,0.04366745319155456,0.04985159563453412,0.0493537740214072,0.052409689626735104,0.06496367261295838,0.06376970028240868,0.05503936038469616,0.06417455478902614,0.059793711694653445,0.05731603344390552,0.061576806069713746,0.05725695158117274,0.06361927883525532,0.054392167527875984,0.06442869520783809,0.06722590828047818,0.07774675760681343,0.07173850964987429,0.09122656973843632,0.09426458891801927,0.10083657006274276,0.12319579005003879,0.11545992838363903,0.09213193292795283,0.10087176164740809,0.09483832127924526,0.11543383884432325,0.13512611770986255,0.13041342750199006,0.10923231528815484,0.10583676646811338,0.12393465590171443,0.13851054988688305,0.11810987007914292,0.10036643216270724,0.09916109711837853,0.0859649304512641,0.09387314027485182,0.08043411766038677,0.0951960807077016,0.07568232344732984,0.08026440037771482,0.10007354802927453,0.10315892765036673,0.08269974656529279,0.10206540691493132,0.1128668171557562,M
Indiana,0.0,0.0,0.0,0.0,0.0,0.0,0.0,0.0,0.0,0.0,0.0,0.0,0.0,0.0,0.0,0.0,0.0,0.0,0.0,0.0,0.0,0.0,0.0,0.0,0.0,0.0,0.0,0.0,0.0,0.0,0.0,0.0,0.0,0.0,0.004930382992150831,0.005093724531377343,0.0,0.005132574396665879,0.005168225748100677,0.0,0.008747662733863296,0.0,0.0,0.0,0.0,0.014160841411449684,0.0,0.0,0.006251953735542357,0.006903216899074968,0.011534191669430068,0.0,0.008882309400444115,0.007568876778686043,0.015828249107862322,0.011705832431008749,0.0070337337872436205,0.011048808109825153,0.007215423689679058,0.007221885200912845,0.007544095236658267,0.010643797707021865,0.0,0.0,0.01265042141716346,0.0,0.01646558692333024,0.0,0.010470577676728394,0.0,0.00947223844781586,0.012957773854451805,0.009691174570357928,0.01800946315427561,0.041589033803566676,0.021581061788239982,0.0381457832324405,0.03791750469847341,0.03217230810911492,0.03505450976268097,0.034762053742135084,0.054452836817143864,0.03394675719135251,0.06801990477213332,0.03275466754012447,0.05664117813650524,0.03573271925993568,0.05637684790779253,0.04456990046055564,0.052272776773462856,0.06455634210409154,0.053549912981391404,0.04541016733646664,0.051634707911845476,0.051750905640848714,0.06697923643670461,0.06712310377231842,M
Iowa,0.0,0.0,0.0,0.0,0.0,0.0,0.0,0.0,0.0,0.0,0.0,0.0,0.0,0.0,0.0,0.0,0.0,0.0,0.0,0.0,0.0,0.0,0.0,0.0,0.0,0.0,0.0,0.0,0.0,0.0,0.0,0.0,0.0,0.0,0.0,0.0,0.0,0.0,0.0,0.0,0.0,0.0,0.0,0.0,0.0,0.0,0.0,0.0,0.0,0.0,0.0,0.0,0.0,0.0,0.0,0.0,0.0,0.0,0.0,0.0,0.0,0.0,0.0,0.0,0.0,0.0,0.0,0.0,0.022654454836726106,0.0,0.0,0.0,0.021689621516104544,0.025217046723585143,0.029885315103291118,0.037195462153617256,0.01878357564145911,0.04861630516080778,0.023425604185374614,0.05140371688414393,0.07953234978327435,0.04853583562530335,0.0529143601432758,0.0318864841165451,0.08256615613260125,0.0559428522248042,0.0730426843186487,0.028590488897360145,0.06006907944135756,0.05088281687274207,0.05119541289100497,0.050815590223080444,0.051861840058085265,0.048394902403613486,0.05124701059104886,0.05360333531864205,0.05589367780399951,M
Kansas,0.0,0.0,0.0,0.0,0.0,0.0,0.0,0.0,0.0,0.0,0.0,0.0,0.0,0.0,0.0,0.0,0.0,0.0,0.0,0.0,0.0,0.0,0.0,0.0,0.0,0.0,0.0,0.0,0.0,0.0,0.0,0.0,0.0,0.0,0.0,0.0,0.0,0.0,0.0,0.0,0.0,0.0,0.0,0.0,0.0,0.0,0.0,0.024136266464381766,0.0,0.0,0.025097251850922327,0.0,0.0,0.0,0.022198379518295164,0.018459039391590062,0.0,0.016241148574027156,0.0,0.01611291933872579,0.0,0.0,0.0,0.0,0.0,0.020940946530783194,0.03126519836031404,0.02818489289740699,0.040599394699933566,0.04107082851062241,0.03078699249567058,0.042987221071554185,0.05577022666613552,0.06122698885668803,0.0976483033607291,0.08366200549778893,0.06319864122921358,0.06670328807973004,0.08362868862251603,0.0636841267314122,0.09883766901241402,0.04852602207934004,0.08575979090946216,0.09378567933452944,0.10578135806989705,0.06298286865972455,0.06975020707092724,0.04968158619755205,0.09070078289096811,0.0758905279134848,0.07949520544542157,0.08465713858871571,0.11647928694419124,0.05729465076306058,0.08925085067217048,0.07581943310393095,0.11610853092153509,M
Kentucky,0.0,0.0,0.0,0.0,0.0,0.0,0.0,0.0,0.0,0.0,0.0,0.0,0.0,0.0,0.0,0.0,0.0,0.0,0.0,0.0,0.0,0.0,0.0,0.0,0.0,0.0,0.0,0.0,0.0,0.0,0.0,0.0,0.0,0.0,0.0,0.0,0.0,0.0,0.0,0.0,0.0,0.0,0.0,0.0,0.0,0.0,0.0,0.0,0.0,0.0,0.0,0.0,0.0,0.0,0.0,0.0,0.0,0.0,0.0,0.0,0.0,0.0,0.0,0.0,0.0,0.0,0.0,0.0,0.0,0.0,0.0,0.0,0.0,0.0,0.0,0.0,0.013023546572202543,0.025627226365290485,0.018513131099415516,0.016272510305923193,0.032655726998122296,0.019309279488028245,0.03050979086925168,0.03024470717624416,0.024800220446403967,0.031724058372267404,0.018078278947844164,0.02876778008630334,0.04281526858347331,0.0,0.020730401133261928,0.04251248804336274,0.02509950159561117,0.03354203935599284,0.023429263149673942,0.024769846839780375,0.04307745326096321,M
Louisiana,0.0,0.0,0.0,0.0,0.0,0.0,0.0,0.0,0.0,0.0,0.0,0.0,0.0,0.0,0.0,0.0,0.0,0.0,0.0,0.0,0.0,0.0,0.0,0.0,0.0,0.0,0.0,0.0,0.0,0.0,0.0,0.0,0.0,0.0,0.0,0.0,0.0,0.0,0.0,0.0,0.0,0.0,0.0,0.0,0.0,0.0,0.0,0.012325462645044284,0.0,0.0,0.0,0.0,0.0,0.0,0.0,0.0,0.0,0.008731336767659128,0.0,0.008355056480181807,0.0,0.0,0.0,0.0,0.0,0.0,0.0,0.012438584489085143,0.016901527475545602,0.0,0.0,0.016827327579989903,0.01233988992818184,0.0,0.015266787104653824,0.015378306335862211,0.015535991714137753,0.021112635912593686,0.027703133224367675,0.03699593044765076,0.04850213980028531,0.026058254676009036,0.02461084107549375,0.026929176266419316,0.032585834049234236,0.04355807224417411,0.04127901438414886,0.054290658613552305,0.030807147258163897,0.027655823279289244,0.02737382378100941,0.027156386842730577,0.030645600653772812,0.035210027815921974,0.045421855482796474,0.04439959636730575,0.04679457182966776,M
Maryland,0.0,0.0,0.0,0.0,0.0,0.0,0.0,0.0,0.0,0.0,0.0,0.0,0.0,0.0,0.0,0.0,0.0,0.0,0.0,0.0,0.0,0.0,0.0,0.0,0.0,0.0,0.0,0.0,0.0,0.0,0.0,0.0,0.0,0.0,0.0,0.0,0.0,0.0,0.0,0.0,0.0,0.0,0.0,0.0,0.0,0.0,0.0,0.0,0.0,0.0,0.0,0.0,0.0,0.0,0.0,0.0,0.0,0.0,0.014419957220793578,0.011337354314997052,0.0,0.0,0.0,0.0,0.0,0.0,0.0,0.0,0.020398323628676336,0.0,0.01620614212786646,0.016517663576487106,0.035952204716083326,0.03457739934735159,0.03588811878967319,0.017909512189661733,0.029424413209298114,0.04012304400160492,0.04110152075626798,0.03932272390821614,0.03181890497511307,0.04870242816391846,0.06034582801439017,0.06838697911917571,0.06433823529411764,0.05185132810106295,0.07131965963307264,0.07052186177715092,0.03849806226419937,0.054657609120012496,0.03459470967055192,0.03930508607813851,0.04835330145597163,0.06341154090044387,0.07871720116618076,0.0626136736336802,0.06927824663055801,M
Massachusetts,0.0,0.0,0.0,0.0,0.0,0.0,0.0,0.0,0.0,0.0,0.0,0.0,0.0,0.0,0.0,0.0,0.0,0.0,0.0,0.0,0.0,0.0,0.0,0.0,0.0,0.0,0.0,0.0,0.0,0.0,0.0,0.0,0.0,0.0,0.0,0.0,0.0,0.0,0.0,0.0,0.0,0.0,0.0,0.0,0.005774272152995114,0.007216308858019123,0.005971432666125257,0.007132837204878861,0.006481049411520713,0.0,0.011061422498933363,0.022985486307217442,0.016951738400773,0.024478520098613465,0.03577329949065635,0.026997384628364127,0.024729622790820364,0.009641651936365098,0.011044145025401533,0.018531101365124467,0.01998647069675912,0.012008405884118884,0.01582232962227784,0.01877120785502852,0.02105410906028493,0.017883673581687118,0.038318732574886695,0.028997732904518375,0.03363417231907618,0.039944078290393446,0.02380846093180364,0.04104778265959226,0.035861853901925624,0.033515273388872925,0.032701111837802485,0.057393043963071676,0.03673646595197542,0.057003939978204375,0.04445432318292954,0.0383703083577508,0.046401227847875356,0.033291410816009476,0.03674479771021892,0.041570987409929525,0.06076933984240485,0.029521540180924868,0.04190652639008359,0.025317621064260724,0.05986783025167515,0.03307972213033411,0.04065040650406504,0.033400133600534405,0.05121576470014389,0.03460549733043306,0.05648412025982695,0.0423841059602649,0.04890639858714849,M
Michigan,0.0,0.0,0.0,0.0,0.0,0.0,0.0,0.0,0.0,0.0,0.0,0.0,0.0,0.0,0.0,0.0,0.007440660730672883,0.007042914827683351,0.0,0.0,0.0,0.0,0.0,0.0,0.0,0.0,0.0035842036974645343,0.0,0.0,0.0,0.003683716132834804,0.0029261327059704814,0.0,0.0,0.0,0.0,0.0,0.0,0.003585943103036098,0.0,0.0,0.0033096582446896536,0.0,0.0,0.003631556775758632,0.00746107185758306,0.006558715074842227,0.0035332442955770846,0.008363429005892417,0.004241097935433525,0.007146621881169544,0.0073377665673010775,0.004747346233455498,0.011547455229553787,0.008242513050645663,0.004555642618947829,0.005275745638716939,0.006942817221658118,0.007973845785822503,0.009876188509503586,0.004669231631242762,0.006437491953135059,0.006326654194119827,0.006472013165923926,0.007291021107506106,0.008273883944987865,0.006127021917232687,0.01380309879567963,0.00896684062337476,0.01233466800766647,0.009791442279447763,0.014142842711384988,0.01040517761638191,0.011701754199334063,0.015092875084897421,0.03602384123310701,0.03335742480680491,0.03541389995573263,0.03781974878518383,0.042997396268781504,0.046868803403396185,0.0453142605202567,0.04057978365902837,0.04692816080716437,0.04176828035947668,0.04146233361451467,0.03467981483994512,0.03906066903113917,0.04425198343711477,0.029114906832298136,0.04915776364947238,0.04391886396538543,0.05545379690466988,0.04483067797779157,0.04892367906066536,0.05652059233580768,0.03782072974102753,M
Minnesota,0.0,0.0,0.0,0.0,0.0,0.0,0.0,0.0,0.0,0.0,0.0,0.0,0.0,0.0,0.0,0.0,0.0,0.0,0.0,0.0,0.0,0.0,0.0,0.0,0.0,0.0,0.0,0.0,0.0,0.0,0.0,0.0,0.0,0.0,0.0,0.0,0.0,0.0,0.0,0.0,0.0,0.0,0.0,0.0,0.0,0.0,0.0,0.0,0.0,0.0,0.0,0.0,0.0,0.0,0.0,0.0,0.0,0.0,0.0,0.0,0.0,0.0,0.0,0.0,0.0,0.0,0.0,0.0,0.013034168140769017,0.021292657904415323,0.009887089438611062,0.016133911465160834,0.012519823053167517,0.021039343572480537,0.027278831626657715,0.025475543478260868,0.03398903853507244,0.03164156435894191,0.030233663024230122,0.03024999459821525,0.03202801383610198,0.0390303135435188,0.048320850446967864,0.026101141924959218,0.02470855140501808,0.044482944302671315,0.034312043527278076,0.04430544696377378,0.0523944252331552,0.021621621621621623,0.027210884353741496,0.02771695446104382,0.04217748284782364,0.052316456432017676,0.024585881557515597,0.0478484162174232,0.03325020781379884,M
Mississippi,0.0,0.0,0.0,0.0,0.0,0.0,0.0,0.0,0.0,0.0,0.0,0.0,0.0,0.0,0.0,0.0,0.0,0.0,0.0,0.0,0.0,0.0,0.0,0.0,0.0,0.0,0.0,0.0,0.0,0.0,0.0,0.0,0.0,0.0,0.0,0.0,0.0,0.0,0.0,0.0,0.0,0.0,0.0,0.0,0.0,0.0,0.0,0.0,0.0,0.0,0.0,0.0,0.0,0.0,0.0,0.0,0.0,0.0,0.0,0.0,0.0,0.0,0.0,0.0,0.0,0.0,0.0,0.0,0.0,0.0,0.0,0.0,0.026238684567280363,0.0,0.0,0.02231843949471053,0.03640169267870956,0.040766408479412965,0.033428844317096466,0.02912621359223301,0.06246396309821257,0.0,0.05479998007273452,0.04693513564254201,0.0278473962684489,0.024437927663734114,0.0,0.0,0.0,0.03632840881569387,0.0,0.0,0.030433988678556213,0.0,0.03975352812562115,0.04162619675315665,0.0,M
Missouri,0.0,0.0,0.0,0.0,0.0,0.0,0.0,0.0,0.0,0.0,0.0,0.0,0.0,0.0,0.0,0.0,0.0,0.0,0.0,0.0,0.0,0.0,0.0,0.0,0.0,0.0,0.0,0.0,0.0,0.0,0.0,0.0,0.0,0.0,0.0,0.0,0.0,0.0,0.0,0.0,0.0,0.0,0.0,0.0,0.0,0.0,0.0,0.0,0.0,0.0,0.0,0.0,0.0,0.0,0.0,0.0,0.0,0.0,0.0,0.0,0.0,0.0,0.0,0.0,0.0,0.0,0.0,0.0,0.0,0.0,0.0,0.0,0.008919492659257542,0.017946877243359655,0.0162996232975949,0.014552863275849523,0.011185265277208157,0.024240164087264593,0.023133422011451046,0.02369855438818232,0.04141766759363351,0.025794674391840945,0.03401905066837429,0.045510309074359885,0.03424933515996454,0.022843377497196494,0.02415405897982038,0.03907147782119053,0.04242481380220609,0.029057800808775458,0.04446310797124719,0.04511165133705922,0.03331880974959633,0.026299179465600675,0.047497974351093854,0.028688642166566254,0.03050919852335479,M
Nebraska,0.0,0.0,0.0,0.0,0.0,0.0,0.0,0.0,0.0,0.0,0.0,0.0,0.0,0.0,0.0,0.0,0.0,0.0,0.0,0.0,0.0,0.0,0.0,0.0,0.0,0.0,0.0,0.0,0.0,0.0,0.0,0.0,0.0,0.0,0.0,0.0,0.0,0.0,0.0,0.0,0.0,0.0,0.0,0.0,0.0,0.0,0.0,0.0,0.0,0.0,0.0,0.0,0.0,0.0,0.0,0.0,0.0,0.0,0.0,0.0,0.0,0.0,0.0,0.0,0.0,0.0,0.0,0.0,0.0326797385620915,0.0,0.0,0.0,0.05920312592504884,0.030345329853735514,0.04274287109971301,0.049194441028163824,0.03713790542213419,0.06671114076050699,0.08119925046845722,0.06185056902523503,0.06762156513186206,0.09289076046569235,0.09550490258499936,0.08211736466426632,0.05154307067843567,0.06023693193226692,0.09644530173601543,0.08103130755064457,0.1291106554264449,0.0,0.06199628022318661,0.05359056806002144,0.11832452472982566,0.0964940495336121,0.15300918055083304,0.04490749056942698,0.08529188779378317,M
Nevada,0.0,0.0,0.0,0.0,0.0,0.0,0.0,0.0,0.0,0.0,0.0,0.0,0.0,0.0,0.0,0.0,0.0,0.0,0.0,0.0,0.0,0.0,0.0,0.0,0.0,0.0,0.0,0.0,0.0,0.0,0.0,0.0,0.0,0.0,0.0,0.0,0.0,0.0,0.0,0.0,0.0,0.0,0.0,0.0,0.0,0.0,0.0,0.0,0.0,0.0,0.0,0.0,0.0,0.0,0.0,0.0,0.07062146892655367,0.05436555398499511,0.09188361408882083,0.0,0.0,0.0,0.046952765517889,0.0,0.05151983513652757,0.0,0.0,0.10199918400652795,0.12374625504754462,0.08565592673123806,0.13321787783920602,0.12583364791745313,0.12239902080783352,0.09471378677558752,0.09344702721644668,0.11676396997497916,0.1419291446039631,0.14105846089546,0.16676220751472198,0.15292078703231726,0.1908684514541162,0.16463296533023436,0.12073929599702796,0.14308012486992716,0.16864864864864865,0.1795745464591583,0.12202264740335807,0.12385179069047372,0.12928944674890913,0.12665895699102372,0.11033265294864016,0.1750738592843856,0.10448171569975254,0.11325669630216886,0.14635288607891347,0.1345648051868616,0.10979075174373547,M
New Jersey,0.0,0.0,0.0,0.0,0.0,0.0,0.0,0.0,0.0,0.0,0.0,0.0,0.0,0.0,0.0,0.0,0.0,0.0,0.0,0.0,0.0,0.0,0.0,0.0,0.0,0.0,0.0,0.0,0.0,0.0,0.0,0.0,0.0,0.0,0.0,0.0,0.0,0.0,0.006087697632755292,0.008957603661868376,0.010692137714733766,0.008055349199387793,0.010424662856926241,0.013867702121758425,0.016534562402471916,0.022368266885378612,0.02823411308285144,0.03617197188921042,0.04687761593838942,0.04194310989094791,0.07322133181466867,0.06605565188671456,0.0648153482744714,0.06013581894718315,0.051372795250870476,0.057808480504089946,0.039534062830921285,0.030709101060859854,0.05017211823895865,0.041878875484646666,0.07139393286276201,0.0676329783707083,0.04980715690531532,0.03465689672244777,0.046653507984927324,0.05213764337851929,0.05047346302818833,0.055289551380580094,0.050272499800052564,0.034949148988222135,0.0662451068955134,0.047752568231073454,0.04256384576865298,0.057679736467692935,0.06036507749038752,0.06719367588932806,0.06573828114518769,0.07116864282740933,0.08207597499418628,0.06739656690140845,0.06336175429413628,0.07777699215159442,0.07713466548296488,0.08827034263604666,0.04493978069387022,0.09763164525069287,0.07678734805907725,0.07529862751138036,0.09433303053595136,0.06652283351312477,0.07791972456283411,0.07423636133190896,0.07708685118566919,0.07541904708034014,0.042733382541470806,0.07046081372174018,0.061062915859513185,M
New Mexico,0.0,0.0,0.0,0.0,0.0,0.0,0.0,0.0,0.0,0.0,0.0,0.0,0.0,0.0,0.0,0.0,0.0,0.0,0.0,0.0,0.0,0.0,0.042162071000927566,0.03580379520229145,0.0,0.0,0.046598322460391424,0.05610727711384166,0.05878266445786352,0.035101795206097686,0.04360253863669396,0.0,0.046855964764314494,0.022802937018287957,0.0,0.03932707013327507,0.021025188175434167,0.03699745128668914,0.046315789473684206,0.03877304842322936,0.03216172754422238,0.023728170083523157,0.07241878750258639,0.045871559633027525,0.04918234353866962,0.03857776634732849,0.09787129924149743,0.059644518668734346,0.08302200083022,0.08972058446552167,0.07847240387130526,0.07581980160485247,0.14314529247185895,0.08739076154806492,0.11600928074245939,0.11652295502213937,0.10812656498975642,0.11982911326456185,0.09449314924667962,0.08066955732580418,0.10068972461360318,0.11207906668704469,0.06607033949989835,0.09803921568627451,0.14936135146271118,0.1090909090909091,0.15629070070330814,0.14748485646563075,0.15794461408865956,0.1539196433310334,0.13412017167381973,0.2170042288003561,0.20272227048942948,0.2492464641780663,0.16797648329233908,0.18484288354898337,0.15096618357487923,0.26713052121513325,0.2693054424751049,0.1932066064194453,0.1894537417113988,0.1813633520950594,0.23908393104316092,0.2226758211170904,0.25297710865675327,0.22314313037934333,0.14360938247965532,0.23900919823278047,0.17374225713854058,0.20737327188940094,0.21238359745139684,0.1662648599218555,0.206433855152245,0.1292347456844826,0.18611029483788813,0.0844059928254906,0.187783055340771,M
New York,0.0,0.0,0.0,0.0,0.0,0.0,0.0,0.0,0.0,0.0,0.0,0.0,0.0,0.0,0.0,0.0,0.0,0.0,0.0,0.0,0.0,0.0,0.0,0.0,0.0,0.0,0.0,0.0,0.0,0.0016738026452777005,0.0,0.002600281480470261,0.003510854925091123,0.004118368239144139,0.004324230827441569,0.005270974603204133,0.005306016710831453,0.00785708897996128,0.012271328512903775,0.01326740618973038,0.020123532523848006,0.018840919833538822,0.022531656978054166,0.025506300056113863,0.029845263786216082,0.03260976328454965,0.0363841860393104,0.04060913705583756,0.05355719952451657,0.047891774464303344,0.03715262297518205,0.03677273914271553,0.04969690350062804,0.03974343405349908,0.04654677677261078,0.038263511802605295,0.03911160776644783,0.04521767900962254,0.03690357313419876,0.051213930189011415,0.052387604775209554,0.04859112155702855,0.048823858935023154,0.04585216243892747,0.0597231830465791,0.05267419062204318,0.04758974753398581,0.04591687653925893,0.0455259929458672,0.05619417552300018,0.05099803147598503,0.06060574396163029,0.05858739286101768,0.05412567304710625,0.06329633232918781,0.060983913272586246,0.05795526577922666,0.06768884886651397,0.06471149979895456,0.06103841605310343,0.06015399422521655,0.06484327380720797,0.0803320390949257,0.057079542020615784,0.0671713473900573,0.07314881255094292,0.05986743639084883,0.060710680691077726,0.05961251862891207,0.05603428692583786,0.05862930848273522,0.06470221390707827,0.05075498033244512,0.06164924048135727,0.05399475479524846,0.06461397636205365,0.053763947971589995,M
North Carolina,0.0,0.0,0.0,0.0,0.0,0.0,0.0,0.0,0.0,0.0,0.0,0.0,0.0,0.0,0.0,0.0,0.0,0.0,0.0,0.0,0.0,0.0,0.0,0.0,0.0,0.0,0.0,0.0,0.0,0.0,0.0,0.0,0.0,0.0,0.0,0.0,0.0,0.0,0.0,0.0,0.0,0.0,0.0,0.0,0.0,0.0,0.0,0.0,0.0,0.0,0.0,0.0,0.0,0.0,0.0,0.0,0.0,0.0,0.0,0.0,0.0,0.0075770204124929914,0.0,0.007331700807953429,0.00991599733684643,0.010991577703584627,0.00650288077618385,0.011583160658438334,0.02002349423323366,0.01748110695748057,0.019561815336463225,0.029485685401777564,0.02679830747531735,0.03055428246045304,0.04661621147307228,0.050746507839000025,0.06360395934646933,0.04706061916511917,0.05270022792848579,0.05078380798374918,0.0494209731924613,0.08421446617385608,0.07169886476797452,0.08132915069129779,0.07061512190737863,0.06703998738070827,0.05249924014257689,0.08018895433603546,0.07291558161336885,0.07307493225344823,0.06622210586296644,0.05646010406970534,0.0493514905692386,0.05695661804259089,0.07997127562344954,0.053007763072398344,0.07630201401827699,M
Ohio,0.0,0.0,0.0,0.0,0.0,0.0,0.0,0.0,0.0,0.0,0.0,0.0,0.0,0.0,0.0,0.0,0.0,0.0,0.0,0.0,0.0,0.0,0.0,0.0,0.0,0.0,0.0,0.0,0.0,0.0,0.0,0.0,0.0,0.0,0.0,0.0,0.0,0.0,0.0,0.0026412403264573043,0.0,0.0,0.0,0.0,0.0,0.0,0.003692762186115214,0.004107185814953677,0.0,0.0,0.004474539868150225,0.0,0.0060529023666848255,0.005421649420658033,0.0,0.0,0.0,0.004971343754216765,0.0,0.005831328814053503,0.0,0.007531311427258829,0.0,0.0053863970390205995,0.00537337263571604,0.0053590157784736,0.004543733434305188,0.006750067500675007,0.006830912154469694,0.009482418016594232,0.0065463769894848825,0.006691201070592172,0.012857216326950438,0.01146232861614425,0.01431985178953398,0.015432799237438156,0.016504071004181033,0.01830445805075826,0.021848787392299725,0.019682908346537284,0.0258750236358389,0.020384450740974787,0.03344376744040216,0.04318380501985402,0.03460918657596176,0.0415571579396635,0.035401989591815064,0.04109793763076616,0.03449465332873405,0.03521080841407911,0.040865289550349994,0.03843961666423658,0.03395355154149124,0.02104642842109694,0.03969128996692393,0.0458834865331967,0.049799996787096984,M
Oklahoma,0.0,0.0,0.0,0.0,0.0,0.0,0.0,0.0,0.0,0.0,0.0,0.0,0.0,0.0,0.0,0.0,0.0,0.0,0.0,0.0,0.0,0.0,0.0,0.0,0.0,0.0,0.0,0.0,0.0,0.0,0.0,0.0,0.0,0.0,0.0,0.0,0.0,0.0,0.0,0.0,0.0,0.0,0.0,0.0,0.0,0.0,0.0,0.0,0.0,0.0,0.0,0.0,0.0,0.0,0.0,0.0,0.0,0.0,0.0,0.0,0.0,0.0,0.0,0.0,0.031297123509830146,0.014473874656245476,0.01758602497215546,0.0,0.02071189750569577,0.03345091837975916,0.018929833417465926,0.029124328522425736,0.032867707477403446,0.03982344937443998,0.032020493115593976,0.034904013961605584,0.052066384640416526,0.032399157621901827,0.04592723813272972,0.053062713494511325,0.046921607400207795,0.07111412123264477,0.06838308202550689,0.0672314105149926,0.05403397386106514,0.08868078464758256,0.058017260134890135,0.10673985971332722,0.05545432939871663,0.06866190072296942,0.03985016338566988,0.056973100557522485,0.07011176640409122,0.06862534848809779,0.08742867660592674,0.1406060606060606,0.08697431699580477,M
Oregon,0.0,0.0,0.0,0.0,0.0,0.0,0.0,0.0,0.0,0.0,0.0,0.0,0.0,0.0,0.0,0.0,0.0,0.0,0.0,0.0,0.0,0.0,0.0,0.0,0.0,0.0,0.0,0.0,0.0,0.0,0.0,0.0,0.0,0.0,0.0,0.0,0.0,0.0,0.0,0.0,0.0,0.0,0.0,0.0,0.0,0.0,0.0,0.0,0.026185844680532696,0.0,0.0,0.0,0.0,0.0,0.0,0.019171779141104295,0.03296077667575585,0.01738777639319558,0.0,0.027319916218923594,0.0,0.02481620498185315,0.015862440912407603,0.01613944480309877,0.03260302556077204,0.038404915829226144,0.0214710753941476,0.044385264092321346,0.03912834095834337,0.04946209966613083,0.05372775828829683,0.041526912633764575,0.06696215044163133,0.0629643621710112,0.08709396471081578,0.08913790907933274,0.08109247786175354,0.06481721545242417,0.09367368104111606,0.1015572105619499,0.04706515161702413,0.08932252301772708,0.07294959530343557,0.13617021276595745,0.08162154808869541,0.0745077168706759,0.10507749465230609,0.0837387351463434,0.05726439790575916,0.08701777648862553,0.06681700492775411,0.08361553576654542,0.06044905008635578,0.0958062970866176,0.06573387172504461,0.07935327084263254,0.06681056634803166,M
Pennsylvania,0.0,0.0,0.0,0.0,0.0,0.0,0.0,0.0,0.0,0.0,0.0,0.0,0.0,0.0,0.0,0.0,0.0,0.0,0.0,0.0,0.0,0.0,0.0,0.0,0.0,0.0,0.0,0.0,0.0,0.0,0.0,0.0,0.0,0.0,0.0,0.0,0.0,0.0,0.0,0.0,0.0,0.0,0.0,0.0028815454304452564,0.003008314982611939,0.004905447499448137,0.0,0.00360891401762353,0.003218766697352243,0.006474540667309325,0.005376715748400427,0.006223888841345293,0.0,0.008847279863591032,0.010164111304837336,0.0063025872120505465,0.0,0.010547172227788785,0.005965474814511018,0.0066559678146978565,0.012069550786406669,0.006082308844437349,0.0075074511452616725,0.006802823927799363,0.0135738416988417,0.010453534041186924,0.009498757854742072,0.010174048908106538,0.017191762903165528,0.016372098825107005,0.014489020542211345,0.014987884793125555,0.018168761842139416,0.014359821220225808,0.026355669763457865,0.01885867310376042,0.015332132316301891,0.017446932247746436,0.01906692490642154,0.03788344186427489,0.026528988021141564,0.038983068705024604,0.0287582813198986,0.04372726981858516,0.04193413115705945,0.03893041466453106,0.028698686748094403,0.027424374306938365,0.02664502767449465,0.035852042330135496,0.032853171594642405,0.036482576424707515,0.03878273909558653,0.04285522967724655,0.039074492729353316,0.029124375646197086,0.04540913631822723,M
Rhode Island,0.0,0.0,0.0,0.0,0.0,0.0,0.0,0.0,0.0,0.0,0.0,0.0,0.0,0.0,0.0,0.0,0.0,0.0,0.0,0.0,0.0,0.0,0.0,0.0,0.0,0.0,0.0,0.0,0.0,0.0,0.0,0.0,0.0,0.0,0.0,0.0,0.0,0.0,0.0,0.0,0.0,0.0,0.0,0.0,0.0,0.0,0.0,0.0,0.0,0.0,0.0,0.0,0.0,0.0,0.0,0.0,0.0,0.0,0.0,0.0,0.0,0.0,0.0,0.0,0.0,0.0,0.0,0.0,0.0,0.0,0.0,0.0,0.0,0.052882072977260705,0.0,0.0,0.0,0.0,0.06993006993006994,0.0,0.05756389592447617,0.0,0.0,0.0,0.06541077969649398,0.0,0.0,0.0,0.0,0.09633911368015415,0.0,0.0,0.0,0.0,0.0,0.0,0.0,M
South Carolina,0.0,0.0,0.0,0.0,0.0,0.0,0.0,0.0,0.0,0.0,0.0,0.0,0.0,0.0,0.0,0.0,0.0,0.0,0.0,0.0,0.0,0.0,0.0,0.0,0.0,0.0,0.0,0.0,0.0,0.0,0.0,0.0,0.0,0.0,0.0,0.0,0.0,0.0,0.0,0.0,0.0,0.0,0.0,0.0,0.0,0.0,0.0,0.0,0.0,0.0,0.0,0.0,0.0,0.0,0.0,0.0,0.0,0.0,0.0,0.0,0.0,0.0,0.0,0.0,0.0,0.0,0.0,0.0,0.0,0.0,0.0,0.0,0.016218495572350708,0.019559902200488997,0.016236929271936092,0.03196726552010741,0.0383533623114293,0.025717684122544767,0.055009060315816725,0.06353452599899682,0.049317770836758174,0.05556645093809243,0.026079019428869473,0.0678656260604004,0.04360012457178449,0.05625527393193112,0.02652783764963358,0.055998880022399555,0.04592665865894156,0.025299985542865402,0.058355824640746956,0.06156966426424251,0.04719721173395295,0.030069535801541064,0.05142201653415609,0.06150061500615006,0.0425531914893617,M
Tennessee,0.0,0.0,0.0,0.0,0.0,0.0,0.0,0.0,0.0,0.0,0.0,0.0,0.0,0.0,0.0,0.0,0.0,0.0,0.0,0.0,0.0,0.0,0.0,0.0,0.0,0.0,0.0,0.0,0.0,0.0,0.0,0.0,0.0,0.0,0.0,0.0,0.0,0.0,0.0,0.0,0.0,0.0,0.0,0.0,0.0,0.0,0.0,0.0,0.0,0.0,0.0,0.0,0.0,0.0,0.0,0.0,0.0,0.0,0.0,0.0,0.0,0.0,0.0,0.0,0.0,0.0,0.0,0.0,0.0,0.0,0.0,0.0,0.01265845675328668,0.01805869074492099,0.023620044333006286,0.019518080840342098,0.010651517841292384,0.028354717516126747,0.02559181062060141,0.031859070464767617,0.02608144863817579,0.024315427203351787,0.035476884009261335,0.03339517625231911,0.047768652740267134,0.03627754229197694,0.03674294229316786,0.03215847697453048,0.043929010718678614,0.04197967300044189,0.04730795224149583,0.03140773976444195,0.05428758850007917,0.044443404832635494,0.05046136101499423,0.01998301443772793,0.031018973271984697,M
Texas,0.00577961184126874,0.01164510381610052,0.006558667278808946,0.008879516066374382,0.006471444750040446,0.011791820764324381,0.013839946343592638,0.02210619394500821,0.014526275798107115,0.02199832812706234,0.016018123362432923,0.01811208182399318,0.01721929852882618,0.01210680402386141,0.01614847988975971,0.01750592112037895,0.017546756946451424,0.02242152466367713,0.027294811256380162,0.029098129161460384,0.02460592079969243,0.018189259242417353,0.03846184035981444,0.046047374622479244,0.04769242057377651,0.04408550138073341,0.05560057493360464,0.09059016317769521,0.06686963140154398,0.07928580989939969,0.07960397024801612,0.08064713213910409,0.09474810749246433,0.10505058257503441,0.08299507276378362,0.09014084507042254,0.12417520878478731,0.11906103470408677,0.11786538268632762,0.1375148596643227,0.13798777376253607,0.13984065666171955,0.12849808415752353,0.19676484789956541,0.20941334089715813,0.16171032449079084,0.16086599527456139,0.1666254582200101,0.16907911493586372,0.17666707615988955,0.20686232893501774,0.18266837708901093,0.19034261671007816,0.1728568091567391,0.16879482736382856,0.1676518937043448,0.15503560735834573,0.16624010894832,0.16589611096002177,0.15025940197619098,0.15038180510171356,0.1405611268961782,0.16306220739159305,0.16053414863673718,0.1615952192206842,0.1580475452422013,0.17514334776446003,0.19106469442191432,0.19096519627681102,0.1922716986268738,0.190248783567315,0.20456722330332724,0.20855329188336655,0.2263648468708389,0.22013242408446881,0.2173746259877759,0.1987603739888644,0.21056591121887,0.23302511217432265,0.19969593622878745,0.2154245624956485,0.2143324607329843,0.2039920044984957,0.20127528017519,0.22111996661128633,0.20801343078844461,0.19094127288549437,0.17621966646988063,0.17591321002567506,0.17545386662757512,0.15846349436977844,0.16350206270994644,0.1541030491975095,0.14320860720449455,0.1590883503272325,0.1615517066747696,0.17438561604972333,M
Utah,0.0,0.0,0.0,0.0,0.0,0.0,0.0,0.0,0.0,0.0,0.0,0.0,0.0,0.0,0.0,0.0,0.0,0.0,0.0,0.0,0.0,0.0,0.0,0.0,0.0,0.0,0.0,0.0,0.0,0.0,0.0,0.0,0.0,0.0,0.0,0.0,0.0,0.0,0.0,0.0,0.0,0.0,0.0,0.0,0.0,0.0,0.0,0.0,0.0,0.0,0.0,0.0,0.0,0.0,0.0,0.0,0.0,0.0,0.0,0.0,0.0,0.0,0.0,0.0,0.0,0.022969144782175942,0.022977941176470586,0.03799536456552301,0.01943559045323797,0.019204916458613403,0.03467272797318643,0.04128199354499738,0.025624130609854308,0.02105854274884178,0.04549112922980019,0.057648614737698806,0.04005741562906833,0.05259870475689537,0.08535504415482091,0.035810788814011785,0.058246772158042914,0.04868391159001655,0.05827505827505827,0.05095703684830727,0.07277559802556638,0.05783875839465313,0.05790190735694823,0.04661503155479059,0.06654835847382432,0.06061294844111073,0.03852376916557516,0.05412929167955459,0.03128177054821303,0.05212719034444044,0.0506799560773714,0.053636079202610286,0.07314285714285715,M
Virginia,0.0,0.0,0.0,0.0,0.0,0.0,0.0,0.0,0.0,0.0,0.0,0.0,0.0,0.0,0.0,0.0,0.0,0.0,0.0,0.0,0.0,0.0,0.0,0.0,0.0,0.0,0.0,0.0,0.0,0.0,0.0,0.0,0.0,0.0,0.0,0.0,0.0,0.0,0.0,0.0,0.0,0.0,0.0,0.0,0.0,0.0,0.0,0.0,0.0,0.0,0.0,0.0,0.0,0.0,0.0,0.0,0.0,0.0,0.0,0.0,0.0,0.0113534993106804,0.007753380473886614,0.0,0.011863275747015645,0.010184336490477647,0.009858321831957863,0.012451921746589557,0.01852062913152496,0.01597258523552303,0.014947683109118088,0.021065302437556426,0.032797638570022956,0.031771751735531935,0.021070033549976497,0.03702749694120677,0.033663017168138756,0.03618855812197117,0.05739795918367348,0.04477134633834346,0.049304959124598396,0.050077463576469854,0.06139701830890572,0.059568597943315774,0.05343139565948486,0.06420915721365185,0.071495446420972,0.052522847438635806,0.044059850901464546,0.04786046016946148,0.04841746615260468,0.04104431000945804,0.06164892748998205,0.04309375702615603,0.04500097828213657,0.05623958061341314,0.057807180936476334,M
Washington,0.0,0.0,0.0,0.0,0.0,0.0,0.0,0.0,0.0,0.0,0.0,0.0,0.0,0.0,0.0,0.0,0.0,0.0,0.0,0.0,0.0,0.0,0.0,0.0,0.0,0.0,0.0,0.0,0.0,0.0,0.0,0.0,0.0,0.0,0.0,0.0,0.0,0.0,0.0,0.0,0.0,0.0,0.0,0.0,0.0,0.0,0.0,0.0,0.0,0.0,0.013464749286368288,0.012772370807469282,0.03290556103981573,0.021765417170495766,0.03146350233728874,0.024132332938440613,0.02198548957687926,0.02266331753196472,0.018473702684229,0.014874312063067083,0.02969617104994525,0.02632321143179468,0.012962002814606325,0.01887469092693607,0.013103706476974916,0.02020573108008817,0.02644336712208021,0.03547477068094667,0.030431107354184278,0.03756317442972272,0.05007690381657546,0.05898943720390068,0.0470375736138027,0.05841451694963161,0.058787832814989,0.06772900871070307,0.06808896958692692,0.04551920341394026,0.0799142383783257,0.08357543678115176,0.08132984210108704,0.08539200889665581,0.06407432621841336,0.09485278460674809,0.09495755978450447,0.0664594694970582,0.08433904295266974,0.07177235497762391,0.07667405009371273,0.07310255858955063,0.09653568529366595,0.06090928866652165,0.08105325417862384,0.07919572343093473,0.07944110843711302,0.07268674436072009,0.0738157660294754,M
Wisconsin,0.0,0.0,0.0,0.0,0.0,0.0,0.0,0.0,0.0,0.0,0.0,0.0,0.0,0.0,0.0,0.0,0.0,0.0,0.0,0.0,0.0,0.0,0.0,0.0,0.0,0.0,0.0,0.0,0.0,0.0,0.0,0.0,0.0,0.0,0.0,0.0,0.0,0.0,0.0,0.0,0.0,0.0,0.0,0.0,0.0,0.0,0.0,0.009077293151182319,0.008246334504312834,0.0,0.0,0.0,0.009158347834050737,0.0,0.010449138816809181,0.0,0.011473905061631262,0.019173004409791014,0.016124610993759773,0.008053604793505573,0.0,0.013199359831048195,0.009905566928613881,0.013642564802182811,0.01576706785094865,0.01056859015007398,0.010504017786803451,0.013954056269731908,0.00896909250722012,0.014871823471455395,0.015254366562428496,0.025693222918354842,0.01824188742728581,0.016467343200016468,0.02324893266263685,0.031590918663914745,0.04032429220255528,0.057404060805782926,0.054543471146503764,0.059734513274336286,0.05078383749172003,0.06537126369415265,0.056791076985983964,0.07063917055941665,0.05542085209560097,0.06254811393379522,0.03737572571200757,0.0367801597309794,0.056902858691234244,0.06360091806542599,0.044809141064777215,0.048306433280290974,0.03164739052879913,0.03870199464126228,0.06347795727933475,0.06847751654873316,0.09283454820519874,M
Wyoming,0.0,0.0,0.0,0.0,0.0,0.0,0.0,0.0,0.0,0.0,0.0,0.0,0.0,0.0,0.0,0.0,0.0,0.0,0.0,0.0,0.0,0.0,0.0,0.0,0.0,0.0,0.0,0.0,0.0,0.0,0.0,0.0,0.0,0.0,0.0,0.0,0.0,0.0,0.0,0.0,0.0,0.0,0.0,0.0,0.0,0.0,0.0,0.0,0.0,0.0,0.0,0.0,0.0,0.0,0.0,0.0,0.0,0.0,0.0,0.0,0.0,0.0,0.0,0.0,0.0,0.0,0.0,0.0,0.0,0.0,0.0,0.0,0.0,0.0,0.0,0.0,0.0,0.0,0.0,0.0,0.0,0.0,0.0,0.15837820715869497,0.0,0.0,0.0,0.0,0.0,0.18649757553151808,0.0,0.0,0.0,0.0,0.0,0.0,0.0,M
