state,1910,1911,1912,1913,1914,1915,1916,1917,1918,1920,1921,1922,1923,1924,1925,1927,1928,1929,1930,1931,1932,1933,1934,1935,1936,1937,1938,1939,1940,1941,1942,1943,1944,1945,1946,1947,1948,1949,1950,1951,1952,1953,1954,1955,1956,1957,1958,1959,1960,1961,1962,1963,1964,1965,1966,1967,1968,1969,1970,1971,1972,1973,1974,1975,1976,1977,1978,1979,1980,1981,1982,1983,1984,1985,1986,1987,1988,1989,1990,1991,1992,1993,1994,1995,1996,1997,1998,1999,2000,2001,2002,2003,2004,2005,2006,2007,2008,2009,2010,2011,2012,2013,2014,2015,2016,2017,2018,2019,gender
Alabama,0.0,0.0,0.0,0.0,0.0,0.0,0.0,0.0,0.0,0.0,0.0,0.0,0.0,0.0,0.0,0.0,0.0,0.0,0.0,0.0,0.0,0.0,0.0,0.0,0.0,0.0,0.0,0.0,0.0,0.0,0.013528138528138528,0.0,0.0,0.0,0.0,0.016522553285234345,0.025667351129363452,0.0,0.015992091183996276,0.028929325657418924,0.017180408607384713,0.01586180045855023,0.017196165255148103,0.02025257858723798,0.00992837387419332,0.01142906124548195,0.02789400278940028,0.010329816276839076,0.01656352110343166,0.013721394703541645,0.026624902114330464,0.029317393357981662,0.0357938922603843,0.04581336340569495,0.05261476595824642,0.06236236431313702,0.05383633753389696,0.07304313493238575,0.07807441825037133,0.12365791901387717,0.10777255679613744,0.14937195880955076,0.24161259146762393,0.2349725465749155,0.438532378307265,0.6372943747843092,0.7011078940441722,0.7300269197426654,1.039356674058643,1.3119500034464537,1.6371205388465315,1.7524773549653525,1.7970200409387345,1.9739177770940333,2.194757637082008,2.391278303582125,2.2621644693161342,1.9653389811209037,1.7683303937512884,1.6462652421047668,1.600582029829029,1.425876473038195,1.201170889270213,1.1612338431433131,0.917787975421949,0.8431132738296598,0.6627852575765452,0.5702572727511629,0.5032938076416338,0.45621699339176597,0.3818218356156518,0.30802890289892626,0.3012488666608172,0.26514378951662243,0.21884907830868944,0.18585266952016222,0.1585882760012687,0.14370891301024308,0.11756253673829273,0.10426125853428851,0.08740341922175995,0.059695203314839525,0.0590216296913516,0.056282538342479246,0.05376536793433456,0.04105856444328319,0.04753228234175711,0.02829311668889697,F
Alaska,0.0,0.0,0.0,0.0,0.0,0.0,0.0,0.0,0.0,0.0,0.0,0.0,0.0,0.0,0.0,0.0,0.0,0.0,0.0,0.0,0.0,0.0,0.0,0.0,0.0,0.0,0.0,0.0,0.0,0.0,0.0,0.0,0.0,0.0,0.0,0.0,0.0,0.0,0.0,0.0,0.0,0.0,0.0,0.0,0.0,0.0,0.0,0.0,0.0,0.0,0.0,0.08528057308545113,0.0,0.0,0.0,0.0,0.0,0.0,0.12182387747998608,0.2676181980374665,0.19177498401875134,0.2968036529680365,0.4182258419546555,0.8171603677221655,0.8825259854873504,1.31916452913155,1.256544502617801,1.1955453652145431,1.8091079226450406,1.4639145073927682,1.6842375932116225,1.8330921369995177,1.795927705330588,1.8683071314650264,1.9146873485215705,1.9964166879959049,1.79384203480589,1.4553014553014554,1.478283621140764,1.4167334937182572,1.4053458252962248,1.2577685705830126,1.2025316455696202,1.0030090270812437,0.9412972787951396,0.8164714235001775,0.6933333333333334,0.6075110456553756,0.5773887129819333,0.4749240121580547,0.29024767801857587,0.25937749401436555,0.32945736434108525,0.5168453292496171,0.2689204763734153,0.284792101765711,0.15068751177246187,0.13490075158990172,0.09801999607920014,0.0,0.20837674515524068,0.0,0.0,0.0,0.0,0.0,0.0,0.0,F
Arizona,0.0,0.0,0.0,0.0,0.0,0.0,0.0,0.0,0.0,0.0,0.0,0.0,0.0,0.0,0.0,0.0,0.0,0.0,0.0,0.0,0.0,0.0,0.0,0.0,0.0,0.0,0.0,0.0,0.0,0.0,0.0,0.0,0.0,0.0,0.0,0.0,0.0,0.0,0.0,0.0,0.0,0.0,0.021331968087375742,0.0,0.0,0.018389789988598332,0.02539636469179697,0.021045985478270017,0.0,0.023320895522388058,0.01989455883815776,0.050944165194946336,0.04534040178571429,0.048634493078937524,0.0829154657085324,0.06307158625039419,0.05109661190158007,0.09287810677267154,0.17244877257050112,0.2008637139700713,0.30335413147643836,0.3055404671374253,0.37202623763991777,0.5140701672397102,0.7657924143824361,0.9505463272911009,1.0503685503685503,0.9730854684028462,1.2123275117174204,1.3909888116117326,1.4964766813575359,1.431980906921241,1.5917514016915328,1.5568782481233066,1.610790990047145,1.8442537157211638,1.6280589941577808,1.5730563678531813,1.4833078161970852,1.3463098134630982,1.328071791995513,1.3055255707855558,1.1873877469566954,1.069772031974736,0.8585839140646055,0.7495267163775452,0.7291189494579325,0.6163813049514114,0.6524381524381524,0.5919738514617758,0.45831630931021616,0.4326672458731538,0.43445539135194305,0.3328066695801257,0.2843120125796153,0.26816147844207877,0.23009664058904739,0.17589491214610506,0.16460244494851153,0.13227786619267098,0.13453100422220382,0.09228381467732126,0.07509700029204389,0.06441638752898737,0.08422545825298668,0.0804029607207889,0.07895775759968417,0.05962720037331812,F
Arkansas,0.0,0.0,0.0,0.0,0.0,0.0,0.0,0.0,0.0,0.0,0.0,0.0,0.0,0.0,0.0,0.0,0.0,0.0,0.0,0.0,0.0,0.0,0.0,0.0,0.0,0.0,0.0,0.0,0.0,0.0,0.0,0.0,0.0,0.0,0.0,0.020708697653014266,0.0,0.012109762890842597,0.012391266635275459,0.0,0.0,0.0,0.0,0.0,0.016474012245682436,0.0,0.0,0.0,0.0,0.02037786381764723,0.0,0.017594275995542783,0.020798050925513265,0.030421849648458628,0.05090909090909091,0.026502101238026727,0.05408537763183311,0.05260191621266204,0.05487068807842851,0.12371284066513845,0.18183225007737544,0.15783451051572425,0.16640222901590496,0.23884399506389078,0.48615854393507174,0.657030223390276,0.6728612624158924,0.6901258910966176,0.8446566287183254,1.375986317876161,1.4360864723726146,1.4883253440544302,1.6463461986487535,1.7561582096510997,2.013449524491664,2.1708015267175576,2.2512941931859225,1.8385948441106286,1.7784931883318285,1.6306563391765185,1.6162470911783373,1.36066064781139,1.2306470821754665,1.0709563684442485,0.9377295708914913,0.6714042812922353,0.6781292383077394,0.5993606819392647,0.5157319927190778,0.4911591355599214,0.37300017975912275,0.4222441829125865,0.3449511692500672,0.2976324689966178,0.23923444976076555,0.1978595197409839,0.1738885233574584,0.16238559196929436,0.09457755359394704,0.0848356309650053,0.0989990100098999,0.089736399326977,0.08871638480731911,0.04551920341394026,0.08912126433367001,0.03774771940861906,0.09847689075630252,0.048295846557196084,F
California,0.0,0.0,0.0,0.0,0.0,0.0,0.0,0.0,0.0,0.0,0.0,0.0,0.0,0.0,0.0,0.0,0.0,0.0,0.0,0.0,0.0,0.0,0.0,0.0,0.0,0.006516016368233116,0.0071454941704676735,0.010458549283008343,0.007398716851106109,0.004727104270465998,0.005341717285797137,0.0033968083588660093,0.007900090192696366,0.005051206606978242,0.01590077913817777,0.0206058108386565,0.01993686658913441,0.023701087461660005,0.017033814423497457,0.018166089965397925,0.020779802032424483,0.01972289334845422,0.019474125134114256,0.01511977017949327,0.018690318415060997,0.0185797265846551,0.018824928168037252,0.016508113252130682,0.025991839188804093,0.026008446552642336,0.03747400241082749,0.05240403511070353,0.05409137624370392,0.07205144607925659,0.07273423973205416,0.08323449980709602,0.09758538721381209,0.1226171684759895,0.1865981231818536,0.22235766851776603,0.2848422365209312,0.33418979248649155,0.4657983265763823,0.5351263470069689,0.7058712434193442,0.8471876706510527,0.896827804621771,0.8914324023282691,0.9644340346802606,1.1784938960782654,1.3073394495412844,1.36653040552762,1.480773472538784,1.5678668802878264,1.6577608072189955,1.8347842291616752,1.6520498170574334,1.5738965369488669,1.4970637452165292,1.5859594079628947,1.4768318105361065,1.3446448527379564,1.3272884540817849,1.190573917683396,1.0180848897691723,0.8883823751527551,0.7946189839572192,0.7097912179237122,0.6950043943473347,0.6419767176443735,0.5731240549170042,0.49730742743601614,0.48443435914433597,0.4048017867113345,0.35624700543953103,0.29182105430656274,0.25264206668327227,0.2269296108472354,0.2079145481061054,0.1754010122379027,0.16207291596468765,0.1446061891448954,0.12302847717327589,0.11940782174067721,0.10789783266092655,0.10398507508334097,0.08625845800799925,0.0890798351383721,F
Colorado,0.0,0.0,0.0,0.0,0.0,0.0,0.0,0.0,0.0,0.0,0.0,0.0,0.0,0.0,0.0,0.0,0.0,0.0,0.0,0.0,0.0,0.0,0.0,0.0,0.0,0.0,0.0,0.0,0.0,0.0,0.0,0.0,0.0,0.0,0.0,0.0,0.0,0.0,0.016790919470750218,0.022175056229606867,0.02728182121313165,0.0,0.020193278523005915,0.014049284891399028,0.0,0.0,0.0,0.0,0.01571503404924044,0.018007357291693466,0.03429898158408527,0.04872370949841648,0.03983383599840665,0.09784426979768329,0.07736553533586733,0.0854167351095634,0.07391695590692891,0.08348277781213283,0.13211203100228994,0.21678727367103295,0.27858721060552694,0.3672009706877834,0.5581100364674172,0.6145934589696153,0.8451833801165983,1.2093350121519135,1.1812942626946126,1.0612201365187712,1.2413723358531592,1.4626245043999613,1.5714973961320515,1.6564712351364357,1.679290297176476,1.6278481594739385,1.8530865616737557,1.7591887259569605,1.5626133862267484,1.4311837132756309,1.4002049080353223,1.3674752037709907,1.2056459517741618,1.1911642751237657,0.9829386299974535,0.9947831423895253,0.8454258675078864,0.7832040625552663,0.7534931356531493,0.6707418595247723,0.5797234811014745,0.511561285041948,0.4252271608253883,0.4292133324391389,0.3145308633409653,0.2594153888914625,0.23886827458256032,0.24570610687022898,0.18638414753776733,0.16207038485285039,0.13580313976859146,0.10052496369931867,0.059694704226953575,0.08936550491510277,0.05194505367655546,0.05781182251770488,0.0734386933787674,0.0499984375488266,0.052405751531230546,0.04011231448054552,F
Connecticut,0.0,0.0,0.0,0.0,0.0,0.0,0.0,0.0,0.0,0.0,0.0,0.0,0.0,0.0,0.0,0.0,0.0,0.0,0.0,0.0,0.0,0.0,0.0,0.0,0.0,0.0,0.0,0.0,0.0,0.0,0.0,0.0,0.0,0.0,0.0,0.0,0.02492108323641801,0.014319672365896267,0.014216661927779357,0.0317552726984043,0.0318557181013992,0.021400546902865296,0.0,0.0,0.0,0.014066393376738203,0.020477955480924785,0.028445455838429813,0.024289039570893636,0.028503949833048294,0.025135627657568965,0.043345442536327605,0.04959702417854929,0.06284537869758369,0.08405652233177337,0.06912662090007628,0.09499451954694922,0.15435820751531523,0.2471920898531247,0.29736159169550175,0.3867868617236969,0.4619401486242217,0.7811700494627324,0.7976592706120031,1.2671257187477816,1.6149241264095782,1.3782436844818697,1.3969234814620037,1.5105838114687673,1.9705678014273986,1.9655867307394201,1.8186786495020646,1.6822319771381433,1.8610210005122074,1.9756541206100462,2.056019865958185,1.79379232800774,1.5335842053714108,1.4461593590826487,1.2946190729888118,1.1887319271279684,1.0352554102731373,1.0419706963983422,0.9509809803803924,0.9109743464749253,0.7190533002289362,0.6765422598435296,0.7232858779250532,0.6516705259675818,0.6287607328781015,0.47349139420750674,0.5180280627122714,0.38554905040696846,0.2879822780136607,0.2043983496725841,0.2422052208680943,0.16354567012838334,0.10783763964974334,0.1352935870839722,0.1200812857934602,0.108148775097569,0.06653992395437262,0.05151500960052451,0.04806767929244376,0.044065804935370156,0.04590899816364007,0.05280667476369013,0.0,F
Delaware,0.0,0.0,0.0,0.0,0.0,0.0,0.0,0.0,0.0,0.0,0.0,0.0,0.0,0.0,0.0,0.0,0.0,0.0,0.0,0.0,0.0,0.0,0.0,0.0,0.0,0.0,0.0,0.0,0.0,0.0,0.0,0.0,0.0,0.0,0.0,0.0,0.0,0.0,0.0,0.0,0.0,0.0,0.0,0.0,0.0,0.0,0.0,0.0,0.0,0.0,0.0,0.0,0.0,0.09479796184382036,0.0,0.0768344218209758,0.09033423667570009,0.0,0.2204531537048377,0.28795811518324604,0.2564876282438141,0.2997002997002997,0.41480006636801064,0.5227655986509274,0.6736914838486785,0.821557673348669,0.9124379702257084,0.8163265306122449,1.1881776325560671,1.29695885509839,1.5912774421688523,1.5901590159015901,1.790168745414527,1.8425219519216929,2.248470186423794,2.560646900269542,2.035820126272388,1.6596002422774074,1.8435358071377923,1.4630577907827358,1.4084507042253522,1.441077441077441,1.4631478189525502,1.0941549093003167,0.8548268238761975,0.8911332244170505,0.82926106915445,0.7762155828939661,0.6338231057332181,0.5625665196898282,0.5470136014192786,0.46122801960219084,0.39934920869693835,0.2982848620432513,0.28862220871942884,0.3368034292712799,0.11093502377179082,0.1841620626151013,0.10442046641141664,0.12171796209354896,0.0,0.0,0.10917030567685589,0.1128031584884377,0.09567546880979717,0.0,0.0,0.0,F
Florida,0.0,0.0,0.0,0.0,0.0,0.0,0.0,0.0,0.0,0.0,0.0,0.0,0.0,0.0,0.0,0.0,0.0,0.0,0.0,0.0,0.0,0.0,0.0,0.0,0.0,0.0,0.0,0.0,0.0,0.0,0.0,0.0,0.0,0.016177116313466293,0.0,0.02094001637128553,0.023172285946008574,0.011402075177682339,0.014506156049973708,0.01830343771839329,0.010926232322916993,0.010086746015735325,0.009514747859181731,0.02197290869610175,0.01427891480247501,0.011225612357154082,0.01088459068496729,0.02004303979070847,0.010335703654704813,0.017595429328475617,0.024258532675188793,0.031038948528860872,0.04020515495284044,0.03249051393030784,0.04694609625153477,0.05829746592078987,0.04397967161845191,0.06729553180874147,0.11023432980801764,0.15809235228245835,0.1993441694779306,0.22230590750616502,0.34273567555948314,0.4576659038901602,0.6778355478528788,0.8748243631254199,1.0341570723192617,1.0885965598560459,1.2735738520005297,1.577733413447561,1.591020189815626,1.8872807095818536,1.7945702745539138,1.8755238040993012,2.054958374533508,2.1151378719546394,1.8962800073300348,1.7274645974241272,1.5642404652402397,1.5261055574081037,1.3969308308023975,1.2948382737448223,1.2483534905999283,1.0575051696873858,0.929439713686289,0.8266438414262691,0.72608990565456,0.6081317230398819,0.576318414020449,0.562331453787693,0.44401201535123286,0.39527185331862086,0.3677154745688276,0.3264053969569421,0.2614907096390152,0.22328275586563084,0.19350515386295017,0.16504440096933395,0.13227734708571237,0.10800146269697511,0.09381266729208444,0.09030730040808677,0.08333964694295022,0.0574808397200933,0.058184148614121044,0.06795135380004878,0.04702775541949662,0.04789811788572073,F
Georgia,0.0,0.0,0.0,0.0,0.0,0.0,0.0,0.0,0.0,0.0,0.0,0.0,0.0,0.0,0.0,0.0,0.0,0.0,0.0,0.0,0.0,0.0,0.0,0.0,0.0,0.0,0.0,0.0,0.0,0.0,0.0,0.0,0.0,0.0,0.0,0.006136927117853548,0.011442956860052637,0.0075436589260344245,0.00637137468780264,0.012363843177013141,0.009549160270718693,0.016573931573339647,0.010296186978755534,0.0,0.008979078746520607,0.007921688451309907,0.012817823766575776,0.012963137550674084,0.01529285823520416,0.01660164356271271,0.016885576099673144,0.019323904878078238,0.024025178386949522,0.03214689846723588,0.033899684054944604,0.03245333069943983,0.01970221509189676,0.06974549731274701,0.07682691806864941,0.1218670024779624,0.14472848640586003,0.17078623773444293,0.22350649765318178,0.33205053979498006,0.5104336090251583,0.6953989135414621,0.8427662563000908,0.8195683817479907,1.2055990367248646,1.6494501832722428,1.7373761705459037,1.8935141527085486,1.8471206648459755,1.8695689093945485,2.2388577936417553,2.4616707649722525,2.168289914746483,1.8702972935250157,1.8171087000200925,1.6322542825506416,1.405338167767206,1.2405711206896552,1.2036447826263557,1.0558334459916183,0.9221714425202403,0.7641055470361166,0.6802632266151356,0.6154978552755146,0.5626123055951422,0.5287582268559414,0.49135441281272274,0.4178581993886205,0.34381983840467595,0.3145462334006487,0.2673195888482784,0.25528767580851036,0.18505088899447347,0.14279103589607986,0.1418917969682921,0.12685781833383789,0.11324029001279468,0.10234490232082116,0.08474198296240132,0.0572039320176429,0.06449583136699702,0.06155640510594182,0.06037918125830214,0.04478200121807043,F
Hawaii,0.0,0.0,0.0,0.0,0.0,0.0,0.0,0.0,0.0,0.0,0.0,0.0,0.0,0.0,0.0,0.0,0.0,0.0,0.0,0.0,0.0,0.0,0.0,0.0,0.0,0.0,0.0,0.0,0.0,0.0,0.0,0.0,0.0,0.0,0.0,0.0,0.0,0.04652461151949381,0.0,0.0,0.0,0.0,0.0,0.058168522519528004,0.0,0.0,0.0,0.0,0.0,0.07082710317148029,0.08466097129223428,0.12903225806451613,0.09093163594279573,0.08833141948591114,0.136332651670075,0.12962409013859805,0.0825593395252838,0.13443441521029384,0.21990104452996154,0.29466653570376194,0.3192584963954686,0.251598700073383,0.48182675185922275,0.6538661131292164,0.6973643728848323,0.9310798502175893,0.8765671185404137,0.7836833115643524,0.7875510010437422,1.122616858608342,1.2088216296022884,1.4359614698537282,1.4337899543378996,1.3434247871333964,1.3430163151611618,1.5480479018596047,1.529140219272937,1.316040434865535,1.3132694938440492,1.3225499524262607,1.071322289455411,1.0790257938546912,0.9160630592245419,1.1961444663802114,0.8942598187311178,0.8080540468936283,0.84090600840906,0.6064106266243142,0.5703693141308998,0.5356596265687175,0.40705563093622793,0.46592894583576006,0.38893044128646226,0.4003202562049639,0.257419745608722,0.32232070910556004,0.19056693663649357,0.18832391713747645,0.13377926421404682,0.13771733516956447,0.1719986240110079,0.0,0.0,0.10783608914450035,0.11206574523720583,0.0,0.0,0.0,F
Idaho,0.0,0.0,0.0,0.0,0.0,0.0,0.0,0.0,0.0,0.0,0.0,0.0,0.0,0.0,0.0,0.0,0.0,0.0,0.0,0.0,0.0,0.0,0.0,0.0,0.0,0.0,0.0,0.0,0.0,0.0,0.0,0.0,0.0,0.0,0.0,0.0,0.0,0.0,0.0,0.0,0.0,0.0,0.0,0.0,0.0,0.0,0.0,0.0,0.0,0.0,0.0,0.0,0.0,0.0,0.0,0.0,0.0,0.052977325704598434,0.15559661577360692,0.2189708370657908,0.2302763315979175,0.30371313804251987,0.42875387702973905,0.5373082589479158,0.8137358613394091,0.9904704734749005,1.1787819253438114,0.8843395306733514,1.1390928429287037,1.3976141737841463,1.5522472306498272,1.6059479553903344,1.8388858967454027,1.9010794264540036,1.893939393939394,1.9676866143153715,2.189109639440765,1.8855951409663674,1.6327247191011238,1.8126094570928195,1.4943318447268978,1.6112266112266114,1.461211477151966,1.225088430678975,0.9108708606452711,0.8645039801420867,0.7622717373094321,0.7275464124435524,0.58386854616732,0.5160645913101382,0.5437469105289174,0.4654895666131621,0.34094513162067874,0.3051404428448478,0.22166169838722005,0.2803879963625341,0.20737327188940094,0.1596772838053618,0.06205673758865249,0.0851063829787234,0.10478186321204039,0.05803830528148578,0.0,0.08853910477127398,0.08040201005025126,0.09388691842269978,0.07789028596862134,0.05540780141843972,F
Illinois,0.0,0.0,0.01740113977465524,0.0,0.0,0.005534095562762177,0.0,0.0,0.005725026955335248,0.0,0.0,0.0,0.0,0.0,0.0,0.0,0.0,0.0,0.0,0.0,0.0,0.0,0.0,0.0,0.0,0.0,0.0,0.0,0.0,0.0,0.0,0.004448035821515149,0.007316299903262257,0.007491509622427915,0.009868096444195914,0.010509782856208653,0.01663288753087865,0.0155448468832582,0.010613019816866446,0.01785774077257051,0.01306328617849892,0.02335230481817787,0.016015292020768217,0.009208244448195952,0.010365200566630964,0.010514191769299516,0.018640791939329125,0.013978800426112398,0.013110805731850032,0.0142967009130169,0.022428382098073196,0.02891449720317954,0.028891219209450637,0.04352008795638829,0.05189073124179888,0.04806270334220645,0.05152760497178549,0.06315934289269791,0.10497610888556398,0.13930644826871244,0.18013733670550428,0.22599822265804556,0.3451264313160054,0.3894321231376662,0.5587797791085728,0.7959916667288924,0.8191369833895115,0.7785172685993207,0.9423893860866774,1.179502146167152,1.2960588062503136,1.341494703661621,1.323516457703262,1.3959678539827862,1.6211887710391928,1.8151118615449557,1.6287668430128899,1.4340742834929496,1.4556649045459926,1.4503599173259212,1.3204406869531917,1.3220794741559607,1.2251136899420523,1.1124720126693866,0.9942237283790388,0.9062056635803735,0.7974665798002623,0.7411187044642782,0.7056586147070599,0.6664634249614687,0.5540263031415213,0.5055673637898309,0.4454462994728287,0.3749018883604968,0.31340965524937925,0.2670125836781457,0.22311246851635166,0.19264430197512197,0.19102092497789616,0.14047648718152056,0.1242192760454155,0.12061870299418193,0.10033050047214354,0.0976621372333884,0.06290178515266263,0.06669334400426837,0.06946117970599493,0.04514672686230248,F
Indiana,0.0,0.0,0.0,0.0,0.0,0.0,0.0,0.0,0.0,0.0,0.0,0.0,0.0,0.0,0.0,0.0,0.0,0.0,0.0,0.0,0.0,0.0,0.0,0.0,0.0,0.0,0.0,0.0,0.0,0.0,0.0,0.0,0.0,0.0,0.012142307847978307,0.014322714631846556,0.01978410594388733,0.01810872478360074,0.009650064534806576,0.01786192730195588,0.00866494811862314,0.021524818115286927,0.0,0.009407239393337584,0.011031439602868174,0.011832919181161992,0.016299918500407497,0.014338532758426448,0.010265148793331758,0.016538322393922167,0.02355687378869484,0.024056072518124066,0.023149424020283305,0.04050994876682951,0.04283441439236323,0.041431781943276125,0.04891927033046254,0.058963003851413225,0.0990500739892119,0.12503907471084713,0.1808642827557642,0.22924205942992257,0.3313530004233144,0.4855662472242783,0.6811989100817438,0.8835040865661333,0.8896432647566651,0.9678417691247221,1.2319421042455045,1.5758485338259063,1.5917034982811913,1.5963305520768893,1.5296657847519994,1.5976232701256574,1.7960340825895291,1.9402583848574455,1.8901098901098903,1.6106337754093945,1.6830749277840003,1.4793430460406258,1.2927342107312514,1.2850670160870183,1.0819741168467256,0.9578110867037085,0.8824636945595049,0.7053500133084909,0.6059298117467379,0.5174558421096277,0.5473309373866596,0.4588787103984286,0.41364321519963543,0.29547745680814824,0.2652380115931846,0.26800071466857245,0.1897397343643719,0.15831422644393495,0.1736996129519494,0.11712391312978918,0.11275369581558506,0.07852791985907422,0.10454555354692571,0.053425938293041264,0.04239368111026819,0.04541016733646664,0.04224657920060084,0.05421523448088912,0.05925086300170024,0.045643710565176535,F
Iowa,0.0,0.0,0.0,0.0,0.0,0.0,0.0,0.0,0.0,0.0,0.0,0.0,0.0,0.0,0.0,0.0,0.0,0.0,0.0,0.0,0.0,0.0,0.0,0.0,0.0,0.0,0.0,0.0,0.0,0.0,0.0,0.0,0.0,0.0,0.0,0.0,0.0,0.0,0.0,0.010346076250581966,0.010641505418299842,0.009080837616461742,0.0,0.0,0.0,0.0,0.0,0.014458963653780115,0.0,0.010996865893220431,0.01715527429377454,0.0,0.018892480792644526,0.0,0.031004054376341524,0.03452868347062595,0.027657648597002912,0.04505180958101817,0.10270204181440275,0.15136226034308778,0.22914891741825555,0.305086856360127,0.4345741173649823,0.5992552943914359,1.0227666705188951,1.208118556701031,1.267491926803014,1.245460590251138,1.479586718828368,1.7436611725863447,1.7138757506510072,1.6213102161746957,1.670456778685533,1.5459865490435847,1.7598149537384347,1.8858242463117383,1.6436237068548778,1.7259397662855878,1.501143877902786,1.475775915078158,1.2275637835506452,1.1018816748601457,0.9384226064951497,0.968803094386003,0.8141503656471774,0.7471328775822781,0.5653710247349824,0.4921296818062287,0.46372475691847415,0.37871393433022293,0.37168841439304073,0.33801248657891597,0.3033489726581459,0.20351676978183,0.20327633624297503,0.1403624654254221,0.12909888974954814,0.11869436201780414,0.10006671114076052,0.08009210592181008,0.0661476619345647,0.061434495469205964,0.06606026729000457,0.046675656052276734,0.05914932515997203,0.05694112287894318,0.05360333531864205,0.0,F
Kansas,0.0,0.0,0.0,0.0,0.0,0.0,0.0,0.0,0.0,0.0,0.0,0.0,0.0,0.0,0.0,0.0,0.0,0.0,0.0,0.0,0.0,0.0,0.0,0.0,0.0,0.0,0.0,0.0,0.0,0.0,0.0,0.0,0.0,0.0,0.0,0.0,0.019919751856805442,0.0,0.0,0.020518607812459923,0.0,0.0,0.0,0.0,0.0,0.01857527630723507,0.0,0.0,0.01226181425803762,0.012612249016244576,0.015516706320471706,0.019312475859405175,0.03528062799517832,0.02292826727808713,0.035646811392720926,0.03703429375601807,0.05893186003683241,0.07737216009003306,0.10344114199020757,0.12927054478301017,0.1818916734033953,0.2426067678922491,0.33718491714297466,0.45624057764024434,0.7556098305602198,1.0729216767175995,1.0484734374423155,1.1380436651194774,1.1726109270447604,1.6850003179245885,1.6628532757565015,1.6159085068105885,1.641654105773642,1.854149203688181,1.941156577612445,2.106406841441189,1.9091162920564009,1.6813728895991107,1.5854002254791433,1.5206318742156935,1.3292013590710525,1.2237829517029055,1.1723787564969324,0.9202087399912361,0.7877872566227193,0.703881520058589,0.6493765188637902,0.5569380258324446,0.4198383426194774,0.5455776352992712,0.3661837287056201,0.35581560844469046,0.23049860487686522,0.2613631722955037,0.1631055292774425,0.13019244070141178,0.15955660060463553,0.11334408649025676,0.12646221941195068,0.10024823372159633,0.0758905279134848,0.054652953743727334,0.04481848513520243,0.08609338600222831,0.06250325537788426,0.0613599598371172,0.03499358450950659,0.04277682718161818,F
Kentucky,0.0,0.0,0.0,0.0,0.0,0.0,0.0,0.0,0.0,0.0,0.0,0.0,0.0,0.0,0.0,0.0,0.0,0.0,0.0,0.0,0.0,0.0,0.0,0.0,0.0,0.0,0.0,0.0,0.0,0.0,0.0,0.009297655131375867,0.00958552202752962,0.0,0.01464152662317591,0.013098339421635546,0.015094795314575535,0.009140489320861644,0.0214987714987715,0.009040501446480232,0.010698129355666951,0.012421588721197441,0.011936913412614332,0.0,0.010651571867677045,0.0,0.018604939611466843,0.0,0.011074021926563414,0.02911537777202659,0.03130148270181219,0.02539059193933341,0.023923444976076555,0.06426735218508997,0.062458444986198694,0.05148588257099903,0.037512504168056016,0.06555899284997234,0.12072591323311783,0.15209422041962406,0.17949868581319314,0.24181138711804792,0.2892151451595099,0.3616321373330719,0.5799093623144828,0.8624029032192297,0.9742096331524586,1.0096477451200359,1.519038480961519,2.023163758979622,2.1260424363981842,1.9734806629834254,2.0561133269151424,1.9929171585306578,2.2639622911012713,2.240655987795576,2.0061203672220334,1.862201765921473,1.7708430803780293,1.5660585569721301,1.3206728683665108,1.1627906976744187,1.1654894046417759,0.8565916398713825,0.8435543135123945,0.63618495913934,0.5486335435574015,0.4740570952281725,0.4484764613925835,0.4178678162439502,0.3200260360164895,0.3292785805643998,0.25929603883923646,0.19692683197426084,0.22271102557052516,0.15982364287682557,0.14131626002191844,0.1235349061436018,0.13424964040274892,0.07245660837203176,0.09166525207944322,0.0380057354109802,0.07793956141283169,0.043027717021047726,0.052176505664877755,0.07419266664063415,0.06605292490608099,0.06461617989144482,F
Louisiana,0.0,0.0,0.0,0.0,0.0,0.0,0.0,0.0,0.0,0.0,0.0,0.0,0.0,0.0,0.0,0.0,0.0,0.0,0.0,0.0,0.0,0.0,0.0,0.0,0.0,0.0,0.0,0.0,0.0,0.0,0.01285539819595912,0.0,0.0,0.0,0.0,0.02143693418861204,0.011649580615097856,0.016047500601781273,0.009491718475630012,0.0,0.008978406931330151,0.008581235697940504,0.008348058380754943,0.018146286990508097,0.013406263406263405,0.025092445853143158,0.046866630958757365,0.03217891476609951,0.04512882227449264,0.03771581829356875,0.04393610839463129,0.04985117956688122,0.05712862730162451,0.09395802146701915,0.0828775070445881,0.10534722104225781,0.08685079034219212,0.10415943337268245,0.13205852833976017,0.19278081739066574,0.22541842047517405,0.26715469729479574,0.3403034907861225,0.48923472723055184,0.6691403318602518,0.9717262775859041,0.9514008892685863,0.907137741704464,1.192700602462237,1.5206372194062274,1.4821870195842524,1.560603729723262,1.5496065180758474,1.4703557312252964,1.7177456916627853,1.7956374710779759,1.727285493610448,1.3447011887644544,1.2438584489085143,1.1556419411404306,0.9974288500753613,0.9639835406167646,0.7932883001995241,0.6737579900787285,0.6048850208008983,0.577593445459403,0.44853393479598114,0.39616778871051267,0.30613322073260846,0.30473446546804445,0.2988132843848715,0.2282453637660485,0.18819850599339857,0.1722758875284563,0.1166930971544837,0.1184939419972154,0.1244516349833546,0.06033086717683294,0.047504326286858266,0.065037310878346,0.06568258028831196,0.04448246364414029,0.05770732204080247,0.037455734132389,0.04225203337910637,0.030281236988530982,0.03229061553985873,0.025524311907091507,F
Maine,0.0,0.0,0.0,0.0,0.0,0.0,0.0,0.0,0.0,0.0,0.0,0.0,0.0,0.0,0.0,0.0,0.0,0.0,0.0,0.0,0.0,0.0,0.0,0.0,0.0,0.0,0.0,0.0,0.0,0.0,0.0,0.0,0.0,0.0,0.0,0.0,0.0,0.0,0.0,0.0,0.0,0.0,0.03137254901960784,0.0,0.0,0.0,0.0,0.0,0.0,0.0,0.0,0.026501298563629618,0.0,0.06459189665296534,0.07681474843169889,0.07321618743343983,0.12710069199265642,0.13280212483399734,0.19149227191902612,0.4365025235302141,0.46230706136753413,0.5503709021296961,1.0068803490518543,1.4279714405711887,1.7295199527545768,1.9556194125159643,2.001296386323124,1.9050593379138039,2.1918234105394063,2.779708130646282,2.550666563920783,2.167253790779599,2.201807000227773,2.0126553327742625,1.9597211463981408,1.8648920529288866,1.6145152610133007,1.5259788596099448,1.2762762762762763,1.175646216132046,1.0677618069815196,0.9741969457609267,0.809269817914291,0.7988309790550414,0.6667993630573249,0.5359490342805138,0.6735381161342994,0.3882476390346275,0.3721029130342335,0.35800779193429505,0.1622147723586028,0.22935779816513763,0.2712673611111111,0.11183180496533215,0.06775832862789384,0.10295126973232671,0.0,0.0,0.08155498165012913,0.07003782042302843,0.0,0.0,0.0,0.0,0.0,0.0,0.0,0.0,F
Maryland,0.0,0.0,0.0,0.0,0.0,0.0,0.0,0.0,0.0,0.0,0.0,0.0,0.0,0.0,0.0,0.0,0.0,0.0,0.0,0.0,0.0,0.0,0.0,0.0,0.0,0.0,0.0,0.0,0.0,0.0,0.0,0.0,0.0,0.0,0.016830968982928587,0.014574224443056422,0.0,0.020181634712411706,0.015350540558321088,0.01615704649190128,0.017358432340688165,0.015057406361754186,0.0,0.021138669673055242,0.013666336396870407,0.008273625337150233,0.01851820676419589,0.013252054068380597,0.021697404656596846,0.0166591700401486,0.01722504521574369,0.02523298455741345,0.03691894613190133,0.03902023731398876,0.05721985344334312,0.057874836021297935,0.07584224812390228,0.061403161272431964,0.09759012148974308,0.12808470668602168,0.195964581216432,0.3158593231585932,0.4310932853128155,0.5316455696202532,0.7293401481651639,1.0024583447145587,1.0692269925263216,1.1466412430106419,1.3385983211642578,1.7111682568675048,1.535077774250601,1.6974202794697242,1.5530667599965,1.5816262146132167,1.8114066866783975,1.8254558613618546,1.680280952288558,1.5391470637381408,1.4473302379570516,1.3629788970070096,1.2260713666069054,1.0999918969289362,0.9848656907480438,0.9199534736174263,0.8665960711429992,0.6145840342731534,0.6514585058989455,0.6201760937959756,0.5907003700236281,0.4772343243366671,0.4047927461139896,0.37955408077456304,0.38730026206544677,0.3179760937681328,0.3054618400656515,0.22748161764705885,0.15555398430318884,0.1819880969947371,0.13852508563368932,0.11036111182403818,0.09890424507430831,0.09047847144605886,0.07074915494064932,0.056412185031966905,0.0716826114526757,0.0728862973760933,0.08050329467187453,0.059831212999118276,F
Massachusetts,0.0,0.0,0.0,0.0,0.0,0.0,0.0,0.0,0.0,0.0,0.0,0.0,0.0,0.0,0.0,0.0,0.0,0.0,0.0,0.0,0.0,0.0,0.0,0.0,0.0,0.0,0.0,0.0,0.0,0.007968889455565472,0.0,0.0,0.0,0.007231180851833104,0.0,0.010233529134857448,0.01644286105782406,0.013483146067415729,0.006759040216289287,0.011828974535443909,0.010317468505927387,0.013452125953290081,0.009004231989034847,0.006839143348444584,0.01158278797706608,0.011185161019713846,0.015945971297251664,0.009487576019202854,0.016085993830548248,0.0234203007166612,0.015604275571506591,0.040185047241933586,0.03012259897783981,0.054257050756939054,0.059343194007457085,0.08314951900312965,0.08900114258223585,0.11942865332250513,0.21517392234717894,0.3383107792813812,0.43439207197655755,0.4835421835248013,0.697773691469101,0.8797952230001186,1.173220499012117,1.316798119346541,1.3026238083185693,1.3469401213400158,1.407681182709304,1.5651131235997602,1.794428315522886,1.674251276059283,1.6541579105373763,1.4743534420758897,1.7370586961230234,1.793810091936276,1.5283662576349528,1.3940090643622574,1.3826646280381716,1.2542743427322158,1.238266427002197,1.092213145246492,1.0398771607096706,0.9698292663912059,0.8394778001212932,0.8387835186396337,0.647721496154666,0.651237350966837,0.6303965127001425,0.5402910048386821,0.5267196874563973,0.4247497010690129,0.4031959754383369,0.36744797710218924,0.27318077440810834,0.23700042538537888,0.18767264829302238,0.16100928560400538,0.1426993187258332,0.11282783393584933,0.12286753934124096,0.10043041606886656,0.09542895314438402,0.06584884032875643,0.06673917342297805,0.051349200236206316,0.03443708609271523,0.0570574650183399,F
Michigan,0.0,0.0,0.0,0.0,0.0,0.0,0.0,0.0,0.0,0.0,0.0,0.0,0.0,0.0,0.0,0.0,0.0,0.0,0.0,0.0,0.0,0.0,0.0,0.0,0.0,0.0,0.0,0.0,0.0,0.0,0.0074128297550986365,0.0,0.005049433958453258,0.0,0.005755443004670131,0.014844766159588305,0.012502390162825245,0.014336814789858137,0.015330583119634297,0.010345139724043398,0.012596838193613404,0.014734864531339216,0.008778398117911444,0.0074596889883514084,0.007153902453788542,0.0070831176614814615,0.009570617079610644,0.010954670725660452,0.0105999576001696,0.010160172125268945,0.013879513207618592,0.020099850872074176,0.025153402659641364,0.03992687078403766,0.03322141721152147,0.04938917215031739,0.03059039461609055,0.06194342015128769,0.09257100054411962,0.14065766964455426,0.22901928851341036,0.27961158110075846,0.42192157761981197,0.4823303773190787,0.7024701931311887,0.9497206703910615,0.996774605025785,0.9601857062464828,1.1429612851154676,1.4813633504328028,1.5586421138634752,1.617421837062493,1.5578730526586844,1.769655558869517,1.890752417759204,2.029638000802012,1.7577406780907554,1.5597647223583784,1.4838331205355602,1.4257276591165868,1.2173368502950832,1.1896602369529032,1.1011213253864025,0.952073751898945,0.8606108315692051,0.7492534417145505,0.6309630373556318,0.5837549341190861,0.5035413899955732,0.47446593930503345,0.42161335785777415,0.3064498684068212,0.29637975799735466,0.28025413089516465,0.2098731636098184,0.18997830744149075,0.1572709206067798,0.14475053150585787,0.12343171413839976,0.07586054303505389,0.07602225672877846,0.0704594612309104,0.06994485742635458,0.08066006822497437,0.048279191668390925,0.050735667174023336,0.04898451335769999,0.04180185918745148,F
Minnesota,0.0,0.0,0.0,0.0,0.0,0.0,0.0,0.0,0.0,0.0,0.0,0.0,0.0,0.0,0.0,0.0,0.0,0.0,0.0,0.0,0.0,0.0,0.0,0.0,0.0,0.0,0.0,0.0,0.0,0.0,0.0,0.0,0.0,0.0,0.0,0.0,0.020699318514744283,0.007782585686268406,0.009189346484309191,0.007151848037532898,0.0,0.010066872797871575,0.008456659619450316,0.008411490095470413,0.008246855886193389,0.014687621005968517,0.0,0.01044195577831728,0.010498825443903464,0.009372573173017701,0.027286990927075518,0.028781533767934495,0.0225462197504885,0.045631590097944943,0.04686523640908144,0.054212295348585064,0.07753755161656779,0.11025554389771129,0.20531755206266497,0.36947912916611403,0.4218346659950891,0.5419934784524544,0.8391906283280084,0.9700821642867596,1.377502184859961,1.571467614102214,1.4916558713708756,1.4896197216239209,1.5710252368662636,1.6825391358258563,1.7235453826855003,1.4630025701396503,1.4567494284650964,1.4365721397457552,1.5736898160049948,1.533765309562156,1.394012420057466,1.2601685066821615,1.1580617511352653,1.0669397635229494,1.0491473258357369,0.9293864072294399,0.7966118785923163,0.7741423921208581,0.6753629286766253,0.6127245257680041,0.5519701086956522,0.42273866677996347,0.48095177825591695,0.36064440893188787,0.304660659882025,0.2839817226801042,0.2602020902901253,0.17351578115047553,0.18705818379554107,0.11680406118735821,0.14515487088240114,0.11028871133767952,0.09903570497784726,0.06025358901812847,0.07297297297297296,0.0707482993197279,0.05820560436819203,0.05623664379709819,0.06684880544091147,0.04609852792034175,0.03508883855944368,0.03657522859517872,F
Mississippi,0.0,0.0,0.0,0.0,0.0,0.0,0.0,0.0,0.0,0.0,0.0,0.0,0.0,0.0,0.0,0.0,0.0,0.0,0.0,0.0,0.0,0.0,0.0,0.0,0.0,0.0,0.0,0.0,0.0,0.0,0.0,0.0,0.0,0.0,0.0,0.00962334237927517,0.009776126698602014,0.0,0.0,0.01722455072630189,0.013618942002762698,0.015491266798342436,0.0,0.009694431518535754,0.011886130866300837,0.0,0.01252322013733798,0.014243854794074556,0.016738502740929823,0.0,0.016984777393261288,0.013231597053764388,0.0,0.03785393428557008,0.04013592700612742,0.0333370374486054,0.037288816223503427,0.055626634032374694,0.049721009888956405,0.13072986203827325,0.14153216092507828,0.1869869742972142,0.25390625,0.2358887952822241,0.42467976383661915,0.6407702523240372,0.6882383153569595,0.870030785704725,1.2840331892608132,1.5155969296096685,1.6388645010242904,1.5195492572989584,1.705292286406088,1.7779351868248627,1.7808820302786514,2.35827491618409,2.0938023450586267,1.7665755044718752,1.7704381462471175,1.5085045793889018,1.463473633284954,1.2404065546567102,1.2157410937433812,0.9271001880439061,0.8007962719992762,0.6945074897866546,0.5534972994688211,0.432270100559676,0.5435521130588395,0.34861509073543456,0.23786407766990292,0.27868537382279457,0.22298705705560135,0.1942908384396951,0.22528865108420162,0.19029054116773414,0.16129032258064516,0.10466820180029307,0.11460661280155865,0.06318933823529412,0.07871155243400339,0.07827081702691312,0.0,0.04869438188568994,0.031873525849429464,0.05300470416749486,0.0,0.051607195517546445,F
Missouri,0.0,0.0,0.0,0.0,0.0,0.0,0.0,0.0,0.0,0.0,0.0,0.0,0.0,0.0,0.0,0.0,0.0,0.0,0.0,0.0,0.0,0.0,0.0,0.0,0.0,0.0,0.0,0.0,0.0,0.0,0.0,0.0,0.0,0.0,0.00975147665217876,0.011191524285607699,0.01052285432423545,0.0065438174013192334,0.0,0.008595495960116899,0.013470982279535127,0.01084755568411918,0.014055636896046853,0.016358771222584452,0.010277492291880781,0.013651411214634313,0.017232465965879715,0.013657781521021602,0.005733484697329343,0.011578496416455359,0.01566812500753275,0.012539184952978056,0.02732916021394828,0.022538703179365818,0.029412197238194677,0.03832122382660413,0.032586937293422095,0.04448728405130867,0.060637560637560636,0.06472589336785381,0.16608017890617294,0.18393301334828155,0.2958732561539917,0.42833318704467654,0.5680630096884366,0.7495459798580155,0.8709816827898009,0.9615990919982345,1.1248196912500383,1.449366590605083,1.6574411875707635,1.6242667686814587,1.5811744944763875,1.739567306182686,1.9241625135078468,2.1893068277788608,1.8957650536597905,1.6648638479988713,1.6087981146897092,1.4821328643376768,1.4721117535006516,1.2751106571331292,1.114162002323371,1.0150382646235083,0.8829863603732951,0.8059258186033034,0.649421523684785,0.6189180120055181,0.49226179377214246,0.45302951439091627,0.371277352081523,0.2938682129262568,0.29961506408984484,0.2601456815816858,0.1899560726581978,0.1511000080586671,0.14536694770943226,0.12516194198634198,0.09652953344058837,0.09663429810502498,0.09201636922778894,0.056813971296593636,0.05513646274529461,0.04100776584565702,0.042078687144961074,0.04190997736861222,0.05163955589981926,0.06101839704670958,F
Montana,0.0,0.0,0.0,0.0,0.0,0.0,0.0,0.0,0.0,0.0,0.0,0.0,0.0,0.0,0.0,0.0,0.0,0.0,0.0,0.0,0.0,0.0,0.0,0.0,0.0,0.0,0.0,0.0,0.0,0.0,0.0,0.0,0.0,0.0,0.0,0.0,0.0,0.0,0.0,0.0,0.0,0.0,0.0,0.0,0.0,0.0,0.0,0.0,0.0,0.0,0.0,0.0,0.0,0.0,0.0,0.0,0.0,0.11814744801512288,0.13211493999779808,0.15976263836585644,0.17326732673267328,0.37641154328732745,0.5586592178770949,0.4913710450623202,1.005139920045688,1.0290685338425631,1.3064259160913436,1.2332063364748345,1.3689048760991207,1.5058450564691896,1.771024871770057,1.6012810248198557,1.68,1.7553191489361704,1.5997237886983544,1.7293142788519276,1.8992248062015504,1.598144090733342,1.589614518479269,1.7404209390178087,1.188686979095505,1.3137665967854646,1.2039454598201333,1.1678394969306782,1.0549177784672665,0.7213423239767915,0.8869537171423963,0.4922067268252666,0.5795235028976174,0.6721559401781213,0.5217976771587275,0.41091387245233396,0.4008685485217972,0.32461985306680335,0.17704812489940447,0.13545546901456146,0.13518080432578572,0.2344454463480613,0.2929329915781765,0.17016449234259784,0.0,0.0,0.11583011583011582,0.1172103926548154,0.0,0.11032656663724624,0.0,0.0,F
Nebraska,0.0,0.0,0.0,0.0,0.0,0.0,0.0,0.0,0.0,0.0,0.0,0.0,0.0,0.0,0.0,0.0,0.0,0.0,0.0,0.0,0.0,0.0,0.0,0.0,0.0,0.0,0.0,0.0,0.0,0.0,0.0,0.0,0.0,0.0,0.0,0.0,0.0,0.0,0.0,0.0,0.0,0.0,0.0,0.0,0.0,0.0,0.0,0.0,0.0,0.0,0.0,0.01821161901293025,0.0,0.021555440593205723,0.03761519653940192,0.03017046311660884,0.03526803708182184,0.07852375343541422,0.0948316737790422,0.15012106537530265,0.22639919970515454,0.23490849494673585,0.34461152882205515,0.42825420323569846,0.734375,1.0117461257526403,1.128801695667176,1.0794432345421834,1.2470630760889212,1.6065529257365252,1.7340244965365383,1.5926708949964765,1.7004239284032032,1.7007461963368542,1.7706319324310573,1.9678374947101143,1.856876828943868,1.730505434209138,1.5429326287978864,1.3888888888888888,1.1693250837259466,1.1946591707659873,1.2023688460848239,0.876206263690723,0.831462037992353,0.7449471820235696,0.6518263436231706,0.6499133448873483,0.4791072836436412,0.4747033104309807,0.49480455220188024,0.46720354091104693,0.3653703244983899,0.3119826817776646,0.20213505148127092,0.19328651504413374,0.18071079579680074,0.13089005235602094,0.16942909760589317,0.0835421888053467,0.1000538751635496,0.10849349039057657,0.06890215893431327,0.09465961978386053,0.0,0.08500510030601836,0.05388898868331237,0.06633813495072025,F
Nevada,0.0,0.0,0.0,0.0,0.0,0.0,0.0,0.0,0.0,0.0,0.0,0.0,0.0,0.0,0.0,0.0,0.0,0.0,0.0,0.0,0.0,0.0,0.0,0.0,0.0,0.0,0.0,0.0,0.0,0.0,0.0,0.0,0.0,0.0,0.0,0.0,0.0,0.0,0.0,0.0,0.0,0.0,0.0,0.0,0.0,0.0,0.0,0.0,0.0,0.0,0.0,0.0,0.0,0.07576905591756326,0.08164598301763554,0.13497553568415724,0.11955593509820667,0.0,0.1671478498708403,0.3069838833461243,0.3167722574191397,0.36809815950920244,0.5393180236604036,0.8381799521040028,0.9426551453260016,1.2037449843958983,1.316872427983539,1.094632768361582,1.0981841904969012,1.602858601327208,1.7214549698502237,1.618543311020082,1.652971526848844,1.8968917269227157,1.9147398843930636,2.009273570324575,2.1569416498993963,1.7355188014536824,1.6455868353053176,1.4719291389865834,1.5945180206892007,1.4454139745553853,1.4093368566754751,1.0587515299877601,0.9530574794293494,0.8935871977572714,0.9063108145676954,0.6605164037338283,0.7209654667990179,0.5784564073166919,0.555612192884086,0.44201115073584807,0.4648460197559558,0.3575740689142751,0.2601456815816858,0.26810810810810815,0.2624551063633852,0.18547442405310424,0.15997522964186192,0.1616118084361364,0.07709675642931879,0.0827494897114801,0.09847904584746689,0.10998075336816059,0.06795401778130132,0.052687038988408846,0.06116582053948253,0.051666236114699046,F
New Hampshire,0.0,0.0,0.0,0.0,0.0,0.0,0.0,0.0,0.0,0.0,0.0,0.0,0.0,0.0,0.0,0.0,0.0,0.0,0.0,0.0,0.0,0.0,0.0,0.0,0.0,0.0,0.0,0.0,0.0,0.0,0.0,0.0,0.0,0.0,0.0,0.0,0.0,0.0,0.0,0.0,0.0,0.0,0.0,0.0,0.0,0.0,0.0,0.0,0.0,0.0,0.0,0.06170118995152049,0.0,0.0,0.0,0.08930343322087715,0.1116524563540398,0.16495245488065205,0.2622213897733658,0.595695618754804,0.5550218806702956,0.7998197589275656,1.0185285513056668,1.2617239839213934,1.6879052090319695,1.9705434230573895,1.8320152167384123,1.7301710730948678,1.9208329593393771,1.9967908718131575,1.814393610556472,2.134471718249733,1.7364125716270187,1.8133462282398451,1.8776739027095548,1.7990671503664766,1.6052060737527116,1.6901606003226033,1.5052214620093627,1.2159723856593707,1.0321946424182846,1.0919638286981745,0.9849617447893765,0.932869946954454,0.8310766644878139,0.9444872783346183,0.5406971130636284,0.5869478710704338,0.5070086489710707,0.5115859163406561,0.27837921435199503,0.4465212876427829,0.2811328613077884,0.23676280671545416,0.1866695948171736,0.1927437641723356,0.08185219831618336,0.07413814407512664,0.11541420877147987,0.06526563111865291,0.0,0.0,0.0,0.0,0.0,0.0,0.0,0.0,F
New Jersey,0.0,0.0,0.0,0.0,0.0,0.0,0.0,0.0,0.0,0.0,0.0,0.010668183919490771,0.0,0.0,0.0,0.0,0.0,0.0,0.0,0.0,0.0,0.0,0.0,0.0,0.010955782461983435,0.010717194667123934,0.0,0.0,0.0,0.008726764988218868,0.0,0.0,0.009247557103665115,0.0,0.010935335714806444,0.019534429431873678,0.020019548500300296,0.016443504815597837,0.019814674514831866,0.02489958969806541,0.012385434728758977,0.011142964231084818,0.0134097047949273,0.011277983496550816,0.008263400481113539,0.01060604721458685,0.00891432442792323,0.012496987333410696,0.019418675469799546,0.011305724175116971,0.025977050619418292,0.032076413144201295,0.028641241597823264,0.04928022441456041,0.059433009093250395,0.04133640600617979,0.07136542292001746,0.08156521557268193,0.13642000826787928,0.24108488196885988,0.25038765601565877,0.3484793014142565,0.5435829686510885,0.6251080255804574,0.9064374660819314,1.0759746560876762,1.1561696100817989,1.133780444758207,1.358179787828029,1.6654355915432109,1.71838482633776,1.6609192305619918,1.6563449016669543,1.7866721156547725,1.9927715615407466,1.964232310544889,1.7309697601668406,1.5580938586962485,1.4707020667234305,1.4076299944014716,1.2430247323477674,1.2996085516410718,1.2770750939746054,1.1680020030045069,1.0689977825345758,0.9514061126202381,0.826086956521739,0.7687354101263785,0.813739576479435,0.6976457874505835,0.6808428697183099,0.5978043774707641,0.5133281482005233,0.49919226906899916,0.38838950759860535,0.3250644136856612,0.2928949357520786,0.21075676382172262,0.19166923366533184,0.14499336174970304,0.1312477526069759,0.11597354353538099,0.11407050643683571,0.06974524631084354,0.08484642796538266,0.07186977972883726,0.054355484871056715,0.050534826918217805,F
New Mexico,0.0,0.0,0.0,0.0,0.0,0.0,0.0,0.0,0.0,0.0,0.0,0.0,0.0,0.0,0.0,0.0,0.0,0.0,0.0,0.0,0.0,0.0,0.0,0.0,0.0,0.0,0.0,0.0,0.0,0.0,0.0,0.0,0.0,0.0,0.0,0.0,0.0,0.02912395153774464,0.0,0.0,0.03008725303379801,0.0,0.028281876031110063,0.0,0.0,0.030790885897774258,0.0,0.021025188175434167,0.0,0.042105263157894736,0.025848698948819575,0.05513439007580978,0.042710706150341685,0.0569004758948893,0.09747706422018348,0.12295585884667404,0.10287404359287597,0.1101052116466846,0.16700465227245617,0.4091798612346558,0.4229684696231735,0.5035312581742087,0.5686485120363934,0.5595679614809032,0.9238451935081148,1.1173525460984248,1.106968072710324,1.240610061461416,1.2399708242159009,1.5066407685442806,1.623474841181809,1.4751044655892867,1.5640124305873964,1.4738768042285018,1.5531475748194015,1.792336217552534,1.5636363636363635,1.4847616566814275,1.4537792994469318,1.1108771190902391,1.1252056684889338,0.9173819742489271,1.0349432450478524,0.8514335360556038,0.8288894041270577,0.6719059331693563,0.7214835132073222,0.5193236714975845,0.5094116916195565,0.47598171228158076,0.3801807416640698,0.32838648563309125,0.28142589118198874,0.2453756134390336,0.2474175790189893,0.1665946813105448,0.17213898629263627,0.1572864665253368,0.14485405953501845,0.16618824595860401,0.06912442396313365,0.0571801993138376,0.08313242996092775,0.0430070531567177,0.0,0.05877167205406994,0.0,0.0,F
New York,0.01372495196266813,0.010896213565785889,0.009661719061363993,0.007543916370298523,0.008966855242349641,0.00920949630633416,0.010244720767329586,0.006730010339743158,0.007588582102620979,0.0035166071773952493,0.008018052071521025,0.005202312138728324,0.0068447831344543575,0.004478706549548491,0.0056251828184415995,0.005531768949074535,0.006143809832329844,0.0028562125479129658,0.003993541872286531,0.006006655374154564,0.0042942414222527595,0.008465470647608504,0.005185780589623253,0.004510745239552792,0.010388328712691292,0.009513601278628013,0.005543954317816421,0.009881544979557554,0.011057569197104081,0.009766525775489275,0.009245006540842126,0.012736535662299854,0.013301868666216703,0.00957822295229566,0.0171522574709776,0.026296940904545565,0.027976558588803487,0.020525075411326178,0.023254208466711963,0.023241212566905207,0.02343323703388781,0.024940597563236213,0.017876935178233043,0.014681756959471968,0.019007853411434492,0.016988049679234736,0.020463783753616044,0.025281609033961625,0.02074271490709778,0.023913358127709918,0.0359190752941481,0.03765048020590918,0.04594540099757712,0.061355435155624416,0.06886701015150742,0.08456158072761222,0.08682840585404183,0.1033465709839987,0.18427353701752705,0.24514392953091732,0.31944307297323987,0.39487930705050633,0.5920943940225646,0.7569220687018732,0.9648822600766166,1.1855737848553216,1.2368117491489183,1.2409554407040089,1.3256500041357633,1.7138453523205834,1.696994915950472,1.6229574125814918,1.6040351757466924,1.6713177816494242,1.8091225424514603,1.8986995276891607,1.599734678150941,1.4238467898552118,1.3492140793202447,1.2622680570464653,1.1342350691089773,1.1459257672653835,1.1530765252010178,1.008462623413258,0.9173173963296027,0.853328332141643,0.7596345701818268,0.7123668085363277,0.6907888772716559,0.5899427020506635,0.5544322791490227,0.4850311534370093,0.4720590333164741,0.409693399384121,0.3196454353154484,0.2908519341989481,0.22083974836808484,0.20953602736797092,0.16091987653056747,0.13859910581222057,0.12645575562993142,0.0972012219582189,0.10523854069223575,0.08882121558177897,0.07973301768922207,0.06685064879411715,0.0493578986099021,0.06413944670294947,F
North Carolina,0.0,0.0,0.0,0.0,0.0,0.0,0.0,0.0,0.0,0.0,0.0,0.0,0.0,0.007684977406166426,0.0,0.0,0.0,0.0,0.0,0.0,0.0,0.0,0.0,0.0,0.0,0.0,0.0,0.0,0.0,0.0,0.0,0.0,0.0,0.006670491081553424,0.011580239479352434,0.0,0.007486150621350502,0.006546716276227782,0.0,0.012608617990396436,0.00932690812995492,0.01335813150566693,0.013155098612643062,0.008109724573479173,0.008099789405475457,0.01758450908188175,0.009618056297689529,0.011738341692455448,0.014018590808117843,0.02140708788679932,0.0208102868533751,0.02808168400242626,0.02632060789160487,0.0421804828424683,0.05754868749754764,0.0434141977582487,0.05791226292167366,0.045369698226692935,0.07623475304939012,0.12335900066224306,0.11185999093792477,0.14669560661627123,0.21491840776162477,0.2442678478374153,0.39587371464239957,0.5093592796429753,0.722313996048327,0.7349190154317051,1.0692344968813994,1.531083982385482,1.6649578404517422,1.789221034257037,1.7927230295958416,1.9245144741663616,2.2097746235171636,2.3911719292281104,2.16671475481912,1.9573671136313389,1.8082600805673175,1.645931225971807,1.467068283893177,1.342778895595797,1.2047008607011978,1.008462623413258,0.9319056150438176,0.8267522211253702,0.662375470740632,0.6068877787642281,0.5749026989901046,0.5335898077759187,0.4530450238550256,0.39136067960516646,0.3448782900453154,0.2854677023169355,0.23882369647444585,0.21698101095176345,0.19191839524673346,0.12019562874747865,0.11809646002216131,0.10118897040222614,0.09438845416070396,0.08624274251921211,0.06561579662154945,0.06940053361299178,0.04588172008986489,0.052226139182660926,0.0444581238671728,0.042587170614852274,F
North Dakota,0.0,0.0,0.0,0.0,0.0,0.0,0.0,0.0,0.0,0.0,0.0,0.0,0.0,0.0,0.0,0.0,0.0,0.0,0.0,0.0,0.0,0.0,0.0,0.0,0.0,0.0,0.0,0.0,0.0,0.0,0.0,0.0,0.0,0.0,0.0,0.0,0.0,0.0,0.0,0.0,0.0,0.0,0.0,0.0,0.0,0.0,0.0,0.0,0.0,0.0,0.0,0.06778512116590409,0.0,0.04814172925091469,0.052012899199001345,0.0,0.08202484180923365,0.06817407112828089,0.1887420894859554,0.17751479289940827,0.2916514764855997,0.3663929248262792,0.5606079481749097,0.7238637712115819,1.2172714745062012,1.369423344388574,1.663605919844442,1.7592592592592593,2.096709470304976,2.5055625423236916,2.366361836523051,1.8958742632612966,1.7171306644990856,1.5351329074799092,1.734040203225094,1.7836593785960875,1.8047089757380186,1.5241635687732342,1.4006342494714588,1.2298442197321673,0.9574767671078569,1.0362694300518136,1.031852848811126,0.7677254252596718,0.8360940211389809,0.5012126111560227,0.5012964563526361,0.6710192237939789,0.5264147396127091,0.3671497584541063,0.33073929961089493,0.1336898395721925,0.15114301908180616,0.16971525551574582,0.13295346628679963,0.21000381825124095,0.0,0.0,0.0,0.0,0.0,0.0,0.0,0.0,0.0,0.0,0.10787486515641855,0.0,F
Ohio,0.0,0.0,0.0,0.0,0.0,0.0,0.0,0.0,0.0,0.0,0.0,0.0,0.005001550480649001,0.0,0.0,0.0,0.0,0.0,0.0,0.0,0.0,0.0,0.0,0.0,0.0,0.0,0.0,0.0,0.0,0.0,0.004713238701974061,0.004751421466922188,0.0,0.00427481960261277,0.005329212075994564,0.011383687176276396,0.010867530836618748,0.009437523593808984,0.010154709993429305,0.011668546599174311,0.00856324761165672,0.006883259911894274,0.01302801022197725,0.011000055000275,0.008608444884431627,0.012077743505890222,0.0067957866123003734,0.014726022354101932,0.009911588629425525,0.015496435819761456,0.014262697762869444,0.02001406393682047,0.023192119097053498,0.04078207007423519,0.039987882459860645,0.03248700519792083,0.0431922178890899,0.05785327424913836,0.09329179208251923,0.15289565651522716,0.1697924445884823,0.2155236703159025,0.33494852957595517,0.41613703770958177,0.6203915979924406,0.9055297985963914,0.9242158111765283,0.9966657002029573,1.1846001974333662,1.5718627254221735,1.6466214738683576,1.7483651503609114,1.657641645139668,1.8023981825567574,1.9491062428341681,1.9927536231884055,1.7998637278844902,1.5615297235895493,1.5765157651576516,1.4398044841143343,1.2374555511655472,1.161163618509881,1.0781197724991636,0.9488625649289425,0.7635674293523784,0.7526872096873798,0.5637510780264173,0.5556370571407614,0.5006269276882385,0.43317595873429027,0.33067286022182635,0.2955723853786213,0.2782477526143058,0.22992590115276487,0.19274722728373866,0.17196439579931,0.14039580385021452,0.09912557085708218,0.10212214805220685,0.07665478517496455,0.08215855296618459,0.060638816752132244,0.04771814482456954,0.05975825071302458,0.049108332982559524,0.05145167217934583,0.03670678922655736,0.04016128773152983,F
Oklahoma,0.0,0.0,0.0,0.0,0.0,0.0,0.0,0.0,0.0,0.0,0.0,0.0,0.0,0.0,0.0,0.0,0.0,0.0,0.0,0.0,0.0,0.0,0.0,0.0,0.0,0.0,0.0,0.0,0.0,0.0,0.013092432573972246,0.0,0.0,0.0,0.0,0.01567257746731148,0.014301718589850547,0.0,0.01178967224711153,0.0,0.0,0.0,0.0,0.011558555642886865,0.0,0.0,0.012124151309408342,0.0,0.01224739742804654,0.0,0.012418349353003998,0.028340289586231773,0.01617773943054357,0.039254763414560495,0.03890041493775934,0.05549389567147614,0.022377085864075188,0.04589401542038918,0.0465481628021994,0.1252001746979182,0.11586396943696374,0.16400432971430445,0.2043683739941244,0.3255353780359366,0.4654504560789704,0.7286138346676262,0.6466097889537494,0.7044782716799735,0.73847920254684,1.0672036244651397,1.346503178928247,1.4367411990812355,1.5024304021210781,1.4789476331807434,1.7077394431863593,1.8778274105898087,1.8873932551744101,1.8142915762940384,1.7498094847294685,1.6303222179483385,1.304585816810607,1.3408632004038366,1.116432593359653,1.0221857025472474,0.8761158862376797,0.781300032020493,0.7583690306203394,0.5466970387243736,0.6026243317673741,0.49863858544106554,0.5140450369780785,0.3351543385729128,0.37250253979004405,0.27353232810202754,0.24875621890547264,0.23977575900847656,0.19864495761058495,0.1885560954383929,0.14104910033546814,0.1346747999683118,0.08481764206955046,0.10759544114130869,0.06511211492288284,0.09898131727636408,0.07720351704911001,0.046015092950487765,0.048484848484848485,0.05627749923257956,F
Oregon,0.0,0.0,0.0,0.0,0.0,0.0,0.0,0.0,0.0,0.0,0.0,0.0,0.0,0.0,0.0,0.0,0.0,0.0,0.0,0.0,0.0,0.0,0.0,0.0,0.0,0.0,0.0,0.0,0.0,0.0,0.0,0.0,0.0,0.0,0.0,0.0,0.0,0.0,0.0,0.01590280207372539,0.0,0.0,0.0,0.0,0.0,0.0,0.0,0.0,0.015810276679841896,0.0,0.0,0.028302554305526077,0.033146729522687095,0.026194663772780003,0.02673082063619353,0.05472811852546812,0.04619826756496631,0.09165230780511054,0.15402387370042356,0.21322759239862338,0.29070925092588906,0.3271934076587494,0.5247433736785659,0.7269880326585394,0.92205425109896,1.1190404395751667,1.1311349693251533,1.228538039732718,1.1186136146289158,1.4171216169125334,1.4388489208633095,1.4111329649402142,1.454850017061141,1.6750737603502426,1.6849580374435118,1.6627543035993742,1.71861998335787,1.5275136494693577,1.458795679834295,1.402600529737539,1.38184740942253,1.2420593533706268,1.1435872863759782,1.0108096042855776,0.938168996348067,0.8709396471081577,0.7099197758818285,0.6941516104966103,0.6287269898885144,0.5285872001605835,0.47393364928909953,0.352988637127681,0.3744675003435482,0.3439052350019106,0.26553191489361705,0.20065297238470955,0.23416711016498137,0.16887454497692048,0.15152723502671664,0.0981675392670157,0.12845481291178057,0.11275369581558506,0.07943475897821815,0.09067357512953368,0.08709663371510691,0.0751244248286224,0.08927242969796162,0.07194984068249563,F
Pennsylvania,0.0,0.0,0.0,0.0,0.0,0.003414041268930859,0.0,0.0,0.0,0.0035709396927801553,0.0,0.0,0.004099104638429692,0.0,0.0,0.0029891613011221313,0.0,0.004588870023534347,0.0,0.0,0.004319219085189398,0.0,0.0037419547971860503,0.003685277317118113,0.0,0.0036440758259297856,0.0,0.003611855554672658,0.0,0.007259288589718208,0.0,0.005174257494049604,0.004495074682455081,0.005902219890481031,0.009810502400991376,0.012238570534961517,0.019722212635035524,0.014935181313101141,0.02045091779728651,0.01692739557912852,0.01287391836096628,0.016166804469428572,0.00994404216273877,0.013598658265717782,0.008870477719577587,0.0129886998311469,0.012904259295516439,0.012192313423737078,0.012422760337346959,0.0190714528260637,0.02078755122646552,0.023268283306524223,0.02574095334194797,0.046780664725727714,0.05013889048974746,0.06377627763137311,0.06377081749282579,0.08217434554003374,0.14315358936573336,0.1886197284648414,0.23524164424557215,0.29264695716293754,0.45745582983887906,0.5168807648232588,0.7737348389795065,1.0281389512200843,1.0548955346169602,1.0818176973498894,1.3199032673632822,1.7128369561164758,1.6898762729538446,1.5773394183985217,1.5281800971648838,1.5412797201222213,1.7740253065050116,1.6944679054054053,1.5471230380956646,1.3809732573432705,1.3814904981650378,1.2497664162649027,1.1936039667256582,1.0931161053512783,1.0341640507256633,0.9560229445506693,0.9001812927429054,0.7774922580220069,0.6308226153207861,0.6142435509218445,0.6067655326160706,0.5168140172003733,0.4105745996641684,0.4009958573964859,0.3139717425431711,0.3024945146241186,0.26343013768757395,0.19031644140511597,0.17351841964762413,0.12971806410138673,0.10135094852564179,0.09567987210386716,0.10631984966867768,0.06570634318928481,0.06793307334255881,0.08015099413087881,0.06026516673362796,0.04605208071673784,0.050967657380844904,0.040868222686404505,F
Rhode Island,0.0,0.0,0.0,0.0,0.0,0.0,0.0,0.0,0.0,0.0,0.0,0.0,0.0,0.0,0.0,0.0,0.0,0.0,0.0,0.0,0.0,0.0,0.0,0.0,0.0,0.0,0.0,0.0,0.0,0.0,0.0,0.0,0.0,0.0,0.0,0.0,0.0,0.0,0.0,0.0,0.02979737783075089,0.0,0.0,0.0,0.0289804671651307,0.0,0.0,0.0,0.029624363076193864,0.0,0.0,0.050336626187629775,0.05015045135406219,0.05223978059292152,0.12507817385866166,0.0642306594347702,0.08298755186721991,0.18699977560026926,0.22133687472332889,0.32388663967611336,0.3369149517392096,0.6288052699870247,1.0849715329251264,1.0326023900684533,1.6868019147481195,1.4950694518078675,1.91869918699187,1.7918893429739076,1.905829596412556,2.407090341424111,2.314033171119277,1.985453115785335,1.7418534103141208,1.8285714285714287,1.9228982814677196,1.8893387314439947,1.7008325127562438,1.3874526025508447,1.372747178709786,1.3673576032050165,1.3323858589447504,1.202797202797203,1.0928433268858802,0.9324954388810055,0.88841882601798,0.8711954124393472,0.6438236577913574,0.5731625084288604,0.42256738236637736,0.5244755244755245,0.4873520538407983,0.4835367257655998,0.2837214800803877,0.30439547059539757,0.22970903522205208,0.23547880690737832,0.08419870895312938,0.0755287009063444,0.07813720893889671,0.09532888465204957,0.0,0.0835282325425994,0.0,0.15461260951726508,0.0,0.0,0.0,0.0,F
South Carolina,0.0,0.0,0.0,0.0,0.0,0.0,0.0,0.0,0.0,0.0,0.0,0.0,0.0,0.0,0.0,0.0,0.0,0.0,0.0,0.0,0.0,0.0,0.0,0.0,0.0,0.0,0.0,0.0,0.0,0.0,0.0,0.0,0.0,0.0,0.0,0.0,0.0,0.015404760070861896,0.0,0.0,0.012764638304856033,0.010973736191381958,0.0,0.010971328262141603,0.0,0.0091424392027793,0.0,0.009747728779194447,0.0,0.011912561796414319,0.0,0.02497034771209189,0.0277079159384458,0.03915877732476447,0.026550167748787136,0.022370808580447914,0.037790038545839316,0.04523522316043426,0.08102732830800206,0.10355795547007914,0.11476766220941095,0.12240242579352936,0.16409488714877937,0.20466139230839722,0.3951968384252926,0.5136076509829388,0.6670472642048015,0.7679455989682563,1.1352291850879945,1.522422165095687,1.6993277070519237,1.8062349842243899,1.847905415267844,1.9364038214744046,2.265852405684607,2.3497667097644612,2.1708931441178874,1.79265323040257,1.8346027171675587,1.5967362818469186,1.5083251714005876,1.3549815498154982,1.168786524578893,1.1061013980343184,0.9127954360228199,0.8021043060336429,0.6745093024742663,0.5433392994119152,0.5014948403896229,0.45301579083613774,0.42467814746697874,0.279467368074963,0.2745636399293979,0.2673099491459121,0.2868865101644199,0.17751479289940827,0.19064287276932212,0.17906290413502668,0.11549769004619909,0.11305023669893309,0.07589995662859621,0.08753373696112043,0.05070442939408207,0.05445832123148417,0.07893253147904529,0.06328863573434595,0.03280032800328003,0.06808510638297872,F
South Dakota,0.0,0.0,0.0,0.0,0.0,0.0,0.0,0.0,0.0,0.0,0.0,0.0,0.0,0.0,0.0,0.0,0.0,0.0,0.0,0.0,0.0,0.0,0.0,0.0,0.0,0.0,0.0,0.0,0.0,0.0,0.0,0.0,0.0,0.0,0.0,0.0,0.0,0.0,0.0,0.0,0.0,0.0,0.0,0.0,0.0,0.0,0.0,0.0,0.0,0.0,0.0,0.0,0.0,0.0,0.0,0.0,0.0,0.08251797713073206,0.05603496581867085,0.1055223355610271,0.28169014084507044,0.2978502978502978,0.3690944881889764,0.6798591720286512,0.9398932466929683,1.2754531215036922,1.57160127486537,1.3950073421439062,1.7731210961112231,1.964904907008511,2.0308776292612163,1.736814064997336,1.7955651703623579,1.7386427369601793,1.7593244194229414,1.5779557230334431,1.5939185875429134,1.48864905098623,1.1630847029077118,1.0221029768749201,1.255175983436853,1.183673469387755,1.1134307585247043,0.9461009174311927,0.9202909306813122,0.7470817120622568,0.6154331702698438,0.612369871402327,0.4503055644901898,0.48223758238225367,0.35358405657344905,0.40372670807453415,0.21892103205629398,0.12618296529968456,0.18936405239072118,0.14439274827530885,0.13271400132714,0.08629616845012082,0.10812759055685708,0.0,0.0,0.0,0.12931830777757253,0.0,0.0,0.0,0.0,0.0,F
Tennessee,0.0,0.0,0.0,0.0,0.0,0.0,0.0,0.0,0.0,0.011390300020502541,0.0,0.0,0.0,0.0,0.0,0.0,0.0,0.0,0.0,0.0,0.0,0.0,0.0,0.0,0.0,0.0,0.0,0.0,0.0,0.0,0.0,0.0,0.0,0.0,0.008806046818815586,0.01564945226917058,0.011053846047559173,0.01113601247233397,0.008422234699606962,0.00822819528250137,0.018155156762795895,0.012355509184261827,0.009297630432472639,0.0,0.00943319947174083,0.010929708313409385,0.0,0.008464653019764965,0.012821608684502949,0.015748031496062992,0.017459116568701624,0.017864320485909517,0.038311353422235316,0.01768261316872428,0.028720097310447355,0.04135791831811132,0.04385272500833202,0.04214714410951514,0.04896200548374462,0.09044317154054868,0.11104234171915388,0.135277318502931,0.2336360553189886,0.26543452615021623,0.3693827160493827,0.7072135785007072,0.7231289734914674,0.8771136630798445,1.198617938305906,1.618469810361113,1.760715832010391,1.842047209353629,1.9337170960710894,2.0689024947454993,2.4674332358038726,2.3788690801706225,2.2405201964872603,2.0517966195526185,1.868905742145179,1.6841528745271876,1.3716387842690725,1.3527761396736897,1.1793594178481173,1.0470352085932837,0.9101580135440182,0.7612921981176641,0.6458710387167749,0.5663056985620452,0.5068405756007656,0.40581299698382234,0.3841829085457271,0.3167033048921346,0.3366751458925632,0.25767421017252967,0.18367346938775508,0.16902754046556062,0.15274754649253447,0.1326828471697728,0.12005831403824715,0.1361799332279037,0.09500662836942111,0.07208830817751746,0.09422321929332586,0.06107353706258907,0.05146078454305162,0.08169934640522876,0.03996602887545586,0.05945303210463733,F
Texas,0.0,0.0,0.0,0.0,0.0,0.0,0.0,0.0,0.0,0.0,0.0,0.0,0.0,0.0,0.0,0.0,0.0,0.0,0.0,0.0,0.0,0.0,0.0,0.0,0.0,0.0,0.0,0.0,0.0,0.004549135209396694,0.009414100611060712,0.0038446751249519417,0.006063086414139118,0.007064419657925101,0.0,0.009171619341110866,0.011021375345183352,0.013012900516375553,0.00923211854040206,0.011960421876698924,0.010296858428493467,0.010945545909102216,0.008797868960629536,0.0073638425512277976,0.012471758661876232,0.015263461657707332,0.015186772810777708,0.009252270458474349,0.01518885627912218,0.02256996689738188,0.034756502992081564,0.04998802370265457,0.042863036524665,0.04360794711228174,0.07423949782713665,0.07241959915751867,0.0784770692381779,0.10556830939893092,0.1483504079636219,0.1880463233421305,0.2603206916925525,0.28040009326740845,0.4025798213515095,0.5191697997572101,0.6809156739079655,0.9791221547416765,0.9765178483947876,1.009002231496119,1.154758270915025,1.3262623515547094,1.4638451768454135,1.4817158260598235,1.5698141756111401,1.593218629436931,1.7577850545688358,1.8624829040098263,1.618459254731603,1.4932148011116677,1.3403794536469524,1.359941993794685,1.207228054652805,1.1191610157481329,1.0462399937589661,0.9337104672028224,0.8229887032343971,0.7340619386300095,0.6274028420666786,0.5588822355289421,0.5540132227214929,0.5164563656345803,0.4302091465669557,0.3919416469740221,0.3603566753926702,0.31234993042928616,0.2705139765554554,0.21469906013981524,0.18180701431116025,0.16475021333040443,0.14248491923635184,0.12125610299419899,0.10994498169874159,0.09852887758808573,0.09177499977724515,0.07860587812091982,0.06563727830206,0.06804086367841636,0.06583611870758635,0.05101429962051608,F
Utah,0.0,0.0,0.0,0.0,0.0,0.0,0.0,0.0,0.0,0.0,0.0,0.0,0.0,0.0,0.0,0.0,0.0,0.0,0.0,0.0,0.0,0.0,0.0,0.0,0.0,0.0,0.0,0.0,0.0,0.0,0.0,0.0,0.0,0.0,0.0,0.0,0.0,0.0,0.0,0.0,0.0,0.0,0.0,0.0,0.0,0.0,0.0,0.0,0.0,0.0,0.0,0.0,0.0,0.05895878780732268,0.034644032565390614,0.05154934417778796,0.06829823562891292,0.07589309914891311,0.08198697853870268,0.19110410396063257,0.2779809802487198,0.3188745603751465,0.39137241259349453,0.5152069137443909,0.7509157509157509,0.8219459570533237,0.8217148245436787,0.8258709616175679,0.8990232066197972,1.0673782521681119,1.2501171984873582,1.465140891652335,1.527188056430626,1.6313271935460842,1.7446792814724652,1.9236700077101,2.0863639843809816,2.0220588235294117,1.831376572058209,1.7841872036072455,1.7169195314000383,1.621913164079054,1.4261052315544547,1.2262976791858848,1.0213393233188264,0.9903068901564196,0.7562141815592255,0.6509330039723603,0.7166573523126993,0.6007681953973933,0.56646156851255,0.41743520046597415,0.37973451040212913,0.32375032375032375,0.28981814707474757,0.19934185546133398,0.2377815622891295,0.23160762942779292,0.1649454962707975,0.14788524105294293,0.10228435049437436,0.07704753833115031,0.06572842561088772,0.07038398373347932,0.06014675808973896,0.06757327476982852,0.031287712868189335,0.05942857142857143,F
Vermont,0.0,0.0,0.0,0.0,0.0,0.0,0.0,0.0,0.0,0.0,0.0,0.0,0.0,0.0,0.0,0.0,0.0,0.0,0.0,0.0,0.0,0.0,0.0,0.0,0.0,0.0,0.0,0.0,0.0,0.0,0.0,0.0,0.0,0.0,0.0,0.0,0.0,0.0,0.0,0.0,0.0,0.0,0.0,0.0,0.0,0.0,0.0,0.0,0.0,0.0,0.06997900629811056,0.07246376811594203,0.0,0.07982120051085569,0.08238589553468446,0.16957775139901646,0.15630427231677665,0.2133595929755457,0.34466551778160737,0.3994673768308922,0.46580957704490406,0.819168543927913,1.12876254180602,1.608910891089109,1.794005909666526,1.9807923169267705,2.0737327188940093,1.954337899543379,2.323580034423408,2.4827586206896552,2.603110209601082,2.4151325789562574,1.874050312341719,2.075313807531381,1.8120805369127517,1.465076660988075,1.5707700187809461,1.4528644543503384,1.4103425117528543,1.4331780723754926,1.246458923512748,0.8261211644374508,1.0141181149333864,0.667853962600178,0.7285974499089253,0.6639791320844202,0.5952380952380952,0.4930966469428008,0.40030022516887664,0.3381893860561915,0.3459286854709952,0.31940377961139205,0.18949648077964265,0.22637238256932654,0.1465845793022574,0.14867677668748142,0.0,0.0,0.17550017550017552,0.0,0.0,0.0,0.0,0.0,0.0,0.0,0.0,0.0,F
Virginia,0.0,0.0,0.0,0.0,0.0,0.0,0.0,0.0,0.0,0.0,0.0,0.0,0.0,0.0,0.0,0.0,0.0,0.0,0.0,0.0,0.0,0.0,0.0,0.0,0.0,0.0,0.0,0.0,0.0,0.0,0.009179533312526392,0.0,0.0,0.0,0.00814783430564156,0.009911785112498761,0.013231986121116781,0.013220324044831588,0.0,0.012497049307802325,0.009309624822119668,0.012991737255105754,0.007556770236400962,0.006322311437061389,0.008704410649224685,0.016216755650915623,0.01780853283130231,0.014078558355624384,0.010415581710238516,0.016642556296647164,0.01921229586935639,0.03220031169901724,0.029773462783171518,0.05229534147444595,0.053781914337362,0.045790341290677085,0.061340285232326326,0.0791837977767626,0.08987638313860118,0.13097677858760806,0.1798992564164068,0.2178649237472767,0.29480160401369637,0.42217950167740964,0.5661592062410058,0.8474729732176811,0.8926944798688284,1.0733547181782932,1.4085715266101635,1.546234960118967,1.7153874040141053,1.7991029311971398,1.9154975265590786,1.930591737997767,2.047367451004485,2.1161118113739157,1.9350239331907528,1.7744979297524153,1.6505714048534823,1.5186915887850467,1.2894232444676774,1.2481315396113601,1.1284983448690942,1.052648018866451,0.8816661106610113,0.7374511742491775,0.6552257067422242,0.6027283073914367,0.5790169299515388,0.5580357142857143,0.4812919731371922,0.3562680917390336,0.32706843398381874,0.3164307866689756,0.2257336343115124,0.19172441971932802,0.2304944105105451,0.137884075240446,0.12080254910886234,0.11984279445198358,0.06558655652852129,0.07352281897247377,0.09993397219694129,0.059835723740276694,0.06745109795398337,0.06065349246722755,0.04820535481149698,0.04282013402701951,F
Washington,0.0,0.0,0.0,0.0,0.0,0.0,0.0,0.0,0.0,0.0,0.0,0.0,0.0,0.0,0.0,0.0,0.0,0.0,0.0,0.0,0.0,0.0,0.0,0.0,0.0,0.0,0.0,0.0,0.0,0.0,0.0,0.0,0.0,0.0,0.0,0.01194362608487937,0.018523854608323388,0.0,0.012197601138442773,0.0,0.0,0.009202171712524156,0.008937189432667214,0.0,0.012413548501507358,0.0,0.012686215520678532,0.010941318064116124,0.014752798421450568,0.01676383482034757,0.020592309708338013,0.024064010267311045,0.05798097365086864,0.04676502911123062,0.045266117120121976,0.08128245653646421,0.05025564829786304,0.07204305632071874,0.1359235482319483,0.19756943646764227,0.33711145913518964,0.3500834814455755,0.5185582547832529,0.5720505226921812,0.8633615477629988,1.137180870190579,1.074985739985082,1.1872164371514802,1.1633836333075223,1.4557277715172452,1.4688383162278744,1.4309842424692365,1.4891416752843847,1.5609954818161618,1.6892848379607786,1.6697865967802321,1.7083027185892725,1.5196121639488762,1.42574792641519,1.4319526627218935,1.2754405135910394,1.2483456737132024,1.242465021107158,0.991552051778961,0.8404153083721192,0.8021694606690435,0.6660019189885801,0.6657588137388409,0.5993361782835468,0.5516031575869799,0.48155370716758866,0.4264857573593589,0.39121455238700453,0.34640182611829723,0.29617298050678487,0.22673539785279642,0.17983150569792217,0.17671037571035564,0.1351009034872921,0.16186743908672688,0.1268544399053967,0.09653568529366595,0.09136393299978247,0.08543451116125216,0.06819631739886046,0.07476810205845931,0.060572286967266735,0.06617965230228828,F
West Virginia,0.0,0.0,0.0,0.0,0.0,0.0,0.0,0.0,0.0,0.0,0.0,0.0,0.0,0.0,0.0,0.0,0.0,0.0,0.0,0.0,0.0,0.0,0.0,0.0,0.0,0.0,0.0,0.0,0.0,0.0,0.0,0.0,0.0,0.0,0.0,0.01653610037412927,0.017325017325017324,0.010813616505904235,0.020062416406598307,0.013326818000088846,0.01598392473854866,0.0,0.0,0.012731717254023224,0.0,0.0,0.0,0.013747216188721783,0.0,0.017745704060808613,0.0,0.01635858007524947,0.019496977968414896,0.04009476945507563,0.023418289684243393,0.04431731195358769,0.04035349663048303,0.0821557673348669,0.07016723190270144,0.07639419404125286,0.11305822498586772,0.12891581797086502,0.2886002886002886,0.30342436064152584,0.5666680762887469,0.8476926123984948,1.1018719534674148,1.2456302487242337,1.974424963808911,2.356356185434987,2.322035375098022,2.293453724604966,2.296150711854657,2.0222200565247053,2.288633461047254,2.1028534923339013,1.9130339178714748,1.9813455488713505,1.7183067859480687,1.6920099529997235,1.432534964045071,1.354245037328549,1.2320695196714482,0.9422266303000248,0.9802049519444975,0.7870942561634033,0.5500771449654525,0.5264934188322646,0.4881310598462053,0.5087658989343418,0.43532338308457713,0.33793103448275863,0.3302185062882035,0.21710811984368217,0.22631041027887283,0.10128780205469541,0.14652579625202436,0.11206275514288001,0.0,0.09358516249787306,0.09689068968554568,0.08068854222700376,0.08514664143803216,0.0,0.06202191440975812,0.0,0.0,0.0,F
Wisconsin,0.0,0.0,0.0,0.0,0.0,0.0,0.0,0.0,0.0,0.0,0.0,0.0,0.0,0.0,0.0,0.0,0.0,0.0,0.0,0.0,0.0,0.0,0.0,0.0,0.0,0.0,0.0,0.0,0.0,0.0,0.0,0.0,0.0,0.0,0.007727139258503717,0.008184533958995484,0.008410664722868597,0.009573304157549234,0.013681575022916637,0.0,0.011315772930156535,0.012660471475957764,0.012175522329907953,0.0,0.011990263905708565,0.011625338587986376,0.014077402250038125,0.009176311352244183,0.013652964399895327,0.011575949806681638,0.0253039486209348,0.028702998839400484,0.03475708658376458,0.04424901131115351,0.07716821241264987,0.059212024595764065,0.06076091359486492,0.1065763901949721,0.18154586302364636,0.25398710273283526,0.35044358780456314,0.4914004914004914,0.7030134378089414,0.9103397747046432,1.2391030209989582,1.518608174709601,1.5155214509940704,1.4571859428271703,1.5737841119703457,1.796281664704839,1.8748791959280975,1.6275492482508807,1.4667788612252306,1.495740606220696,1.5023874488403821,1.5679473029554494,1.4602268724018883,1.2359727595805396,1.2122586384329594,1.1049921968895187,1.0168609298607625,0.9819998474563343,0.8735695792240646,0.8411536980359569,0.7142710113007142,0.6509701145538318,0.5370456172865506,0.5178488051275522,0.39970234931434034,0.40143994763826774,0.33628318584070793,0.2870390814749393,0.2569766917632208,0.24760909565889008,0.1663438532528199,0.1431705345803025,0.11306774441878367,0.09966860189868686,0.12610340479192939,0.07858013819265681,0.07189668998700328,0.04200856974822864,0.0681973175721755,0.05178663904712584,0.05358737719559392,0.03808677436760085,0.045651677699155443,0.044698115802503095,F
Wyoming,0.0,0.0,0.0,0.0,0.0,0.0,0.0,0.0,0.0,0.0,0.0,0.0,0.0,0.0,0.0,0.0,0.0,0.0,0.0,0.0,0.0,0.0,0.0,0.0,0.0,0.0,0.0,0.0,0.0,0.0,0.0,0.0,0.0,0.0,0.0,0.0,0.0,0.0,0.0,0.0,0.0,0.0,0.0,0.0,0.0,0.0,0.0,0.0,0.0,0.0,0.0,0.0,0.0,0.11256190904997748,0.0,0.0,0.0,0.0,0.0,0.0,0.1567398119122257,0.2588661661920787,0.4367871875758311,0.49575070821529743,0.8710801393728222,1.0734138393712862,1.2628540501533467,1.1857074186829033,1.1887503624238909,1.8777354228434278,1.7877094972067038,2.035098068131544,1.828125,2.1195562179168737,1.8331462775907221,2.183020948180816,2.242466713384723,1.9221411192214113,1.6679302501895377,1.632236674317776,1.5433741351782864,1.4624724061810155,1.1140428026971563,1.0902483343428226,1.282452299030341,0.9035172636334301,0.9631351710395218,0.5839917554105118,0.7314524555903866,0.7254261878853826,0.5649717514124294,0.4058167061210686,0.2807017543859649,0.15979546180888463,0.22172949002217296,0.1529051987767584,0.22194039315155356,0.0,0.0,0.0,0.0,0.0,0.0,0.0,0.0,0.0,0.0,0.0,F
