state,1949,1950,1952,1953,1954,1955,1956,1957,1958,1959,1960,1961,1962,1963,1964,1965,1966,1967,1968,1969,1970,1971,1972,1973,1974,1975,1976,1977,1978,1979,1980,1981,1982,1983,1984,1985,1986,1987,1988,1989,1990,1991,1992,1993,1994,1995,1996,1997,1998,1999,2000,2001,2002,2003,2004,2005,2006,2007,2008,2009,2010,2011,2012,2013,2014,2015,2016,2017,2018,2019,gender
Alabama,0.0,0.0,0.0,0.0,0.0,0.0,0.00851003474930856,0.0,0.0,0.0,0.0,0.0,0.007830853563038372,0.011401208528103978,0.01789694613019215,0.015858471948125175,0.01691188905800778,0.017539414963069787,0.03389695326208327,0.03158622051130194,0.03237231976234908,0.04121930633795906,0.06897443634952796,0.08147561389611858,0.06212895209167472,0.07672572949384995,0.08770647566145301,0.07822385827677442,0.0909286688521452,0.09581603321622484,0.12991958425733038,0.12177469384003861,0.16838954113850038,0.13244093370858265,0.1689912886180797,0.20117867032732953,0.1975522790787318,0.1677249311129747,0.17547187707483639,0.17990936211883127,0.1534690885768605,0.17217387202528361,0.13823208439432522,0.17149717029669012,0.15897850005046937,0.1725114578505587,0.18407611936428922,0.13531447604673555,0.13255705151530905,0.160302735658161,0.16073781291172595,0.11889291342936932,0.10335027129446214,0.11515099173791635,0.13746307507823696,0.13402872876664432,0.13748211329648438,0.08729443568371255,0.09226954240073816,0.12842073077511085,0.08817190255371955,0.0807183937039653,0.09089955599063035,0.07725261605449821,0.07985279311182862,0.09849444209933868,0.0752715151080684,0.07838453211899518,0.07525944704111542,0.06871185481589265,M
Alaska,0.0,0.0,0.0,0.0,0.0,0.0,0.0,0.0,0.0,0.0,0.0,0.0,0.0,0.0,0.0,0.0,0.0,0.0,0.0,0.0,0.0,0.0,0.0,0.0,0.0,0.0,0.0,0.0,0.08726003490401396,0.0,0.0779787897691828,0.0,0.08999742864489586,0.0844187168355041,0.08007320979180965,0.056960583276372746,0.12118274357731458,0.1151778858459176,0.1606425702811245,0.09095634095634096,0.10465724751439037,0.08019246190858059,0.15155690272802425,0.08878366380585972,0.15822784810126583,0.1170177198261451,0.11980147184665411,0.12424565140220092,0.0,0.09204712812960235,0.0,0.0,0.0,0.11971268954509177,0.13565891472868216,0.17228177641653905,0.11525163273146369,0.1139168407062844,0.1130156338293464,0.0,0.21564399137424034,0.0,0.0,0.0,0.0,0.0,0.0,0.0,0.15604681404421328,0.0,M
Arizona,0.0,0.0,0.0,0.0,0.0,0.0,0.0,0.0,0.0,0.0,0.0,0.0,0.0,0.016981388398315447,0.0,0.0,0.0,0.0,0.0,0.01857562135453431,0.0,0.030129557095510694,0.017236030197524906,0.03394894079304726,0.02937049244525667,0.04005741562906833,0.036153289949385395,0.02842165098212594,0.03992628992628993,0.03093624321511939,0.034039433374355214,0.05795786715048887,0.052289534623141856,0.03198582781782841,0.0688967024612753,0.05330253631235286,0.04365287235900122,0.06698764915218756,0.06741022184091187,0.07058586266007866,0.07356888632612887,0.07907542579075426,0.08813749449140659,0.08757815841463167,0.08581121532628218,0.0671074706404816,0.0654525853771224,0.09852026426612062,0.10306917086578105,0.09440074039796391,0.09652509652509653,0.0726348284002179,0.06750395253406286,0.07298001737619461,0.09407498631636563,0.08068040474669715,0.10006512174589813,0.07430980727913025,0.06647236283683591,0.05800789655882188,0.04416163157155188,0.0888741913482008,0.07864889477605762,0.05662870446108349,0.06049480579081313,0.047238684187924075,0.05762794512046457,0.0591198240594036,0.027141729174891435,0.031109843673035542,M
Arkansas,0.0,0.0,0.0,0.0,0.0,0.0,0.0,0.0,0.0,0.0,0.0,0.0,0.0,0.0,0.0,0.0,0.0,0.0,0.0,0.033815517565282734,0.025606321103266633,0.01819306480369683,0.0,0.03551276486603796,0.042568012073836155,0.09155686477449146,0.056249748885049626,0.06183813867202598,0.06408202499198974,0.04550280600637039,0.10650018362100624,0.13993081198740623,0.1343931190723035,0.1314365238905211,0.12425254329424555,0.17872406558396148,0.15916597031554652,0.18686386768447838,0.16854608932942733,0.22689042757109887,0.15311530760472697,0.21606196494088872,0.1353924264861434,0.17115228274357108,0.10586211459573905,0.12780960775672104,0.17285337712285553,0.1743907224135676,0.20125125782036135,0.1509500976735926,0.19069082083730607,0.16074298981961066,0.1258313859428366,0.1437427005659869,0.13887644476301406,0.10372040586245773,0.11961722488038277,0.10342656713733249,0.1362910047936836,0.09349473477019979,0.08932324506094998,0.1325556733828208,0.0879991200087999,0.056085249579360626,0.049902966454116994,0.07965860597439545,0.07723842908918069,0.04403900597672224,0.06565126050420168,0.05519525320822409,M
California,0.0,0.002301866813986143,0.0,0.0,0.0018371816164258732,0.001799972640415866,0.0033982397118292726,0.0019557606931215896,0.0026420951814789127,0.0022658194659787205,0.0034447015792390965,0.003405868000941258,0.004371966947929874,0.004055074145471106,0.004454583925952087,0.007743847008518231,0.009224830405041014,0.007144592258119829,0.01680041464853175,0.014506819932370588,0.02065786844662989,0.02031694433157253,0.016707484545576794,0.023901185669531963,0.025877684809799018,0.021241656522414033,0.025575045051425514,0.03147563861416176,0.026268471174977614,0.03212369017399168,0.031491723581396264,0.04667612719714555,0.050152905198776764,0.053660360067045304,0.06146606867142122,0.07476740590831155,0.07570441019633414,0.07746985065090649,0.08122346320653026,0.0835421888053467,0.08793062453174699,0.08931789690357067,0.074500993732199,0.07185858998546006,0.06462453147214682,0.07798631135008671,0.07272034926922659,0.06947781790220929,0.07380793226381462,0.07462559997286342,0.07003055117670856,0.06790687057749371,0.07660710559489134,0.07479368233288551,0.06572442767338359,0.07691518818582709,0.08201572672698064,0.07899343047441522,0.07027719460555812,0.07186104343495787,0.06010799731977455,0.06694695123584073,0.05862928768784959,0.05612097340623322,0.0388510980547187,0.03768919447272112,0.04294261567441558,0.04167048964736826,0.032550361512452546,0.02940913217486926,M
Colorado,0.0,0.0,0.0,0.0,0.0,0.0,0.0,0.0,0.0,0.0,0.0,0.0,0.0,0.01624123649947216,0.0,0.0,0.0,0.0,0.0,0.015459773668913488,0.014679114555809992,0.0,0.03522367030644593,0.01915831151414522,0.04756619628983669,0.03762817095732338,0.0246768870107036,0.03806623524933384,0.031539409926312476,0.029330204778157,0.04045205167749602,0.04835122328594914,0.05276560600151414,0.05498659701697711,0.05790656197160263,0.07587427861954797,0.06667433038280263,0.07617596648257476,0.09191843448392636,0.0828965012800195,0.11709030589842416,0.08592752626927232,0.07841599686336012,0.08292915839469253,0.09421950598421186,0.08950490998363339,0.07066246056782334,0.08589980040928728,0.09510107537369845,0.08562662036486454,0.08281764015735352,0.09094422845190187,0.08504543216507766,0.07153555540652315,0.08325816970790259,0.07411868254041784,0.0904452690166976,0.07872137404580153,0.07602511281145773,0.05145091582630171,0.08419794665652669,0.061431922260694743,0.07675033400608317,0.04035861512294964,0.0779175805148332,0.04914004914004914,0.047000763762411135,0.03437392581481829,0.03930431364842291,0.02005615724027276,M
Connecticut,0.0,0.0,0.0,0.0,0.0,0.0,0.0,0.0,0.0,0.0,0.0,0.0,0.0,0.0,0.010332713370531103,0.0,0.0,0.0,0.0,0.0,0.0,0.0,0.0,0.016736961906674702,0.0,0.0,0.03549371761198268,0.0,0.017185083347654236,0.01972127267946358,0.019449576971700865,0.02842165098212594,0.01860176716788095,0.03036191401505951,0.02356892437321392,0.06829434864264983,0.03637890023786204,0.053403113401511305,0.0496822947990482,0.05928140625805453,0.0691085003455425,0.06659563132658498,0.06634782849086335,0.07941685339081601,0.07296713560212481,0.047999040019199614,0.04265431722625069,0.08383581078902395,0.07053995126330641,0.06218294878088692,0.04631161098246775,0.054086944763707664,0.05529826501693509,0.03430649421935572,0.03212908753391404,0.05168912682296474,0.09462886558915933,0.06151243704586521,0.049063701038515005,0.04744856144588708,0.10372508343104536,0.04156659892850545,0.04231908590774439,0.04752851711026616,0.05151500960052451,0.04806767929244376,0.03916960438699569,0.03060599877576005,0.0,0.03308701885960075,M
Delaware,0.0,0.0,0.0,0.0,0.0,0.0,0.0,0.0,0.0,0.0,0.0,0.0,0.0,0.0,0.0,0.0,0.0,0.0,0.0,0.0,0.0,0.0,0.0,0.0,0.0,0.0,0.0,0.0,0.0,0.0,0.0,0.0,0.0,0.0,0.07336757153338225,0.07197351374694112,0.09961576775295289,0.0,0.0,0.06056935190793458,0.1181753722524226,0.0,0.11629409484429512,0.0808080808080808,0.06837139340899767,0.10077742585660812,0.0,0.0,0.0,0.08787346221441124,0.0,0.10643150372510264,0.0,0.10089362928797925,0.08874426859931962,0.0,0.0,0.0,0.09508716323296355,0.0,0.10442046641141664,0.0,0.0,0.0,0.0,0.0,0.0,0.0,0.0,0.0,M
Florida,0.0,0.0,0.0,0.008645782299201706,0.0,0.0,0.005949547834364588,0.007857928650007858,0.006530754410980375,0.011603865141989113,0.010335703654704813,0.010350252546162127,0.011601906931612033,0.018195245689332232,0.01738601295257965,0.01508488146764293,0.019259936923706575,0.017365202614703364,0.023211493354182957,0.01972455242670008,0.019645722144003144,0.023055134707858506,0.04364339805138126,0.031584445875192844,0.0597100480068786,0.061949252184027206,0.04493228063418705,0.05253833465697355,0.04423562043446553,0.05588278028008449,0.06520698122242713,0.07946814490337836,0.07655343522011418,0.08030981742901505,0.10651532968624844,0.08624968470044507,0.10127268667666103,0.09219634748803368,0.1165475536008796,0.09891127936863955,0.125740605331675,0.1255791183920197,0.1267288657766513,0.11457445870912777,0.1070231110046701,0.09503101812431577,0.10027150438109342,0.1310909076888673,0.1109946352592958,0.10718030367752708,0.1088686039695168,0.10878891885265995,0.09806874078192446,0.10505313118793175,0.09602286684084768,0.10540931527562719,0.10204515498107912,0.10272433496693562,0.0956231694186563,0.08131455852635477,0.07953384793128275,0.06378039135648136,0.06713200044754666,0.06986036446663316,0.06229428155331633,0.06081306231256248,0.058184148614121044,0.03397567690002439,0.048836515243323414,0.04226304519328299,M
Georgia,0.0,0.0,0.0,0.0,0.008008145427920972,0.0,0.0,0.005658348893792791,0.0,0.009427736400490242,0.01294011081440352,0.007114990098305446,0.015679463521125064,0.014492928658558677,0.012012589193474761,0.010287007509515483,0.01220388625978006,0.021165215673547712,0.02251681724788201,0.030086292958439887,0.019532267305588834,0.0392682563540101,0.04430463869567144,0.06676189293255495,0.04150834956416233,0.06981575452099581,0.06921133681697061,0.07363047319850775,0.057836899942163095,0.06961584709828492,0.09783263094521374,0.09239344460937264,0.13248622444370842,0.12723217626895386,0.11746395324934661,0.1570947380339098,0.1388869599033347,0.12899584794614422,0.12669253305883285,0.17256474350027282,0.13311231665662043,0.14068911613365465,0.13232939432836216,0.14682112068965517,0.16653353010465888,0.12302284710017575,0.14917479217239182,0.16392575749563748,0.1357915078080117,0.12944490976928347,0.09789949811016792,0.1380992074847282,0.11877523973844442,0.13558820629129278,0.12033694344163659,0.1407502600820023,0.14075677465904923,0.10617104274279171,0.11128060216559554,0.1018047200370199,0.08850676444556833,0.0778445703412187,0.0955924526082033,0.060202883718130096,0.06541486404115189,0.05569856538559967,0.06449583136699702,0.05831659431089224,0.05520382286473338,0.053738401461684515,M
Hawaii,0.0,0.0,0.0,0.0,0.0,0.0,0.0,0.0,0.0,0.0,0.0,0.0,0.0,0.0,0.0,0.0,0.0,0.0,0.0,0.0,0.07330034817665385,0.0,0.0,0.0,0.0,0.1141670991177997,0.06153215054866168,0.06072259892723409,0.0,0.0904249974881945,0.0569313976658127,0.04838865769863544,0.09227646027498385,0.0624331073849447,0.0730593607305936,0.10406811731315042,0.07958615200955034,0.10709765358777139,0.07693787266782073,0.1049017737936296,0.10031919744642043,0.10466222645099904,0.06943755579803591,0.13359366971534273,0.07456327226246272,0.1277435837881779,0.14501510574018128,0.11922108888594515,0.14919300149193002,0.11550678602367889,0.0,0.19895928986838077,0.07538067239559777,0.0,0.10471204188481677,0.0,0.10599636583888553,0.0,0.0,0.0,0.08361204013377926,0.10328800137717334,0.0,0.11894647408666101,0.0,0.0,0.0,0.0,0.0,0.0,M
Idaho,0.0,0.0,0.0,0.0,0.0,0.0,0.0,0.0,0.0,0.0,0.0,0.0,0.0,0.0,0.0,0.0,0.0,0.0,0.0,0.0,0.0,0.0,0.0,0.048985990006858035,0.0,0.051997573446572486,0.05696151029375865,0.0,0.06548788474132286,0.04177982034677251,0.06862005077883758,0.04941060210347992,0.035278346151132435,0.06691449814126393,0.08463491574978842,0.07249879168680522,0.05165289256198347,0.0,0.045989698307579104,0.11784969631039796,0.0702247191011236,0.08756567425569177,0.07729302645139127,0.10395010395010396,0.1151257527453064,0.07764644983176602,0.051076870690389034,0.09415389882735599,0.0921427374769643,0.10035122930255895,0.12511468846442572,0.0749126019643749,0.0906244850881529,0.07223113964686999,0.05550269584522677,0.07824113919098662,0.11465260261407935,0.12124886329190664,0.06912442396313365,0.07563660811832927,0.06205673758865249,0.14184397163120568,0.05715374357020385,0.0,0.057131974861931056,0.08853910477127398,0.10050251256281408,0.0521593991237221,0.0,0.0,M
Illinois,0.0,0.0,0.0027215179538539417,0.0,0.0,0.0,0.0029614858761802757,0.0,0.0,0.0033741932063029926,0.0038846831798074167,0.004436907179901797,0.005607095524518299,0.0036800269167683057,0.004815203201575106,0.006298960098950937,0.008946677800310152,0.007394262052647145,0.006283854264851889,0.01125612051553032,0.01206621941213379,0.01036699149906697,0.023778128445126563,0.018386296080654552,0.016872847753226932,0.017736512538943212,0.025434114083562626,0.03360189962739227,0.03340317633840454,0.03331329707494768,0.0362725744459713,0.050539922980004696,0.05158443009951496,0.06011069163948246,0.046980062835834044,0.07093183962091684,0.07025654972350648,0.07627765064836003,0.07818665419577354,0.08410785595646182,0.08218586542412781,0.08267407882545792,0.0751170942940466,0.0933671945025396,0.07680725182132048,0.060850502796782724,0.07370554634236226,0.0787291798223673,0.08906555389703033,0.07946532384210658,0.08341118377152008,0.08129668207916264,0.07340411587364006,0.06560130152982235,0.0817250267177972,0.08033611893439217,0.06788992532108215,0.07858881008966699,0.08230371060825417,0.07250054375407815,0.07640836999115845,0.06910536869413511,0.07313845225103903,0.05439666997776832,0.06019830028328612,0.0687252076827548,0.04654732101297035,0.03734827264239029,0.03969210268913996,0.037622272385252065,M
Indiana,0.0,0.0,0.0,0.0,0.0,0.0,0.0,0.0,0.0,0.0,0.005132574396665879,0.006201870897720812,0.0,0.00546728920866456,0.006614121148652373,0.005957345406886691,0.008566882878472647,0.0,0.015448190630672383,0.008781723977870056,0.01551386701035849,0.013754298218193186,0.022090294077039902,0.024510157297538894,0.026274687258236385,0.022205773501110287,0.024220405691795337,0.025900771267411075,0.032191039185274065,0.03798216245111555,0.04005192939811618,0.051951050565689216,0.049108819366207354,0.07845859046124598,0.0729860414195785,0.07427280857320419,0.0856737853793791,0.07432122582583532,0.06669192876089428,0.06286860461635183,0.08695395861581089,0.10171418314536154,0.07008799937699556,0.06788437554268033,0.08746497351754969,0.09206615841840031,0.09332176361760998,0.09815011977641735,0.08134400212490454,0.07960859109378887,0.06594348643212766,0.09143708620485294,0.08237809794230028,0.09559564779087149,0.07904444054101528,0.07325352867607647,0.09844986217019296,0.08370637260254031,0.0736335315774568,0.06550998530988207,0.06264094211976949,0.08489504849629645,0.06751900333238951,0.07346066515293176,0.04239368111026819,0.052221692436936626,0.05867580444527895,0.05421523448088912,0.05667473852336545,0.04832863471606927,M
Iowa,0.0,0.0,0.0,0.0,0.0,0.0,0.0,0.0,0.0,0.0,0.0,0.0,0.0,0.0,0.0,0.0,0.0,0.0,0.0,0.0,0.0,0.018588347761431836,0.02056464643497165,0.031131311873482347,0.01798237727027513,0.020363043984175006,0.034670056627759155,0.03221649484536082,0.026910656620021525,0.017901897601145723,0.020062192797672785,0.038690706492300546,0.03188606047722804,0.06584000877866784,0.05614980768690867,0.06987509826185694,0.031257814453613406,0.05131494547787044,0.07090141480550453,0.0760046869556956,0.08774953774797078,0.06149066312825657,0.09953219866626853,0.09493134429564333,0.10192605089273163,0.07952861222571667,0.08645844590943477,0.10833426724943031,0.0855495629533197,0.10143130846387918,0.05983545250560958,0.08589388201304025,0.0830367734282325,0.07157911480494691,0.07684840640673031,0.07326603712145881,0.11160269440790786,0.06192461709945094,0.06024614854978913,0.10499885870805753,0.0905365481749738,0.07008059268158383,0.10176563374548414,0.10239082578200993,0.050815590223080444,0.06742039207551084,0.05914932515997203,0.07971757203052043,0.07147111375818939,0.03105204322444417,M
Kansas,0.0,0.0,0.0,0.0,0.0,0.0,0.0,0.0,0.0,0.0,0.0,0.0,0.0,0.0,0.0,0.0,0.0,0.0,0.0,0.0,0.0,0.018467220683287162,0.024252223120452707,0.037645877776383486,0.020560055923352114,0.03173847496627787,0.019081056327278276,0.03329756927744275,0.022150847269908073,0.03782018222451435,0.03573052686285974,0.054047180008901886,0.058006509619412845,0.07710100231303006,0.06881184874500294,0.06035205364626991,0.11498140006763612,0.08061124351605216,0.09772441714365489,0.055582574862780516,0.09864712514092445,0.07381708127260649,0.10827763880073181,0.05387723686742351,0.0547110086365235,0.06772098952316456,0.114290379199151,0.07730490682724388,0.0796781004740847,0.08689813169016866,0.08239817939260771,0.1194695551750229,0.11144722177997134,0.07907013520993121,0.09300820898540176,0.10209498917793114,0.07339748817484913,0.08543878921030149,0.07138058448102116,0.043593879419329525,0.06323110970597534,0.028642352491884668,0.0664042119242992,0.054652953743727334,0.06971764354364822,0.05570748506026537,0.04166883691858951,0.0613599598371172,0.03499358450950659,0.04277682718161818,M
Kentucky,0.0,0.0,0.0,0.0,0.0,0.0,0.0,0.0,0.0,0.0,0.0,0.0,0.013179571663920923,0.010156236775733365,0.0,0.013231513685165583,0.010073942739709466,0.010297176514199806,0.012504168056018674,0.010243592632808178,0.015577537191370044,0.06629748069573356,0.044874671453298286,0.04396570674873598,0.03973948559443647,0.045748643879485004,0.055843123778431675,0.04281432852861424,0.06494730887683056,0.07546861933220471,0.09695990304009697,0.11519048317171758,0.10556317956296843,0.11049723756906078,0.12377939760693166,0.15508182302154944,0.15473979907632243,0.17400839054157133,0.11900714042842571,0.159684388502724,0.13567886216899036,0.11974360780446575,0.14941919313635707,0.1472202814652161,0.18668012108980828,0.177491961414791,0.175956114474978,0.15516706320471707,0.171768445880121,0.1562825588664305,0.1537633581917429,0.11901298563909972,0.12204382729442396,0.12245897624295861,0.09930486593843098,0.14145448493925777,0.12372834753918065,0.11297878203361808,0.12689623348906962,0.11750881316098707,0.10228544030685632,0.08233705496821789,0.0814802240706162,0.1071070725218533,0.035427073369468945,0.08246979095700814,0.0633571854502087,0.09762192979030809,0.08256615613260125,0.06892392521754115,M
Louisiana,0.0,0.0,0.0,0.0,0.0,0.0,0.0,0.0,0.0,0.0,0.0,0.0,0.018424819649361508,0.011729689309854406,0.007324182987387757,0.00955505303054432,0.013260401127134096,0.023788082170832413,0.022581205488969948,0.026039858343170613,0.026411705667952035,0.042228179047479164,0.03590735901374454,0.05890024822247465,0.05778738522783212,0.048501718647856434,0.058367380972233804,0.05853772756541591,0.06213230297264237,0.07712507115705969,0.06635815943420938,0.09654839488293508,0.12699685849876347,0.12477992581577013,0.10249639525389573,0.1352657004830918,0.12296227293898464,0.13645262720746731,0.12237446586554858,0.1437858198829462,0.13682442937993658,0.17535334755878562,0.1418565475662736,0.1618197790004161,0.11298348517993222,0.11846294331054566,0.11485158622801868,0.11450090328490369,0.0948328890711503,0.10875194199896426,0.10028502058482,0.11358284621990748,0.12237115455761405,0.06847360912981455,0.09265157218136545,0.12305420537746876,0.10173244367313965,0.09775750214770271,0.08400485361376435,0.11113580795732383,0.09161548641036951,0.07530635996440063,0.04839769073875618,0.06159110350727117,0.061101870396143794,0.05788613456823754,0.07042005563184395,0.06434762860062834,0.05247225025227044,0.04254051984515251,M
Maine,0.0,0.0,0.0,0.0,0.0,0.0,0.0,0.0,0.0,0.0,0.0,0.0,0.0,0.0,0.0,0.0,0.0,0.0,0.0,0.0,0.0,0.0,0.0,0.0,0.0,0.0,0.0843668269636379,0.0,0.04861448711716091,0.0,0.0388621172081455,0.054049880318122155,0.05394158896509209,0.06892326543115332,0.03796218965909954,0.06861324998094076,0.0774593338497289,0.06964327168614098,0.0845698470054586,0.037218996575852314,0.09759759759759759,0.08564310183743383,0.05749486652977413,0.07898894154818326,0.04598123965422108,0.0,0.09952229299363058,0.11123470522803114,0.08164098377385448,0.0944386149003148,0.0637890708058686,0.09476676845319575,0.0,0.054608999563128,0.07595486111111112,0.0894654439722657,0.0564652738565782,0.057195149851292613,0.07432181345224824,0.11532547411583803,0.08155498165012913,0.08404538450763413,0.07161271841879117,0.10298661174047373,0.0,0.0,0.0,0.0,0.0,0.0,M
Maryland,0.0,0.0,0.0,0.0,0.0,0.0,0.0,0.0,0.0,0.0,0.0,0.0,0.0,0.0,0.0,0.010641882903815115,0.0,0.0,0.009979243174197669,0.0,0.00995817566221868,0.017077960891469558,0.012096579087434074,0.034505640345056404,0.0,0.02250351617440225,0.03158559696778269,0.02185195301830101,0.01909333915225574,0.02319049704965343,0.034768787562707994,0.019226609627724774,0.05441930071198585,0.049265496237907554,0.028436433633738736,0.023135489841416734,0.06210537211468792,0.04623952071731569,0.06402918178466792,0.07983513117097715,0.0707341845618108,0.05934057782887661,0.0848225473753205,0.06279880074548254,0.06607065430594843,0.05287088928835783,0.08212132344996002,0.06280420788192809,0.06492198168752378,0.09959032163147054,0.06018456600240739,0.057085445494816645,0.05320133234641007,0.05909225209663856,0.07885155036062988,0.07891377509574098,0.07294611106045408,0.07352941176470588,0.0589219637512079,0.05410456937681373,0.06044731009470078,0.059030362138439034,0.049452122537154156,0.03193357815743254,0.049786442365642114,0.03223553430398109,0.030327258691516635,0.043731778425655975,0.029816035063657237,0.025192089683839278,M
Massachusetts,0.0,0.0,0.0,0.0,0.0,0.0,0.0,0.0,0.0,0.0,0.0,0.0,0.0,0.005880738620770769,0.0,0.005319318701660691,0.0,0.005774272152995114,0.0,0.00836000573257536,0.011888062008131434,0.0,0.007362577491128093,0.007901016070666688,0.01970184540618638,0.0186469122408503,0.0209815886559544,0.020441885423232203,0.013498692314182064,0.024729622790820364,0.032138839787883657,0.04102111009434855,0.0277966520476867,0.03997294139351824,0.04353047132993095,0.04602859526480826,0.05198180636777128,0.05474068355674082,0.05640235514224399,0.052853424241223024,0.07249433226129594,0.07287404002466506,0.06276926588490399,0.05208100828832046,0.05777095337275947,0.057690808450923836,0.07181844297615628,0.04414650098103336,0.05575324270698392,0.041745984036335705,0.04862100762846844,0.05642279480910288,0.04011441328310311,0.03747791480020703,0.04253902493156766,0.04061267115339986,0.03959141658088526,0.032410314582615916,0.031630221622419505,0.050728952998522245,0.055238445958387034,0.03684174169333855,0.051982420490525025,0.01912960306073649,0.038171581257753606,0.01951076750481672,0.022246391140992684,0.023107140106292844,0.023841059602649005,0.024453199293574247,M
Michigan,0.0,0.0,0.0,0.0,0.0,0.0040167556091122965,0.0,0.0,0.0,0.0028828080857001186,0.0,0.003585943103036098,0.005677982675843969,0.0038902937171756465,0.004633521542565515,0.004202828503582911,0.005654709312599399,0.007263113551517264,0.0059688574860664485,0.013117430149684453,0.011306381745846672,0.010644364189317619,0.0169643917417341,0.026799832054385794,0.01375831231368952,0.020888323427204192,0.01828347078012683,0.033885886985987726,0.018222570475791317,0.033413055711873946,0.03471408610829059,0.04341316038947807,0.03860691871896857,0.052295394269918936,0.04138387684158252,0.049709425810941496,0.05085153201797371,0.07108745579818453,0.055159226299919095,0.05864435263637,0.075054349701508,0.07980488154803538,0.07116154619807578,0.059727797904631355,0.08081624406505708,0.07283624331467338,0.07659330021382296,0.08301081296693583,0.06658952470362203,0.08116973369655862,0.0818946436476317,0.05042633171357844,0.09077228101187206,0.084123493288147,0.08695439180914123,0.06340591196723183,0.06908868118832531,0.09566283566202724,0.07720572466151009,0.08443781004508376,0.0515600831211037,0.07269968707525998,0.06793478260869565,0.0704594612309104,0.056931860695869994,0.05545379690466988,0.05345196220428995,0.056171631514097264,0.06594069105844229,0.06568863586599519,M
Minnesota,0.0,0.0,0.0,0.0,0.0,0.0,0.0,0.0,0.0,0.0,0.0,0.0,0.0,0.0,0.0,0.0,0.0,0.0,0.0,0.0,0.0,0.0,0.02308547923356209,0.0,0.019169329073482427,0.01672555455666827,0.016646552082899828,0.011712802092687307,0.015240417587441895,0.01447990008868939,0.019053227789998788,0.02238793118294384,0.03093102381688834,0.02156760545660418,0.044305031279352085,0.04978220286247666,0.03121671747034412,0.041200044945503576,0.057465937528964686,0.05992155723416619,0.06930133313880327,0.04841262452285634,0.03484253111631598,0.05734511874394416,0.05243521226177271,0.06677238961689341,0.05259835893120135,0.060852778244082584,0.07005774456521739,0.0701023919785869,0.07593975446146058,0.0539886839718395,0.04753570579719539,0.07046163043942434,0.060713821067695906,0.048320850446967864,0.06307775965198477,0.044924638918214695,0.05384777468218106,0.05882064604676242,0.05212405525149857,0.06549303154144398,0.051351351351351354,0.05170068027210885,0.04711882258377449,0.04780114722753346,0.04940998663023891,0.06146470389378899,0.0637978882898976,0.03325020781379884,M
Mississippi,0.0,0.0,0.0,0.0,0.0,0.0,0.0,0.0,0.0,0.0,0.0,0.0,0.0,0.0,0.0,0.0,0.0,0.0,0.0,0.025031985314568614,0.024860504944478203,0.027814864263462392,0.02710190315586606,0.06021614426520458,0.06184895833333333,0.08761583824768324,0.04833753409522494,0.06640106241699867,0.09244992295839753,0.09704189532860394,0.11042054453102818,0.11432304425934998,0.12031346535297369,0.18439474133515452,0.1937046004842615,0.1700017708517797,0.2194105170774519,0.20572996037793354,0.16750418760469013,0.2291374085298248,0.23432269582682438,0.2616793658123605,0.2217384292855991,0.24476249740717693,0.19485745753378236,0.18367079197096253,0.1809709089263901,0.21788470267816612,0.2455028344418158,0.23206079082677347,0.16306563391765186,0.12416427889207259,0.20388349514563106,0.16817220834134153,0.15996897571380098,0.14447267473720918,0.15488594762038863,0.1578019121878771,0.16129032258064516,0.09420138162026376,0.16617958856226003,0.17807904411764705,0.1210946960523129,0.1023541453428864,0.12074378169524269,0.07912837056424615,0.05737234652897303,0.03312794010468429,0.09019009296517275,0.10321439103509289,M
Missouri,0.0,0.0,0.0,0.0,0.0,0.0,0.0,0.0,0.0,0.0,0.0,0.005789248208227679,0.0,0.010031347962382444,0.0,0.0,0.0,0.0,0.0,0.008897456810261734,0.014437514437514438,0.018063040009633623,0.03288716413983622,0.019269172826962826,0.02408270689625514,0.033353813745282186,0.03833554053112149,0.03301964668978042,0.04321664838270004,0.03783340689829119,0.05677807445600467,0.05507907781886852,0.06447351868159518,0.05897730170874777,0.07429420505200594,0.08164034288944014,0.06774084288963081,0.08607808744234392,0.08514876935929568,0.10973678847450187,0.1178318931657502,0.08793668558637781,0.09524446078267554,0.09022812393598911,0.07920582954905482,0.09276272365627843,0.1148600143575018,0.11771950159374094,0.10550825874990906,0.11371686365161628,0.10255454036919634,0.10602818421915061,0.10466861521447192,0.08480760507267814,0.09325766895511726,0.10405827263267431,0.0949780363290989,0.0725280038681602,0.0955268513519126,0.07465800048308117,0.08733624454148471,0.08484962760441218,0.09201636922778894,0.08151569794728651,0.06014886844941229,0.09226747315272829,0.05785819482432149,0.06146796680729792,0.054508420116475886,0.051865637489703145,M
Montana,0.0,0.0,0.0,0.0,0.0,0.0,0.0,0.0,0.0,0.0,0.0,0.0,0.0,0.0,0.0,0.0,0.0,0.0,0.0,0.0,0.0,0.0,0.0,0.0,0.0,0.0,0.0799543118218161,0.07426267769997878,0.06372809346787042,0.05013033888109083,0.0,0.059441252229046955,0.10645504693699798,0.0,0.12,0.0851063829787234,0.05754402117619979,0.0,0.0,0.1288825879623663,0.09272751357795735,0.0,0.09564148107664981,0.0,0.11604293588627793,0.08983380745620602,0.09308098045299411,0.14113219382154618,0.14513788098693758,0.09844134536505333,0.11268512556342562,0.1512350865400773,0.15148964820737248,0.13149243918474687,0.1670285618840822,0.10251153254741158,0.0,0.16931933626820184,0.13518080432578572,0.1442741208295762,0.14646649578908824,0.0,0.0,0.0,0.0,0.1172103926548154,0.10245901639344263,0.0,0.0,0.0,M
Nebraska,0.0,0.0,0.0,0.0,0.0,0.0,0.0,0.0,0.0,0.0,0.0,0.0,0.0,0.0,0.0,0.0,0.0,0.0,0.0,0.0,0.0,0.0,0.0,0.0,0.0,0.03700962250185048,0.04166666666666667,0.0,0.04436338541923399,0.02840640090900483,0.04518344478583047,0.036204009594062544,0.04128629753658425,0.05167958656330749,0.06123410268487989,0.053299738346739026,0.09158441029815813,0.07405840033855268,0.07448789571694599,0.06331117442228554,0.10568031704095111,0.05991285403050109,0.05676335357892944,0.05856172405715624,0.07178321469163128,0.07696406370256349,0.12138131941494205,0.0549551199853453,0.08609027179928669,0.09903441445902451,0.08490508824064527,0.13741411617738913,0.06803562592775853,0.12909571525173666,0.08050532573693336,0.11460588310199923,0.09475080538184574,0.05798595451324013,0.06692992436918546,0.09644530173601543,0.08839779005524862,0.0,0.06926806742091896,0.07749535027898327,0.05359056806002144,0.07888301648655044,0.0643293663557414,0.08500510030601836,0.05388898868331237,0.09476876421531463,M
Nevada,0.0,0.0,0.0,0.0,0.0,0.0,0.0,0.0,0.0,0.0,0.0,0.0,0.0,0.0,0.0,0.0,0.0,0.0,0.0,0.0,0.0,0.0,0.0,0.0,0.0,0.0,0.09426551453260015,0.0,0.0,0.09416195856873823,0.0,0.0816743236345074,0.058354405757634696,0.05994604855629933,0.05732849226065354,0.06573387172504461,0.1083815028901734,0.09445303108363386,0.09657947686116701,0.13350144626566787,0.1495988032095743,0.10420737267161652,0.09883376161296697,0.11989609005528543,0.09437523593808984,0.09791921664626684,0.05327650506126798,0.11680878402055835,0.1000834028356964,0.12009389158796878,0.09926336137087927,0.046901870863515556,0.1172392700581099,0.10045707971269276,0.15494867325198527,0.09752020061298412,0.09105098855359,0.07783783783783783,0.08288055990422691,0.06345177664974619,0.05676540406646713,0.07541884393686366,0.04956220056170494,0.06068295912175208,0.0656526972316446,0.07148748968930436,0.04530267852086754,0.0,0.0672824025934308,0.08395763368638595,M
New Hampshire,0.0,0.0,0.0,0.0,0.0,0.0,0.0,0.0,0.0,0.0,0.0,0.0,0.0,0.0,0.0,0.0,0.0,0.0,0.0,0.0,0.0,0.0,0.0,0.0,0.0,0.0,0.0,0.050787201625190445,0.0,0.0,0.044879274750920024,0.044571224817257976,0.06076916398992968,0.0,0.0,0.0,0.039613373474885125,0.07403568520026653,0.10845986984815618,0.09117048881408234,0.10803024846957147,0.0862948144661489,0.0655361677725895,0.05971677188193141,0.052765807756573746,0.0,0.046689700252124385,0.0481881264456438,0.06758713913295356,0.08953442101074413,0.08947211452430659,0.05015548199418196,0.06186204763377668,0.08307372793354102,0.0,0.05380972879896685,0.0,0.10204081632653061,0.0,0.0,0.06411900487304437,0.0,0.0,0.0,0.0,0.0,0.0,0.0,0.0817527795945062,0.1004016064257028,M
New Jersey,0.0,0.0,0.0,0.0,0.0,0.0,0.0,0.0,0.0,0.0,0.0,0.0,0.004478801830934188,0.006237080333594697,0.004475193999659886,0.0,0.007924401212433386,0.010334101501544948,0.00639093339582246,0.006274247351744764,0.01343530384456387,0.017858139405100733,0.012710033300287246,0.01355950589160531,0.00825695648583932,0.015843751800426343,0.0132005456225524,0.01997830926422741,0.017342544151226987,0.029650547123190964,0.013958682300390844,0.04459743843462991,0.03917701255015333,0.026941106740664904,0.04111024175474425,0.057469796429209984,0.040845628280027725,0.06459716490220707,0.07183408643262658,0.09436343087878687,0.1072617296783254,0.08683431783645443,0.07688812777408871,0.057813911472448055,0.05509911718970014,0.06509764646970455,0.05639796454618866,0.06692649895673398,0.07378129117259552,0.07647106174032037,0.07116864282740933,0.05198145082965131,0.05226672535211267,0.05371974820589815,0.06363572085130453,0.04948261559284539,0.051491033204360555,0.06441368566121397,0.05039052658100278,0.04247810743693635,0.05647397063353527,0.0454196072950877,0.030564545127651926,0.019932952795143608,0.0344022162269822,0.02569561706188973,0.026396666478119047,0.023309117749893166,0.02818432548869607,0.012633706729554451,M
New Mexico,0.0,0.0,0.0,0.0,0.0,0.0,0.0,0.0,0.0,0.0,0.0,0.0,0.0,0.0,0.0,0.0,0.0,0.0,0.0,0.0,0.0,0.0,0.0,0.0,0.044228217602830605,0.0,0.0,0.030528758090120893,0.06991377301328362,0.05690871841566128,0.07293946024799416,0.08399391044149299,0.0907532519915297,0.07551729346020239,0.10698456365581537,0.09656434234600529,0.05675954592363261,0.10815822002472188,0.08831168831168831,0.08856473039854128,0.13168290755859888,0.06844266610508581,0.15922721723900005,0.11802575107296137,0.11684843089249945,0.10425716768027803,0.10433572919081846,0.10198572199892014,0.16099218889750164,0.1388888888888889,0.10560974094551781,0.11899542807039519,0.1121844811467747,0.12630249447426586,0.075046904315197,0.09437523593808984,0.08041071318117153,0.10489294749182453,0.10838380618425247,0.06154687820556658,0.08691243572101108,0.09820214533917511,0.10752688172043011,0.12252899852965202,0.041566214980463874,0.06020987441940478,0.05538631957906397,0.05877167205406994,0.0,0.11046062078868885,M
New York,0.0,0.0,0.0,0.002696280817647158,0.0,0.0,0.001900785341143449,0.0,0.0037206879552029175,0.001560593150244545,0.0025142684735876097,0.003146494490488147,0.003559548002122785,0.0038948772626802596,0.0042970518918597315,0.005546254025367179,0.005101260011222772,0.006887368566049865,0.008643551713977016,0.009289579414292018,0.01149315199693516,0.01480442913685824,0.014811889009578354,0.011145786892554615,0.015455209204909427,0.012560755829829065,0.017663748468221812,0.01807110157054301,0.018569057198323156,0.027936862690319877,0.028674625713419177,0.04124516997351626,0.049613494870604805,0.03968757937515875,0.054929093934032266,0.06732553179461087,0.08355282933315672,0.07564936519233353,0.08876576567788756,0.08748822273924664,0.11641551526620193,0.11309615089710168,0.10252972376126347,0.0800669094172965,0.08725137277234706,0.07431919279592059,0.08964564598426972,0.0884976498306237,0.09414021563438071,0.07184038153883304,0.08763288469325468,0.07853337354242058,0.08202037157135772,0.06395319386049339,0.07262446666407293,0.07430713616280626,0.07588221468623041,0.06985820128565959,0.061305671471266455,0.06628180457558264,0.06290504264376728,0.05812220566318927,0.04316154533476701,0.040114790014503035,0.04287496102276271,0.04996193376475066,0.035345564542644835,0.04542415879600267,0.02602507381249383,0.03961554061064526,M
North Carolina,0.0,0.0,0.0,0.0,0.0,0.005068577858424483,0.0,0.0,0.0,0.0,0.006470118834515927,0.0,0.015333895576171127,0.010109406240873453,0.020598736610821202,0.009924819492345483,0.018310946021946977,0.014471399252749567,0.02500756807981363,0.028518096028206992,0.03874225154969006,0.04414953707911857,0.06938151336656095,0.06137265174762368,0.061405259360464225,0.0749088066701407,0.09691514175892768,0.07254033084698722,0.07287921484792538,0.10362198699145518,0.12036704131559613,0.1316387456708091,0.12548395488698794,0.14182849661793584,0.14396338783736684,0.17588860388420666,0.14956669648224996,0.1600725284376638,0.15662998227608096,0.16907490018078009,0.16731232062188703,0.15751815463477145,0.1250571497727456,0.14391906997540801,0.1390039454655228,0.16643159379407618,0.13610544005110897,0.14670395963584512,0.12553083518068428,0.11528217631547565,0.13990994886927324,0.10144793876233514,0.11092252796450479,0.12288458199206592,0.09624510419869267,0.1168425944366992,0.12134825658701573,0.11298419505180583,0.09464468806688224,0.09256444972506976,0.08893684026360296,0.06993943542506807,0.06546296014371403,0.06468205688940908,0.06561579662154945,0.06323159729183694,0.05379236148466917,0.044065804935370156,0.06155740227762388,0.0638807559222784,M
North Dakota,0.0,0.0,0.0,0.0,0.0,0.0,0.0,0.0,0.0,0.0,0.0,0.0,0.0,0.0,0.0,0.0,0.0,0.0,0.0,0.0,0.0,0.0,0.0,0.0,0.06228977201943441,0.0,0.0,0.0,0.0,0.0,0.0,0.0,0.0,0.0,0.0,0.09272614877395426,0.055224210293792805,0.0,0.08366200549778893,0.0,0.0,0.0,0.08448324415657561,0.07196315486470926,0.07477194556602364,0.0,0.07887679444707367,0.08084074373484236,0.08643042350907519,0.1088139281828074,0.0,0.0,0.11673151750972763,0.09549274255156609,0.09446438692612885,0.0,0.0,0.09545628102329133,0.0,0.0,0.09978048293753741,0.0,0.0,0.0,0.0,0.09361542782250515,0.0,0.0,0.0,0.0,M
Ohio,0.0,0.0,0.0,0.0,0.004008618529839155,0.0025000125000625003,0.0028694816281438756,0.0,0.0038833066356002135,0.003926939294427182,0.0044602148832414866,0.005498735290883097,0.007923720979371912,0.004868285822469844,0.0033131598710076423,0.00650148943212445,0.00545289306270827,0.00937125149940024,0.006259741723056506,0.012309207287050716,0.01525526159839937,0.023714428357463804,0.015499725232143612,0.02833875249828476,0.02009691177455731,0.024968222262574905,0.039500588636222814,0.03070862013436894,0.03618463208521481,0.031168454624528847,0.03977075003373412,0.048739929470455,0.056126539835264964,0.04827237688658254,0.05422544227626357,0.05190545684324552,0.06386727917695853,0.07445959223777941,0.07732294194654764,0.096932979931844,0.0960009600096001,0.0918378189656481,0.09719478467009088,0.08346630661593224,0.09116761458681834,0.07885759347196271,0.098752369616012,0.08412912926351213,0.0835186782261359,0.0926061761901269,0.10158974218170837,0.08834509684712498,0.0934938146460521,0.08757700307514704,0.09478769594553275,0.09406059592613107,0.10216656309575219,0.088686040600902,0.07974481658692185,0.07670431078226597,0.07845969911328085,0.06260140789288772,0.06781340879748568,0.07118469792641612,0.060973185053616645,0.05025125628140704,0.057526904350998304,0.04704152884968761,0.056589633390942605,0.051406448296358175,M
Oklahoma,0.0,0.0,0.0,0.0,0.0,0.0,0.0,0.0,0.0,0.012047902460181682,0.0,0.0,0.0,0.0,0.0,0.0,0.0,0.0,0.03196726552010741,0.021417207196181617,0.014546300875687312,0.02329305575775222,0.031314586334314526,0.03608095253714698,0.028739302592923743,0.07021351290971181,0.05622891415719106,0.06296662768732572,0.06286484059272564,0.055253197778821456,0.07567454725745003,0.11326453561540396,0.09990917347865577,0.11953311770496414,0.09819806549810968,0.16348910911011622,0.09591048354868789,0.10242694966853501,0.1273700969749602,0.11724016648103641,0.10844715399495869,0.10355948752847886,0.12468069577910229,0.11042402826855124,0.09708109507475245,0.11175020542317173,0.1460193143729466,0.12167787383925713,0.14596224020307788,0.1464367068011715,0.14255629353636806,0.13122068037922777,0.10280900739561569,0.12400710527197775,0.11513714866237726,0.10599377713953569,0.09748554524673927,0.10131370098949714,0.09932247880529248,0.14866922909565597,0.09911558401951816,0.11486968232591302,0.06058403004967891,0.06774527775563881,0.09359866520164409,0.05361488019136387,0.06004717992708557,0.06902263942573164,0.05818181818181818,0.06139363552645043,M
Oregon,0.0,0.0,0.0,0.0,0.0,0.0,0.0,0.0,0.0,0.0,0.0,0.0,0.0,0.0,0.0,0.0,0.0,0.0,0.0,0.018330461561022107,0.035005425841005355,0.04114918449797995,0.04380550356417506,0.04443367264501535,0.042132679638425,0.03728143757223278,0.04646009792359101,0.0335042047776996,0.06071063394683027,0.04195007940550745,0.05795925464398528,0.063886630270647,0.06678201742403546,0.04370765820611283,0.08995874305921767,0.08882966910948256,0.10974822466107165,0.06194574856546688,0.060807783396274726,0.09508619103122508,0.10060659860926173,0.06922706477245365,0.09892419933226165,0.12009734205619292,0.08624820316243412,0.09884888874717006,0.09129832514796625,0.1161252862810877,0.14007385712466572,0.08757987609069383,0.077780658542909,0.0836372152152822,0.1117129316181449,0.08068311705775567,0.08932252301772708,0.09031854656615833,0.0851063829787234,0.08502244592572439,0.07805570338832712,0.10132472698615227,0.04785070579791052,0.0449934554973822,0.07044296191936353,0.05428881650380022,0.05435009824825452,0.06044905008635578,0.07838697034359622,0.07042914827683351,0.03967663542131627,0.05139274334463973,M
Pennsylvania,0.0,0.0,0.0,0.0023095434956326532,0.0,0.0,0.0,0.0,0.0,0.0031609701468947988,0.0,0.0,0.0034645918710775867,0.0,0.0036037334678727163,0.004402886091833196,0.005186781774801461,0.0,0.006131809374310172,0.0037071133326331005,0.009022285044058826,0.0070812867341749335,0.014387868149576277,0.015362044995429792,0.007779861051681617,0.015225945010297547,0.018498857896599427,0.017200803746647796,0.02363470204518955,0.02283921950773869,0.026367930569471964,0.03430148018343835,0.0273634232382023,0.04073473390412251,0.03953500748884276,0.03828800084083453,0.03930520491617409,0.046000241312741316,0.06272120424712155,0.05406985240391641,0.06758475346099342,0.08147400680195836,0.07094576157546367,0.07566488505377036,0.0691108021016345,0.07354022650389763,0.07000412844860082,0.06777172224889165,0.07072002413910157,0.06228678753497643,0.06881845497722205,0.06522895362723158,0.06348036204283901,0.058159704507887273,0.06532297999220338,0.06071192723089704,0.06612416411590927,0.0516112383471501,0.061176365901405946,0.07002479566535036,0.04530983581146339,0.058134605835261054,0.03337948768667788,0.04422542330048016,0.04151465593156372,0.05171031879411536,0.02812374447569305,0.04326104552178403,0.03640546955774636,0.051463687827324196,M
Rhode Island,0.0,0.0,0.0,0.0,0.0,0.0,0.0,0.0,0.0,0.0,0.0,0.0,0.0,0.0,0.0,0.0,0.0,0.0,0.0,0.0,0.0,0.0,0.0,0.0,0.0,0.0,0.0,0.0,0.0,0.0,0.061149612719119444,0.08057206163762716,0.0,0.0,0.09785693316371465,0.09523809523809523,0.06502554575011611,0.07197480881691408,0.09846925073851939,0.07755946225439503,0.10948290382347986,0.14805782964640307,0.09770829632261503,0.10256410256410256,0.07736943907156672,0.050679099939185075,0.08461131676361713,0.0,0.1636839807944129,0.11238480557428637,0.0,0.09324009324009325,0.0,0.0690766751093714,0.0,0.0,0.08933129147524246,0.0,0.09823182711198428,0.0,0.09376465072667604,0.09532888465204957,0.09633911368015415,0.10023387905111927,0.0,0.08589589417625838,0.0,0.0,0.0,0.0,M
South Carolina,0.0,0.0,0.0,0.0,0.0,0.012799882972498539,0.010837367242251282,0.0,0.0,0.0,0.0,0.0,0.01843355726691791,0.012485173856045945,0.021313781491112155,0.0,0.01930921290820883,0.022370808580447914,0.025193359030559546,0.02261761158021713,0.039285977361455546,0.029587987277165474,0.03736621560306403,0.04172809970233955,0.04030400736987563,0.06414760057427375,0.0668794649642803,0.05018005785465494,0.042066043688591084,0.09965706246152944,0.11979805470777832,0.11425307055127107,0.10585037905878987,0.1215735085535647,0.16639906582980585,0.12833309567945245,0.17407682209919526,0.146157737927933,0.1661536785334895,0.1424796642661002,0.20327295183202965,0.19182449409666874,0.15670910871694416,0.16826568265682657,0.18438076189880934,0.12974796457880566,0.16299918500407498,0.13639020588426318,0.17262323380858002,0.14702122219381233,0.18323849937313144,0.11972560186383639,0.13710081926099316,0.1906953805687983,0.13074459044257045,0.15973399400182553,0.089459234352346,0.14637184677670506,0.12188642685251741,0.09947939118612593,0.07349853002939942,0.09185331731788313,0.11927136041636549,0.06565030272084033,0.11227409365832458,0.07261109497531222,0.05262168765269687,0.05142201653415609,0.07380073800738007,0.10212765957446808,M
South Dakota,0.0,0.0,0.0,0.0,0.0,0.0,0.0,0.0,0.0,0.0,0.0,0.0,0.0,0.0,0.0,0.0,0.0,0.0,0.0,0.0,0.0,0.0,0.0,0.0,0.0,0.0,0.0,0.0,0.0,0.0,0.0,0.0,0.051808102787275934,0.05327650506126798,0.05408328826392645,0.0,0.058644147314098054,0.08243052284503062,0.08582638548307994,0.0,0.06321112515802782,0.08943401047655551,0.0,0.0,0.0,0.08600917431192662,0.0890604126465786,0.07782101167315175,0.14202303929304086,0.1224739742804654,0.0,0.0,0.12857602057216327,0.09316770186335403,0.0,0.12618296529968456,0.0,0.0,0.08294625082946251,0.08629616845012082,0.1261488556496666,0.0,0.0,0.0,0.11084426380934788,0.0,0.0,0.0,0.0,0.0,M
Tennessee,0.0,0.0,0.0,0.0,0.0,0.0067278452057375066,0.006737999622672021,0.0,0.0,0.0,0.0,0.0071581961345740875,0.0,0.011909546990606345,0.007367567965814484,0.0,0.008447087444249223,0.012062726176115802,0.012278763002332964,0.025288286465709083,0.03264133698916308,0.040196965129132754,0.056431353988422465,0.046971291146851044,0.04521988167464295,0.06881635863153755,0.09876543209876544,0.10049877168167945,0.08737033869948321,0.10308346143412606,0.1015174182517632,0.11807018818571532,0.11906480011545678,0.19119052871534672,0.1695262579407217,0.14986749520241252,0.15840772284239363,0.1804659302198403,0.16609534579637417,0.1626213172326696,0.18452058504875407,0.1591729850925086,0.231234124551108,0.15189692453403386,0.19178033086587923,0.14647642814517442,0.14266365688487584,0.165340310331044,0.12598033996948083,0.1562222616722883,0.1470900971149075,0.13527099899460746,0.1686656671664168,0.12668132195685383,0.140281310788568,0.09149301665546344,0.137291280148423,0.12125888772529349,0.11265131553824417,0.1183939251668742,0.12863390789812193,0.09444737304515902,0.10605391073795847,0.10362694300518134,0.09646662927650028,0.09274129702096857,0.08654768309513228,0.07929642445213379,0.049957536094319833,0.049113374347309106,M
Texas,0.002957477390085353,0.0,0.004118743371397386,0.0,0.0,0.0,0.0,0.0,0.0,0.002921769618465584,0.004409667952003214,0.003009328919650918,0.005540891781346336,0.006769211543067807,0.0042863036524665,0.006395832243134655,0.009657170449058426,0.008448953235043844,0.014268558043305072,0.013964062089805674,0.01666254582200101,0.021134889366982965,0.026324564328460365,0.03886142017565362,0.024237551652587213,0.030054097375275493,0.02686288250408783,0.03588993007071438,0.04463459507713076,0.04727315240762674,0.06527507102773016,0.07886864291542017,0.07190063074505414,0.07757447583056694,0.08253130386564592,0.09035663553915595,0.09751278524618784,0.0945179584120983,0.10521949835185225,0.1173331963018632,0.1262615704932563,0.12815324430055308,0.1220840210307805,0.11810026067948448,0.11571917080929742,0.10427664594168327,0.12112881749065763,0.10252743039550602,0.1146544595896308,0.11261687152011766,0.09935440082754449,0.10990191460703869,0.09327361630439249,0.09378749964164165,0.09489528795811518,0.11287283951124008,0.10909120185495298,0.08788615732826083,0.08803718035337714,0.0870219075540085,0.08256135507153098,0.07027342332618351,0.06550888492883353,0.05312386487468216,0.062371359071914184,0.0541803227726114,0.05094921602467595,0.04552374332440807,0.04507241973057835,0.03904155583202761,M
Utah,0.0,0.0,0.0,0.0,0.0,0.0,0.0,0.0,0.0,0.0,0.0,0.0,0.0,0.0,0.0,0.0,0.0,0.0,0.0,0.027104678267468964,0.0,0.0,0.02926115581565472,0.04220398593200469,0.0,0.04570383912248629,0.04395604395604395,0.03767252303161067,0.033676837071462254,0.022149795905452015,0.024886455546568778,0.022237046920169,0.03437822295840235,0.0694536314327292,0.05821120394466511,0.04283572499464553,0.047951016192689315,0.04240555127216654,0.05742286195543985,0.04978553921568627,0.05699304684828452,0.05830677135971391,0.04225081620894949,0.0654929306160188,0.033776176536816034,0.04758767113258657,0.08072441387056016,0.06648703502816951,0.06782189969141035,0.07677671328904763,0.07232321904073112,0.055809067331998294,0.08464368265130058,0.03235931786557939,0.03570153516601214,0.029137529137529136,0.03821777763623045,0.06328312871788382,0.06105202274991164,0.044277929155313346,0.03585771658060815,0.03327417923691216,0.04924802060840247,0.02696663841590261,0.046396535725332505,0.039102213185266285,0.024058703235895585,0.04223329673114283,0.03575738613507353,0.032,M
Vermont,0.0,0.0,0.0,0.0,0.0,0.0,0.0,0.0,0.0,0.0,0.0,0.0,0.0,0.0,0.0,0.0,0.0,0.0,0.0,0.0,0.0,0.0,0.0,0.0,0.0,0.0,0.0,0.0,0.0,0.0,0.0,0.0,0.08451656524678837,0.0,0.0,0.0,0.0,0.0,0.08536793580331228,0.0,0.08394895903290799,0.0,0.09442870632672333,0.0,0.0994233446013124,0.0,0.0,0.0,0.0,0.0,0.0,0.0,0.0,0.0,0.0,0.0,0.0,0.0,0.0,0.0,0.0,0.0,0.0,0.0,0.0,0.0,0.0,0.0,0.0,0.0,M
Virginia,0.0,0.0,0.0,0.0,0.0,0.0,0.0,0.0074846564542687495,0.0,0.0,0.0,0.0,0.010246557796990075,0.012880124679606898,0.009061488673139158,0.007066938037087292,0.019421246844047387,0.013737102387203126,0.013801564177273426,0.010659357393025735,0.023574133282256046,0.010786322942508898,0.027413220025357232,0.021786492374727667,0.03845238313222127,0.03392513852764899,0.03597667196849201,0.03802763341361389,0.036436509382401165,0.056399591102964504,0.06691143670864358,0.06252534811410031,0.09722176449263421,0.07613499064863702,0.09731570837726056,0.10079394616052599,0.08140320697917307,0.09045747757099429,0.08874921798844805,0.11266653522237557,0.09684828025125211,0.10542511967175747,0.11180809664866122,0.09267563527653214,0.10683117664760759,0.09214574645863592,0.06513209105784047,0.10372939593834585,0.0885440144246249,0.09297404741676418,0.0991251809427906,0.09088010204081633,0.06875599616245603,0.07952412762032,0.08920048199558692,0.0739912784748351,0.07994732881866065,0.06757500039287791,0.0790266550321869,0.086815899225466,0.07528274799537799,0.07049576144234328,0.04963306980536747,0.06097014256253923,0.07138140871210093,0.050769704991749924,0.04309375702615603,0.052827235374682056,0.02811979030670657,0.07065322114458218,M
Washington,0.0,0.0,0.0,0.0,0.0,0.0,0.0,0.0,0.0,0.0,0.0,0.0,0.014976225242427645,0.0,0.0,0.0,0.0,0.013547076089410703,0.010925140934318053,0.019070220790778487,0.01882018360134669,0.02527050931562866,0.029198630318795955,0.05385899714547315,0.025544741614938565,0.03543675804287848,0.036275695284159616,0.03820568140956491,0.021938484489491466,0.05196570263626007,0.047215244858259835,0.06096321885795569,0.055778670236501564,0.05753633140926892,0.08461032245934004,0.07592030219983706,0.06794888733696987,0.0636465743167353,0.08449669360764143,0.10224768620537683,0.07094954136189334,0.09129332206255283,0.1041524381915039,0.10015380763315092,0.1013880951942043,0.07337861483753222,0.1017543198477454,0.07775164985208223,0.088423983594529,0.10024209411408685,0.09672830725462304,0.0916090049702758,0.07163608866955865,0.07736253273030232,0.0774485662085948,0.07608826238436586,0.06581621789039664,0.10077128793457618,0.060595398659082464,0.08032289805016166,0.08654901629654647,0.0596353722951099,0.07310255858955063,0.057043814037166234,0.03915597128562106,0.08324388266993801,0.05499703016037134,0.06775859249047875,0.053303612531194734,0.05345279609030977,M
West Virginia,0.0,0.0,0.0,0.0,0.0,0.0,0.0,0.0,0.0,0.0,0.0,0.0,0.0,0.0,0.0,0.0,0.0,0.0,0.02421209797828982,0.0,0.0194908977507504,0.0,0.03634014374545748,0.03437755145889734,0.030609121518212427,0.03901170351105332,0.04651752865056878,0.05545652604476134,0.04096178265678122,0.06429059348254108,0.08846710632137687,0.11098779134295228,0.05663500914873225,0.09029345372460496,0.08149177891759743,0.11694766591950102,0.15836526181353766,0.09050255536626917,0.12643614974437908,0.17109111981897454,0.15273838097316167,0.15482444014376556,0.12456825774304965,0.1388969269054922,0.14284863996190703,0.17356806347632037,0.07637960664502579,0.13660313536720226,0.18112296236667338,0.13499831252109348,0.18722835172183216,0.12375386730835339,0.11055831951354339,0.04827586206896552,0.11241481065130332,0.09408018526559561,0.11680537304716017,0.13746201707422948,0.06169507210611552,0.1600896502041143,0.09333899024183284,0.0765696784073507,0.0792742006518101,0.08068854222700376,0.14191106906338694,0.0780107264748903,0.05168492867479843,0.0,0.09317493594223154,0.08575278696557638,M
Wisconsin,0.0,0.0,0.0,0.0,0.0,0.0,0.0,0.0,0.0,0.0,0.0,0.0,0.0,0.0,0.0,0.0,0.007145204853023137,0.0,0.007789860717290375,0.0,0.012103057534909756,0.013194135206900532,0.011066639614880941,0.01701001701001701,0.01464611328768628,0.02014836523491162,0.010965513460167772,0.020898277633618362,0.012207882804325079,0.011473905061631262,0.019173004409791014,0.024186916490639664,0.025771535339217836,0.01984816156403513,0.03134847959873946,0.03466948425014858,0.05286493860845839,0.04204551426919641,0.04755865567533291,0.042016071147213806,0.047094939910345184,0.052020736541876694,0.0613462718197535,0.06483105789032109,0.051386445836709684,0.05675253866266696,0.0596941191000597,0.052838483324174665,0.05686365359504654,0.04881361687677745,0.07653874774104391,0.061088687684084216,0.09070796460176991,0.05961580922941047,0.054100356160678056,0.07269257854205946,0.07291785348068816,0.07158526729015124,0.0962278675904542,0.07475145142401514,0.0814417822614544,0.05419319875355643,0.10507977767331252,0.0588119976475201,0.048306433280290974,0.07192588756545255,0.05358737719559392,0.06030405941536801,0.0423908435777872,0.05845138220327327,M
Wyoming,0.0,0.0,0.0,0.0,0.0,0.0,0.0,0.0,0.0,0.0,0.0,0.0,0.0,0.0,0.0,0.0,0.0,0.0,0.0,0.0,0.0,0.0,0.0,0.12943308309603935,0.0,0.0,0.0,0.0,0.0,0.0,0.07248477819657873,0.07059155724975293,0.13966480446927373,0.10322961215160006,0.0,0.0,0.09352787130564907,0.0,0.0,0.0,0.0,0.28054067839836777,0.18626929217668972,0.24834437086092717,0.0,0.24227740763173833,0.1876759461995621,0.2581477896095515,0.16605778811026237,0.1717622810030917,0.20898641588296762,0.29017047515415306,0.211864406779661,0.16909029421711194,0.0,0.19175455417066153,0.0,0.24464831804281345,0.19023462270133165,0.20006668889629878,0.0,0.0,0.0,0.22892025944296068,0.0,0.0,0.0,0.0,0.0,0.0,M
