state,1946,1948,1951,1952,1953,1954,1955,1956,1957,1958,1959,1960,1961,1962,1963,1964,1965,1966,1967,1968,1969,1970,1971,1972,1973,1974,1975,1976,1977,1978,1979,1980,1981,1982,1983,1984,1985,1986,1987,1988,1989,1990,1991,1992,1993,1994,1995,1996,1997,1998,1999,2000,2001,2002,2003,2004,2005,2006,2007,2008,2009,2010,2011,2012,2013,2014,2015,2016,2017,2018,2019,gender
Alabama,0.0,0.0,0.0,0.0,0.0,0.0,0.0,0.0,0.0,0.0,0.0,0.0,0.0,0.0,0.0,0.0,0.008810262193402875,0.0,0.0,0.009969692135906844,0.0,0.01142552462200556,0.015702592890651068,0.0,0.020368903474029646,0.01840857839753325,0.031169827606876546,0.03167178287774692,0.01610491199815944,0.026321456772989398,0.018250672993566638,0.024639921152252314,0.034464535992463755,0.04443612891154872,0.03074521675377811,0.04046270290855429,0.037868926179262026,0.053001830972342685,0.05031747933389242,0.04742483164184767,0.027328004372480702,0.0412305014087088,0.030661100497653245,0.012125621438098703,0.01959967660533601,0.022711214292924196,0.01287398939183274,0.0,0.018215410237060553,0.0,0.018395395895198802,0.0,0.013824757375508059,0.0,0.0,0.0,0.0,0.0,0.0,0.0,0.0,0.0,0.0,0.0,0.02106889528759042,0.0,0.0,0.0,0.0,0.0,0.020209369063497837,F
Alaska,0.0,0.0,0.0,0.0,0.0,0.0,0.0,0.0,0.0,0.0,0.0,0.0,0.0,0.0,0.0,0.0,0.0,0.14236322961155176,0.0,0.12518255789693303,0.0,0.0,0.10704727921498662,0.0,0.1141552511415525,0.0,0.1634320735444331,0.1765051970974701,0.09160864785635764,0.10471204188481677,0.13101867016049787,0.0779787897691828,0.0,0.08999742864489586,0.0844187168355041,0.08007320979180965,0.07974481658692185,0.06059137178865729,0.0,0.107095046854083,0.10395010395010396,0.06541077969649398,0.0,0.0,0.0,0.09493670886075949,0.0,0.0,0.08874689385871495,0.0,0.0,0.0,0.0,0.0,0.0,0.0,0.0,0.0,0.0,0.0,0.0,0.0,0.0,0.0,0.0,0.0,0.0,0.0,0.0,0.0,0.0,F
Arizona,0.0,0.0,0.0,0.0,0.0,0.0,0.0,0.0195160031225605,0.0,0.018140260494140695,0.024553649724648356,0.030005000833472247,0.026652452025586353,0.026526078450877018,0.030566499116967804,0.0732421875,0.026187803965581742,0.0552769771390216,0.035477767265846734,0.07074915494064932,0.05201173979269606,0.09129640900791236,0.06360684275718924,0.06549691475059465,0.07808256382400869,0.07832131318735111,0.120172246887205,0.10845986984815618,0.07579106928566917,0.06756756756756757,0.08999634389852912,0.07069728470058391,0.06551758895272654,0.07220935733671971,0.06643210392933592,0.04989071557540626,0.046639719273308754,0.05456609044875153,0.04605400879212895,0.0428974138987621,0.02823434506403146,0.041755313860775856,0.016220600162206,0.018028123873242256,0.022403714943277867,0.013969267611255238,0.02171124050133228,0.026951064567050396,0.013522389212996947,0.015269506794930523,0.011105969458583989,0.0,0.009079353550027237,0.01243493862469579,0.0,0.0,0.0,0.0,0.009692583558147424,0.0,0.0,0.0,0.0,0.0,0.0,0.0,0.0,0.0,0.0,0.0,0.0,F
Arkansas,0.0,0.0,0.0,0.0,0.0,0.0,0.0,0.0,0.0,0.0,0.0,0.0,0.0,0.0,0.0,0.0,0.0,0.01818181818181818,0.026502101238026727,0.034769171334749854,0.0187863986473793,0.0219482752313714,0.03638612960739366,0.05029402661714639,0.03551276486603796,0.03482837351495685,0.08359539827236177,0.05223190967897465,0.07343278967303084,0.04405639218199295,0.06446230850902472,0.03672420124862284,0.07385237299335329,0.08063587144338209,0.0927787227462502,0.06600916362506795,0.07770611547128758,0.06366638812621861,0.0357824427480916,0.02006501063445564,0.039119039236396355,0.02748223469828432,0.024459845087647775,0.03807911994922784,0.038509263617303495,0.03528737153191302,0.03525782282944028,0.02160667214035694,0.02179884030169595,0.0,0.0,0.0,0.0,0.0,0.0,0.0,0.0,0.0,0.0,0.0,0.0,0.0,0.0,0.0,0.0,0.0,0.0,0.0,0.0,0.0,0.0,F
California,0.002650129856362962,0.0,0.004757785467128028,0.0019980578877331233,0.006827155389849537,0.004041799556136922,0.01043984131441202,0.011214191049036598,0.017275886122574042,0.02509990422404967,0.027837210582024284,0.038831181438695274,0.04892064946806534,0.04871620313407573,0.048660889745653274,0.05059134601617014,0.04410625904851688,0.050736567227725585,0.06358687109726648,0.06755911422494683,0.06873469444147016,0.06874667696173553,0.06697066835222057,0.0745724310205013,0.06188699860860954,0.07763305442939704,0.08455813269499432,0.08223360639612204,0.07091499302226806,0.06659612410557705,0.05481977562300755,0.0505179732451565,0.04479655160531419,0.04862385321100917,0.04793256882393373,0.04499669141974855,0.03991342721421143,0.04089143324473523,0.037803157362298,0.0288457159051229,0.023219462218104957,0.018617963867691326,0.017455528075063304,0.015039020473891105,0.013218135281606366,0.009196567940267047,0.00923522108093132,0.011106380615663698,0.006865397025910008,0.006963012477718361,0.004522763634718994,0.003906086519816414,0.005991782698014152,0.005145253360850911,0.0039513643496618765,0.0033995393624163925,0.003418452808258982,0.0028184098531608467,0.00284149030483508,0.002668754225527524,0.002206260105459233,0.002956131015726617,0.0,0.0026955994339241188,0.003098704053104902,0.002726392845945172,0.0017611773118093982,0.0032477608493255484,0.002293788420956051,0.004068795189056568,0.005114631682585958,F
Colorado,0.0,0.0,0.0,0.0,0.0,0.0,0.0,0.0,0.018907165815844205,0.021705510486474754,0.02672581981452281,0.044525929806181246,0.03344223497028786,0.03693736478286106,0.04601683674850445,0.04267910999829283,0.05681280181800966,0.06054694069763531,0.09855777128026544,0.09319964005656255,0.08039082307835013,0.11449709353531796,0.1343470428383866,0.11527746645745943,0.0957915575707261,0.08561915332170604,0.1254272365244113,0.11413060242450414,0.09370150215220638,0.10035266794735785,0.061326791808873723,0.060678077516244024,0.06527415143603134,0.09406042808965565,0.06873324627122139,0.07875292428137957,0.08966960200492033,0.057477871019657435,0.054751475909350596,0.04837812341259282,0.05851517737413142,0.05122700883056057,0.024550721791220663,0.024504999019800036,0.02010403839871334,0.02037178507766743,0.012786415711947628,0.022712933753943218,0.0176852530254415,0.0,0.0,0.0,0.0,0.01342822613132805,0.01341291663872309,0.0,0.0,0.0,0.0,0.0,0.0,0.0,0.0,0.0,0.0,0.0,0.0,0.0,0.0,0.0,0.0,F
Connecticut,0.0,0.0,0.0,0.0,0.0,0.0,0.0,0.0,0.0,0.0,0.0,0.01416860641635462,0.0,0.010473178190653736,0.010320343461030383,0.014465798718743542,0.019503738216491495,0.01590258530601118,0.028604118993135013,0.04627938131774449,0.05064878684096281,0.028799078429490258,0.032439446366782004,0.03431173773355376,0.04686349333868916,0.06822445846836091,0.04528196732731896,0.07098743522396536,0.05220659891410274,0.04124420003437017,0.05259006047856955,0.02269117313365101,0.06631718562496053,0.05270500697566268,0.06072382803011902,0.044191733199776095,0.014227989300552045,0.02518539247236603,0.037382179381057916,0.02091886096802029,0.02835197690602608,0.017917018608103612,0.021310602024507193,0.016586957122715837,0.0,0.0,0.0,0.0,0.0,0.0,0.0,0.0,0.0,0.0,0.0,0.0,0.0,0.0,0.0,0.0,0.0,0.0,0.0,0.0,0.0,0.0,0.0,0.0,0.0,0.0,0.0,F
Delaware,0.0,0.0,0.0,0.0,0.0,0.0,0.0,0.0,0.0,0.0,0.0,0.0,0.0,0.0,0.0,0.0,0.0,0.0,0.0,0.0,0.0,0.0,0.0,0.0,0.0,0.0,0.0,0.0,0.0821557673348669,0.0,0.0,0.0,0.0,0.0,0.0,0.0,0.08636821649632935,0.0,0.0,0.0,0.07268322228952151,0.0,0.08534503779565959,0.06460783046905284,0.0,0.0,0.0,0.0,0.0,0.0,0.0,0.0,0.0,0.0,0.0,0.0,0.0,0.0,0.0,0.0,0.0,0.0,0.0,0.0,0.0,0.0,0.0,0.0,0.0,0.0,0.0,F
Florida,0.0,0.0,0.0,0.0,0.0,0.0,0.0,0.008329366968110423,0.0,0.006530754410980375,0.005274484155449597,0.00826856292376385,0.006210151527697276,0.009492469307682572,0.017124937119371512,0.016299387143043423,0.0069622529850659675,0.006018730288658305,0.02356706069138314,0.02565480844409695,0.024365623585923632,0.02837715420800454,0.027446588937926793,0.034206987661893416,0.03279923225500796,0.04776803840550288,0.05436362946761571,0.047499839527569164,0.05131651292076486,0.04423562043446553,0.042470913012864216,0.04381094050881822,0.03779582501502142,0.04427186615139134,0.05978619741937787,0.046014622424459334,0.05451631014084736,0.042263404676086885,0.040720053473881544,0.04104819497892615,0.047365964768080915,0.033485269898109106,0.033345867595621054,0.02549143851829193,0.02056464643497165,0.02170398754640163,0.017485707334874104,0.023139577934098484,0.016964705700912238,0.006166368625516433,0.010096695273969943,0.011419783633166097,0.008427310615346899,0.004633168855838951,0.0,0.0037218165442189023,0.006542647155038929,0.0056691752767266184,0.0,0.005270568393154285,0.006440757110998398,0.004185991996383303,0.0,0.0,0.0,0.004209073077926779,0.004998333888703766,0.005059491183836612,0.00435585601282364,0.0,0.0,F
Georgia,0.0,0.0,0.0,0.0,0.0,0.0,0.0,0.0,0.0,0.0,0.0,0.0,0.0,0.0,0.008454208384159228,0.0,0.0,0.008135924173186706,0.007055071891182571,0.007036505389963128,0.01230802893754359,0.007812906922235532,0.00812446683186416,0.013291391608701433,0.012420817289777666,0.014368274849133113,0.02213670265299867,0.020763401045091185,0.03599712023038157,0.033049657109807486,0.03322574520599962,0.022576760987357013,0.028778286025870167,0.04817680888862124,0.035924379181822265,0.038175784806037644,0.04104276939624671,0.031944000777766976,0.036280082234853066,0.027713991606619682,0.03425917701843651,0.018836648583484026,0.02084283201980069,0.027789172808956052,0.018857758620689655,0.01489324252968494,0.021630390698932,0.018985882640122596,0.015863782983448788,0.0,0.01522881291403335,0.0,0.006220685021834604,0.012502656814573096,0.0,0.0,0.011015237745548008,0.0070969802349100455,0.0,0.010002750756458026,0.007932835327559992,0.0,0.0,0.00882391870229569,0.009030432557719514,0.00892020873288435,0.00752683316021617,0.0,0.016199053975247846,0.020701433574275018,0.008956400243614085,F
Hawaii,0.0,0.0,0.0,0.0,0.0,0.0,0.0,0.0,0.0,0.0,0.0,0.0,0.0,0.0,0.0,0.0,0.04416570974295557,0.0,0.049855419284076184,0.0825593395252838,0.05761474937584021,0.07330034817665385,0.04911108928396032,0.06179196704428424,0.07338295418807003,0.07332146223944694,0.06227296315516347,0.0922982258229925,0.05060216577269508,0.06115584547956376,0.0,0.0759085302210836,0.05806638923836253,0.09227646027498385,0.1337852301105958,0.045662100456621,0.04730368968779565,0.07958615200955034,0.09736150326161036,0.07693787266782073,0.04768262445164982,0.05471956224350205,0.04757373929590866,0.06943755579803591,0.0,0.0,0.06967831842991523,0.0,0.07948072592396344,0.0,0.0,0.07129616426636247,0.0,0.0,0.0,0.0,0.0,0.0,0.0,0.0,0.0,0.0,0.0,0.0,0.0,0.0,0.0,0.0,0.0,0.0,0.0,F
Idaho,0.0,0.0,0.0,0.0,0.03848818412747287,0.0,0.0,0.0,0.04658746797111577,0.03923107100823853,0.04632131552536092,0.07034547444114428,0.07199424046076314,0.07452798940046373,0.07271405199054717,0.06815968841285297,0.06311803071744161,0.17465342211548956,0.12168141592920353,0.17613386173491855,0.14833651197287562,0.09724788485850433,0.13934507813277594,0.09010812975570685,0.09797198001371607,0.1277139208173691,0.13866019585752665,0.17088453088127592,0.07503564192991671,0.18918722258604379,0.13230276443144628,0.08920606601248886,0.07764523187689702,0.1622803922952092,0.17100371747211895,0.11541124874971147,0.1288867407765426,0.13774104683195593,0.09026085386767758,0.07358351729212656,0.06345752878252198,0.0702247191011236,0.0,0.0,0.060637560637560636,0.061990789939780376,0.0,0.0,0.0,0.0,0.0,0.0,0.0416181122024305,0.0,0.0,0.0,0.0,0.0,0.0,0.0,0.0,0.0,0.0,0.0,0.0,0.0,0.0,0.0,0.0,0.0,0.0,F
Illinois,0.0,0.0,0.0,0.0,0.0027153842811834727,0.0046496009092552885,0.004604122224097976,0.003948647834907035,0.006690849307736056,0.00784875450077016,0.01638893843061454,0.01845224510408523,0.01922659777957445,0.026506269752268326,0.03259452411994785,0.02675112889763948,0.026913738604608547,0.027436478587617795,0.0357389332544612,0.052784375824755876,0.04127244189027784,0.051281432501568615,0.06608957080655194,0.06124669447987145,0.07814175834278185,0.08436423876613466,0.12569789321077146,0.10636084071308008,0.08064455910574145,0.08502626704321156,0.07676542369444465,0.06277945577187341,0.07687762932169728,0.0981537072726882,0.0850346369534142,0.07047009425375106,0.061425510599556865,0.06345752878252198,0.0651692549228707,0.057726595153888866,0.050181998091670496,0.041789423097014146,0.03848620910840282,0.033139894541491154,0.027636689572751717,0.022053567354636573,0.014822558373575278,0.01922753382844233,0.014761721216693868,0.013194896873634123,0.005855339651523643,0.013345789403443215,0.007621563944921497,0.010486302267662865,0.0,0.00538846330007454,0.004617018329562768,0.009299989770011253,0.0056811188016626735,0.0,0.006214332321778128,0.0,0.00793012427637616,0.00580463906754278,0.0,0.0,0.0,0.007548214218319515,0.0,0.007087875480203563,0.0,F
Indiana,0.0,0.0,0.0,0.0,0.0,0.0,0.005226244107409769,0.0,0.005916459590580996,0.009168704156479218,0.009217628201845574,0.014371208310664463,0.01137009664582149,0.0160615048559283,0.017495325467726593,0.025354131069834095,0.02144644346479209,0.022029127401786804,0.041431781943276125,0.054068667207353344,0.030108767924125906,0.05489522172896081,0.08377618005626758,0.05522573519259975,0.06776337605790164,0.08466288116542835,0.12731310140636565,0.09839539812291856,0.09928628985840912,0.09364665944806999,0.09706552626396196,0.09115266690605751,0.1111175248210575,0.15165958921916975,0.09354678093456252,0.08362983912660037,0.08639898140148242,0.07788525943579917,0.08539034456585334,0.09094353921940128,0.06735921923180552,0.04863526498850439,0.06132766924940916,0.04828284401526361,0.0315741281593862,0.04049304329516189,0.024227936425894818,0.0278328066929714,0.021626297577854673,0.011620571732129222,0.01658512314453935,0.02143163309044149,0.01523951436747549,0.014021803905072386,0.010428616122640526,0.0,0.017866714311238163,0.0,0.016377333770062234,0.020768431983385256,0.015881208559971414,0.01044015701996158,0.021223762124074112,0.015246226558926667,0.0,0.015618724619572493,0.024975592035056646,0.0,0.02710761724044456,0.01545674687000876,0.01610954490535642,F
Iowa,0.0,0.0,0.0,0.0,0.0,0.0,0.0,0.021668472372697724,0.0,0.02221646239863739,0.016266334110502628,0.04520713911140847,0.07331243928813622,0.06862109717509816,0.05214810060572025,0.06717326504051388,0.056986551173922956,0.0882423086095874,0.12331672668080698,0.10811626269737504,0.12013815888271512,0.13693605575253698,0.18853895586595146,0.1498281383119363,0.15565655936741174,0.2277767787568183,0.2414475215266465,0.2571362533225471,0.27920962199312716,0.19644779332615714,0.18669121784051967,0.19059083157789147,0.20635043462560293,0.19928787798267522,0.15637002084933613,0.16564193267638058,0.1455731213788686,0.15941485371342837,0.12828736369467605,0.12568887170066712,0.12667447825949268,0.07834780156068821,0.06796336451017831,0.05308383928867655,0.061027292761485,0.04920567974131871,0.0253045584354553,0.050434093447170286,0.0,0.018597731076808628,0.04132386641121004,0.0,0.023425604185374614,0.0276789244760775,0.0,0.0,0.0,0.0,0.0,0.0,0.0,0.0,0.0,0.0,0.0,0.0,0.0,0.0,0.0,0.0,0.0,F
Kansas,0.0,0.0,0.0,0.0,0.0,0.0,0.0,0.0,0.013931457230426304,0.0,0.03074085459575776,0.02697599136768276,0.04288164665523156,0.03879176580117927,0.019312475859405175,0.0676212036574251,0.0556829348182116,0.05347021708908138,0.05925487000962891,0.05156537753222836,0.045719912780474076,0.058616647127784284,0.0554016620498615,0.1091350040420372,0.09202325678671519,0.0945762572474197,0.11108466238197254,0.14883223935277057,0.14428946686891858,0.13659689149776646,0.11346054667354306,0.042226986292470604,0.12716983531506326,0.12890335470980632,0.0835260858391159,0.06553509404285995,0.08046940486169321,0.09807237064592492,0.09112575353988504,0.06980315510261063,0.06947821857847565,0.0528466741826381,0.05905366501808519,0.04480454019340627,0.0346353665576294,0.03126343350658486,0.02788511333306776,0.024490795542675213,0.0,0.0,0.02369949046095509,0.0,0.019911592529170484,0.0,0.0,0.0,0.02041899783558623,0.0,0.0,0.0,0.0,0.0,0.0,0.0,0.0,0.0,0.0,0.0,0.0,0.0,0.0,F
Kentucky,0.0,0.0,0.0,0.0,0.0,0.0,0.0,0.0,0.0,0.0,0.0,0.0,0.0,0.0,0.00846353064644447,0.008544087491455913,0.009451081203689702,0.0,0.0,0.01667222407469156,0.010243592632808178,0.0,0.01364948131970985,0.014958223817766096,0.017586282699494395,0.02428524119660007,0.050105657582293094,0.055843123778431675,0.05300821627352239,0.035616266158261925,0.02855569380137475,0.040399959600040405,0.04607619326868704,0.0675604349202998,0.05082872928176796,0.05730527666987577,0.06481031409855798,0.03808979669571014,0.04767353165522502,0.060717928790013115,0.04931429644937066,0.03742865163282493,0.05165410532741659,0.021689882874632478,0.029943108094620224,0.030272452068617558,0.046302250803858525,0.03881384878124514,0.02586117720078618,0.023073373327180433,0.0,0.0,0.0,0.0,0.0,0.0,0.0,0.0,0.019289060347203086,0.0,0.0,0.0,0.0,0.0,0.0,0.0,0.0,0.0,0.0,0.0,0.0,F
Louisiana,0.0,0.0,0.0,0.0,0.0,0.0,0.0,0.0,0.0,0.0,0.0,0.0,0.0,0.008503762915089927,0.014662111637318008,0.007324182987387757,0.012740070707392427,0.0,0.0,0.01563314226159458,0.0,0.02112936453436163,0.009180038923365035,0.0,0.012621481761958856,0.027823555850437685,0.025305244511925094,0.03543733844742766,0.023415091026166367,0.034949420422111334,0.025708357052353234,0.013970138828254606,0.02758525568083859,0.035091237216763584,0.04102353725449977,0.020846724458419473,0.029863855950812472,0.04471355379599441,0.031641188917673584,0.040122775693622485,0.024301828712610624,0.018657876733627714,0.038028436819977605,0.02216508555723025,0.01618197790004161,0.014423423639991346,0.017275845899454575,0.015313544830402492,0.0,0.02563051055977035,0.0,0.0,0.0,0.014229204018327215,0.0,0.0,0.0,0.0,0.0,0.0,0.0,0.0,0.0,0.0,0.0,0.0,0.0,0.0,0.0,0.0,0.0,F
Maine,0.0,0.0,0.0,0.0,0.0,0.0,0.0,0.0,0.0,0.0,0.0,0.0,0.0,0.0,0.0,0.0,0.0,0.0,0.0,0.0,0.048927098623051654,0.0,0.0,0.052195958541495786,0.039881949429688125,0.041953347877160596,0.10079798404031919,0.07593014426727411,0.05587484035759897,0.0810241451952682,0.039038101186758274,0.0,0.0463284688441047,0.06935347152654697,0.06892326543115332,0.05314706552273935,0.12960280551955478,0.0,0.05416698908922077,0.0845698470054586,0.07443799315170463,0.0,0.03892868265337901,0.0,0.0,0.0,0.0,0.0,0.0,0.0,0.0,0.0,0.0,0.0,0.0,0.0,0.0,0.0,0.0,0.0,0.0,0.0,0.0,0.0,0.0,0.0,0.0,0.0,0.0,0.0,0.0,F
Maryland,0.0,0.0,0.0,0.0,0.0,0.0,0.0,0.0,0.0,0.0,0.0,0.0,0.0,0.010335027129446214,0.0,0.0,0.0,0.01661221551580929,0.011574967204259589,0.019958486348395338,0.0,0.01593308105954989,0.021347451114336946,0.03145110562732859,0.039814200398142006,0.038198139204933014,0.061884669479606184,0.04881410440475507,0.03824091778202677,0.046369537941192515,0.05668788167693061,0.034768787562707994,0.031243240645052756,0.0657566550269829,0.05598351845216769,0.04156094146469507,0.04627097968283347,0.03105268605734396,0.062322832271164634,0.03104445177438445,0.06312545255379588,0.03446024376088218,0.02781589585728591,0.04241127368766025,0.02836074872376631,0.03716474304709599,0.0,0.017288699673675793,0.013458044546127448,0.0,0.013580498404291437,0.011145290000445812,0.0,0.011565507031828275,0.0,0.016234142721306154,0.0,0.0,0.0,0.0,0.0,0.0,0.0,0.0,0.0,0.0,0.0,0.0,0.0,0.0,0.018894067262879455,F
Massachusetts,0.0,0.0,0.0,0.0,0.0,0.0,0.0,0.0,0.0,0.0,0.004743788009601427,0.004731174656043603,0.006557684200665137,0.005851603339314972,0.012741600345003332,0.007028606428162621,0.009574773662989245,0.012316511963811849,0.013858253167188276,0.007216308858019123,0.020302871064825874,0.019020899213010294,0.018146938352258,0.016197670480481804,0.022122844997866726,0.022985486307217442,0.0322083029614687,0.024478520098613465,0.02214537587516822,0.016873365392727577,0.01978369823265629,0.024104129840912744,0.020510555047174275,0.018531101365124467,0.02459873316524199,0.022515761032722906,0.020137510428353614,0.020215146920799943,0.02666853814302758,0.008254003191547902,0.02114136969648921,0.014498866452259188,0.0,0.007132871123284545,0.008928172849426366,0.012162305973212521,0.012473688313713262,0.0,0.0,0.0,0.0,0.0,0.0,0.0,0.0,0.0,0.0,0.0,0.0,0.010543407207473168,0.0,0.0,0.0,0.0,0.0,0.0,0.0,0.0,0.0,0.0,0.0,F
Michigan,0.0,0.0,0.0,0.0,0.0,0.0029261327059704814,0.0040167556091122965,0.006053302076282612,0.01035224888985752,0.01801527920867886,0.021332779834180877,0.02002214213365369,0.035261773846521634,0.0359605569470118,0.044089995461324,0.047659078723531006,0.04272875645309293,0.03887612652412087,0.060283842477593295,0.0753568257615889,0.05975718179300696,0.06925158819331086,0.06842805550275613,0.10263457003749131,0.09379941219035028,0.07979821141939922,0.10729002487609428,0.10296480913018795,0.1291327044601154,0.10933542285474789,0.11782498593134495,0.09719944110321366,0.10454597808078393,0.11312725019976837,0.12140002241231183,0.08828560392870938,0.09399600516978028,0.06841842489691008,0.0966060296744559,0.07906155769655071,0.07089839647083537,0.06297663825528832,0.05649109592726099,0.04459456895079416,0.030353471066288065,0.02323467016870391,0.02081035523276382,0.0319138750890929,0.017249000097025628,0.016374473287775908,0.006671484961360982,0.008853474988933158,0.01260658292839461,0.01194372118577264,0.009614113518645372,0.006123548718953607,0.008876827675412455,0.006517800112106162,0.0,0.0,0.0,0.0,0.00790213989948478,0.0,0.0,0.0,0.0,0.0,0.009059940566789881,0.013188138211688459,0.011943388339271853,F
Minnesota,0.0,0.011145786892554615,0.008582217645039478,0.0071826696546572425,0.012943122168692025,0.023960535588442567,0.033645960381881654,0.038485327468902486,0.06142096057041379,0.08536354028346116,0.12269298039522802,0.11679943306342604,0.15130010979300001,0.17736544102599086,0.20578796644073163,0.19389748985420113,0.1988233568553316,0.2343261820454072,0.24937655860349126,0.3462141839623492,0.35388472960717016,0.33817008575027174,0.36379483487125075,0.34628218850343134,0.3613289856349696,0.3556975505857295,0.46204344462796093,0.45778018227974526,0.37871393433022293,0.34100434351901243,0.2334883889301164,0.24942407288725688,0.25487798577505294,0.2852527752001925,0.24982476320566507,0.2020309426338455,0.20446261889945772,0.1707738073377649,0.14981834525637663,0.1594216331448698,0.11257989540964557,0.12948406981197455,0.09496322502560284,0.09872050482956196,0.06723220818255522,0.07865281839265907,0.06051247809030966,0.05049442457395329,0.02518045996306866,0.042459239130434784,0.03186472362663041,0.018984938615365144,0.010797736794367902,0.01080356949936259,0.0,0.015178455266923976,0.019767620637395945,0.0,0.013477391675464407,0.016388453164142065,0.0,0.0,0.0,0.0,0.0,0.0,0.0,0.0,0.0,0.0,0.0,F
Mississippi,0.0,0.0,0.0,0.0,0.0,0.0,0.0,0.0,0.0,0.0,0.0,0.0,0.0,0.0,0.0,0.0,0.0,0.0,0.0,0.0,0.0,0.013811391635821225,0.0,0.0,0.0,0.0,0.0,0.02071608604081069,0.0298804780876494,0.02739256976545112,0.016731361263552402,0.0,0.02939735423811857,0.0227620069586707,0.047806044049854876,0.024213075060532687,0.042500442712944925,0.043882103415490384,0.06476683937823835,0.030455306837216384,0.03695764653706852,0.033474670832403484,0.0,0.028221254636348978,0.02074258452603194,0.021180158427585038,0.0,0.02262136361579876,0.0,0.0,0.0,0.0,0.0,0.0,0.0,0.0,0.0,0.0,0.0,0.0,0.0,0.0,0.0,0.0,0.0,0.0,0.0,0.0,0.0,0.0,0.0,F
Missouri,0.0,0.0,0.0,0.0,0.0,0.0,0.0,0.0,0.0,0.005744155321959906,0.009105187680681068,0.012613666334124553,0.012736346058100895,0.019283846163117232,0.016300940438871474,0.02732916021394828,0.01972136528194509,0.016176708481007076,0.032189828014347464,0.032586937293422095,0.02372655149403129,0.04764379764379764,0.04515760002408405,0.05755253724471339,0.06131100444942718,0.0705279273390329,0.08075133854120951,0.09235380218861086,0.079247152055473,0.059838436222200066,0.07566681379658238,0.06598532977319461,0.06924226925800614,0.08334381683230595,0.0717291507268554,0.0646036565669617,0.048670204414858545,0.05645070240802568,0.04709933086467875,0.054623738834265155,0.05643606264402953,0.02356637863315004,0.04476776720761052,0.023393376332586976,0.027238678924072182,0.010560777273207308,0.017838985318515084,0.021536252692031587,0.019921761808171543,0.020010187004293096,0.0,0.013052396046988626,0.017350066508588283,0.01184927719409116,0.0098613494270556,0.0,0.0,0.015829672721516485,0.012088000644693368,0.0,0.0,0.0,0.0,0.0,0.0,0.0,0.0,0.013149589732800337,0.0,0.017213185299939756,0.0,F
Montana,0.0,0.0,0.0,0.0,0.03761095230931247,0.04328692013563235,0.0,0.08467998024133794,0.05517241379310345,0.11064394777605664,0.10958503798947983,0.1566579634464752,0.13441863938466134,0.10161012974831954,0.13336667500208385,0.2214545132429799,0.09869719699960522,0.13838620395997445,0.20102747375474647,0.24151811385853938,0.21266540642722118,0.22019156666299683,0.21682072349651946,0.28465346534653463,0.2258469259723965,0.2964314217307034,0.28763183125599234,0.43403769274700177,0.3500954805856143,0.24429102496016994,0.19049528774814517,0.19984012789768185,0.19813750743015654,0.14516597309590631,0.1100880704563651,0.13,0.1702127659574468,0.14961445505811946,0.18013690404707577,0.15503875968992248,0.16754736435107617,0.11922108888594515,0.12142471667566108,0.08197841235141412,0.0,0.10153756890049319,0.0,0.0,0.0,0.0,0.0,0.0,0.0,0.0,0.0,0.0,0.0,0.0,0.0,0.0,0.0,0.0,0.0,0.0,0.0,0.0,0.0,0.0,0.0,0.0,0.0,F
Nebraska,0.0,0.0,0.0,0.0,0.0,0.0,0.0,0.0,0.0,0.032218801460585665,0.038013615786017904,0.03803070114783571,0.04467968105581523,0.05247323864828937,0.0437078856310326,0.034981343283582086,0.043110881186411446,0.03761519653940192,0.08548297883039171,0.08061265618702136,0.13250883392226148,0.1375059269796112,0.12106537530266344,0.13689253935660506,0.15842665938268233,0.20363408521303256,0.23263191286877444,0.24479166666666669,0.2023492251505281,0.18731207177009906,0.13729760439352334,0.12199530092174228,0.15386704077476582,0.16055782375338318,0.1127554615926709,0.15073009891662742,0.11629033821106696,0.09158441029815813,0.11108760050782902,0.10641127959563715,0.0949667616334283,0.047556142668428,0.054466230936819175,0.051087018221036506,0.05856172405715624,0.047855476461087516,0.0,0.0,0.0,0.036895830771122864,0.0,0.0,0.0,0.0,0.0,0.0,0.0,0.0,0.0,0.0,0.0,0.0,0.0,0.0,0.0,0.0,0.0,0.0,0.0,0.0,0.0,F
Nevada,0.0,0.0,0.0,0.0,0.0,0.0,0.0,0.0,0.0,0.0,0.0,0.0,0.0,0.0,0.10711553175210406,0.07207726683004181,0.0,0.0,0.0,0.1537147736976943,0.08069722401549387,0.09117155447500379,0.1074443591711435,0.08336112037345782,0.0,0.0,0.08552856654122476,0.20424194815396698,0.08916629514043692,0.0,0.07062146892655367,0.08698488637599218,0.11230219499744767,0.058354405757634696,0.0,0.0,0.06573387172504461,0.0,0.08586639189421261,0.06438631790744467,0.059333976118074616,0.06119951040391676,0.039077764751856196,0.0,0.0,0.0,0.0,0.0,0.0,0.0,0.0,0.0,0.0,0.0,0.0,0.0,0.0,0.0,0.0,0.0,0.0,0.0,0.0,0.0,0.0,0.0,0.0,0.0,0.0,0.0,0.0,F
New Hampshire,0.0,0.0,0.0,0.0,0.0,0.0,0.0,0.0,0.0,0.0,0.0,0.0,0.0,0.0,0.0,0.0,0.0,0.0,0.0,0.06090133982947624,0.05821851348728896,0.0,0.0,0.0,0.05632533513574405,0.0,0.0,0.0670690811535882,0.060944641950228536,0.0700770847932726,0.0,0.08078269455165604,0.06239971474416117,0.0,0.044468160796869445,0.0,0.04029658284977434,0.0,0.0,0.05061460592913956,0.05610491619328144,0.0,0.0,0.0,0.0,0.0,0.0,0.0,0.0,0.0,0.0,0.0,0.0,0.0,0.0,0.0,0.0,0.0,0.0,0.0,0.0,0.0,0.0,0.0,0.0,0.0,0.0,0.0,0.0,0.0,0.0,F
New Jersey,0.0,0.0,0.0,0.0,0.0,0.0,0.0,0.0,0.0,0.0,0.0,0.0,0.006087697632755292,0.008957603661868376,0.007128091809822511,0.010740465599183725,0.007581572986855447,0.009905501515541731,0.013434331952008435,0.01917280018746738,0.01568561837936191,0.015502273666804465,0.0256710753948323,0.01906504995043087,0.021695209426568496,0.026147028871824515,0.036008526819150774,0.023467636662315376,0.03995661852845482,0.028904240252044973,0.026826685492410875,0.02233389168062535,0.036235418728136806,0.03917701255015333,0.04714693679616359,0.02917501027756044,0.017879492222420884,0.016090702049707892,0.03349482624558885,0.025489514540609434,0.009875242766384674,0.01105791027611602,0.011425568136375581,0.006989829797644427,0.01084010840108401,0.009795398611502247,0.0,0.006408859607521437,0.0,0.007905138339920948,0.0,0.0,0.006839664582848857,0.0068772007042253525,0.0,0.0,0.0,0.007355861886337222,0.0,0.0,0.0,0.0,0.0,0.0,0.0,0.0,0.0,0.0,0.009712132395788818,0.0,0.0,F
New Mexico,0.0,0.0,0.0,0.0,0.0,0.0,0.0,0.0,0.0,0.0,0.025230225810521003,0.0,0.029473684210526315,0.025848698948819575,0.04135079255685734,0.037965072133637055,0.0,0.0,0.03073896471166851,0.0,0.03670173721556154,0.05368006680186091,0.07116171499733144,0.05126890540886952,0.03923620193565263,0.08845643520566121,0.0390396252195979,0.10611735330836455,0.04884601294419343,0.06991377301328362,0.0625995902572274,0.05730957590913828,0.03674733581815318,0.04537662599576485,0.05537934853748175,0.050945030312293034,0.025411669038422444,0.04643962848297213,0.03605274000824062,0.03636363636363636,0.036467830164105236,0.02633658151171978,0.02632410234810993,0.02653786953983334,0.0,0.027821054974404628,0.0,0.0,0.04199412082308477,0.0,0.0,0.0,0.0,0.0,0.0,0.0,0.0,0.0,0.0,0.0,0.0,0.0,0.0,0.0,0.0,0.0,0.0,0.0,0.0,0.0,0.0,F
New York,0.0,0.0,0.0,0.0,0.0,0.0019502111103526956,0.0,0.0031679755685724152,0.002470989044252325,0.003410630625602674,0.004369660820684726,0.007542805420762829,0.008495535124317997,0.00614831018548481,0.011360058682817423,0.012230070769139234,0.009705944544392563,0.011295647167707566,0.023723158394171755,0.027895098713289462,0.022449816917872376,0.027583564792644382,0.03309225336474195,0.03159869655376715,0.037683374731970365,0.03730567739116069,0.048604663863251595,0.059063158940616686,0.047094385911112084,0.039951607911543764,0.03408297248219025,0.03694615236152086,0.03256197629488126,0.044812188915384986,0.03016256032512065,0.04806295719227824,0.0359754750047539,0.03770066689422925,0.03682929621205711,0.03218978315791527,0.02067029438344838,0.020871307517844967,0.020127281091857078,0.014787940927105309,0.013769468498515958,0.014106509370379465,0.01464684821525442,0.014659036450257942,0.01172154302392367,0.008289075590448617,0.011470313018805276,0.006043647220224461,0.006910936871733011,0.0031790841694324698,0.004432399574489641,0.003242163690360399,0.0053554692729950466,0.004700668166403654,0.005373707791204584,0.0048765875033961945,0.0,0.0,0.0,0.004543320561554421,0.006942944425587064,0.0,0.00475827940616673,0.0,0.005999417199472051,0.0,0.005659362944377895,F
North Carolina,0.0,0.0,0.0,0.0,0.0,0.0,0.0,0.0,0.0,0.0,0.0,0.00539176569542994,0.006422126366039795,0.0,0.0,0.009154994049253868,0.009924819492345483,0.0,0.0,0.00789712676204641,0.0,0.009998000399920015,0.011686642168001974,0.007079746261893973,0.011975151560511937,0.03377289264825532,0.024426784783741533,0.022996813298728606,0.03627016542349361,0.0259126097237068,0.03028950388980997,0.031264166575479514,0.017238407171177385,0.029075550522594765,0.056107976684018575,0.02879267756747337,0.03371198241113961,0.05718726630203674,0.05241312878047398,0.04946209966613083,0.027312099259972168,0.03346246412437741,0.02002349423323366,0.020170508027862195,0.018164542812430136,0.02527344463009506,0.014104372355430182,0.02361012735580462,0.01782384556323352,0.013354344168157903,0.018551154809386884,0.011447177634758719,0.011857551283909303,0.01870982399401286,0.008014211869047778,0.01336737558315176,0.006638783774812454,0.007745633399171218,0.0,0.009201566895391328,0.0,0.0,0.0,0.0,0.007700244867786795,0.0,0.0,0.0,0.0,0.010259567046270648,0.010646792653713068,F
North Dakota,0.0,0.0,0.0,0.0,0.0,0.0,0.035963461123498526,0.04467609828741623,0.09027986758952752,0.12797350195724178,0.14729709824716453,0.16709706820598513,0.21546748749519043,0.2187120291616039,0.22877478393492628,0.2503800411338639,0.317735413056037,0.19764901695620515,0.29789184234647115,0.4101242090461683,0.47721849789796617,0.34417675141556564,0.3076923076923077,0.42532506987483293,0.505369551484523,0.5107761305593621,0.4983980064079744,0.35599448782728527,0.4921365143896438,0.4537107054121205,0.31893004115226337,0.4113162118780096,0.3966334526458354,0.38653719242009993,0.29469548133595286,0.2844950213371266,0.2678755409025345,0.26507620941020543,0.31070195627157654,0.2270825863511414,0.13630731102850063,0.11892177589852009,0.12298442197321673,0.11264432554210081,0.0,0.08972633467922835,0.10537407797681769,0.20507966556239154,0.11317704122877931,0.0,0.0,0.0,0.0,0.0,0.0,0.0,0.0,0.0,0.0,0.0,0.0,0.0,0.0,0.0,0.0,0.0,0.0,0.0,0.0,0.0,0.0,F
Ohio,0.0,0.0,0.0,0.0,0.0,0.0,0.0,0.0,0.0046452859638039315,0.005339546623950294,0.005890408941640773,0.008920429766482973,0.006498505343770933,0.013734449697577982,0.010277492291880781,0.018222379290542032,0.013594023358078395,0.013329294153286883,0.02061675329868053,0.031298708615282535,0.030157557853274248,0.03755141316529076,0.03869196205691462,0.04509010976623596,0.06189780150941145,0.05582475492932586,0.0703649900127111,0.07977569861825393,0.06890714761858395,0.05880002713847406,0.049289649173673525,0.0610765089803774,0.06594225751885088,0.08601210000728916,0.07467133299643237,0.07606624541531416,0.06469375780462486,0.0715621320898451,0.07829771554900516,0.06507376302432227,0.049223778871639534,0.048750487504875054,0.04933436556005889,0.043461082576056895,0.04173315330796612,0.02592840414854466,0.02742872816416094,0.029096680333289247,0.025059740631684462,0.020879669556533975,0.013753392503484192,0.02654146417359948,0.022798734670225803,0.014762181259902963,0.01094712538439338,0.013249892981633609,0.013586530522663377,0.010532635370696103,0.00865229664399044,0.007862165015612014,0.014160795836726022,0.014944704593005878,0.012775797529160759,0.013041040153362634,0.0079094108807129,0.013255040229047095,0.017655846801575448,0.014030952280731293,0.01617052554208012,0.01988284416438524,0.01606451509261193,F
Oklahoma,0.0,0.0,0.0,0.0,0.0,0.0,0.0,0.0,0.0,0.016973811833171676,0.03855328787258139,0.02449479485609308,0.03211859172328598,0.0298040384472096,0.07729169887154119,0.04044434857635893,0.030195971857354228,0.04214211618257262,0.08813736371352092,0.10549197621635446,0.07954962672867458,0.08727780525412387,0.08734895909157082,0.09081230036951211,0.10496277101715486,0.098990931153404,0.1372355025053458,0.13744845682868925,0.11993643369014421,0.13770393653644664,0.11050639555764291,0.1200354887531966,0.15101938082053865,0.13169845594913715,0.11484554446163221,0.10065301713556242,0.0754565118969767,0.09058212335153856,0.07397501920505306,0.08105369807497466,0.04396506243038865,0.04689606659241456,0.032547267508950505,0.04561488869967158,0.03154972236244321,0.01618018251245874,0.0,0.023230345468423324,0.01921229586935639,0.0,0.0195248942401562,0.0,0.0,0.0,0.016757716928645642,0.0,0.0,0.0,0.0,0.0,0.0,0.0,0.0,0.0,0.0,0.0,0.0,0.0,0.0,0.0,0.0,F
Oregon,0.0,0.0,0.0,0.0,0.0,0.0,0.0,0.034293552812071325,0.06026962727993656,0.04674145299145299,0.0766130375403884,0.08537549407114625,0.039160656593675555,0.07315775472200053,0.13797495223943962,0.13626988803771362,0.13845750851326574,0.10692328254477412,0.17982096086939525,0.1809432146294514,0.14297760017597244,0.15402387370042356,0.17956007780936706,0.1433634662100275,0.1777346905800614,0.20683315458863183,0.18267904410394065,0.16082341588935348,0.18762354675511778,0.15976482617586912,0.1678003176220298,0.11591850928797055,0.1510047624578929,0.11535075736878853,0.10926914551528207,0.08685671743648603,0.13641699184670536,0.08069722401549387,0.10432968179447052,0.0800102413108878,0.08281700509171216,0.07693445776002367,0.03912834095834337,0.03709657474959812,0.03792547643879776,0.03833253473885961,0.02232071681387711,0.018889308651303362,0.0,0.01591748376416656,0.019462194686820852,0.01620430386310604,0.0,0.020311442112389978,0.0,0.0,0.0,0.0,0.0,0.0,0.0,0.0,0.0,0.0,0.0,0.0,0.0,0.0,0.0,0.0,0.0,F
Pennsylvania,0.0,0.0,0.0,0.0,0.0,0.0,0.0,0.0,0.0,0.0,0.003612537310736912,0.00230051117358277,0.0032561017020108756,0.004949416958682267,0.005058322457940048,0.005663009735228554,0.005503607614791496,0.008068327205246719,0.012033259930447756,0.015329523435775427,0.014828453330532402,0.015037141740098042,0.029612653615640628,0.021581802224364417,0.017666351744744263,0.02178361094470853,0.04247237292346158,0.04262780297912042,0.043783864082376216,0.035452053067784324,0.038065365846231144,0.042942058355997195,0.04026695499794937,0.051768638558761106,0.04450646852487459,0.04637760493883478,0.03453427526820369,0.03779346626555201,0.046000241312741316,0.041814136164747696,0.03726435773783428,0.02325496893281494,0.02242403856934634,0.02884607888233139,0.02897804108442269,0.023314487455973087,0.0155732244361195,0.02602717596165928,0.0197667523225934,0.014144004827820314,0.008624324427919813,0.01647765823398275,0.009031701271462834,0.009214891264283081,0.0,0.005267982257435757,0.0,0.0,0.0,0.0,0.0,0.007154184601810008,0.0,0.0,0.0,0.00629009938357026,0.0,0.0,0.008373105584861425,0.008737312693859125,0.01665001665001665,F
South Carolina,0.0,0.0,0.0,0.0,0.0,0.0,0.0,0.0,0.0,0.0,0.0,0.0,0.0,0.0,0.0,0.0,0.0,0.0,0.0,0.0,0.0,0.0,0.0,0.016014092401313153,0.01390936656744652,0.0,0.01832788587836393,0.015199878400972791,0.026565912981876143,0.0,0.0,0.02281867708719587,0.019994287346472437,0.025747389500786727,0.02605146611862101,0.04962779156327543,0.03137031227719948,0.028537183950687744,0.03653943448198325,0.04085746193446463,0.018133775452049118,0.028303828736105395,0.043228055007699995,0.016790261648244018,0.05018450184501845,0.0,0.0,0.0,0.01948431512632331,0.019180359312064448,0.01598056762976221,0.0,0.0,0.0,0.0,0.0,0.0,0.018508807107381932,0.0,0.0,0.0,0.0,0.0,0.0,0.0,0.0,0.0,0.0,0.0,0.0,0.029787234042553193,F
South Dakota,0.0,0.0,0.0,0.0,0.0,0.0,0.0,0.0,0.05568316280364725,0.0,0.08254230293025176,0.06405693950177936,0.09308986752595776,0.11061131185015854,0.17469238948807536,0.12154606595899846,0.14087152516904583,0.187207488299532,0.26734859932581656,0.23438415563107937,0.2004008016032064,0.3137958085845568,0.26966819087818034,0.1792573623559539,0.3108003108003108,0.34448818897637795,0.449192667233216,0.23207240659085634,0.3580219288431416,0.28574568633915814,0.27270820222362074,0.21156558533145275,0.2942103604076915,0.32121023728111076,0.39424613745338305,0.19469983775013522,0.20190689848569826,0.19939010086793338,0.1295336787564767,0.15939185875429132,0.12405408758218582,0.12642225031605564,0.16609173374217454,0.0,0.10884353741496598,0.08350730688935282,0.0,0.0,0.0,0.0,0.0,0.0,0.0,0.0,0.0,0.0,0.0,0.0,0.0,0.0,0.0,0.0,0.0,0.0,0.0,0.0,0.0,0.0,0.0,0.0,0.0,F
Tennessee,0.0,0.0,0.0,0.0,0.0,0.0,0.0,0.0,0.0,0.0,0.0,0.0,0.0,0.0,0.008932160242954758,0.0,0.0,0.0,0.008616232982939858,0.012278763002332964,0.013487086115044844,0.009792401096748922,0.015073861923424782,0.012742563803837332,0.016909664812866376,0.018841617364434564,0.029492725127801808,0.03950617283950617,0.040943944018462,0.04833252779120348,0.037978117370467496,0.0391821614305051,0.052677468575165295,0.03788425458219079,0.04412089124200309,0.055887777343095066,0.04569130951293064,0.050317747255819154,0.04192642823289219,0.03533943527582429,0.05190042039340518,0.030471289274106174,0.029096137059920927,0.03678724708767627,0.021444271698922424,0.025092753571236533,0.02350856254181812,0.02167042889390519,0.012718485410080306,0.02306682281131339,0.015977276761938577,0.01063301906854753,0.010967918837400602,0.0,0.0,0.0,0.0,0.0,0.0,0.009546721655783404,0.0,0.010719492324843495,0.0,0.0,0.0,0.0,0.0,0.0,0.0,0.012489384023579958,0.0,F
Texas,0.0,0.0,0.0,0.0,0.0,0.003421393484689264,0.0034364598572396393,0.0023984151272838906,0.006200781298443604,0.010777709736680956,0.017043656107715906,0.016658745596456588,0.018055973517905506,0.017630110213374708,0.027597554752507213,0.023038882132007436,0.01976893602423439,0.02172863351038146,0.025346859705131532,0.027348069583001393,0.033513749015533625,0.03870010642529267,0.03901825729289163,0.0444592641991775,0.04663370421078434,0.04138118574831963,0.06659045104717905,0.05489371642139687,0.06056425699433051,0.04898918971880205,0.04676483894087806,0.0450820634436122,0.04713987852415919,0.04908186769422857,0.04377107295467744,0.0442746057195913,0.039504761584561204,0.03662052197018408,0.0392009965764463,0.03623742059420638,0.022267613896703963,0.025921249571463214,0.024871846755699447,0.01744057443296864,0.01417203128153814,0.020803446437626497,0.01173112266843937,0.010308835531119796,0.011200475589425028,0.007672045623097972,0.008404244143292362,0.009403914481619435,0.0049579811100919705,0.005752557833751079,0.00327641920145473,0.003681282722513089,0.004514913580449603,0.0048306067242045595,0.0032104532357355546,0.003275802059660545,0.004224364444369345,0.005326539036872966,0.0027558205225954317,0.004581040904114233,0.004086451144206321,0.007128155322504478,0.003996909056995923,0.0036720155693460137,0.00538452878030633,0.00455788514129444,0.005205540777603682,F
Utah,0.0,0.0,0.0,0.0,0.0,0.0,0.0,0.04891410682840931,0.048419115866944265,0.060517423974986134,0.025166096235152004,0.04393029726167814,0.06378489769883715,0.09375771033802122,0.09893256964332205,0.09264305177111717,0.13560521195684216,0.06928806513078123,0.160375737442007,0.14228799089356858,0.09757684176288828,0.10127803231251507,0.11944006497539535,0.13167520117044623,0.13599062133645953,0.13045747086449816,0.14542130629882002,0.10622710622710622,0.11644234391588752,0.1077658786286792,0.15821282789608582,0.09643501524295402,0.07624130372629372,0.10625996187142546,0.07606826299775102,0.09587727708533077,0.08210180623973727,0.07008225443546899,0.06939090208172706,0.05359467115841054,0.053615196078431376,0.03799536456552301,0.023322708543885563,0.026886883042058767,0.02696767731247833,0.0,0.01830295043561022,0.0,0.0,0.016955474922852588,0.0,0.0,0.0,0.0,0.0,0.0,0.0,0.01592407401509602,0.015820782179470954,0.0,0.0,0.0,0.0,0.0,0.0,0.0,0.0,0.0,0.0,0.0,0.0,F
Vermont,0.0,0.0,0.0,0.0,0.0,0.0,0.0,0.0,0.0,0.0,0.0,0.0,0.0,0.0,0.0,0.0,0.0,0.0,0.0,0.0,0.0,0.0,0.11651131824234355,0.0,0.0,0.0,0.0,0.0,0.0,0.15360983102918588,0.0,0.08605851979345956,0.10344827586206896,0.11832319134550372,0.11822327309576085,0.0,0.0,0.1342281879194631,0.0,0.10244152296397474,0.0,0.1343183344526528,0.0,0.0,0.0,0.0,0.0,0.0,0.0,0.0,0.0,0.0,0.0,0.0,0.0,0.0,0.0,0.0,0.0,0.0,0.0,0.0,0.0,0.0,0.0,0.0,0.0,0.0,0.0,0.0,0.0,F
Virginia,0.0,0.0,0.0,0.0,0.0,0.0,0.0,0.0,0.0,0.0,0.0,0.009113633996458701,0.0,0.0,0.00772807480776414,0.010355987055016181,0.012720488466757123,0.02091518890897411,0.01221075767751389,0.00920104278484895,0.016750418760469014,0.023574133282256046,0.032358968827526695,0.01713326251584827,0.014524328249818447,0.031128119678464836,0.03392513852764899,0.043550708172385065,0.05251435090451442,0.06194206595008198,0.04582466777115866,0.04117626874378067,0.05407597674733,0.052730448538377876,0.04965325477085023,0.04865785418863028,0.04652028284331969,0.04454137740369847,0.06228219767183213,0.06256092415579124,0.03661662394727206,0.03182157779683998,0.027068611807613403,0.03194517047104606,0.03139013452914798,0.033102618116160096,0.026550469318590012,0.02859457656197875,0.014586946303829883,0.014489020542211345,0.012824006540243337,0.012587324564163888,0.01594387755102041,0.011192836584585865,0.0,0.0,0.00787141260370586,0.007837973413594181,0.0,0.0,0.008511362669163334,0.0,0.0,0.0,0.0,0.0,0.0,0.0,0.013695949911954606,0.020085564504790408,0.0,F
Washington,0.0,0.0,0.013703725455648871,0.025781264386866287,0.01656390908254348,0.014299503092267542,0.027099781395096747,0.014186912573151269,0.03727369542066027,0.08155424263293341,0.08023633247018491,0.06269939329116492,0.11548419542906105,0.12916994271593846,0.15040006417069404,0.15032104279854833,0.12158907568919962,0.14056320579406298,0.21223752540076765,0.17043219857536163,0.1970589481713777,0.2028397565922921,0.24351581704151254,0.17253736097470337,0.1777346905800614,0.18392213962755766,0.1670590022021414,0.18863361547762997,0.20226537216828477,0.14918169452854196,0.09993404353126938,0.10009631909951085,0.12746854852118011,0.1134166294808865,0.12806473765288887,0.0940114693992667,0.09814087845344789,0.1038108000981484,0.09359790340696368,0.08265980896399706,0.05641251652710445,0.045610419446931436,0.047337278106508875,0.039270591449255564,0.05007690381657546,0.031338138514572234,0.02445953827917741,0.02826508884659594,0.017067435333383906,0.030101781649201364,0.013239521864124679,0.01896633475580844,0.02533866094922522,0.009949456759660922,0.009918273426961834,0.0,0.0,0.0,0.00968954691678617,0.0,0.0,0.0,0.0,0.010750376263169211,0.0,0.013051990428540354,0.0,0.010999406032074268,0.0,0.012114457393453348,0.0,F
West Virginia,0.0,0.0,0.0,0.0,0.0,0.0,0.0,0.0,0.0,0.0,0.0,0.0,0.0,0.0,0.0,0.0,0.0,0.0,0.0,0.0,0.028754518567203416,0.027287256851050563,0.0,0.04845352499394331,0.04297193932362168,0.04372731645458919,0.05201560468140442,0.054975261132490384,0.06337888690829867,0.0737312087822062,0.06027243138988227,0.04423355316068844,0.03841885084948348,0.08713078330574192,0.07674943566591422,0.11025358324145534,0.10720202709287593,0.06130268199233716,0.09582623509369677,0.07146391072508383,0.08278602571885865,0.07636919048658083,0.02764722145424385,0.045297548270199876,0.04629897563516407,0.06547229331587405,0.06818745350855443,0.0,0.045534378455734076,0.03354128932716174,0.0,0.0,0.0,0.0,0.0,0.0,0.0,0.0,0.0,0.0,0.0,0.0,0.0,0.0,0.0,0.0,0.0,0.0,0.0,0.0,0.0,F
Wisconsin,0.0,0.0,0.0,0.006286540516753631,0.013926518623553541,0.010957970096917157,0.013315256863409675,0.02637858059255884,0.029063346469965938,0.037539739333435004,0.07226345189892293,0.07736679826607352,0.07177088880142615,0.09760094468074851,0.08361308357564488,0.10427125975129374,0.1078569650709367,0.11146519570716092,0.14271616184620056,0.16981896363693016,0.18337408312958436,0.1845716274073738,0.21440469711213367,0.1862884335171625,0.2097902097902098,0.2581377466954707,0.285740452422383,0.241241296123691,0.2351056233782066,0.22846180676665503,0.21636506687647525,0.18214354189301463,0.212844865117629,0.2061722827137427,0.18690352139466415,0.1979903974657229,0.14693257610777255,0.126193724420191,0.14190361065853785,0.10744733319241881,0.10328950823690061,0.09418987982069037,0.05022691804043267,0.0613462718197535,0.06292426207001754,0.04941004407375932,0.02634939295052395,0.02675943270002676,0.03593016866043877,0.023166673686870816,0.010611655842777706,0.019134686935260978,0.0,0.015486725663716814,0.0,0.0,0.0,0.0,0.013855213023900243,0.0,0.0,0.0,0.0,0.0,0.0,0.0,0.0,0.0,0.0,0.0,0.0,F
Wyoming,0.0,0.0,0.0,0.0,0.0,0.0,0.0,0.07864108210128971,0.08091924259588931,0.0,0.10133423408208073,0.0,0.11223344556677892,0.10496850944716585,0.14936519790888725,0.0,0.0,0.0,0.16538037486218302,0.15843675732770002,0.1285016705217168,0.20847810979847115,0.1500750375187594,0.0,0.207092932953663,0.3397233681145353,0.3068932955618508,0.19599303135888502,0.09584052137243627,0.0,0.1602307322544464,0.1014786894752102,0.12706480304955528,0.1536312849162011,0.20645922430320013,0.125,0.11591323066732903,0.14964459408903852,0.0,0.116795141322121,0.12165450121654502,0.0,0.0,0.0,0.13796909492273732,0.0,0.0,0.0,0.0,0.0,0.0,0.0,0.0,0.0,0.0,0.0,0.0,0.0,0.0,0.0,0.0,0.0,0.0,0.0,0.0,0.0,0.0,0.0,0.0,0.0,0.0,F
