state,1918,1920,1921,1922,1923,1924,1925,1926,1927,1928,1929,1930,1931,1932,1933,1934,1935,1936,1937,1938,1939,1940,1941,1942,1943,1944,1945,1946,1947,1948,1949,1950,1951,1952,1953,1954,1955,1956,1957,1958,1959,1960,1961,1962,1963,1964,1965,1966,1967,1968,1969,1970,1971,1972,1973,1974,1975,1976,1977,1978,1979,1980,1981,1982,1983,1984,1985,1986,1987,1988,1989,1990,1991,1992,1993,1994,1995,1996,1997,1998,1999,2000,2001,2002,2003,2004,2005,2006,2007,2008,2009,2010,2011,2012,2013,2014,2015,2016,2017,2018,2019,gender
Alabama,0.0,0.0,0.0,0.0,0.0,0.0,0.0,0.0,0.0,0.0,0.0,0.0,0.0,0.0,0.0,0.0,0.0,0.0,0.0,0.0,0.0,0.0,0.0,0.0,0.0,0.0,0.0,0.0,0.0,0.0,0.0,0.010176785298906723,0.01157173026296757,0.017180408607384713,0.018745764178286637,0.04012438559534557,0.07088402505533294,0.08510034749308559,0.11857651042187523,0.14681054099684357,0.12986054748026266,0.18521028142928128,0.21039471878763855,0.24745497259201252,0.3257488150886851,0.39373281486422723,0.4405131096701438,0.46601649848732546,0.4891547950811685,0.562290636465146,0.5132760833086566,0.6893399855276687,0.7556872828625827,0.745786093029271,0.8803892723775038,0.7662570757973216,0.7960294434986933,0.8429566827461873,1.125043138157138,0.9045009691081811,0.7847789387233653,0.7369576417355465,0.611171104933024,0.6267832920155292,0.600714235035357,0.6093207026229351,0.5798679321199498,0.66493206128939,0.5942254702288248,0.4932182490752158,0.5237867504725467,0.3642027624435944,0.4693506922333074,0.3904450103067782,0.4189430874390572,0.32805087312001613,0.3115505432823523,0.3137071893391408,0.304457571105155,0.27551073452201486,0.2654192836307256,0.2766798418972332,0.2599054386595515,0.2526339964975742,0.25045340702996804,0.2661519113216928,0.3088488097666152,0.30582755814932244,0.3604415408875873,0.2652749344021222,0.3088212811496713,0.21226569133302853,0.238791914707564,0.16082229136803833,0.200154505232109,0.2291427976252474,0.21105951878429718,0.20430839815047133,0.12317569332984958,0.10694763526895348,0.12933996200638614,M
Alaska,0.0,0.0,0.0,0.0,0.0,0.0,0.0,0.0,0.0,0.0,0.0,0.0,0.0,0.0,0.0,0.0,0.0,0.0,0.0,0.0,0.0,0.0,0.0,0.0,0.0,0.0,0.0,0.0,0.0,0.0,0.0,0.0,0.0,0.12027904738994466,0.24159452385745925,0.31464001480658893,0.4078014184397163,0.39444349168238724,0.5072819505809196,0.4654493376297888,0.6665432327346787,0.7310704960835509,0.645949720670391,0.7786814327738363,0.7504690431519699,0.9821428571428571,0.768787238131847,0.9558673988204189,0.8442380751371887,0.8345503859795536,0.5160550458715597,1.0442046641141665,0.9099018733273863,0.7457916045173663,0.7077625570776256,0.6603565925599824,0.6537282941777324,0.7844675426554226,0.659582264565775,0.7853403141361256,0.8679986898132983,0.42108546475358705,0.36597862684819205,0.5271277963486758,0.5426917510853835,0.4918782887211165,0.4329004329004329,0.5210857973824528,0.6270796007166625,0.7228915662650602,0.6886694386694387,0.6541077969649398,0.628174284950548,0.537338109672086,0.6362829239419947,0.7278481012658228,0.5015045135406219,0.4449768954304296,0.3549875754348598,0.5333333333333333,0.3681885125184094,0.3911342894393742,0.4179331306990881,0.38699690402476783,0.3391859537110934,0.32945736434108525,0.24885145482388973,0.23050326546292738,0.2278336814125688,0.2448672066302505,0.23125843129697438,0.33326798666928054,0.09916699722332406,0.22921441967076475,0.20096463022508038,0.12239902080783352,0.14635166213673428,0.26455026455026454,0.19689884321929607,0.23407022106631986,0.0,M
Arizona,0.0,0.0,0.0,0.0,0.0,0.0,0.0,0.0,0.0,0.0,0.0,0.0,0.0,0.0,0.0,0.0,0.0,0.0,0.0,0.0,0.0,0.0,0.0,0.0,0.0,0.0,0.0,0.0,0.0,0.0,0.06771626883358726,0.07139326706573672,0.07223569475259274,0.07494847292486416,0.16510486390004464,0.25171722343103375,0.31079065141720535,0.2771272443403591,0.3677957997719666,0.4389943039582048,0.41390438107264377,0.5500916819469912,0.6096748400852878,0.5404688484366192,0.6724629805732917,0.6591796875,0.6846240179573513,0.6040983930193075,0.630715862503942,0.5502712050939391,0.5275476464687744,0.5984986812740921,0.6528070704027318,0.544658554241787,0.5771319934818033,0.45361093887674186,0.5407751109924225,0.5422993492407809,0.6031705930651171,0.5405405405405406,0.4527941052394746,0.48178890314471995,0.40822497732083457,0.4457060332163044,0.45764338262431414,0.48465266558966075,0.5108159729933816,0.5391129736336651,0.5254343730374712,0.49638436082853293,0.5364525562165978,0.48515698009663377,0.5656934306569343,0.5148030928248066,0.4949184301105929,0.5048892436639393,0.47764729102931014,0.4581680976398567,0.41146698605262144,0.38746373492136205,0.44053678852383155,0.4862004862004862,0.4975485745414927,0.5169381628266392,0.5108601216333623,0.49261083743842365,0.5025716879013009,0.493972267666259,0.46847487197712545,0.4209916312999608,0.4266387230777867,0.3271975430074071,0.24182047413347663,0.27527113171620166,0.25168313093814887,0.27326963995160414,0.2361934209396204,0.20391426734933615,0.1560763355168255,0.16531780497433873,0.12703186166489513,M
Arkansas,0.0,0.0,0.0,0.0,0.0,0.0,0.0,0.0,0.0,0.0,0.0,0.0,0.0,0.0,0.0,0.0,0.0,0.0,0.0,0.0,0.0,0.0,0.0,0.0,0.0,0.0,0.0,0.0,0.0,0.0,0.019375620625348155,0.019826026616440732,0.017668290466695272,0.023502990102629722,0.045162318686573506,0.06375856755751554,0.11346340113463402,0.15101177891875567,0.14023702807490307,0.21382751247327159,0.2567134904381436,0.3694760422424578,0.43666851037815496,0.41647385469689957,0.5835434871855023,0.6447395786909113,0.8619524067063277,0.7890909090909091,0.8632112974671563,0.9658103148541627,0.8829607364268269,1.1925229542378462,1.0042571771640652,0.9904054472299597,1.002249141774849,1.0603304825664641,0.9553759802555631,0.9441922134276186,1.0705727757594496,0.8210509452098687,0.6939177915971485,0.7271391847227322,0.6685583239398297,0.5759705103098721,0.5875985773929179,0.5552535528461598,0.6255342295438651,0.6525804782937408,0.5605916030534351,0.4815602552269353,0.41857371982944097,0.4789760904558125,0.3913575214023644,0.3807911994922784,0.3251893372127851,0.39698292973402144,0.4010577346848832,0.28952940668078303,0.34006190870645686,0.22750142188388678,0.24862369028591727,0.28170234896420215,0.29023039828540814,0.2741326622326083,0.3548647920222801,0.2777528895260281,0.3201803833145434,0.2879673932305511,0.3282669304793596,0.2584829401259517,0.2903257553390414,0.2627154266498529,0.2704135737009544,0.23099769002309978,0.28042624789680315,0.24397005822012754,0.20483641536273114,0.16041827580060602,0.13211701793016672,0.17725840336134455,0.14488753967158824,M
California,0.0,0.0,0.013303685120778454,0.0,0.0,0.0,0.0,0.01079414032382421,0.007565784496194411,0.0,0.009324009324009324,0.011863099827985052,0.016982646822701168,0.012637432073802603,0.013083225669288762,0.009385852391828051,0.021347971942665446,0.01892974153622133,0.014335236010112856,0.019054651121247126,0.009296488251562972,0.012683514601896184,0.017962996227770794,0.02441927902078691,0.019701488481422856,0.018433543782958188,0.02651883468663577,0.02862140244871999,0.04214824944270648,0.06835497116274654,0.11060507482108003,0.12660267476923784,0.17301038062283738,0.21459141714253743,0.2613283368670184,0.3931568659151369,0.42983346653130877,0.5291059231318177,0.6111752166004968,0.6284883912942965,0.6965776415408866,0.7550159552314056,0.784897762035099,0.78632948392053,0.8634188642049248,0.8482800533277333,0.8218578499040436,0.7578552978910619,0.7576840089736079,0.7349287769655591,0.6759487287535534,0.8026089871887351,0.756241816786311,0.6646318852155062,0.6073462001382854,0.5890253970992348,0.5232800385617764,0.5972756675086758,0.7034615617984346,0.6304433081994628,0.5925424154919988,0.5419200766298606,0.5300403168964448,0.5654434250764526,0.5842347067973809,0.5823101242555694,0.6313067431205555,0.6617228555482491,0.7318371802039241,0.7302520710717955,0.7616941111135048,0.7483075597905816,0.815649220962049,0.8246010610607368,0.8738389069803771,0.8458356946142909,0.8006423609329625,0.7523250678943625,0.7076851254308036,0.6222147950089126,0.6577794361244439,0.660128621848974,0.6876283953435288,0.6728848006357246,0.6437901486841957,0.6051180065101178,0.6235827664399093,0.5780558608832896,0.5944397717714986,0.5675550652955201,0.5146889646021325,0.44473348836598214,0.4167447714431085,0.4036660152301368,0.4279654597788214,0.4426980383603473,0.3476564013511752,0.3265803965155135,0.28557665840902835,0.2184943016523377,0.18370052126621234,M
Colorado,0.0,0.0,0.0,0.0,0.0,0.0,0.0,0.0,0.0,0.0,0.0,0.0,0.0,0.0,0.0,0.0,0.0,0.0,0.0,0.0,0.0,0.0,0.0,0.0,0.0,0.0,0.0,0.01957943376277558,0.0,0.03452085059375863,0.09366219169528567,0.11417825240110148,0.12354674185066684,0.21219194276880174,0.23849272597185783,0.33751622674167026,0.4102391188288516,0.5999837842220481,0.642843637738703,0.6837235803239547,0.7082342250848546,0.8171817705605029,0.9492449772335555,0.8864967547886656,0.9446985897192972,0.9673931599613044,1.0320992330271754,0.8644757644051263,0.9461546042905482,0.919141277799203,0.7698967287118916,0.7545064881686336,0.7847088638514854,0.7364949245893241,0.7439810971326394,0.5644521959727287,0.576965288012292,0.5613991794935069,0.7056894380838042,0.6021160076841472,0.5626066552901025,0.5107071524283872,0.5536215066241177,0.4680079836656037,0.5063349141979976,0.5142102703078313,0.4966316418734049,0.6230601218530866,0.6070272329080175,0.5902131056336325,0.6144093624283798,0.5903302922378885,0.5352057350486104,0.49255048029798076,0.35433367677732264,0.4532722179781003,0.37847790507364976,0.310410094637224,0.3208610191758672,0.31700358457899486,0.2901791023475965,0.38878281073868737,0.3478616738285247,0.3961326708741776,0.44262624907786197,0.4417308448391498,0.3659609950433131,0.39192949907235625,0.3530534351145038,0.3556013341181087,0.27783494546202925,0.2960508446955294,0.2513124092482966,0.2387788169078143,0.17873100983020554,0.20200854207549349,0.17632605867899986,0.19681569825509665,0.12812099621886816,0.1375650977694802,0.11699425056825778,M
Connecticut,0.0,0.0,0.0,0.0,0.021329238119614367,0.0,0.0,0.0,0.0,0.0,0.0,0.0,0.0,0.025798462411640265,0.0,0.0,0.027076789775804178,0.027165054873410845,0.0,0.04040812203252854,0.05557801131770413,0.03301108229191229,0.07344840249724569,0.07673860911270983,0.06959784549278301,0.08268448976779438,0.10473031942747427,0.07896666478650798,0.14767287911192584,0.21044470288530764,0.27780164389838763,0.37531987489337504,0.3757707269311175,0.48028621137494176,0.5849482820116514,0.6783429375198512,0.7028837942586875,0.755916333805781,0.8721163893577686,0.8539307435545636,0.822886401040291,0.8379718651958304,0.789966609658767,0.8504220690810834,0.8462681638044913,0.938210374044224,0.9080073680788818,0.8973601708392022,0.8581235697940504,0.8793082450371452,0.8537938353190875,1.0055678218297015,0.9677768166089966,0.9014629277270033,0.8569324496217448,0.9176189663994543,0.898672890034484,0.8270036203591964,1.0789363775581233,0.9554906341295756,0.8710228766763082,0.7488087134104833,0.776858460178109,0.7905751046349403,0.6952878309448627,0.792505082049318,0.7967674008309146,0.940254652301665,0.9665963525673547,0.9491933164239207,0.9562348574668798,0.9214466712739001,0.9270111880660629,1.0118043844856661,0.9189664463794424,0.9719222462203023,0.8039839203215935,0.7555907622935836,0.7319511172734015,0.6637168141592921,0.6251022745868107,0.6185908038372477,0.6524237712122236,0.5702633579871431,0.5351813098219493,0.5926031700699701,0.5390437511537752,0.4428630909572656,0.4113644227442236,0.39250960830812004,0.4442910753569426,0.3833318300712546,0.35100683539626826,0.28212723938496265,0.3659695817490494,0.22947595185688194,0.21149778888675258,0.1664708186447317,0.2091409916343603,0.12145535195648731,0.09926105657880224,M
Delaware,0.0,0.0,0.0,0.0,0.0,0.0,0.0,0.0,0.0,0.0,0.0,0.0,0.0,0.0,0.0,0.0,0.0,0.0,0.0,0.0,0.0,0.0,0.0,0.0,0.0,0.0,0.0,0.0,0.0,0.0844451950684006,0.163826998689384,0.17333753545540498,0.17706949977866313,0.28929604628736744,0.4428813338543702,0.5179430262671105,0.7334687429474159,0.643915003219575,0.8916048887998397,0.7425742574257426,0.9062821833161689,0.8695652173913043,1.0680907877169559,1.0055141096334739,1.0220376876397317,1.1444141689373297,0.9953785993601136,0.9605788423153693,0.9732360097323601,0.8130081300813009,0.8905852417302799,0.9308022045315371,0.824607329842932,0.7543753771876885,0.9324009324009324,0.9125601460096234,1.0118043844856661,1.0537225773017793,1.0351626684193231,1.040499439731071,0.9576138147566718,1.024803208079608,1.0286225402504472,0.9577132753794018,1.035103510351035,0.8217168011738811,0.8780768677126818,1.1811583890707271,0.8086253369272237,0.8632908130395568,1.2477286493034525,0.8626802174426849,0.792489636673982,0.7365292673472025,0.8754208754208754,0.5743197046355805,0.6046645551396488,0.6632277081798084,0.653497697905837,0.6367540352435954,0.5125951962507324,0.6050129645635264,0.47133951649688305,0.5322294500295683,0.5044681464398962,0.6655820144948972,0.4921700223713647,0.37976606410451164,0.5817513778322106,0.4120443740095087,0.51900217646074,0.4872955099199443,0.5042601286732742,0.30897855325336243,0.26590693257359926,0.32751091703056767,0.0,0.26789131266743205,0.30556121409655734,0.26367831245880025,0.2805049088359046,M
Florida,0.0,0.0,0.0,0.0,0.0,0.0,0.0,0.0,0.0,0.0,0.0,0.0,0.0,0.0,0.0,0.0,0.0,0.0,0.0,0.0,0.0,0.0,0.0,0.0,0.0,0.0,0.0,0.012822156686754713,0.015229102815480382,0.023172285946008574,0.017103112766523508,0.04895827666866127,0.059902159805650765,0.09521431024256236,0.12824577077149196,0.17398396085360882,0.20551132251059873,0.3629224178962399,0.3614647179003615,0.3668107060833978,0.39980589898307944,0.5126509012733588,0.511302475780409,0.5263046871704004,0.7128255075938392,0.6204633372451862,0.657932907088734,0.6379854105977802,0.7156944220488458,0.7415461297888976,0.647429426711685,0.788011743776126,0.8047339876600137,0.8245063577814999,0.755597128244998,0.7081611693615801,0.6915559376461813,0.6996597984466268,0.7954059502718553,0.7412455316045574,0.6638874297274038,0.6622584030402755,0.5679064989436551,0.5746119294232667,0.5675227098317064,0.607563440530361,0.5891016200294551,0.654684061114478,0.6300083745015634,0.658970130108118,0.6157575419850518,0.6034182310210274,0.6371189170397383,0.6809855718457987,0.7256382384911425,0.6840498143934859,0.6492519158253254,0.5831173639392817,0.5721732559125855,0.5434112351236358,0.545221544794377,0.544343019847584,0.5516057857317971,0.5436251457517703,0.5335792130840274,0.5567837550151478,0.4805210854978591,0.5236900661876214,0.4993544060892703,0.5074804424265696,0.4870822565192538,0.43199437402675683,0.38693437422932025,0.36922600246150666,0.3424861770193479,0.29968600314838667,0.334055314895035,0.28754774894804747,0.2447991079206886,0.19082416141372668,0.21131522596641497,M
Georgia,0.0,0.0,0.0,0.0,0.0,0.0,0.0,0.0,0.0,0.0,0.0,0.0,0.0,0.0,0.0,0.0,0.0,0.0,0.0,0.0,0.0,0.0,0.0,0.0,0.0,0.0,0.0,0.0,0.006136927117853548,0.0,0.0,0.015291299250726337,0.016072996130117086,0.017904675507597553,0.03788327216763348,0.06406516342336778,0.06742703023930881,0.10774894495824729,0.12222033610592428,0.13750029131417651,0.14495144715753747,0.21645276271365887,0.23360884156102885,0.2713753301733184,0.3345451032017295,0.4000192201427096,0.44748482666392353,0.41493213283252206,0.45575764417039405,0.5009991837653748,0.533347920626889,0.7005573206937861,0.812446683186416,0.8284967436090559,0.9269034902496585,0.7710974169034771,0.7475394203589552,0.7751669723500709,0.9359251259899208,0.8064116334793027,0.7024871843554205,0.6637567730282962,0.5816243070491655,0.5916714341633796,0.598739653030371,0.6856958270930609,0.5519544849840075,0.6555464507437396,0.6167613979925021,0.6004698181434265,0.5773305756810597,0.5098452883263009,0.5184654464925421,0.5213778136537469,0.5037715517241379,0.42513437766555195,0.465053400027038,0.3851421906996298,0.3992385384167944,0.3708152713218781,0.4149851519074088,0.4486027634921619,0.4590865546113938,0.5176099921233263,0.42895177990336264,0.46292885385201016,0.4357138486016768,0.4991542765220065,0.4652438951650423,0.4463727525069394,0.37548753883783964,0.3512173192284458,0.3070535830125849,0.2867773578246099,0.22275066975708138,0.25422594888720396,0.1941922955335772,0.20292590844738084,0.1976284584980237,0.14318491555540222,0.11105936302081468,M
Hawaii,0.0,0.0,0.0,0.0,0.0,0.0,0.0,0.0,0.0,0.0,0.0,0.0,0.0,0.0,0.0,0.0,0.0,0.0,0.0,0.0,0.0,0.0,0.0,0.0,0.0,0.0,0.0,0.0,0.0,0.046416635722242854,0.04652461151949381,0.18007771775187187,0.17742086095807266,0.19713722465072425,0.1843935965132847,0.3092352695361471,0.38225029084261264,0.47664442326024786,0.618921308576481,0.46204620462046203,0.6999267518515504,0.818422530690845,1.0545368694420398,0.9543600400215501,0.8870967741935484,0.8349177482020336,1.0511438918823426,1.0127568409777,1.056934888822415,1.1042311661506707,1.1234876128288842,1.1636430273043796,0.8741773892544937,0.9165808444902163,0.8596288919173918,0.900806536084634,0.8925791385573429,0.8819608245308173,1.0424046149175186,0.7542554275812863,0.7836833115643524,0.6452225068792106,0.5225975031452628,0.6736181600073822,0.6600071352122726,0.6757990867579908,0.7000946073793756,0.527258257063271,0.7204751241359166,0.7597614925947298,0.6866297921037574,0.7934336525307797,0.637488106565176,0.7935720662632675,0.8015620182920563,0.6604175543246698,0.905818139588898,0.6404833836858006,0.702079745661677,0.4475790044757901,0.5053421888535952,0.5561100812776273,0.2907866544230181,0.3618272274988693,0.4513686662783925,0.38893044128646226,0.11208967173738991,0.3331314354936402,0.338436744560838,0.2540892488486581,0.18832391713747645,0.23411371237458192,0.10328800137717334,0.2235982112143103,0.20390824129141888,0.08742787200559538,0.0,0.2054538662682107,0.16494845360824742,0.0,0.0,M
Idaho,0.0,0.0,0.0,0.0,0.0,0.0,0.0,0.0,0.0,0.0,0.0,0.0,0.0,0.0,0.0,0.0,0.0,0.0,0.0,0.0,0.0,0.0,0.0,0.0,0.0,0.0,0.0,0.0,0.0,0.07375235597803818,0.08901837015456826,0.1606425702811245,0.32423882957690786,0.39756782039289057,0.4926487568316527,0.595011061103059,0.9018567639257294,1.0582425335110135,1.0637471853404767,1.1533934876422127,1.3047170539643325,1.1802407378458653,1.2079033677305815,1.2669758198078833,1.2906744228322122,1.1879259980525803,0.9362507889753839,1.1134155659862461,0.9513274336283186,0.7926023778071334,0.7628734901462174,0.6223864630944277,0.7863043694635214,0.7609130957148579,0.8033702361124719,0.6203247582557927,0.5719733079122974,0.6347139718447392,0.8103849328431004,0.5457323728443572,0.5918807882459439,0.5283743909970493,0.5435166231382791,0.4445071615042687,0.40892193308550184,0.5001154112487497,0.459159014016433,0.5337465564738292,0.5325390378192978,0.515084621044886,0.5983138428066358,0.4740168539325843,0.4903677758318739,0.5152868430092752,0.3984753984753985,0.35423308537017356,0.3105857993270641,0.2724099770154082,0.18830779765471198,0.2931814374267046,0.16725204883759828,0.20018350154308115,0.249708673214583,0.1977261492832427,0.3130016051364366,0.21408182683158894,0.19560284797746655,0.22166169838722005,0.15913913307062746,0.2457757296466974,0.2269098243549878,0.16843971631205673,0.12293144208037825,0.12383311106877501,0.21280711936544788,0.19043991620643685,0.1574028529267093,0.11055276381909547,0.09388691842269978,0.08901746967842439,0.09973404255319149,M
Illinois,0.0,0.0,0.009402826489642786,0.004833579845905474,0.0,0.004500369030260481,0.006426558210846194,0.0,0.0055312283936390875,0.004722907043743565,0.0,0.0,0.007056167090036692,0.006296039790971479,0.008775393795796586,0.019152196118488254,0.01565451528402509,0.014502812509711705,0.013072421213522917,0.01235776685646929,0.00975543133639654,0.011983996755102417,0.02204510768187214,0.019859804491258008,0.017050803982474737,0.023574744132733937,0.026636478657521473,0.03289365481398639,0.048461776503628796,0.07022774735259874,0.11957574525583231,0.21285000854937708,0.27958525397055706,0.3320251903701809,0.3633184168223487,0.581200113656911,0.6271837607493465,0.8040434153829448,0.875067505890337,0.8775888626173635,0.9153704141099119,0.9415500857058227,0.9218907140462621,0.9358752166377816,0.9531269714429911,0.9421747597748624,0.9391176874799579,0.8904926637242038,0.8916247658483683,0.8728273573879274,0.8367049583210872,0.9164293643515614,0.8053856520837652,0.8646592161864206,0.7722244353874912,0.7615789917706519,0.6840124618279404,0.7414429620723407,0.9102381254620262,0.8715192371929186,0.7488249820759978,0.6738328252847746,0.7445740765786608,0.6956733559254031,0.7638456181504967,0.6922218633467423,0.7575812973945346,0.8257033209440063,0.8479408737123517,0.8534767486043318,0.8601618546135633,0.8128042792369252,0.8295916185589053,0.8491177423630955,0.8268598745144906,0.7521026935770886,0.6576535109959979,0.6489292667099287,0.5683262668427139,0.5442894960374076,0.5361818166609508,0.5797077272120645,0.5707704554307877,0.545287717918469,0.5484268807893149,0.48496169700670866,0.4967911722609538,0.4742994782705739,0.4933104826110422,0.41647660789718977,0.40393160091557834,0.3733094648139456,0.32853372002129805,0.3297034990364299,0.29799914857386123,0.3080736543909348,0.24234678498655637,0.21764017662821272,0.2014138988928905,0.18711991267737407,0.15199398043641837,M
Indiana,0.0,0.0,0.0,0.0,0.0,0.0,0.0,0.0,0.0,0.0,0.0,0.0,0.0,0.0,0.0,0.0,0.0,0.0,0.0,0.0,0.0,0.0,0.0,0.014274159014131418,0.009432479169941834,0.0,0.011893636904256223,0.014840598480862372,0.020290512395115954,0.04327773175225354,0.10382335542597756,0.17973245196077248,0.21434312762347055,0.28161081385525205,0.3282534762581256,0.5628048526285071,0.610425311745461,0.8363836935265507,0.9495917642882499,0.9861450692746536,1.047737072276447,0.9916133734358479,1.0894619876996228,1.0011671360195307,1.0683083113730552,1.006448768119936,1.092577147623019,1.0488312324072941,1.0106843777071903,0.9938335972399234,0.9296082096573873,0.8962241634445558,0.8552672710221945,0.9057020571586358,0.7453971366369181,0.7532077014027763,0.7431532198371577,0.6615198304571601,0.867675837458271,0.7681952532849492,0.6231888135497848,0.5634892136010827,0.6306280304779497,0.6109714879972268,0.5718424189386967,0.5504363957059879,0.6017613266033074,0.6324283066186893,0.6783788484953905,0.5471769609700644,0.556836212316259,0.5865707716795378,0.5085709157268077,0.44389066272097183,0.4104636660720206,0.32880351155671456,0.3391911099625275,0.27014194731413416,0.25286132552568535,0.30545502838739663,0.2952151919728004,0.28025981733654254,0.24552550925377178,0.2629088232201072,0.26071540306601315,0.2652380115931846,0.26800071466857245,0.24880965166648766,0.2747752665865997,0.2964221655810441,0.2302775241195855,0.2213313288231855,0.19101385911666702,0.19384488053492474,0.19144294555006455,0.20527466642866707,0.2225098199486865,0.17602741333583685,0.15771704576258655,0.1133494770467309,0.09128742113035307,M
Iowa,0.0,0.0,0.0,0.0,0.0,0.0,0.0,0.0,0.0,0.0,0.0,0.0,0.0,0.0,0.0,0.0,0.0,0.0,0.0,0.0,0.0162813415825464,0.0,0.0,0.0,0.012284710449374708,0.0,0.0,0.020490543614122083,0.050357900794935434,0.06609634959303533,0.14744097753368104,0.18944568919977411,0.27244667459865846,0.3139244098398453,0.47220355605601066,0.83454018826937,0.9099685354691075,1.1628746840014446,1.2692493859916458,1.4533269152441959,1.6013302246561476,1.3327064610043218,1.3232895291508586,1.2142121916815982,1.4039873240001606,1.2615978840421511,1.2742192842489173,1.0922966849511089,1.0531248458540916,0.9378457206074626,0.9636081493717776,0.9267636630394914,0.9108290403101599,0.7403272716589794,0.6817757300292634,0.6233890787028712,0.5992552943914359,0.6153935051427251,0.6577534364261168,0.6135629709364909,0.5626310674645798,0.5140936904403651,0.44107405401222627,0.4224903013232715,0.4307033907604521,0.48569583649176,0.41051620228840946,0.48762190547636913,0.4137267479153303,0.4189629056688904,0.49086360325553413,0.3227929424300354,0.3203987184051264,0.2853256361766365,0.26106119681301915,0.24602839870659357,0.21689621516104543,0.23415829100471916,0.20172587694721505,0.2008554956295332,0.22915962282580113,0.16828721017202694,0.11712802092687306,0.1937524713325425,0.17099455203403985,0.10111632421938198,0.19130576359492024,0.18334728367013434,0.18164554349172274,0.18073844564936742,0.1871718785665373,0.1477175259696941,0.19021875156429896,0.14247188724367782,0.11774944964931143,0.10671273946846892,0.12965460014521316,0.09678980480722697,0.1366586949094636,0.08338296605122096,0.08694572102844367,M
Kansas,0.0,0.0,0.0,0.0,0.0,0.0,0.0,0.0,0.0,0.0,0.0,0.0,0.0,0.0,0.0,0.0,0.0,0.0,0.0,0.0,0.0,0.0,0.0,0.0,0.0,0.0,0.0,0.0,0.02454924852022585,0.028456788366864917,0.06397062913723091,0.099676052828308,0.17953781835902433,0.20706959974664424,0.27195119067325657,0.44429176686133054,0.49714431058801767,0.7804323094425483,0.8730379864400484,1.0182856037151702,1.0664711863605192,1.2237290629521544,1.2410453031984663,1.2516809765180512,1.3546322352811344,1.4553259048011054,1.3658696364231904,1.115745196592165,1.1036219539293386,1.0239410681399632,0.9952873320672434,0.9309702779118683,0.9344413665743305,0.8649959579628133,0.6483456728154934,0.7730581027180393,0.7061810679996826,0.6487559151274614,0.7658440933811832,0.7014434968804223,0.6326285026646038,0.5716884298057558,0.5309340624403891,0.4995004995004995,0.5075815985607813,0.4620224130021626,0.5733445096395641,0.5309435238417315,0.5292303378662554,0.5584252408208851,0.46203015354686305,0.5002818489289741,0.4576659038901602,0.3995071500578725,0.38098903213392343,0.3048184766892024,0.3067362466637454,0.26939875096942734,0.3173569859223696,0.2629377315644795,0.22119524430224752,0.25896570666248137,0.3424793915017323,0.2825983123706416,0.30442002055823514,0.27093695660964856,0.31036876710091066,0.26096884684390803,0.2115627161397941,0.29392005374538127,0.19617245738698286,0.16711078993722053,0.1766278403666221,0.2039557937674904,0.12917970884881005,0.1344554554056073,0.20257267294641954,0.14063232460023958,0.18407987951135157,0.1516388662078619,0.12833048154485455,M
Kentucky,0.0,0.0,0.0,0.0,0.0,0.0,0.0,0.0,0.0,0.0,0.0,0.0,0.0,0.0,0.0,0.0,0.0,0.0,0.0,0.0,0.0,0.0,0.0,0.0,0.0,0.0,0.0,0.0,0.008732226281090364,0.010566356720202874,0.025898053075774658,0.05067567567567568,0.07232401157184186,0.07030199290866855,0.1086889013104776,0.1969590713081365,0.22068048186943576,0.2875924404272802,0.4204869755297832,0.4062078481836927,0.5021864425112412,0.6043251965638892,0.5855425974152014,0.6803953871499177,0.7752594072143135,0.7758031442241968,0.822244064721004,0.8965809038341426,0.801120332804745,0.902384128042681,0.7846591956731064,0.9560713451203364,0.8872162857811403,0.965873880804325,1.0331941085952958,0.9250469146704934,0.9694355488748012,0.8934899804549068,0.9419152276295133,0.7856529299616601,0.7750831174658862,0.6181193818806181,0.49217751900642975,0.5235933706323235,0.5259668508287293,0.5684683445651676,0.6342152165358887,0.6594296052944817,0.49580472921434016,0.5561762277165201,0.5025361638173962,0.5146439599513428,0.39679744546970014,0.35667807393840073,0.37927936919852284,0.31786074672048437,0.30868167202572344,0.27169694146871604,0.2611978897279404,0.2332974414192688,0.2578662221296103,0.2255195920145563,0.2882758985480416,0.2549359947927967,0.2149835360709718,0.22067747986317995,0.22188938814001222,0.2337091009073412,0.21769082391843486,0.18169233431389514,0.21091325439151526,0.20776730062330187,0.1844350031288081,0.15617042946868104,0.2142141450437066,0.2054770255429199,0.15418265265875436,0.1304412641621944,0.10543168417353276,0.11559261858564175,0.12492461445679333,M
Louisiana,0.0,0.0,0.0,0.0,0.0,0.0,0.0,0.0,0.0,0.0,0.0,0.0,0.0,0.0,0.0,0.0,0.0,0.0,0.0,0.0,0.0,0.0,0.0,0.0,0.0,0.0,0.0,0.0,0.008244974687927708,0.0183064838237252,0.027280751023028165,0.04113078006106339,0.05739661057910159,0.07631645891630628,0.1215675057208238,0.2587898098034032,0.27917364600781686,0.39548477048477043,0.37902799788695196,0.4592929833958222,0.6341927785152113,0.6495815327389093,0.7906353020059228,0.8645492297008093,1.087928683488996,1.0517526769888819,1.103608625027869,1.022708436930217,1.0619679540550184,1.0630536737884315,0.9860426359280605,1.1198563203211662,1.0391804061249221,1.1370663687685771,1.1380369388699567,0.9781050018192325,0.8371818392695219,0.9609772367214208,0.9229448379480575,0.8504358969380424,0.7363607984281176,0.6146861084432026,0.5827385262577153,0.6182741795334536,0.6358648274447465,0.6410367770963987,0.6359244620114186,0.704238472286912,0.6249134811240532,0.629927578389873,0.5548917556046092,0.5991251528909344,0.5831026979063233,0.536395070484972,0.48314762587267096,0.5336666746796799,0.4170882795725462,0.4440928000816723,0.41474771634309565,0.4305925774041419,0.42723977213878817,0.4222527182518737,0.3546001052719063,0.3386550556361877,0.3252496433666191,0.30111760958943773,0.2676428966959946,0.3171658538044942,0.38806766004088045,0.3702436140754799,0.30482964468294543,0.2680601269044145,0.3457246525638392,0.21087565250458049,0.1881950384944397,0.22404019145252724,0.2179242713157178,0.22886518080349286,0.16654680343692038,0.1856710393541877,0.1488918194580338,M
Maine,0.0,0.0,0.0,0.0,0.0,0.0,0.0,0.0,0.0,0.0,0.0,0.0,0.0,0.0,0.0,0.0,0.0,0.0,0.0,0.0,0.0,0.0,0.0,0.0,0.03327122704285334,0.0,0.0,0.0,0.035228988424760944,0.09257242430842953,0.09337068160597572,0.0793470868283836,0.1804748745135638,0.25262232961722225,0.22756827048114434,0.4392156862745098,0.5844258410993524,0.645928069450186,0.6908724155320222,0.7577298616761594,0.9337775085806582,0.8289746373235962,0.9056009449748992,1.0785592455101836,1.0335506439815552,1.0401839483192816,1.2037580739870817,1.4658814492382537,1.1914270500532482,0.9108882926140375,1.0694065841895575,0.9984954178634934,0.9957713818033012,0.9991797777943479,1.0209779054000159,0.8726296358449404,0.8399832003359933,0.7930481734581962,0.9658365261813538,0.7211148922378869,0.6480324797001874,0.544069640914037,0.5327773917072041,0.647299067581105,0.559044264052688,0.48591602763647407,0.5336586109628726,0.7436096049573974,0.7660759885475509,0.630429768586146,0.5508411493226143,0.472972972972973,0.45935845530987235,0.5995893223819302,0.3071792171318238,0.43222365274967817,0.4188991719434973,0.3682324840764331,0.35392860754373545,0.28574344320849066,0.2098635886673662,0.212630236019562,0.16847425502790356,0.2379149994592841,0.19659239842726078,0.16276041666666669,0.156564526951465,0.16939582156973462,0.17158544955387783,0.061934844543540195,0.11532547411583803,0.17670246024194644,0.16809076901526826,0.10025780578630766,0.1176989848462557,0.07664009809932557,0.07855459544383347,0.09438414346389806,0.0,0.12531328320802004,0.0,M
Maryland,0.0,0.0,0.0,0.0,0.0,0.0,0.0,0.0,0.0,0.0,0.0,0.0,0.0,0.0,0.0,0.0,0.0,0.0,0.0,0.0,0.0,0.0,0.0,0.0,0.0,0.0,0.01715805427664503,0.0,0.014574224443056422,0.020024028834601523,0.04484807713869268,0.09210324334992653,0.12723674112372257,0.19287147045209074,0.28609072087332954,0.37990261651238694,0.4439120631341601,0.6730670675458676,0.6933298032531895,0.7306274305146379,0.7586800954147893,0.9046148710673454,0.9279157712362771,0.9490999913874775,1.1388487030245937,1.021983554287632,1.1404551178588531,0.9985787326725363,1.0456053707847828,1.0258661983075203,1.0022580517371154,1.0416251742680742,1.050294594825378,1.006435380074515,0.9953550099535502,0.9467681645794112,0.9507735583684951,0.8413254465054844,1.1335700628243648,1.0746822322841088,0.8271277281043057,0.8568022649381613,0.8964406738926675,0.8434991610357807,0.8442314582586886,0.8640300988712925,0.9443486307996466,0.9419314770727667,0.942884139844394,1.0186460738469896,1.0100072408607341,0.9086622170632618,0.9642843897192449,0.9735315096485647,0.8731059071388056,0.867177337765573,0.7211589298932007,0.7131588615391266,0.6930892941255635,0.608923414448499,0.5477467689730879,0.6285943560251438,0.5754212905877518,0.5551443375277573,0.6159230891611173,0.5635566687539135,0.48972960427062784,0.45819276009847726,0.549172794117647,0.5185132810106294,0.4598888397029167,0.43320572234535565,0.4029463850319534,0.30452096509721244,0.31667465006120604,0.264654246259466,0.3089238704131521,0.2453750930495437,0.19825072886297374,0.2385282805092579,0.18264265020783474,M
Massachusetts,0.0,0.0,0.012085139809961176,0.0202915743139887,0.009077155824508321,0.008741768168308177,0.009235884489871313,0.0,0.012450974288738094,0.01590988640341108,0.01842823876296259,0.014990006662225183,0.021071115013169446,0.03677951556123789,0.026372798342281248,0.0295590164237285,0.06141820212171971,0.03013750235449237,0.06533263645187784,0.07669131744727471,0.10519633626553007,0.12563895151713336,0.13547112074461304,0.14991500354709608,0.16619059984419632,0.20435097279577677,0.20970424470316004,0.27439819486807343,0.31826275609406657,0.4264181967662374,0.46292134831460674,0.6173256730877549,0.6247849277357191,0.5963496796426029,0.7522842744647605,0.9364401268596241,0.8842035329060497,0.9777803517306616,0.9768373957216759,0.9408123065378483,0.9743740571721331,1.0115251414621222,1.0239355473324279,1.0211047827104627,1.0526522131179676,1.0803972166718543,1.085141015138781,1.1375978322938942,1.056691803998106,1.099284382704913,1.0306692781732194,1.0877576737440264,1.0110437081972312,1.0219257557685795,1.0397737148997361,0.9194194522886978,0.8950517875608143,0.8497543405661532,1.1328211505374512,1.0022779043280183,0.9248878923766817,0.843644544431946,0.8819538670284939,0.750509605287541,0.8332820859725724,0.7865505854097868,0.8443370443888265,0.9169013067648545,0.9025194750508808,0.9024376822759038,0.9275775954334641,0.815890757631676,0.9557710634004148,0.9144340780050785,0.922577861107391,0.8483208416315733,0.8778358150775708,0.8075584921318905,0.7030739045127534,0.6149254710329108,0.6462278328824766,0.6957833850280828,0.6274898695436593,0.5685782056648528,0.5425374332982349,0.48642450247836055,0.5047574843351126,0.421648586586428,0.4699495614479308,0.39432342955949645,0.35730827764176537,0.33373227766525504,0.29933915125837574,0.2717262889277444,0.23912003825920614,0.2528867258326176,0.22437382630539227,0.21999209017203877,0.24647616113379034,0.27019867549668874,0.12770004075533214,M
Michigan,0.0,0.0,0.0,0.007636269224307772,0.0,0.0,0.0,0.0,0.0,0.0,0.0,0.006352917259605611,0.0,0.007184217710533501,0.0,0.010070203705834963,0.0,0.0,0.0064830662310046165,0.0,0.00620055060889407,0.008216733965630576,0.0,0.005559622316323978,0.00457657525720353,0.011108754708597166,0.009206501836185644,0.011510886009340263,0.014844766159588305,0.028681953902952036,0.05161253324348929,0.09337718809231799,0.13901281504183316,0.20217925300749512,0.2633857034976885,0.49334597422662313,0.5812819188615367,0.6983309395275122,0.8358078840548124,0.8202581814701593,0.9299938884468583,1.0570513273502462,0.9968921826440355,1.0012176118404865,1.0542695973546001,1.0246701925559165,1.0738226826654338,1.0192613535960415,0.9543731206693686,0.9468100187272904,0.8854265351037005,0.9907217004798146,0.9944877399733891,0.9016574210731675,0.9076209789085321,0.8566842467324007,0.7766658437933195,0.8689460060239225,0.9597948530085172,0.9129507808371449,0.7957583005064714,0.7055638001510063,0.7273919322400304,0.7577730092746389,0.7218632101901311,0.7531865585168018,0.719430962645626,0.7988313393368961,0.7828733914184682,0.7446495550489078,0.7632518731181289,0.7108595879775009,0.6814798873764818,0.6290680683909899,0.5806325271712524,0.5182341650671785,0.4630304039289951,0.4201993553397232,0.38810250218307657,0.35041372835840445,0.33468616222827596,0.32204515272244355,0.35413037498853944,0.2914267969328524,0.3016428116474985,0.2890314995346103,0.2536236478689273,0.22812300392371565,0.21962031285789352,0.21160087499821284,0.21109452511270937,0.2062403324844148,0.19597306950722257,0.18277691511387162,0.17532935701645147,0.148022837809262,0.15795930027390814,0.13104352024277535,0.14133507284192215,0.10362108594898076,0.10948105977665863,M
Minnesota,0.0,0.0,0.0,0.0,0.0,0.0,0.0,0.0,0.0,0.0,0.0,0.0,0.0,0.013945445417526636,0.020333468889792598,0.0,0.0,0.0,0.0,0.019884668920262475,0.014698317042698611,0.025219524497329022,0.0,0.018285992929416066,0.03482108109215297,0.0234311762450475,0.017442494276681566,0.03297523386382964,0.05888551416351577,0.09075855041080186,0.16810385082339757,0.3017168762348184,0.4405538391120265,0.48698500258576105,0.6083267419285252,0.7977448907681466,0.9084409303108045,0.9896227063432067,1.0561734741564632,1.1056610931953064,1.1525308690317697,1.1758684497171878,1.140776049058726,1.0382700047752234,1.0836247463627335,0.9935367503381932,0.9957464839230129,0.926890231201833,0.7842712060428638,0.8312746812845989,0.7753454377322925,0.7729601960006212,0.752221611686909,0.7156498562404248,0.6499515290385124,0.6496272630457934,0.560306077648387,0.5618211327978693,0.5622145004489908,0.5448449287510477,0.5339463157704212,0.4520811321081531,0.49942308023490106,0.45881018661717704,0.48167652186416005,0.489127545324047,0.5476042314872434,0.5637371919644496,0.6086370276040302,0.5209009176012606,0.5302149912841371,0.5088176827822661,0.5046085094497719,0.4181103733957918,0.484467382491942,0.4235151759604719,0.3672481428929138,0.3303176940879444,0.2937720329024677,0.2653702445652174,0.2974040871818838,0.320634518837278,0.3152939143955427,0.2657678096843197,0.22419609685271386,0.2515286872804545,0.24160425223483933,0.27188689505165853,0.24034681821244863,0.23880317467749865,0.2083231214156169,0.15115976022934585,0.16504243948443884,0.12162162162162161,0.1306122448979592,0.152443249535741,0.12934428073332582,0.15985583909783177,0.10141676142475184,0.10526651567833105,0.0997506234413965,M
Mississippi,0.0,0.0,0.0,0.0,0.0,0.0,0.0,0.0,0.0,0.0,0.0,0.0,0.015434004198049142,0.0,0.0,0.0,0.0,0.0,0.0,0.0,0.0,0.0,0.0,0.0,0.0,0.0,0.0,0.0,0.0,0.009776126698602014,0.009599324207575786,0.0,0.0,0.023346757719021772,0.013554858448549631,0.057185337679419,0.06979990693345743,0.09112700330830642,0.0927120283779426,0.11897059130471081,0.18923978512127626,0.21969284847470394,0.2576611966461805,0.2781257298146536,0.3682794513297755,0.4077820302533261,0.34825619542724473,0.32108741604901936,0.4500500055561729,0.49335972234173764,0.4756077209768037,0.6739959118280758,0.6925901201602136,0.7407853529270055,0.8588723734668654,0.87890625,0.7750631844987363,0.7423264164623831,0.8831341301460823,0.8765622324944359,0.7997590683978049,0.5868063223648925,0.5585497305242528,0.5300295906090463,0.583916680894656,0.6399169837426496,0.5383389410306357,0.5375557668397573,0.5486132276744895,0.4910918227501142,0.373272230024392,0.4500483523023135,0.45793889017163086,0.36284470246734396,0.43144575814146446,0.36853475663997964,0.31923732890191103,0.34836899968330093,0.3495233772128915,0.25889389813864216,0.2593620603358056,0.2853648593558908,0.3151862464183381,0.24757281553398056,0.2594656928694984,0.26661495952300157,0.3188362476959099,0.30038486811226883,0.29239766081871343,0.27859237536656895,0.2773707347707767,0.2120222336828835,0.24701286764705882,0.19375151368370064,0.16858329821181287,0.23545037430572324,0.12173595471422485,0.10836998788806018,0.17889087656529518,0.13875398917718884,0.08846947803007962,M
Missouri,0.0,0.0,0.0,0.0,0.0,0.0,0.0,0.0,0.0,0.0,0.0,0.0,0.0,0.0,0.0,0.0,0.0,0.0,0.0,0.0,0.0,0.013048016701461376,0.008742787200559538,0.0,0.009381743127873158,0.013344231122083036,0.013681996203246055,0.013930680931683941,0.023626551269616256,0.038145346925353506,0.07590828185530311,0.11649429825129115,0.19524055109408384,0.23635450726820725,0.31457911483945616,0.477891654465593,0.5865787966955283,0.7890830192988467,0.8338737016939126,0.8478373255212821,0.9617354487719378,1.073308335340053,0.998066391098452,1.0268648081859926,1.2789968652037618,1.2180997123931234,1.1734212342757329,1.1823703289754262,1.0837242098163649,1.0924382787890075,1.0736264551049157,1.0062947562947562,0.957341120510582,0.9142631630874469,0.9809760711908349,0.8755784150138476,0.7408057579215308,0.8067888757231477,0.9262010896483408,0.7729131345367507,0.6810013241692414,0.7012859466593009,0.632622550948147,0.6982010315762989,0.6583142055598062,0.6008140060727437,0.6656827958677426,0.6628925339913873,0.6593906321055024,0.6169269327164064,0.6113906786436533,0.617439120188531,0.5500039971220722,0.5697958092437255,0.4698672114402451,0.44003238638363784,0.3621314019658562,0.34099066762383345,0.29520428861199655,0.25649421523684784,0.2870884754483427,0.2647771769531978,0.23326200528213134,0.2132869894936409,0.2524505453326233,0.2281836580816699,0.23212999279596572,0.22557283628160985,0.23571601257152067,0.21597375088258505,0.2020157660130432,0.18386577798207307,0.17441312340906948,0.18645422185630917,0.15562087789936516,0.11277912834264806,0.15121613655586028,0.09730696402272249,0.13969992456204075,0.09467251914966865,0.09457851542239985,M
Montana,0.0,0.0,0.0,0.0,0.0,0.0,0.0,0.0,0.0,0.0,0.0,0.0,0.0,0.0,0.0,0.0,0.0,0.0,0.0,0.0,0.0,0.0,0.0,0.0,0.0,0.0,0.0,0.0,0.041869033662703066,0.042354934349851756,0.09042334566378957,0.11217948717948717,0.14241633040588653,0.1745598057073467,0.20309914247028735,0.2885794675708823,0.46898315924109996,0.5504198715686967,0.6482758620689655,0.6786162130264808,0.9205143191116306,0.9026482655725476,1.0380106041371069,0.9379396592152571,1.1169459031424522,1.2047125520418107,1.1547572048953811,1.1283798169044073,0.9269600178691088,1.0465784933870041,0.7561436672967864,1.0679290983155345,1.0726920004564646,0.8787128712871288,0.903387703889586,0.6726713031581347,0.7190795781399808,0.7766990291262136,0.8381073626140462,0.6903876792352629,0.8221375576498897,0.7394084732214229,0.5250643946899147,0.6000193554630795,0.4903923138510809,0.6,0.8085106382978723,0.7020370583496375,0.5644289660141708,0.6459948320413437,0.6057481634231215,0.6093522320837197,0.5126821370750134,0.4098920617570706,0.29350104821802936,0.40615027560197275,0.28447372361131906,0.24821594787465093,0.26658303277403167,0.41928721174004197,0.16406890894175555,0.20927237604636187,0.11762728953117123,0.20198619760982997,0.18080210387902695,0.13362284950726575,0.11959678797198019,0.0,0.2031832035218422,0.18587360594795538,0.0,0.09154155986818016,0.17016449234259784,0.09632055480639568,0.09613535858488752,0.0,0.0,0.10245901639344263,0.11032656663724624,0.16286644951140067,0.1277139208173691,M
Nebraska,0.0,0.0,0.0,0.0,0.0,0.0,0.0,0.0,0.0,0.0,0.0,0.0,0.0,0.0,0.0,0.0,0.0,0.0,0.0,0.0,0.0,0.0,0.0,0.0,0.0,0.0,0.0,0.0,0.029713266973703762,0.022814555686528005,0.08227990126411848,0.11450099726675038,0.2274238130226374,0.24590447823225853,0.29035380148403056,0.4629629629629629,0.6732280773699679,0.8521061165349983,0.888558482016426,0.96656404381757,1.1127622075543422,1.3241598672382795,1.0963706351388507,1.3083327502973483,1.1400473502094337,1.131063432835821,1.189860320744956,1.0015046078615761,1.0559662090813093,0.9925433293027005,1.0159010600706713,1.0241820768136558,0.983050847457627,0.8634760174801243,0.9232450150232177,0.804093567251462,0.6820344718198159,0.6302083333333333,0.8538150231961308,0.6654507812885099,0.6675504213616135,0.5105729260798844,0.5747386523057428,0.5275471351896875,0.5543810194972986,0.43334903438530376,0.4700067836030623,0.42230589193039586,0.4549301735082522,0.4788507581803671,0.5856283634061412,0.3857331571994716,0.4956427015250545,0.44275415791564965,0.35137034434293746,0.25124125142070947,0.36705938073530286,0.3277295624203435,0.26866947548391035,0.20907637436969623,0.21044813072542706,0.16981017648129054,0.23735165521549034,0.2102919346857991,0.2766336755394357,0.26009412930393855,0.2355787597096651,0.290569136504327,0.27060112106178724,0.2811056823505789,0.2342243042160375,0.19152854511970532,0.1898686109212425,0.17701839452012622,0.1704897706137632,0.1531159087429184,0.18143093791906603,0.15278224509488583,0.21251275076504592,0.15268546793605173,0.12319939347990902,M
Nevada,0.0,0.0,0.0,0.0,0.0,0.0,0.0,0.0,0.0,0.0,0.0,0.0,0.0,0.0,0.0,0.0,0.0,0.0,0.0,0.0,0.0,0.0,0.0,0.0,0.0,0.0,0.0,0.0,0.0,0.0,0.2010454362685967,0.0,0.35778175313059035,0.3309066843150232,0.141643059490085,0.36891293654697493,0.6522245515956208,0.44510385756676557,0.8932369204593791,0.955211207811505,1.0062893081761006,1.0602788140585118,0.9657594381035997,0.7044615900704462,1.1935730680948737,0.8360962952284849,1.2123048946810122,1.077726975832789,1.1979078791968956,0.8198121263877028,0.8069722401549387,1.063668135541711,0.844205679201842,0.8336112037345782,0.8413672217353199,0.8002783576896312,0.5986999657885733,0.8169677926158679,0.6390251151731312,0.5898491083676268,0.6002824858757062,0.5545286506469501,0.5410923940786115,0.7780587434351294,0.4795683884503946,0.48729218421555515,0.6949009296647572,0.6502890173410405,0.6354113000171733,0.7002012072434608,0.5488392790921902,0.6595947232422141,0.5145239025661066,0.566646899914344,0.599480450276427,0.5473763684409211,0.4895960832313341,0.43805126383709225,0.43803294007709376,0.5504587155963303,0.5458813253998581,0.4597460947703882,0.46901870863515555,0.6065857885615251,0.4922396905921945,0.5665310865775712,0.4922448221417294,0.528962885882761,0.5318918918918919,0.5939773459802928,0.5027333073018352,0.47992568892558574,0.25857889349781826,0.37446995979954845,0.2647983670767364,0.39938724149250465,0.2529557327467693,0.25482756667987994,0.18733169418100926,0.1834974616184476,0.18083182640144665,M
New Hampshire,0.0,0.0,0.0,0.0,0.0,0.0,0.0,0.0,0.0,0.0,0.0,0.0,0.0,0.0,0.0,0.0,0.0,0.0,0.0,0.0,0.0,0.0,0.0,0.0,0.07668711656441718,0.0,0.08743806470416789,0.10556317956296843,0.11292564280750521,0.12061606977175729,0.19569471624266144,0.4010829238945152,0.32783723845337964,0.5580142389840292,0.4289704708699122,0.8027198035697422,0.8065272437400356,0.9325486645540969,0.8407777193904361,1.0648596321393997,1.1039477170361212,1.1853542892264466,1.1920186576833378,1.1010136315973436,1.101806963420009,1.3617631248880129,1.3551933282789994,1.325361235675137,1.2006350466362372,1.1875761266747868,1.0479332427712014,1.170631204345383,1.047271329746349,0.8965738072366315,0.9350005632533513,0.6934662476974753,0.7927646270656542,0.7936507936507936,1.1579481970543422,0.9210131144258684,0.7776049766718507,0.6911408311641684,0.7577108218933857,0.49483462106085596,0.631447883315546,0.7032470915089425,0.8945841392649904,0.8714942164474727,0.7107425779225587,0.6796818510484454,0.7223507959884985,0.7634137558516384,0.6040637012630422,0.655361677725895,0.6568844907012455,0.3605663530032539,0.4938723248582404,0.5416005229246428,0.37586738627602156,0.35724630684561165,0.3581376840429765,0.3380057659807138,0.3109639883639282,0.26806887307969895,0.363447559709242,0.22907122032486466,0.19371502367628068,0.208630723619194,0.11337868480725624,0.304022450888681,0.16063264549610773,0.16670941266991535,0.13053126223730582,0.15193370165745856,0.11010184420589045,0.12958963282937366,0.10177377144518757,0.0,0.14202303929304086,0.0817527795945062,0.1004016064257028,M
New Jersey,0.0,0.0,0.008675133597057395,0.0,0.0,0.0,0.008744316194473592,0.0,0.0,0.0,0.0,0.012601033284729347,0.013435700575815739,0.0,0.012849341471249599,0.013145210761545876,0.015199218325914667,0.02629387790876024,0.0,0.02490401577254332,0.0,0.0392103044680142,0.043633824941094336,0.02281705004064287,0.06085307520307944,0.055485342621990695,0.042451256860426334,0.068042088892129,0.08790493244343155,0.1978402440029676,0.22785999530185577,0.3345183285739262,0.39731084431260894,0.48612831310378996,0.5915901009957758,0.7327445834370989,0.7631435499332719,0.8410305378555558,0.8608574989172995,0.8468608206527068,0.8908566684817053,0.8676617266733161,0.872280103664794,0.8868027625249693,0.9008126024663197,0.8825082567329294,0.8614562306314503,0.8380054282148305,0.885632498682402,0.810583385703482,0.8135607399429043,0.9032658123191403,0.8002678720910764,0.9113093876305955,0.8664524264735793,0.7789062284975091,0.841159186495362,0.8624356473400899,1.0731206119070724,0.9870798046073359,0.8471584892340276,0.9087102177554439,0.8334146307471464,0.7808383880685733,0.8217037555902796,0.893816223957988,0.9271793823912544,0.9716308545400535,1.0012560559842096,0.9709187811377593,1.0665262187695448,1.094733117335486,1.1848314157421478,1.1568168315101526,1.250225835591689,1.1472860623722005,1.0640961442163244,1.0228539933604215,0.9251604267548521,0.9249011857707511,0.8291073009739999,0.8647661505821058,0.8713732678549444,0.7895026408450705,0.7052438738825604,0.7608003959555963,0.6665599394565644,0.6311329498477337,0.5767271855713344,0.5228017132779037,0.5865246373023134,0.40900845398227054,0.3948012018726853,0.41172240201366417,0.38597444957868987,0.3711818066595448,0.31385360839879595,0.288477855082301,0.2913639718736646,0.22748777001590398,0.2042449254611303,M
New Mexico,0.0,0.0,0.0,0.0,0.0,0.0,0.0,0.0,0.0,0.0,0.0,0.0,0.0,0.0,0.0,0.0,0.0,0.0,0.0,0.0,0.0,0.0,0.0,0.0,0.0,0.0,0.0,0.0,0.0,0.030644765873988723,0.0,0.033664366268305,0.048094907283706516,0.06017450606759602,0.09689453030376435,0.1696912561866604,0.2623934026801612,0.20522643316459158,0.285915369050761,0.34083460782171726,0.3195828602665994,0.4604127271232426,0.4252631578947368,0.41788729967258315,0.4962095106822881,0.5599848139711465,0.5483136768052969,0.4701834862385321,0.454936677732694,0.4436443129942776,0.5627599706386102,0.7216986758916856,0.45069086164976574,0.5062804409125865,0.5296887261313105,0.5812851456372022,0.5270349404645716,0.4431960049937578,0.5006716326779826,0.4486133768352365,0.398361028909629,0.385537147025112,0.48821460444117804,0.39830593929615815,0.46317273322257463,0.45341076977940803,0.5743037202683472,0.5727554179566563,0.6437989287185826,0.6285714285714286,0.5522271424850221,0.6110086910718989,0.5159524060229547,0.5519876864285335,0.6062231759656652,0.5341642555085689,0.4170286707211121,0.4405286343612335,0.38994540764293,0.3398723987836145,0.3321256038647343,0.34167857364726345,0.45093004321412916,0.3240885010906825,0.39785285759393746,0.44402751719824896,0.3775009437523594,0.37112636852848396,0.32701918923921763,0.27414727446605036,0.4103125213704438,0.35489244586079527,0.24172835775796947,0.2995391705069125,0.26956379676523445,0.2909635048632472,0.318252193359711,0.1292347456844826,0.18611029483788813,0.2004642329605402,0.14359880702529548,M
New York,0.004086159593718989,0.005274910766092874,0.00973620608684696,0.008092485549132947,0.010267174701681536,0.00783773646170986,0.010687847355039038,0.007917522041815827,0.01272306858287143,0.012287619664659688,0.014852305249147421,0.015403661507390904,0.021623959346956427,0.028832763835125667,0.03386188259043402,0.032411128685145334,0.030930824499790576,0.038306962128049134,0.04059136545547952,0.05667153302656786,0.06608283205079113,0.060525641920990754,0.08410063862226877,0.09707256867884234,0.10871542940320232,0.09409840426842185,0.1182910534608514,0.13487911556723295,0.1681620168369624,0.22896604529257591,0.3192382264868768,0.38260439867887025,0.43846108484430124,0.4907589355954218,0.6039669031529634,0.752131418226023,0.763770530522096,0.8863995640865617,0.8944980340193417,0.8619593762886757,0.8792381808477766,0.9045080833731426,0.8970655792381708,0.8759724037951253,0.9029623787313735,0.8980838453986837,0.8756148542548435,0.8785098490755788,0.8146226487288979,0.8195658579707298,0.8186441858844842,0.868882290968298,0.8434170364145415,0.8289720549027352,0.8465490520773623,0.7343889063574204,0.7918737370979192,0.8014925867455648,0.8761746216020853,0.8316686830036857,0.7749685710294734,0.760980451625355,0.7635783441149655,0.6961893635068739,0.7059097451528236,0.6998177832941611,0.7637079408152042,0.7993560318519688,0.8684746201356711,0.8847313128554288,0.92679831561136,0.8974662232673337,0.9191458365281399,1.0154386103278978,1.0806482869761227,1.0454490833381225,0.9721167408050341,0.9629859329630986,0.8210940888258531,0.8454857102257589,0.8155996257055752,0.7808392208530004,0.7947577402492964,0.7280102748000357,0.7022187325870016,0.6704794511665305,0.6145400990761816,0.6204881979652822,0.5534919024940721,0.5545376646719101,0.47965219870287223,0.41839167897947543,0.4105812220566319,0.40056942951038155,0.34329002993180485,0.29856563766760214,0.2728080192868925,0.2655027290063786,0.25883199917722277,0.21179025585339809,0.21505579188635998,M
North Carolina,0.0,0.0,0.0,0.0,0.0,0.0,0.0,0.0,0.0,0.0,0.0,0.0,0.0,0.0,0.0,0.0,0.0,0.0,0.0,0.0,0.0,0.0,0.0,0.0,0.0,0.0,0.0,0.0,0.0,0.007486150621350502,0.013093432552455564,0.026443949844641792,0.03047082681012472,0.030053370640965853,0.04007439451700079,0.08904989830096842,0.1226595841738725,0.17212052486635349,0.20894534320824196,0.20732254686130763,0.2817202006189307,0.352621476481118,0.3585687221038886,0.3581559895291399,0.43358120099746145,0.5000915499404925,0.5669553135002358,0.5637155525327963,0.6064831868652318,0.5975492583281783,0.628694389712745,0.7036092781443711,0.8141694043708042,0.9840847304032624,0.9954344734675549,0.9348950737630679,0.8614512767066181,0.8475968330102829,0.9982180310031067,0.8632138114209826,0.6934702206351231,0.7393975395100905,0.6143141464637758,0.5876321789829678,0.6296561827873196,0.584945975844459,0.5950897764748992,0.7317037406337522,0.6289575453656878,0.5344654658368025,0.6034673360298612,0.4903538012072228,0.4418517727466894,0.453164080359304,0.43455175497429016,0.4071832745959759,0.39492242595204513,0.36526255850450673,0.38252714708785784,0.3952885873774739,0.37234817867412245,0.4133703034773982,0.4255543405225228,0.4904646718430513,0.43276744092858,0.4424601318023232,0.44745402642235943,0.41826420355524574,0.40699988444798235,0.4403607014222994,0.3578237683401951,0.29597014054936727,0.3020788381125281,0.27098620710653715,0.2833690111345541,0.25635939145163505,0.2498419210067704,0.223080087333481,0.169734952343648,0.1504736500119695,0.14550616626741195,M
North Dakota,0.0,0.0,0.0,0.0,0.0,0.0,0.0,0.0,0.0,0.0,0.0,0.0,0.0,0.0,0.0,0.0,0.0,0.0,0.0,0.0,0.0,0.0,0.0,0.0,0.0,0.0,0.0,0.0,0.0,0.04451368795904741,0.11072562190890972,0.14580447619741926,0.3022017556482947,0.3736168989797385,0.4568527918781726,0.5994781014175894,0.8199669136157663,1.1243484735666418,1.226301534757749,1.4227642276422763,1.399322433348063,1.503873613853866,1.5390534821085033,1.482381530984204,1.5166920860871038,1.2250737726906913,1.434623531677258,1.258712160615833,1.1342804766269479,1.1131942816967424,0.9430746506078854,0.7882757855001665,0.8047337278106508,0.8263458500425326,0.6948831332912192,0.7101034010215523,0.6763972944108224,0.7119889756545705,0.684711672194287,0.5617370638435778,0.565843621399177,0.35112359550561795,0.3289155460965464,0.30168756481568776,0.36345776031434185,0.3454582401950823,0.3193900679991758,0.5080627347028938,0.47180667433831985,0.41831002748894464,0.24783147459727387,0.3171247357293869,0.2596337797212353,0.21120811039143902,0.3310305123776626,0.1794526693584567,0.21074815595363539,0.22085502445180627,0.1293451899757478,0.10371650821089023,0.14508523757707653,0.2256063169768754,0.21256038647342995,0.1556420233463035,0.15278838808250572,0.1322501416965804,0.0,0.11396011396011395,0.0,0.0,0.1005631536604988,0.0,0.0,0.15503875968992248,0.0,0.0,0.0,0.0,0.12345679012345678,0.12944983818770225,0.0,M
Ohio,0.0,0.0,0.005985694190883788,0.0,0.0,0.0,0.0,0.0,0.005978715771852206,0.0,0.005238838654247126,0.0,0.008947044679304367,0.0,0.0,0.009312287563439959,0.009144842880168265,0.008961476851385108,0.005378599627800906,0.010188694624444716,0.012417861023438713,0.010841069915045434,0.013563735995442586,0.012568636538597496,0.013462360822946197,0.01717608059017013,0.01709927841045108,0.020650696794478937,0.03187432409357391,0.04165886820703854,0.08375802189505474,0.11886984051131952,0.17502819898761468,0.2162220021943322,0.2806252117926127,0.4364383424362379,0.49000245001225007,0.6155038092368613,0.6786762793117544,0.7315178874811902,0.7529906097064122,0.7815287634302026,0.7938174219929416,0.7876178653495682,0.9092876075079785,0.8873746521182135,0.8966144971393447,0.8827627991517721,0.8908936425429828,0.824407984926542,0.7810192023633677,0.931744439163777,0.9298552171742386,0.9018021953247193,0.8479253050144677,0.8463032847285801,0.79671327401489,0.7605799615837412,0.9152666781511912,0.8661696305398295,0.7342708031313424,0.6895963979063541,0.66874050288139,0.6808076390407464,0.6343292025252487,0.6657679301696804,0.737207937773632,0.7125433797332964,0.7422930483910587,0.7227015564112969,0.751230594471791,0.6600066000660006,0.6033972403114896,0.5752666930067167,0.5621701239720142,0.49013047842087654,0.4851456294035966,0.426751311554909,0.37410612800157517,0.3513231355816803,0.29065502824029926,0.3001931120324355,0.2593356068738185,0.2578460993396384,0.24780311097399563,0.1997676172615529,0.2257454302227146,0.2390908229148015,0.18926898908729087,0.2145247882831278,0.20297140699307303,0.18182723921490485,0.19163696293741136,0.17605404207039552,0.1674158636417564,0.16303699481727926,0.1561863370908597,0.10382904687741157,0.11025358324145534,0.12847376229295077,0.11405805715754469,M
Oklahoma,0.0,0.0,0.0,0.0,0.0,0.0,0.0,0.0,0.0,0.0,0.0,0.0,0.0,0.0,0.0,0.0,0.0,0.0,0.0,0.0,0.0,0.0,0.0,0.0,0.0,0.0,0.0,0.0,0.0,0.0,0.02153470676907616,0.04715868898844612,0.04903792266019055,0.13109227960110492,0.10974187795788656,0.21593362882145697,0.3005224467150585,0.42325379212519154,0.513763197586727,0.5407371483996121,0.701187923182574,0.7740355174525413,0.8672019765287216,0.9661475796637111,1.0305559849538828,1.0893011216566006,1.0327022375215147,1.0470695020746887,1.0347979369328197,0.9686081452592545,0.9056419042956799,0.9571465976202252,1.036540981219974,0.9550948831965931,0.9020238134286744,0.8813386128496615,0.7468164554942074,0.7559665125577908,0.9834787562591827,0.7004939380332286,0.6961902920131503,0.6628046552893899,0.6418323684872892,0.5472297910990009,0.47813247081985655,0.5032650856778121,0.5784999245434881,0.6021047022778739,0.5377414857598087,0.5557967867998264,0.5979248490532857,0.4806846825722492,0.4497440601236797,0.3618781170173945,0.39121655729429583,0.3883243802990098,0.36811832374691866,0.31858759499551986,0.30739673390970224,0.28557829604950025,0.2570777741620566,0.23327393487769318,0.22963619066364857,0.3216927005604749,0.24466266715822638,0.2031832035218422,0.26327486579820153,0.2554793599569719,0.2634156225726926,0.21992834592600474,0.2610776706070056,0.2554132357426045,0.22577834112334627,0.24233612019871564,0.2669960946839882,0.2563789525088512,0.20208685610591,0.18443062406176283,0.18406037180195106,0.2181818181818182,0.12278727105290085,M
Oregon,0.0,0.0,0.0,0.0,0.0,0.0,0.0,0.0,0.0,0.0,0.0,0.0,0.0,0.0,0.0,0.0,0.0,0.0,0.0,0.0,0.0,0.0,0.0,0.0,0.0235393813850572,0.0,0.0,0.03501264345458082,0.02282509456110604,0.04048309830645705,0.05675747863247864,0.10465382477025216,0.15584746032250882,0.19686213684901271,0.23850694651481721,0.32731202717307395,0.46665430496322396,0.6266367377478489,0.7708168120539255,0.7712339743589745,0.9526664668065686,0.9201581027667984,1.0083869072871456,0.9843043362596435,1.0825727021863722,1.0312315851502651,1.0814654043333458,1.0195898728376676,0.946014620225949,0.8007699711260828,0.9421857242365362,0.9241432422025414,1.002543767768966,0.8840747082951693,0.7351753110357085,0.838823349165007,0.7791820452596653,0.6397198098709839,0.7471437665427011,0.6646216768916156,0.665208402001618,0.5969803228330484,0.6098269253107214,0.6829979054730898,0.6056632637132777,0.6110990476781338,0.6535325655911931,0.7198192382182054,0.7335680751173709,0.6400819304871024,0.6349303723697933,0.5918035212309514,0.5929448591379726,0.5719055273896376,0.5341171265130685,0.5047117073949848,0.4049615764803418,0.3966754816773706,0.3354730492564756,0.34381764930599773,0.30166401764572315,0.3694581280788177,0.36800374694724164,0.3182125930941097,0.3361796544073153,0.26109660574412535,0.3612741862646333,0.24851063829787234,0.3774996599102163,0.2802909348944474,0.3152324839569182,0.23127841135656751,0.18406413612565445,0.26934073675050757,0.17957070074333917,0.23830427693465445,0.2158894645941278,0.18725776248747986,0.1032960841393558,0.11902990626394881,0.10792476102374346,M
Pennsylvania,0.0,0.0,0.0028608210556429693,0.0,0.0,0.0,0.00412796697626419,0.0,0.0,0.0031248828168943662,0.0032777643025245344,0.0,0.003466372718260158,0.0,0.006177033788374823,0.00523873671606047,0.003685277317118113,0.0,0.0051017061563017,0.007031310425323967,0.005778968887476252,0.005565062537390263,0.01187883587408434,0.011513375664177858,0.014947854982809967,0.013485224047365244,0.017706659671443095,0.018071978107089378,0.024477141069923034,0.05374302943047181,0.07218670967998884,0.11522346368715085,0.15422738194317098,0.20322399698382482,0.2789928542724245,0.5116661694645586,0.5267213634921355,0.6865749754953053,0.7459843269688704,0.8156381823683321,0.7893394023960153,0.8166814666218833,0.8698443118229053,0.8879254023875988,0.9671512539581373,0.887548071230366,0.9361636552760334,0.7976117751472469,0.8411248691382982,0.8265679036570112,0.7914686965171671,0.874560163604102,0.8549044348167556,0.8798181373465894,0.8518253949965819,0.9102437430467492,0.789345043954899,0.860599041276582,0.9343163853292782,0.8540005672328491,0.7590233949738491,0.7051538003721645,0.7031803437604862,0.7033139324197402,0.7407686795157093,0.777775243482426,0.7822764093362663,0.8518647296255424,0.8295125482625484,0.7825216910831354,0.8307759754493642,0.7492460303041314,0.7325185932653138,0.7445406846655803,0.6866185845836821,0.5945194301273138,0.6038950364673006,0.5178510527543932,0.5440563258313802,0.45920869007656623,0.42355015523783973,0.4129107298633324,0.40542303485233167,0.37678666502846375,0.3652837581372569,0.34874042544224715,0.33444816053511706,0.32742126425135715,0.27310946958700255,0.2825235807083111,0.28009918266140144,0.2384728200603336,0.22648273523320456,0.2200573632677282,0.20217336365933786,0.18618694175367972,0.1964992114176384,0.15267175572519084,0.18699935806190518,0.1558154097071544,0.14833651197287562,M
Rhode Island,0.0,0.0,0.0,0.0,0.0,0.0,0.0,0.0,0.0,0.0,0.0,0.0,0.0,0.0,0.0,0.0,0.0,0.0,0.0,0.0,0.0,0.0,0.0,0.05154196374881882,0.08185985592665357,0.0,0.08635578583765112,0.07699307062364387,0.09965742759265027,0.18100154186498624,0.23359807782153108,0.38731218697829717,0.3987538940809969,0.3873659117997616,0.5390356592820755,0.7124798896805332,0.7686084142394822,1.0143163507795745,0.9741562088132485,1.1190662415017145,1.0959715639810428,0.9835288541296363,1.0284763093751859,1.0182042579450787,1.0885295413074938,1.1785356068204613,1.1558051456183884,1.153498714474324,1.2632029688838138,1.2297246322142588,1.1668785997456803,1.1066843736166445,1.0364372469635628,1.1837552358404664,1.217686395847889,1.1064561177355248,0.904977375565611,0.9687713699566901,0.9542996500901284,1.062330623306233,0.9011841140102693,0.9070525886669385,0.9064356934233054,1.1123249577912404,0.737173186553961,1.2917115177610334,0.8285714285714285,1.0218300046446818,0.9446693657219973,0.8056575060424312,0.8531540847983453,0.943237325248442,0.9928583870405853,0.9859655356191153,0.8391608391608392,0.8317214700193424,0.7095073991485911,0.6345848757271285,0.7719453021614469,0.5783500654735924,0.6293549112160036,0.6509821836455002,0.5944055944055944,0.5221629148294268,0.41446005065622843,0.47286913346731296,0.45050529648118837,0.38284839203675347,0.23547880690737832,0.4209935447656469,0.36253776435045315,0.31254883575558684,0.2065459167461074,0.30507385998715475,0.23387905111927834,0.22275531185743663,0.3264043978697818,0.24548483254427494,0.2448672066302505,0.15689350853108452,0.3304419661296985,M
South Carolina,0.0,0.0,0.0,0.0,0.0,0.0,0.0,0.0,0.0,0.0,0.0,0.0,0.0,0.0,0.0,0.0,0.0,0.0,0.0,0.0,0.0,0.0,0.0,0.0,0.0,0.0,0.0,0.0,0.0,0.0,0.0,0.0,0.009370314842578711,0.014588158062692608,0.03657912063793986,0.06751114822250254,0.09874195435927444,0.11198612816992991,0.1151947339550192,0.12931866435051148,0.15596366046711116,0.2283014373064401,0.20846983143725056,0.2949369162706866,0.3745552156813784,0.42627562982224304,0.5090641052219381,0.45859380656995974,0.48221520717854394,0.5567732345753659,0.6735022114997989,0.8863898642178408,0.9911975737850434,1.347852777110524,1.3408629371018443,1.211999078765546,1.044689495066744,1.0214318285453716,1.089202432256922,1.0426369399957935,0.8382917607058066,0.7501640092415642,0.7112253641816624,0.5979116006293806,0.6310244015399311,0.6509998540359072,0.6302580921146442,0.6278180469151304,0.6914385294282984,0.555661482308719,0.5258794881094244,0.5094689172498971,0.529543673844325,0.5624737652161746,0.407380073800738,0.40313759804993904,0.3762690972785364,0.4009779951100244,0.3734493732545301,0.34524646761716005,0.37074916901048327,0.3407593146237181,0.38829924928811804,0.37117538873098144,0.34193654446819005,0.3530103941949402,0.3977050462902595,0.3825153468858932,0.4360012457178449,0.34690752258024193,0.2918062141459694,0.29749405011899765,0.28969123154101606,0.2710712736735579,0.2516594937632212,0.2607656368838506,0.2142027301771711,0.18041721480924638,0.16217712906926152,0.15990159901599016,0.17446808510638298,M
South Dakota,0.0,0.0,0.0,0.0,0.0,0.0,0.0,0.0,0.0,0.0,0.0,0.0,0.0,0.0,0.0,0.0,0.0,0.0,0.0,0.0,0.0,0.0,0.0,0.0,0.0,0.0,0.0,0.0,0.0,0.07367567965814485,0.12595339724302007,0.20465243195306637,0.2572729071838512,0.2760615222821086,0.38360589541691903,0.5890717042453788,0.7699334464309017,1.0657550774180575,1.3503166979884458,1.313535122786979,1.2381345439537763,1.2669039145907472,1.4751163623344075,1.4379470540520611,1.5114689351359563,1.1425330200145856,1.418106686701728,1.2896515860634425,0.8369173544112519,0.9258174147427634,0.9548508782270423,0.6724195898240503,0.6331340133661625,0.8578745198463509,0.8158508158508158,0.4798228346456693,0.4856136943061794,0.4873520538407983,0.6824793018572387,0.5055500604462029,0.5873715124816447,0.37275841225065487,0.37827046338131765,0.38337996062584184,0.39424613745338305,0.48674959437533805,0.4711160964666293,0.3401360544217687,0.365049458313707,0.47817557626287394,0.34735144523012035,0.29077117572692796,0.34495975469528556,0.4011387163561077,0.20408163265306123,0.25052192066805845,0.18635321100917432,0.20780762950868337,0.10894941634241245,0.15780337699226762,0.1224739742804654,0.14474107430041816,0.12859668863526766,0.12857602057216327,0.07763975155279502,0.10946051602814699,0.0,0.09468202619536059,0.0,0.16589250165892502,0.18985157059026578,0.09010632546404757,0.10897203051216856,0.1462790272444688,0.0,0.12931830777757253,0.18917896329928113,0.09840582562487699,0.0,0.1513186338089062,0.0,M
Tennessee,0.0,0.0,0.0,0.0,0.0,0.0,0.0,0.0,0.0,0.0,0.0,0.0,0.0,0.0,0.0,0.0,0.0,0.0,0.0,0.0,0.0,0.0,0.0,0.0,0.0,0.0,0.0,0.0,0.0,0.0,0.009744010913292222,0.012633352049410443,0.024684585847504114,0.0223448083234411,0.0453035336756267,0.10493040059504834,0.11706450657983261,0.1576691911705253,0.17214290593619783,0.20463655986320187,0.24265338656659566,0.31199247798957175,0.37222619899785253,0.36082174241983356,0.5374183079511113,0.5260443527591542,0.668724279835391,0.6132585484524936,0.728933310356712,0.7209387991369783,0.7788792231438398,0.8927405666536101,0.9764512779285164,1.0394291331415881,1.0859762513151963,0.9873007498963711,0.9476995674400315,0.8750617283950617,0.9659048611628079,0.8829981038777558,0.7523284202911655,0.7070599130868419,0.6121485141320933,0.6025400490691297,0.5698948452092065,0.6184914025969187,0.526363885588961,0.6000857265323617,0.5304604615552883,0.5035869526804961,0.5207342179471653,0.4130552546045504,0.4689612679069608,0.423929228343698,0.41458925284583353,0.3656372663237324,0.34901173619776127,0.2979683972911964,0.2634543406373778,0.30341743851804537,0.26983845197940703,0.2658254767136882,0.3107577003930171,0.25862068965517243,0.27571817131785836,0.2730809516684124,0.3248935693479722,0.3116883116883117,0.2994727075639824,0.2768549280177187,0.2755720671987589,0.2615556127261813,0.19987699876998768,0.22315510384445428,0.1847262897048885,0.2647223780145822,0.19226854260444706,0.20116488503192906,0.16339869281045752,0.09491931857920767,0.10081166313395026,M
Texas,0.0,0.0,0.0,0.0,0.0,0.0,0.0,0.0,0.0,0.0,0.0,0.0,0.0,0.0,0.0,0.0,0.0,0.0,0.0,0.0,0.0,0.0,0.0,0.0,0.0,0.0,0.0,0.004740170917019923,0.00550297160466652,0.008572180824031496,0.014787386950426763,0.027119348212431046,0.044036098727846036,0.060236621806686784,0.064180701012463,0.13099049341381755,0.16298638180050862,0.20722306699732818,0.25518599958979443,0.29050826699326393,0.37009081833897395,0.44145675830609954,0.4925268331828669,0.5425036771372731,0.6357851764681378,0.6290150609994588,0.7093559396931164,0.676605504587156,0.6771232521227996,0.6521920072294027,0.6853561673676626,0.7874396654590801,0.7760297839364002,0.6943835079529435,0.6510782549428737,0.5917509562009706,0.5492238971324855,0.5886475122634899,0.7379866870790645,0.6123648714850256,0.531187572752365,0.5038859799478739,0.4387634847248663,0.4438895227434181,0.4554791849046137,0.4663878369490928,0.5123011103359586,0.515668047742941,0.55316961835652,0.4968455980265887,0.5044470994291783,0.47410801635547234,0.49617226493997035,0.4768508277892157,0.48313743005243653,0.4659105191760102,0.44491368935118203,0.4570250418796443,0.43638776046490585,0.43133945392084155,0.44080260531568444,0.4804173702566451,0.5226538420221952,0.5074577803344702,0.5123500526274835,0.4924738219895288,0.49253602695813853,0.4979550431534201,0.4659170258361224,0.45861228835247625,0.4946730764356502,0.4105873840922912,0.36330900556216444,0.3458685882606246,0.36778060297856885,0.359080824371163,0.3392931688383206,0.28182719494730657,0.2046120936516406,0.20155980958168743,0.14002904691753904,M
Utah,0.0,0.0,0.0,0.0,0.0,0.0,0.0,0.0,0.0,0.0,0.0,0.0,0.0,0.0,0.0,0.0,0.0,0.0,0.0,0.0,0.0,0.0,0.0,0.0,0.0,0.0,0.0,0.0,0.0,0.0428921568627451,0.09660085733260883,0.3467447838823459,0.419961821652577,0.7076213439563895,0.8031512175158583,1.196233138203105,1.2328973086753872,1.3695949911954608,1.2298455430203845,1.0489686822330928,1.1526072075699616,1.1129008639625129,0.9813061184436485,0.9869232667160128,1.0622233793283,0.8937329700272479,0.9256529685749662,0.7275246838732028,0.7789678675754625,0.6602162777461582,0.5908819862308234,0.631782011092356,0.6354211456691032,0.6144842721287491,0.46424384525205153,0.4044181596799443,0.4819677580189463,0.46520146520146516,0.5685126202952155,0.5657708628005658,0.5569091541942222,0.45417781372488025,0.4987451952095047,0.5062974653873801,0.4960973673766371,0.5444459663059855,0.5747126436781609,0.5495924163623622,0.6322282189668466,0.48618023122272414,0.5170036764705882,0.5281355674607697,0.4509056985151209,0.5031688112156713,0.44689293832106947,0.3790437589131577,0.28552602679551947,0.35097571248069637,0.26594814011267803,0.17972803418223746,0.21363955002169777,0.29258029521023043,0.3381372903056367,0.24741999544226323,0.2200433614859399,0.24666515205608386,0.23633773633773633,0.2165674066053059,0.28477407923047715,0.22492850486809549,0.23841961852861035,0.24024670109007457,0.1922508133688258,0.1818388453233322,0.19647122274443332,0.18558614290133002,0.11339641823727223,0.16440113877861984,0.1013599121547428,0.09833281187145221,0.08685714285714285,M
Vermont,0.0,0.0,0.0,0.0,0.0,0.0,0.0,0.0,0.0,0.0,0.0,0.0,0.0,0.0,0.0,0.0,0.0,0.0,0.0,0.0,0.0,0.0,0.0,0.0,0.0,0.0,0.0,0.0,0.07939658594680428,0.1781798245614035,0.17627118644067796,0.320066796548845,0.28583095140873827,0.3901520247544733,0.4580358345682338,0.7618283881315157,0.6723796967699407,1.062959934587081,1.1570687591435032,0.95276435856146,0.9272751357795735,1.0956310022994724,1.1280239195433541,1.371588523442967,1.0,1.1752607609813428,1.6123882503192848,0.9886307464162136,1.2209598100729184,1.0593956234803752,0.91908747743312,1.0653297822340593,0.9320905459387484,1.1179429849077696,1.0649191071062871,0.9406354515050168,0.8869636963696369,0.7809202195018995,0.9403761504601841,0.8640552995391706,0.6027397260273972,0.8089500860585198,0.6896551724137931,0.4563894523326572,0.5742273264651241,0.6753334458889076,0.6694560669456067,0.5201342281879194,0.7155025553662692,0.7683114222298105,0.3301964668978042,0.45332437877770315,0.680759584378359,0.4532577903682719,0.45239968528717545,0.5368860608470869,0.3116651825467498,0.3870673952641166,0.2608489447474508,0.19047619047619047,0.34516765285996054,0.2501876407305479,0.2601456815816858,0.13304949441192124,0.18631887143997872,0.2165674066053059,0.1414827391058291,0.23453532688361184,0.0,0.0,0.0,0.0,0.0,0.0,0.0,0.0,0.0,0.0,0.0,0.0,0.0,M
Virginia,0.0,0.0,0.0,0.0,0.0,0.0,0.0,0.0,0.0,0.0,0.0,0.0,0.0,0.0,0.0,0.0,0.0,0.0,0.0,0.0,0.0,0.0,0.0,0.0,0.0,0.0,0.0,0.0,0.008495815810713224,0.017642648161489038,0.01909602362031229,0.026603606266627253,0.06109668550481136,0.06915721296431754,0.1416099360806527,0.19269764102822454,0.20357842827337674,0.2860020641888111,0.3268299985030687,0.3485384282697738,0.4185171438444703,0.4621914383918342,0.5722478972770217,0.6007044508485431,0.789551642859903,0.7870550161812299,0.8183514246947082,0.854534861138085,0.8165944196837414,0.8449624290752953,0.8314298766560073,0.9842200645341899,1.0154552598733377,1.0862488435047801,1.1165577342047932,1.0455386080237308,0.9875984771382261,0.969476634098311,1.22774930735382,1.0129349608307523,0.8442313793224999,0.7977902069107504,0.7367851831823712,0.6854958309989124,0.6885251328224565,0.7217581704646825,0.6481826076169209,0.8171038889230202,0.7399718247201008,0.7201780803980621,0.7900740782469088,0.6613353994299788,0.7351265101436061,0.6519718882499855,0.7608370702541106,0.5657538368943725,0.6200315482047197,0.524233903636277,0.4813692280263861,0.49745637194925624,0.45845823381369927,0.4924790735729121,0.4942602040816327,0.5020786696514231,0.4866876610363584,0.47260606250293424,0.47700760378457513,0.44676448457486834,0.4525953514685776,0.4659279869606019,0.35407268703719463,0.3519030778388599,0.2802206517333145,0.29779841883220476,0.2169819779431543,0.2426967896211432,0.20670522746641043,0.19860601064228436,0.18196047740168264,0.12453049992970051,0.13488342218511146,M
Washington,0.0,0.0,0.0,0.0,0.0,0.0,0.0,0.0,0.0,0.0,0.0,0.0,0.0,0.0,0.0,0.0,0.0,0.0,0.0,0.0,0.023256895669566027,0.0,0.0,0.018703241895261846,0.024547239799258127,0.02710394362379726,0.021263023601956196,0.029524653085326247,0.029859065212198423,0.05762976989256164,0.10931616664642294,0.1341736125228705,0.18010610598852803,0.24860504944478204,0.3423207877058986,0.48797054302362997,0.5528355404599736,0.7004788082993438,0.825346112886049,0.8626626554061401,0.9172471643750685,0.9810610950264629,0.9909289027138786,0.9884308660002247,1.058816451761686,1.0243305344986793,1.0288306404470737,0.9243817601372278,0.8715285617520885,0.8259406546344448,0.8242573208458703,0.8678195771732085,0.8546026786739874,0.7963262814217078,0.8024990574675499,0.6897080236033413,0.6859543878300048,0.686819830713422,0.9124415677813736,0.6778991707252863,0.6775528151420063,0.6005779145970651,0.5819216345532136,0.6637661758143686,0.6625958165519034,0.6355175331390429,0.6332864232279091,0.6700515279062305,0.7412953949831524,0.6759735488611315,0.625826355222565,0.5827998040441239,0.5579036348267117,0.5685698675044393,0.5687305504882498,0.47191549763120544,0.4703757361380271,0.41267029716030074,0.3811727224455738,0.331119598141215,0.3120744439400817,0.29397818871503084,0.341097358931878,0.356190551995861,0.3233357137189558,0.3276670108825165,0.278322854511233,0.28455835382024425,0.34300996085423047,0.33620672804394147,0.291170505431836,0.2849784682935067,0.24067132390526497,0.24295850354762416,0.263279141709998,0.2436371546660866,0.18182216477907512,0.2287876454671448,0.1612187200635529,0.14537348872144018,0.13490467584697227,M
West Virginia,0.0,0.0,0.0,0.0,0.0,0.0,0.0,0.0,0.0,0.0,0.0,0.0,0.0,0.0,0.0,0.0,0.0,0.0,0.0,0.0,0.0,0.0,0.0,0.0,0.0,0.0,0.0,0.0,0.0,0.012993762993762994,0.023789956312989316,0.051270619705751225,0.055528408333703524,0.08220304151253596,0.08464124204976906,0.1806445397177128,0.21134650641678548,0.2867801944014415,0.34159273987967775,0.47438822065532976,0.5636358637375932,0.5247897941432299,0.6713791369672591,0.8178877969896753,0.8244724357925732,0.9423539351400534,1.0351740477492255,0.9484407322118575,0.9669231698964587,0.8554941285662403,0.8462044035491291,0.9355630920360191,0.9816653934300992,0.9731082936283615,1.0098405741051093,0.8920372556736192,0.8669267446900737,0.8542309806740813,0.8595761536938008,0.6308114529144309,0.6429059348254109,0.4785266205565385,0.5037138222487834,0.3964450640411257,0.4650112866817156,0.5177124778294425,0.46291784426469157,0.5261813537675607,0.5217206132879045,0.5662140618987411,0.5298305646006954,0.4363953742090334,0.35941387890517007,0.44731328916822377,0.38196654899010357,0.2678411999285757,0.26035209521448055,0.2164088854942397,0.25369153711051845,0.2951633460790233,0.29024637192035097,0.22734871280508193,0.19938123066345825,0.13819789939192925,0.15172413793103448,0.15457036464554205,0.15921262121870025,0.10220470141626514,0.11575748806250905,0.18508521631834657,0.20811654526534862,0.12728044123886295,0.05955419431682832,0.17616489033735577,0.12551551013089476,0.0946073793755913,0.14627011214041932,0.09303287161463718,0.10137418337463391,0.09317493594223154,0.08575278696557638,M
Wisconsin,0.0,0.0,0.0,0.0,0.0,0.0,0.0,0.0,0.0,0.0,0.0,0.0,0.0,0.0,0.0,0.0,0.0,0.0,0.0,0.0,0.0,0.0,0.012162983985404418,0.0,0.010813733441470668,0.0,0.01701162461015027,0.01854513422040892,0.03137404684281603,0.05747287560626874,0.09299781181619256,0.14912916774979135,0.21646950963289316,0.22883007480983217,0.3013192211277948,0.4273608337797692,0.5229264513629981,0.634284960611983,0.6986828491379812,0.7918538765646447,0.9440130303621203,0.9625339901926205,0.9283911744958674,0.9145570001566435,1.1793188653579763,1.0324142014881184,1.0522968002433697,1.050345113394401,0.9868670765960676,0.9861963668089615,0.9403799134850479,1.025734126083602,1.0126498771296157,1.0181308445690465,0.9828009828009828,0.928197429607118,0.8498946789999083,0.8699307345066432,0.9212657390153428,0.8719916288803629,0.7900603199580383,0.6790439061800985,0.6159601399616234,0.6378454996456413,0.6285251161944458,0.6682175914468148,0.612494221752625,0.6565484311050478,0.6411940926052452,0.6235468188543649,0.6197370494214036,0.5651392789241423,0.5829910129693078,0.5056419980294834,0.46907177179467624,0.41306796845662785,0.3344346028335732,0.2902369239002902,0.3064632032802131,0.26325765553262287,0.27802538308077596,0.26150738811523333,0.2683538780407985,0.23893805309734514,0.19430337822918967,0.16906361300211892,0.1908180186729061,0.1891306824655349,0.1893545779933033,0.23094688221709006,0.20182891884484092,0.14974779319041615,0.17883755588673622,0.14932389458839143,0.16803427899291457,0.15060240963855423,0.15248288163875942,0.14885382554331647,0.14599930174246992,0.0782600189128379,0.07908128180442855,M
Wyoming,0.0,0.0,0.0,0.0,0.0,0.0,0.0,0.0,0.0,0.0,0.0,0.0,0.0,0.0,0.0,0.0,0.0,0.0,0.0,0.0,0.0,0.0,0.0,0.0,0.0,0.0,0.0,0.0,0.0,0.0,0.12752778283840407,0.12493307156880243,0.23121387283236997,0.2863961813842482,0.3137606454504706,0.39203860072376356,0.6106153123532174,0.6448568732305757,0.9872147596698496,0.8041060735671515,0.8613409896976861,0.9177318911832186,1.122334455667789,1.0146955913226032,1.0642270351008214,0.9924573243350536,1.0805943268797837,1.0688216892596456,0.9095920617420067,1.241087932400317,0.8738113595476741,1.1350474866805653,1.150575287643822,0.8098223615464994,0.828371731814652,0.7037126910943946,0.6846081208687441,0.8710801393728222,0.9009009009009009,0.6133862529316254,0.49671526998878385,0.49289649173673533,0.36707609769871524,0.44692737430167595,0.44241262350685734,0.515625,0.44709388971684055,0.6359895248784138,0.48511576626240355,0.5372576500817566,0.583941605839416,0.6065200909780136,0.4335628666156593,0.6120276742948376,0.3863134657836645,0.4983875696276752,0.39370078740157477,0.28151391929934316,0.1936108422071636,0.19926934573231483,0.0,0.20898641588296762,0.0,0.3531073446327684,0.16909029421711194,0.2456140350877193,0.22371364653243847,0.15837820715869497,0.1529051987767584,0.3804692454026633,0.23341113704568192,0.21921812203142127,0.27121270825261523,0.0,0.0,0.0,0.3040668947168377,0.0,0.0,0.0,0.0,M
