state,1943,1944,1945,1946,1947,1948,1949,1950,1951,1952,1953,1954,1955,1956,1957,1958,1959,1960,1961,1962,1963,1964,1965,1966,1967,1968,1969,1970,1971,1972,1973,1974,1975,1976,1977,1978,1979,1980,1981,1982,1983,1984,1985,1986,1987,1988,1989,1990,1991,1992,1993,1994,1995,1996,1997,1998,1999,2000,2001,2002,2003,2004,2005,2006,2007,2008,2009,2017,gender
Alabama,0.0,0.0,0.0,0.0,0.0,0.0,0.0,0.0,0.0,0.0,0.0,0.0,0.0,0.007091695624423799,0.0,0.008808632459810615,0.0,0.0,0.015245994115046272,0.01096319498825372,0.024431161131651384,0.05694482859606593,0.04933746828305611,0.07328485258470038,0.09354354646970553,0.09770298293188706,0.11450004935346955,0.15614883650074265,0.1903939387991442,0.21123421132042938,0.2104786692316397,0.24621473606700725,0.18462128659457647,0.16323149636992643,0.12653859427125275,0.1698930391711134,0.11406670620979148,0.11871962009721568,0.12177469384003861,0.09354974507694468,0.11588581699500981,0.10234683676869614,0.09940593122056283,0.0674568757829816,0.0814663951120163,0.09247842170160296,0.05921067614037484,0.054974001878278396,0.04245383145828911,0.04365223717715533,0.029399514908004017,0.0,0.020598383026932385,0.0,0.0,0.0,0.0,0.0,0.0,0.0,0.0,0.0,0.0,0.0,0.0,0.0,0.0,0.0,F
Alaska,0.0,0.0,0.0,0.0,0.0,0.0,0.0,0.0,0.0,0.0,0.0,0.0,0.0,0.0,0.0,0.0,0.0,0.0,0.0,0.0,0.0,0.10714285714285715,0.0,0.0,0.0,0.14604631754642186,0.11467889908256881,0.0,0.12488849241748438,0.0,0.136986301369863,0.0,0.0,0.15689350853108452,0.09160864785635764,0.20942408376963353,0.0,0.0779787897691828,0.0,0.07714065312419646,0.0,0.0,0.0683526999316473,0.12118274357731458,0.08958280010238034,0.0,0.0,0.0,0.09355787222667736,0.0,0.0,0.0,0.0,0.0,0.0,0.0,0.0,0.0,0.0,0.0,0.0,0.0,0.0,0.0,0.0,0.0,0.0,0.0,F
Arizona,0.0,0.0,0.0,0.0,0.0,0.0,0.0,0.0,0.0,0.0,0.0,0.0,0.02486325211337643,0.023419203747072598,0.04781345397035566,0.02902441679062511,0.021045985478270017,0.05334222370395066,0.046641791044776115,0.026526078450877018,0.08490694199157724,0.07672991071428571,0.026187803965581742,0.06317368815888183,0.06307158625039419,0.08647118937190472,0.0780176096890441,0.12172854534388314,0.11382277124970708,0.08962735702712951,0.12900597501357958,0.08811147733576999,0.10014353907267083,0.08873989351212778,0.08526495294637781,0.0952088452088452,0.10405827263267431,0.0837893744599513,0.07307731075496421,0.06224944597993078,0.06643210392933592,0.06176945737907441,0.039976902234264644,0.0392875851231011,0.0711743772241993,0.04902561588429955,0.03226782293032167,0.019883482790845643,0.030413625304136254,0.03805937262128921,0.024440416301757674,0.017960486928756732,0.013816243955393269,0.0154006083240288,0.011590619325425955,0.0,0.011105969458583989,0.0,0.0,0.0,0.0,0.0,0.0,0.0,0.0,0.0,0.0,0.0,F
Arkansas,0.0,0.0,0.0,0.0,0.0,0.0,0.0,0.0,0.0,0.0,0.0,0.0,0.0,0.0,0.0,0.0,0.0,0.0232740814010997,0.0349334808302524,0.02313743637204998,0.041053310656266495,0.050509552247675074,0.05408328826392645,0.08363636363636363,0.10600840495210691,0.06953834266949971,0.16532030809693782,0.23411493580129494,0.17829203507622893,0.20504487774682761,0.2328059030106933,0.16640222901590496,0.17913299629791807,0.19687412109767366,0.17005488134807142,0.17222044216597246,0.1554679205217655,0.11751744399559311,0.11272204298985501,0.10367469185577699,0.07731560228854183,0.07765783955890347,0.112673867433367,0.0875412836735506,0.05566157760814249,0.08427304466471366,0.050854751007315256,0.02748223469828432,0.036689767631471665,0.03807911994922784,0.04706687775448205,0.022054607207445637,0.0,0.0,0.0,0.0,0.0,0.0,0.0,0.0,0.0,0.0,0.0,0.0,0.0,0.0,0.0,0.0,F
California,0.0033968083588660093,0.007241749343305003,0.0037884049552336816,0.009010441511634071,0.004214824944270648,0.008069684095602022,0.014871270564178828,0.011969707432727943,0.01513840830449827,0.012387958903945366,0.017826461295718236,0.011023089698555241,0.02195966621307356,0.030584157406463454,0.025424889010580667,0.03467749925691073,0.03236884951398172,0.03256808765826055,0.03839342110151964,0.04122140265191024,0.0545875365736495,0.05154589971458844,0.04814652705296118,0.06563821634356107,0.06394410071017248,0.0800700613036407,0.09740293383163108,0.09414569554365752,0.10045600252833085,0.09983740765039792,0.08664179805205337,0.08749122007122524,0.08047319874837623,0.07161012614399144,0.09101389478793763,0.08324515513197132,0.06913576798315602,0.057406787778586946,0.04197718821756714,0.05474006116207951,0.0428077029748339,0.03558561870450702,0.03963234674087191,0.03647073775881791,0.031147671911189202,0.019230477270081932,0.022740710419793513,0.019290902320740412,0.017455528075063304,0.023831063212473594,0.013218135281606366,0.01889024766108907,0.008209085405272286,0.009784192447132306,0.00851309231212841,0.00946969696969697,0.007632163633588304,0.006138135959711508,0.003994521798676101,0.002858474089361617,0.004798085281732278,0.0033995393624163925,0.0025638396061942363,0.0019728868972125925,0.0017048941829010478,0.00148264123640418,0.0015759000753280236,0.0,F
Colorado,0.0,0.0,0.0,0.0,0.0,0.0,0.0,0.016790919470750218,0.02534292140526499,0.0,0.02683043167183401,0.05192557334487235,0.06181685352215572,0.045944704197183855,0.04591740269562164,0.05155058740537754,0.06681454953630703,0.10738606600314302,0.10032670491086357,0.0817898791620495,0.10286116449665703,0.11381095999544756,0.11362560363601933,0.11436644353997781,0.16754821117645127,0.14140635043064662,0.132954053552656,0.13798367682461393,0.1832005129614363,0.16651189599410804,0.13091512867999233,0.11732995084826384,0.09720610830641874,0.12646904592985594,0.11127053380574509,0.12042320153682942,0.10132252559726962,0.11124314211311405,0.0725268349289237,0.07111886026291037,0.04582216418081426,0.07643666180251546,0.0689766169268618,0.03678583745258075,0.06189297276709198,0.050797029583222464,0.05120078020236499,0.02927257647460604,0.024550721791220663,0.03675749852970006,0.022617043198552508,0.02037178507766743,0.015343698854337152,0.015141955835962145,0.025264647179202144,0.0,0.0,0.018403920034967446,0.0,0.0,0.0,0.0,0.0,0.0,0.0,0.0,0.0,0.0,F
Connecticut,0.0,0.0,0.0,0.0,0.0,0.0,0.0,0.0,0.0,0.0,0.0,0.0,0.0,0.0,0.0,0.0,0.016254546193388463,0.0,0.010179982083231533,0.0,0.0,0.012399256044637322,0.0,0.01363078740515244,0.0,0.03166483984898307,0.028942163909121604,0.035998848036862825,0.032439446366782004,0.037430986618422285,0.03682131619468434,0.047757120927852635,0.03483228255947612,0.03194434585078441,0.05568703884170959,0.04124420003437017,0.06245069681830134,0.03241596161950144,0.04421145708330702,0.021702061695861107,0.03036191401505951,0.05303007983973131,0.014227989300552045,0.047572408003358053,0.021361245360604523,0.02091886096802029,0.02835197690602608,0.0,0.029302077783697388,0.04146739280678959,0.019854213347704004,0.0,0.0,0.0,0.0,0.0,0.0,0.0,0.0,0.0,0.0,0.0,0.0,0.0,0.0,0.0,0.0,0.0,F
Delaware,0.0,0.0,0.0,0.0,0.0,0.0,0.0,0.0,0.0,0.0,0.0,0.0,0.0,0.0,0.0,0.0,0.0,0.0,0.0,0.0,0.0,0.0,0.0,0.0,0.0,0.0,0.0,0.0,0.0,0.0,0.0,0.11614401858304298,0.0,0.0,0.0821557673348669,0.0,0.07849293563579278,0.10396554284865588,0.07453786523553965,0.0,0.0,0.0,0.0,0.0,0.0,0.0901945625563716,0.0,0.0,0.0,0.0,0.0,0.0,0.0,0.0,0.0,0.0,0.0,0.0,0.0,0.0,0.0,0.0,0.0,0.0,0.0,0.0,0.0,0.0,F
Florida,0.0,0.0,0.0,0.0,0.0,0.0,0.0,0.0,0.0,0.007804451659226423,0.0,0.0,0.00775514424568297,0.0,0.0,0.005442295342483645,0.007384277817629436,0.00930213328923433,0.019665479837708038,0.018984938615365144,0.014984319979450074,0.030425522667014388,0.022047134452708894,0.03611238173194983,0.03721114846007864,0.03787138389366693,0.04757097938204138,0.06766859849601083,0.07465472191116088,0.07549128311590271,0.07896111468798211,0.0764288614488046,0.06574206354223296,0.0680403106746261,0.07819659111735598,0.08608012625085183,0.0760005811809149,0.056037249488023314,0.04845618591669412,0.047038857785853296,0.04461656523834169,0.046014622424459334,0.05614366268236519,0.051035054703199266,0.04609817374401684,0.05204324720542423,0.04040038171395137,0.04100237130380707,0.04611662539819933,0.030589726221950313,0.029378066335673785,0.0276912944557538,0.014444714754895997,0.025453535727508327,0.013109090768886729,0.013874329407411975,0.0108733641411984,0.006851870179899659,0.005362834027948027,0.005405363665145443,0.0,0.0,0.0,0.004251881457544964,0.0,0.0037646917093959176,0.0040254731943739986,0.0,F
Georgia,0.0,0.0,0.0,0.0,0.0,0.0,0.0,0.0,0.0,0.0,0.0,0.0,0.0,0.008979078746520607,0.0,0.008156796942366405,0.005892335250306402,0.00941098968320256,0.0059291584152545386,0.008442788049836572,0.020531648932958127,0.022823919467602045,0.02443164283509927,0.046103570314724666,0.036686373834149376,0.07036505389963128,0.08342108502112879,0.11979790614094483,0.15165671419479762,0.1417748438261486,0.13662899018755434,0.13570037357514608,0.15325409528999082,0.12111983942969859,0.13253485175731397,0.13880855986119145,0.137649515853427,0.10385310054184227,0.0908787979764321,0.10237571888832013,0.09579834448485938,0.07341497078084162,0.0764244671516318,0.07916556714490076,0.05912309697531611,0.05146884155515085,0.0520231947316999,0.05023106288929073,0.02475086302351332,0.02514258492238881,0.02693965517241379,0.016247173668747207,0.016222793024199,0.01220521026865024,0.006609909576436995,0.006528437875385177,0.008883474199852788,0.0,0.0,0.007501594088743858,0.006163100285967854,0.0,0.0,0.0,0.0,0.0,0.0,0.0,F
Hawaii,0.0,0.0,0.0,0.0,0.0,0.0,0.0,0.0,0.0,0.0,0.0,0.0,0.0,0.0,0.04018969536210915,0.0,0.0,0.0,0.0,0.0,0.0,0.0,0.0,0.05842827928717499,0.07976867085452188,0.09287925696594426,0.11522949875168043,0.10995052226498077,0.17679992142225714,0.09268795056642637,0.14676590837614006,0.16759191369016443,0.1141670991177997,0.21536252692031585,0.18216779678170225,0.21404545917847315,0.2109916608057872,0.0759085302210836,0.12581051001645216,0.15686998246747255,0.1337852301105958,0.1187214611872146,0.10406811731315042,0.09948269001193794,0.06815305228312725,0.09617234083477592,0.06675567423230974,0.0729594163246694,0.04757373929590866,0.06943755579803591,0.06165861679169664,0.09586706433745207,0.08129137150156776,0.07250755287009064,0.06623393826996954,0.06781500067815001,0.0,0.0,0.0,0.0,0.0,0.0,0.0,0.0,0.0,0.0,0.0,0.0,F
Idaho,0.0,0.0,0.0,0.0,0.0,0.0,0.0,0.0,0.039541320680110716,0.03897723729342065,0.0,0.06102677549774964,0.07578628268283441,0.10190483656031982,0.06211662396148769,0.12553942722636327,0.06948197328804138,0.05471314678755667,0.13598912087033038,0.11593242795627692,0.09089256498818396,0.19474196689386564,0.11571638964864298,0.0982425499399629,0.2323008849557522,0.17613386173491855,0.14833651197287562,0.19449576971700866,0.15925151786602967,0.27032438926712055,0.14695797002057412,0.20069330414158,0.19065776930409914,0.17902188949467004,0.1350641554738501,0.18191079094811904,0.21586240512499127,0.11665408632402388,0.12705583398037693,0.06350102307203839,0.1412639405204461,0.09232899899976918,0.14499758337361043,0.07747933884297521,0.13539128080151638,0.09197939661515821,0.06345752878252198,0.0,0.05253940455341507,0.0,0.0,0.0,0.0,0.0,0.0,0.0,0.0,0.0,0.0,0.0,0.0,0.0,0.0,0.0,0.0,0.0,0.0,0.0,F
Illinois,0.0,0.0,0.0,0.0032893654813986387,0.0,0.0,0.004783029810233292,0.0035376732722888155,0.006696652789713941,0.011430375406186554,0.005973845418603641,0.007749334848758815,0.011254520992239496,0.015301010360264756,0.013859616423167543,0.01667860331413659,0.017835021233315818,0.02767836765612785,0.031058350259312577,0.0280354776225915,0.02523447028641124,0.04066171592441201,0.04294745522012002,0.0453298341882381,0.06100266193433895,0.05215599039827068,0.07316478335094707,0.06515758482552247,0.07062512958739374,0.07709878010995583,0.08427052370300003,0.10047013889421491,0.08251334094204016,0.06936576568244351,0.08139126798635016,0.08578543014181167,0.06952340259119515,0.07045250036621349,0.05481090238676566,0.048718628427319687,0.04911483341274787,0.04404380890859442,0.043144108635403036,0.04230501918834799,0.04221190375685943,0.03215152135153304,0.027564759515142947,0.03621750001741226,0.023519350010690613,0.022093263027660764,0.0089632506722438,0.015209356796301083,0.017162962327297693,0.008812619671369402,0.012301434347244889,0.005772767382214929,0.006691816744598449,0.0,0.0,0.005243151133831433,0.0,0.00449038608339545,0.0,0.0,0.0,0.0,0.0,0.0,F
Indiana,0.0,0.0,0.0,0.010793162531536272,0.0,0.0,0.007243489913440295,0.0,0.012280075020094667,0.016246777722418386,0.011838649963407808,0.008337849668570476,0.026131220537048843,0.02707716993431279,0.026624068157614485,0.03769356153219234,0.034822150984749944,0.042087110052660213,0.05581683807948731,0.046042980586994464,0.04811214503624813,0.08377886788293006,0.07625402120814966,0.08444498837351609,0.08537458097402353,0.09011444534558889,0.10663521973127923,0.12172418731204353,0.13754298218193187,0.1325417644622394,0.12831788232240948,0.13867196052958092,0.14063656550703182,0.11807447774750228,0.14677103718199608,0.0965731175558222,0.14208142250232114,0.12153688920807668,0.08514199953821287,0.08088511425022388,0.0875115047452359,0.08058875406745127,0.06214663574492595,0.05763509198249139,0.052182988345799264,0.04092459264873058,0.055384246923928994,0.023580734539880917,0.04936129476171957,0.029592710848064793,0.022101889711570337,0.012957773854451805,0.020997544902442176,0.009823343538695788,0.01164492946499867,0.0,0.0,0.0,0.011852955619147603,0.0,0.0,0.0,0.0,0.0,0.0,0.0,0.0,0.0,F
Iowa,0.0,0.0,0.0,0.0,0.0,0.01699620418106623,0.012901085534197092,0.01092955899229466,0.029313882709982243,0.02837734778213291,0.05085269065218576,0.06698044895003621,0.07687356979405034,0.05958829902491874,0.09501443143722774,0.09071722146110268,0.09759800466301577,0.08860599265836061,0.11363428089661114,0.1601158934085624,0.11833607445144209,0.1721314916663168,0.15272395714611353,0.12878607202480324,0.18250875548759432,0.14080257467565122,0.16268709015367672,0.1687247829808045,0.1938499123692177,0.18508181791474485,0.1494302969927153,0.19181202421626806,0.17163137072376075,0.14734774066797643,0.155713058419244,0.15608180839612487,0.11508362743593678,0.10783428628749123,0.13154840207382187,0.09034383801881277,0.08778667837155713,0.0673797692242904,0.09607826011005328,0.05626406601650412,0.05452212957023733,0.04834187373102582,0.05383665326028438,0.03133912062427528,0.02589080552768698,0.029859659599880562,0.03390405153415833,0.01757345705047097,0.021689621516104544,0.0,0.0,0.0,0.0,0.0,0.0,0.0,0.0,0.0,0.0,0.0,0.0,0.0,0.0,0.0,F
Kansas,0.0,0.0,0.0,0.0,0.0,0.0,0.0,0.0,0.017953781835902433,0.02679724232015396,0.01655355073663301,0.013740982480247337,0.060119777094364925,0.05233219567690558,0.05572582892170522,0.05804953560371517,0.06621107143701672,0.06376143414179562,0.10342044193320553,0.08016964932243716,0.1462230315069249,0.15288272131243935,0.12446773665247299,0.14615192671015578,0.14443374564847047,0.19152854511970532,0.16529506928325244,0.21722639817943593,0.19205909510618652,0.2586903799514956,0.21332664073283975,0.185040503310169,0.2182020153931604,0.17554571821096016,0.15538865662806614,0.17720677815926458,0.1444043321299639,0.1364256480218281,0.1398868188465696,0.10634526763559021,0.0835260858391159,0.06225833934071696,0.07711651299245599,0.043963476496449105,0.056077386793775406,0.055842524082088514,0.052108663933856735,0.021138669673055242,0.03321768657267292,0.04480454019340627,0.023090244371752933,0.0,0.03585228857108712,0.02857259479978775,0.0,0.0,0.0,0.0,0.0,0.0,0.0,0.0,0.0,0.0,0.0,0.0,0.0,0.0,F
Kentucky,0.0,0.0,0.0,0.0,0.0,0.0,0.0,0.0,0.0,0.0,0.0,0.0,0.0,0.0,0.0,0.013953704708600134,0.0,0.01582003132366202,0.014557688886013295,0.013179571663920923,0.02031247355146673,0.032467532467532464,0.04158475729623469,0.06648802208208249,0.05148588257099903,0.06043681227075692,0.0921923336952736,0.10709556819066905,0.12674518368302004,0.17095112934589826,0.15168168828313916,0.1611656915774368,0.16992353440951571,0.11383406000987993,0.14475320597769578,0.15084536255263875,0.09178615864727599,0.10705989294010705,0.09843550380128595,0.08867307083289348,0.05966850828729282,0.05730527666987577,0.046293081498969976,0.04523163357615578,0.05005720823798627,0.06314664594161365,0.0375727972947586,0.03976794235987648,0.023479138785189358,0.0192798958885622,0.0,0.020181634712411706,0.0,0.018113129431247738,0.0,0.0,0.0,0.0,0.0,0.0,0.0,0.0,0.0,0.0,0.0,0.0,0.0,0.0,F
Louisiana,0.0,0.0,0.0,0.0,0.0,0.0,0.0,0.0,0.0,0.0,0.0,0.0,0.0,0.008043758043758044,0.0,0.009373326191751474,0.006703940576270732,0.013675400689240195,0.01117505727216852,0.01275564437263489,0.036655279093295016,0.01904287576720817,0.03822021212217728,0.039781203381402286,0.047576164341664826,0.08858780614903596,0.08853551836678009,0.12149384607257938,0.15238864612785957,0.17155738195455725,0.15987210231814547,0.17978297626436657,0.12863499293561925,0.14800300175102143,0.18927198579484478,0.13785604722055025,0.15792276475016986,0.17462673535318257,0.12585772904382608,0.1370229262749816,0.11110541339760353,0.12334311971231521,0.0878348704435661,0.10246856078248719,0.07910297229418396,0.08626396774128833,0.038477895461633486,0.043535045711798,0.04436650962330721,0.04654667967018353,0.034675666928660594,0.024039039399985578,0.01233988992818184,0.012761287358668744,0.0,0.015378306335862211,0.0,0.0,0.0,0.0,0.0,0.0,0.0,0.0,0.0,0.0,0.0,0.0,F
Maine,0.0,0.0,0.0,0.0,0.0,0.0,0.0,0.0,0.0,0.0,0.0,0.0,0.0,0.0,0.0,0.0,0.035332121946295175,0.0,0.04429569839551137,0.0,0.03180155827635554,0.0,0.02935995302407516,0.038407374215849444,0.06656017039403621,0.0988560937720661,0.048927098623051654,0.09574613595951306,0.08184422316191516,0.11184848258891955,0.0957166786312515,0.07551602617888907,0.08399832003359933,0.18560701932000337,0.09578544061302681,0.14584346135148274,0.10149906308557152,0.0699518109746619,0.0926569376882094,0.06935347152654697,0.06126512482769183,0.1062941310454787,0.1448501944042083,0.13168086754453912,0.04642884779076066,0.07688167909587144,0.09676939109721602,0.07507507507507508,0.06228589224540642,0.0,0.07898894154818326,0.07356998344675372,0.0,0.0,0.0,0.0,0.0,0.0,0.0,0.0,0.0,0.0,0.0,0.0,0.0,0.0,0.0,0.0,F
Maryland,0.0,0.0,0.0,0.0,0.0,0.0,0.0,0.0,0.0,0.0,0.0,0.0,0.0,0.015374628446479209,0.008273625337150233,0.0,0.0,0.0,0.013327336032118879,0.008612522607871846,0.0,0.023493874811209934,0.02660470725953779,0.01476641379183048,0.027008256809939037,0.039916972696790676,0.039614942756407714,0.06174068910575583,0.059772863120143446,0.06774084288963081,0.07431984074319842,0.05729720880739953,0.07032348804500703,0.07178544765405157,0.07375034143676591,0.09819431564017239,0.0901852663042078,0.04718621169224656,0.031243240645052756,0.07482653847898053,0.049265496237907554,0.07218479307025986,0.04837420603205317,0.03933340233930235,0.04623952071731569,0.02716389530258639,0.033419357234362526,0.02901915264074289,0.02596150280013352,0.013494496173346441,0.03443805202171623,0.016517663576487106,0.010574177857671566,0.017288699673675793,0.0,0.011193445118538583,0.0,0.0,0.0,0.0,0.0,0.0,0.0,0.0,0.0,0.0,0.0,0.0,F
Massachusetts,0.0,0.0,0.0,0.0,0.0,0.0,0.0,0.0,0.0,0.0,0.0,0.0,0.0,0.004826161657110866,0.0,0.004689991558015196,0.0,0.004731174656043603,0.0046840601433322405,0.0,0.008821107931156154,0.0,0.0,0.010077146152209695,0.010393689875391207,0.01683805400204462,0.020302871064825874,0.02377612401626287,0.031109037175299427,0.025032763469835517,0.041085283567466775,0.05089643396598148,0.023732433761082198,0.03846624586924973,0.05451169446195254,0.043870750021091705,0.07089158533368504,0.04017354973485457,0.022088290050803067,0.021619618259311878,0.03382325810220774,0.03602521765235665,0.025891084836454647,0.03465453757851419,0.016843287248227944,0.016508006383095804,0.030390718938703237,0.025043496599356774,0.01401423846628174,0.015692316471225997,0.014880288082377274,0.022804323699773477,0.017151321431355733,0.014363688595231256,0.0,0.0,0.0,0.0,0.0,0.0,0.0,0.0,0.0,0.0,0.0,0.0,0.0,0.0,F
Michigan,0.0,0.0,0.0,0.004933236861145826,0.004241361759882373,0.0,0.004301044436957441,0.004877912810792731,0.009051997258537973,0.013226680103294074,0.011665101087310212,0.01228975736507602,0.015493200206576003,0.016509005662588942,0.01852507696079767,0.018578256683950075,0.022485903068460926,0.03415541893387982,0.02749223045661009,0.041638539622855776,0.04279323088893212,0.05229260026609653,0.04973347062573112,0.07421805972786712,0.06899957873941401,0.0858023263622052,0.09765198000320648,0.0671316416159646,0.09884052461509218,0.10348278962457802,0.1286391938610518,0.10914927768860352,0.10254267864263876,0.09141735390063416,0.11081600879201392,0.12664686480674964,0.1090320765334834,0.0911244760342628,0.0815104235884078,0.08529435530934916,0.06910462814239289,0.0606963527009877,0.08224650452355775,0.07026757151574547,0.052859903029419265,0.04228874016327131,0.0411385757299909,0.05089892680906863,0.042144150929861374,0.05123631326261457,0.032311759522177616,0.01717345186382463,0.018729319709487442,0.013829345871940258,0.014014812578833321,0.01091631552518394,0.0077833991215878135,0.0,0.0,0.00597186059288632,0.007210585138984029,0.0,0.0,0.0,0.0,0.0,0.0,0.0,F
Minnesota,0.0,0.0,0.0,0.010413231746472518,0.0,0.007961276351824724,0.018678205647044175,0.029099597200312438,0.025746652935118432,0.02442107682583463,0.027324369022794278,0.028188865398167725,0.054674685620557675,0.05910246718438595,0.0801142963961919,0.10162326224221566,0.10572480225546244,0.1154870798829381,0.11380981710092922,0.1132410123473634,0.14966397559325936,0.15932661957011873,0.13689477029383484,0.20828993959591752,0.1770934981387112,0.1640910976071551,0.1618266853982537,0.14493003675011645,0.18189741743562537,0.18048647400784906,0.13880320789636028,0.14057507987220447,0.12544165917501202,0.143576511715011,0.152266427204935,0.17907490665244227,0.16651885101992797,0.15589004555453553,0.1119396559147192,0.09966663229886244,0.10424342637358687,0.11519308132631541,0.08000711174326607,0.07712365492673254,0.07303644331248361,0.06302715728983224,0.06536897152818129,0.05471157879379206,0.05399869658318593,0.027099746423801318,0.03361610409127761,0.022184128264596148,0.02086637175527919,0.0273511466442247,0.016786973308712438,0.0,0.0,0.0,0.0,0.0,0.0,0.0,0.0,0.010875475802066341,0.0,0.0,0.0,0.0,F
Mississippi,0.0,0.0,0.0,0.0,0.0,0.0,0.0,0.0,0.0,0.0,0.0,0.0,0.0,0.0,0.0,0.0,0.0,0.0,0.012671862130140025,0.0,0.017642129405019188,0.01822489520685256,0.012617978095190026,0.04281165547320258,0.0333370374486054,0.06884089148954478,0.06118929743561217,0.07181923650627037,0.1196039163328883,0.17164538665381837,0.1489557252876113,0.16927083333333334,0.14490311710193765,0.13810724027207125,0.14276228419654716,0.11984249272384866,0.12715834560299827,0.1293497807363473,0.1306549077249714,0.1138100347933535,0.06487963121051733,0.09339328951919751,0.10270940322295023,0.06582315512323558,0.06476683937823835,0.07994518044769301,0.06652376376672334,0.04091348657293759,0.026937581774801815,0.036284470246734396,0.03318813524165111,0.033888253484136065,0.026238684567280363,0.0,0.0,0.0,0.0,0.0,0.0,0.0,0.0,0.0,0.0,0.0,0.0,0.0,0.0,0.0,F
Missouri,0.0,0.0,0.0,0.0,0.0,0.0,0.0065438174013192334,0.007766286550086076,0.007367567965814484,0.0073478085161100696,0.007231703789412785,0.007027818448023426,0.011684836587560322,0.01941304099577481,0.02275235202439052,0.017232465965879715,0.012519633060936466,0.029814120426112582,0.03473548924936608,0.03254149040026033,0.037617554858934164,0.04684998893819706,0.05212075110228345,0.05441256489066015,0.07970814555933659,0.09310553512406312,0.10083784384963299,0.12705012705012705,0.12343077339916307,0.10195020883349229,0.11736677994604632,0.11525295443207816,0.10181690511717721,0.1219767198717502,0.08585108139342909,0.08809547554935009,0.1119238287407781,0.07826167019611455,0.06452120544496026,0.06447351868159518,0.08129303749043612,0.045222559596873185,0.051810217602913926,0.04516056192642054,0.03573052686285974,0.030525030525030524,0.03448870494912916,0.025137470542026707,0.030378127748021424,0.03174815359422518,0.017024174327545112,0.019361425000880065,0.0,0.01256281407035176,0.009055346276441611,0.0,0.0,0.009323140033563304,0.0,0.0,0.0,0.0,0.0,0.0,0.0,0.0,0.0,0.0,F
Montana,0.0,0.0,0.0,0.0,0.0,0.0,0.0,0.0,0.0,0.0,0.0,0.03607243344636029,0.042634832658281815,0.035283325100557476,0.07586206896551724,0.0516338422954931,0.08766803039158387,0.0671391271913465,0.08214472406840415,0.10942629357511334,0.15837292656497456,0.15944724953494552,0.19739439399921044,0.18096657440919736,0.17869108778199688,0.19551466359977,0.11814744801512288,0.18716283166354727,0.29670204267944766,0.22277227722772275,0.11292346298619825,0.20522175350587163,0.1797698945349952,0.2855511136493432,0.11669849352853809,0.0849707912904939,0.180469219971927,0.1498800959232614,0.13869625520110956,0.18387689925481468,0.10008006405124098,0.12,0.0851063829787234,0.0805616296466797,0.06004563468235859,0.0904392764857881,0.0,0.0,0.0,0.0,0.0,0.0,0.0,0.0,0.0,0.0,0.0,0.0,0.0,0.0,0.0,0.0,0.0,0.0,0.0,0.0,0.0,0.0,F
Nebraska,0.0,0.0,0.0,0.0,0.0,0.0,0.0,0.025855063898943636,0.027990623141247683,0.03809787690922315,0.03943076316449797,0.06663860830527497,0.1025220422390814,0.07244626901714561,0.0955819881053526,0.09307653755280304,0.12095241386460241,0.14175079518738762,0.13747594171020072,0.09445182956692087,0.12019668548533964,0.1204912935323383,0.21555440593205724,0.15986458529245814,0.21119324181626187,0.24183796856106407,0.18158617981939537,0.2181128496917971,0.24213075060532688,0.2685199810456484,0.19666757716470912,0.20363408521303256,0.11102886750555144,0.19270833333333334,0.11844832691738229,0.16759501158377285,0.11836000378752012,0.14006867883607446,0.1583925419740236,0.09633469425202991,0.08926474042753113,0.06123410268487989,0.043608876829150114,0.08649638750381601,0.07934828607702074,0.037243947858472994,0.04748338081671415,0.036988110964332896,0.04357298474945533,0.0,0.0,0.0,0.0,0.042483461795229716,0.0,0.0,0.0,0.0,0.0,0.0,0.0,0.0,0.0,0.0,0.0,0.0,0.0,0.0,F
Nevada,0.0,0.0,0.0,0.0,0.0,0.0,0.0,0.0,0.0,0.0,0.0,0.0,0.0,0.0,0.0,0.0,0.0,0.0,0.0,0.0,0.0,0.07207726683004181,0.0,0.08164598301763554,0.0,0.11955593509820667,0.20981278244028406,0.18234310895000758,0.19953952417498083,0.1833944648216072,0.175284837861525,0.10438413361169101,0.1881628463906945,0.12568735271013354,0.0743052459503641,0.15089163237311387,0.1647834274952919,0.13047732956398825,0.09188361408882083,0.06808014005057382,0.049955040463582776,0.05732849226065354,0.0845149779322002,0.06322254335260116,0.10303967027305513,0.0,0.04450048208855596,0.05439956480348157,0.0,0.032944587204322334,0.0,0.0,0.0,0.0,0.0,0.0,0.0,0.0,0.0,0.0,0.0,0.0,0.0,0.0,0.0,0.0,0.0,0.0,F
New Hampshire,0.0,0.0,0.0,0.0,0.0,0.0,0.0,0.0,0.0,0.0,0.0,0.0,0.0,0.0,0.0,0.0,0.0,0.0,0.0,0.0,0.0,0.0,0.0,0.0,0.0,0.0,0.04851542790607413,0.05619029780857839,0.18255188316679477,0.19212295869356388,0.1126506702714881,0.07584787084191137,0.06699419383653417,0.11178180192264699,0.09141696292534282,0.19020923015316848,0.0,0.08078269455165604,0.07131395970761277,0.0,0.0,0.04341031429067547,0.06447453255963895,0.04753604816986214,0.0,0.04338394793926247,0.0,0.04321209938782859,0.0,0.0655361677725895,0.0,0.0,0.0,0.0,0.0,0.0,0.0,0.0,0.0,0.0,0.0,0.0,0.0,0.0,0.0,0.0,0.0,0.0,F
New Jersey,0.0,0.0,0.0,0.0,0.0,0.0,0.0,0.0,0.0,0.0,0.0,0.0,0.0,0.0,0.009722209946704613,0.0,0.004463209761932391,0.0,0.0,0.009853364028055214,0.005346068857366883,0.008950387999319772,0.004738483116784655,0.005943300909325039,0.010334101501544948,0.01384702235761533,0.024051281515021592,0.040305911533691605,0.04018081366147665,0.04321411322097664,0.04339041885313699,0.039908623014890045,0.050411937546811086,0.03226800041068364,0.06849706033449397,0.07659623666791918,0.05224144016943169,0.05025125628140704,0.04181009853246554,0.05268632722262,0.03502343876286438,0.03182728393915684,0.03831319761947332,0.03713238934547975,0.02751360727316227,0.025489514540609434,0.03182022669168395,0.021010029524620437,0.013710681763650699,0.03960903551998509,0.02168021680216802,0.01346867309081559,0.010015022533800702,0.019226578822564313,0.018371980105770114,0.011857707509881422,0.009391183020741099,0.006714022908246163,0.0,0.0,0.0,0.0,0.0,0.0,0.0,0.0,0.0,0.0,F
New Mexico,0.0,0.0,0.0,0.0,0.0,0.0,0.0,0.0,0.0,0.0,0.0,0.0,0.0,0.022802937018287957,0.026392187912377938,0.0,0.03364030108069467,0.0328866233659459,0.037894736842105266,0.03446493193175943,0.03216172754422238,0.037965072133637055,0.0569004758948893,0.08027522935779817,0.12295585884667404,0.08358516041921173,0.07952043063371667,0.059644518668734346,0.07116171499733144,0.17303255575493462,0.05885430290347894,0.1137297024072787,0.0780792504391958,0.10611735330836455,0.09158627427036269,0.07573992076439058,0.05121784657409515,0.06772949880170887,0.07349467163630637,0.07562770999294141,0.045310376076121435,0.050945030312293034,0.05082333807684489,0.0412796697626419,0.025751957148743305,0.0,0.036467830164105236,0.057940479325783514,0.0,0.031845443447800006,0.0,0.0,0.0,0.0,0.0,0.0,0.0,0.0,0.0,0.0,0.0,0.0,0.0,0.0,0.0,0.0,0.0,0.0,F
New York,0.0,0.0,0.0,0.0,0.002076074281937808,0.0,0.0,0.0,0.0020813026179318096,0.0,0.0016851755110294739,0.0,0.0022341804068761687,0.003484773125429657,0.0027798626747838656,0.0024804586368019446,0.004057542190635817,0.004714253387976769,0.00534904063382985,0.004206738547963292,0.004219450367903614,0.009916273596599379,0.009705944544392563,0.008016265731921499,0.013392105545096959,0.01532265985659562,0.01509556654822453,0.026434249592950865,0.030479707046472845,0.04246074849412462,0.03343736067766384,0.03783861563960584,0.03768226748948719,0.03367152051754783,0.05038004074211991,0.06189685732774385,0.055873725380639755,0.04687198433924288,0.039617071158772194,0.04374523203644725,0.03386673440013546,0.03538701243827079,0.03135005678985697,0.03770066689422925,0.0288662051391799,0.025361647336539308,0.02788086219162805,0.02504556902141396,0.02252338598374482,0.030068813218447465,0.01784931101659476,0.026645628810716766,0.021699034392969514,0.014659036450257942,0.012307620175119853,0.011841536557783737,0.007848108907603612,0.00906547083033669,0.005654402895054283,0.005722351504978446,0.005698799452915253,0.0,0.0040166019547462845,0.004700668166403654,0.0,0.0,0.0,0.0,F
North Carolina,0.0,0.0,0.0,0.0,0.0,0.0,0.0,0.0,0.0,0.0,0.0,0.0,0.0,0.005062368378422161,0.005171914435847573,0.008549383375724025,0.009604097748372639,0.008626825112687902,0.007492480760379762,0.019715008597934305,0.011232673600970503,0.013732491073880802,0.031015060913579636,0.022234720169507043,0.036836289006998896,0.060544638509022475,0.07129524007051748,0.08248350329934014,0.10128423212268378,0.12318758495695513,0.10777636404460744,0.08750249458866152,0.10910630536737885,0.11005617792962975,0.08357907684544179,0.10041136267936385,0.08608595842367045,0.07816041643869878,0.08305778000658194,0.07192373024010283,0.060783641407686786,0.07122399187743411,0.05716379626236717,0.03372582371658578,0.04674684458799031,0.03709657474959812,0.0260115231047354,0.04118457123000296,0.03470739000427168,0.02285990909824382,0.02095908786049631,0.016848963086730038,0.021156558533145277,0.0166659722511562,0.016452780519907863,0.0,0.0,0.0,0.0,0.0,0.0,0.0,0.0,0.006454694499309348,0.0,0.0,0.0,0.0,F
North Dakota,0.0,0.0,0.0,0.0,0.0,0.0,0.0,0.0,0.0,0.04310964218996982,0.0,0.09873756964525002,0.08631230669639646,0.10424422933730454,0.23322299127294613,0.22583559168925021,0.228310502283105,0.15950174692389488,0.17699115044247787,0.2025111381125962,0.3219793255380444,0.29509076276491103,0.3947621798575005,0.3432851347134089,0.36663611365719523,0.4804312163112257,0.46585615270991937,0.42189408238037085,0.4733727810650888,0.47393364928909953,0.3790271636133923,0.47340226734770147,0.42719829120683517,0.2756086357372531,0.27816411682892905,0.39969752619639193,0.24691358024691357,0.2808988764044944,0.18380574634807004,0.2451211464127463,0.137524557956778,0.0812842918106076,0.123634865031939,0.13253810470510272,0.10356731875719218,0.14342058085335246,0.0,0.10570824524312897,0.10931948619841486,0.08448324415657561,0.08635578583765112,0.0,0.0,0.0,0.0,0.0,0.0,0.0,0.0,0.0,0.0,0.0,0.0,0.0,0.0,0.0,0.0,0.0,F
Ohio,0.0,0.0,0.0,0.0,0.002845921794069099,0.004226261992018403,0.0,0.0035840152917985786,0.010557256446871995,0.00535202975728545,0.008471704506946799,0.00701508242721852,0.012500062500312503,0.0138691612026954,0.01300680069865101,0.016504053201300908,0.020616431295742706,0.01982317725885105,0.024994251322195894,0.027997147460447427,0.0340780007572889,0.03368379202191103,0.04373729254338267,0.03938200545289307,0.04498200719712115,0.05445975299059161,0.05662235352043328,0.07451608549987385,0.07363954068896655,0.08877115360227704,0.08128747427139577,0.08857527782119703,0.09987288905029962,0.09061899745956999,0.09212586040310682,0.08970773371126171,0.09205566830965498,0.07457015631325146,0.07239313053699935,0.058313288140535026,0.05958621521937532,0.06401614713170004,0.053409962838701905,0.04847757335118539,0.04298698108572832,0.044403273593066964,0.03559257856872397,0.03525035250352503,0.026564658378493252,0.040300276570525484,0.02864039932899636,0.021746403479424557,0.019714398367990677,0.015870916545430498,0.008054916631612863,0.007262493758794426,0.008252035502090516,0.005491337415227479,0.0,0.0,0.0,0.0,0.0,0.0,0.0,0.0,0.0,0.0,F
Oklahoma,0.0,0.0,0.0,0.0,0.0,0.0,0.0,0.0,0.0,0.021068402078749004,0.0,0.020456870098874872,0.018493689028618983,0.03889359170880139,0.04006410256410256,0.04122211445198836,0.0457820293486904,0.056338028169014086,0.0765904879555281,0.062091746765019995,0.1185139382696965,0.15099223468507333,0.21741099737295047,0.17505186721991703,0.2089181954690866,0.29409884278498816,0.3304369110268021,0.39275012364355744,0.26787014121415054,0.29122565290912505,0.28536753370288975,0.24588069996168094,0.28404557495292504,0.21242034237161064,0.24287127822254206,0.25145936237090255,0.17404757300328758,0.19571003601064663,0.13340045305814247,0.12488646684831971,0.1218769043266301,0.11538272696027888,0.09557824840283716,0.10656720394298655,0.07112982615870486,0.04921117383123462,0.0849991206987514,0.04689606659241456,0.032547267508950505,0.039532903539715364,0.018929833417465926,0.022652255517442235,0.016433853738701723,0.0,0.016010246557796988,0.0,0.0,0.0,0.01640258504740347,0.0,0.0,0.0,0.0,0.0,0.0,0.0,0.0,0.0,F
Oregon,0.0,0.0,0.0,0.0,0.01956436676666232,0.03036232372984279,0.043402777777777776,0.058867776433266836,0.03816672497694094,0.038775875439957044,0.03577604197722259,0.033966342442488806,0.08653192409914086,0.06546950991395435,0.11102299762093576,0.09014423076923077,0.1132540554944872,0.08853754940711463,0.13379891002839148,0.11971268954509177,0.16273968725677493,0.13626988803771362,0.12723122403921716,0.15656623515484783,0.14463859896016576,0.1693936477382098,0.14664369248817685,0.1855287569573284,0.2244500972617088,0.20708056230337302,0.17369526579415093,0.1493795005362341,0.11557245647392164,0.10006790322004218,0.13736723958856836,0.2044989775051125,0.12884667245977285,0.08983684469817718,0.08711813218724591,0.10927966487569438,0.06868346289532015,0.09616279430468096,0.07296722819707498,0.08069722401549387,0.06194574856546688,0.04800614478653267,0.03680755781853874,0.020713123243083296,0.03310859619552131,0.03091381229133177,0.04108593280869757,0.0,0.019132042983323234,0.0157410905427528,0.0,0.0,0.0,0.0,0.0,0.0,0.0,0.0,0.0,0.0,0.0,0.0,0.0,0.0,F
Pennsylvania,0.0,0.0,0.0,0.0030980533897867505,0.0,0.0,0.0,0.0024940143655227454,0.0023510271637678503,0.0,0.0,0.0,0.0058927519151443725,0.004435238859788793,0.0069273065766116805,0.005784667960059092,0.004064104474579026,0.007361635755464864,0.011628934650038841,0.013363425788442122,0.010622477161674103,0.0164742101388467,0.013759019036978739,0.01786558166876059,0.024668182857417904,0.032498589683843906,0.03583542888211997,0.058344109951580396,0.06695034730492665,0.05970965282074155,0.06989730472920555,0.07390867999097536,0.08254064926634987,0.07238683524756298,0.09851369418534647,0.11344656981690984,0.09211818534787938,0.08287063893262617,0.08426233175496813,0.07691340585873079,0.053558631614679594,0.05930251123326415,0.05930886404756722,0.0733193245551709,0.05504946911196911,0.05824111822947001,0.049685810317112375,0.04069619563242615,0.03961580147251187,0.04132005893955577,0.029782986670101104,0.02164916692340358,0.019033940977479385,0.017052287699018148,0.020708026242716893,0.01037227020706823,0.006707807888382077,0.008723466123873218,0.007024656544471093,0.005119384035712823,0.0,0.0,0.0,0.0,0.0,0.0,0.0,0.0,F
Rhode Island,0.0,0.0,0.0,0.0,0.0,0.0,0.0,0.0,0.0,0.0,0.0,0.0,0.0,0.0,0.0,0.0,0.0,0.0,0.0,0.0,0.0,0.0,0.0,0.0,0.0,0.0,0.0,0.0,0.04048582995951417,0.0,0.0,0.0,0.0,0.0,0.0,0.0,0.0,0.0,0.0,0.0,0.0,0.0,0.0,0.046446818392940084,0.0,0.0,0.043088590141330575,0.0,0.0,0.0,0.0,0.0,0.0,0.0,0.0,0.0,0.0,0.0,0.0,0.0,0.0,0.0,0.0,0.0,0.0,0.0,0.0,0.0,F
South Carolina,0.0,0.0,0.0,0.0,0.0,0.0,0.0,0.0,0.0,0.0,0.0,0.0,0.0,0.0,0.0091424392027793,0.0,0.009747728779194447,0.01191137933772731,0.0,0.0,0.012485173856045945,0.021313781491112155,0.027641489876304333,0.031377470975839344,0.04722726255872337,0.04786738215806314,0.055287494973864086,0.08102732830800206,0.10602362107650962,0.10942963140897323,0.05285559295629677,0.0834868724090281,0.05803830528148578,0.09119927040583675,0.08855304327292049,0.06610378293921457,0.06448398159275434,0.1255027239795773,0.09425878320479864,0.0657988842797883,0.04920832489072858,0.04378922784994892,0.05418508484243547,0.07990411506192568,0.056214514587666534,0.04085746193446463,0.04403916895497643,0.03087690407575134,0.018912274065868748,0.030782146355114035,0.0,0.015625488296509265,0.019462194686820852,0.0,0.0,0.0,0.0,0.0,0.0,0.0,0.0,0.0,0.0,0.0,0.0,0.0,0.0,0.0,F
South Dakota,0.0,0.0,0.0,0.0,0.0,0.036837839829072426,0.04198446574767336,0.0,0.039580447259054026,0.07230182726436177,0.04037956793862306,0.0947931478096012,0.1631214928879029,0.10054293183189222,0.09744553490638268,0.1070816676185037,0.23386985830237994,0.199288256227758,0.2434658073755818,0.29496349826708945,0.24305028102688744,0.316019771493396,0.30991735537190085,0.4576183047321893,0.5114494943624317,0.43361068791749674,0.4125898856536602,0.5155216855317718,0.5745104936100363,0.4737516005121639,0.40145040145040145,0.3567913385826772,0.47347335194852497,0.3365049895567417,0.21257552025061532,0.28574568633915814,0.35661841829242713,0.2216401370139029,0.11558264158873595,0.23831727282146928,0.12786361214704314,0.12979989183342347,0.1346045989904655,0.11728829462819611,0.08243052284503062,0.061304561059342816,0.12405408758218582,0.0,0.07665772326561901,0.06469979296066253,0.0,0.0,0.0,0.0,0.0,0.0,0.0,0.0,0.0,0.0,0.0,0.0,0.0,0.0,0.0,0.0,0.0,0.0,F
Tennessee,0.0,0.0,0.0,0.0,0.0,0.0,0.0,0.0,0.0,0.0,0.0,0.0,0.0,0.0,0.008197281235057039,0.01541782300339192,0.009875428523059126,0.018520101433170927,0.012884753042233358,0.0247337484723273,0.03870602771947062,0.038311353422235316,0.057870370370370364,0.05406135964319503,0.1413062209202137,0.14909926502832885,0.2107357205475757,0.27092309701005357,0.29477774428030684,0.2603123748498198,0.26679693371411395,0.2317518935825451,0.184821077467558,0.1402469135802469,0.10794312513958164,0.1431386399970257,0.09765801609548784,0.10686044026501389,0.1217031170529681,0.09020060614807332,0.0753731892050886,0.0819687401032061,0.06945079045965458,0.07454481074936171,0.061978198257318894,0.04594126585857158,0.04325035032783765,0.033856988082340195,0.03080767453403392,0.02627660506262591,0.019657249057345557,0.019715734948828705,0.02350856254181812,0.010835214446952596,0.016352338384388966,0.0,0.0,0.0,0.0,0.0,0.011177763702075337,0.0,0.0,0.0,0.0,0.0,0.0,0.0,F
Texas,0.0,0.0,0.0,0.0033858363692999445,0.003057206447036955,0.0030614931514398205,0.0,0.0,0.004349244318799609,0.005663272135671407,0.009950496281002015,0.006354016471565776,0.014236762265707078,0.013910807738246569,0.021464242956150938,0.017636252296387017,0.03262642740619902,0.037237196039138255,0.035610392215869195,0.05037174346678487,0.060922903887610264,0.07554610187472206,0.09361172646769814,0.10743602124577499,0.14906367493255926,0.16408841749800834,0.1792985572331049,0.20048805134214118,0.18750440310195146,0.19421678571219647,0.19550283688367281,0.19626505240631595,0.15321696701120843,0.16584910067741182,0.18617901224183084,0.18289297495019433,0.16418524975982188,0.14135105308882576,0.11377028374580728,0.1037607904763955,0.09404280030856439,0.07909249953791067,0.08615400132803241,0.07324104394036816,0.06185046126505971,0.05413783317688664,0.047961014546747,0.03762762034567241,0.032459867799811144,0.032754249544843544,0.024478963122656783,0.022537066974095375,0.021724301237850685,0.013315579227696404,0.011200475589425028,0.011081843677808182,0.00672339531463389,0.007768451093511707,0.006610641480122628,0.006574351810001233,0.004914628802182095,0.003681282722513089,0.003694020202186039,0.0024153033621022797,0.0020065332723347216,0.003275802059660545,0.0033794915554954757,0.002447513081957423,F
Utah,0.0,0.0,0.0,0.0,0.028990549080999597,0.0,0.0,0.0,0.0,0.0,0.0,0.03054212267752609,0.0400942214203378,0.03423987477988652,0.06778676221372197,0.0,0.040265753976243206,0.02928686484111876,0.0686914282910554,0.07401924500370095,0.08851861494402499,0.09809264305177111,0.10022993927244857,0.13280212483399734,0.0859155736296466,0.14797951052931133,0.21141649048625794,0.15915119363395225,0.15766088576752185,0.13655206047305535,0.182883939038687,0.17394329448599755,0.14126641183313945,0.1794871794871795,0.11986711873694304,0.19869333872162726,0.18036262380153784,0.09643501524295402,0.13024556053241843,0.1250117198487358,0.13559994708294748,0.09245308861799753,0.10351966873706005,0.11434473092102836,0.10023130300693908,0.05742286195543985,0.057444852941176475,0.0417949010220753,0.05053253517841872,0.034568849625504126,0.02696767731247833,0.026270359528634695,0.01830295043561022,0.017548785624034818,0.024495223431430874,0.0,0.020028707814534166,0.01972451428383576,0.0,0.0,0.0,0.0,0.0,0.0,0.0,0.0,0.0,0.0,F
Vermont,0.0,0.0,0.0,0.0,0.0,0.0,0.0,0.0,0.0,0.0,0.0,0.0,0.0,0.0,0.0,0.0,0.0,0.0,0.0,0.0,0.0,0.0,0.0,0.09886307464162135,0.0,0.0,0.08206138191367143,0.0,0.16644474034620504,0.11179429849077697,0.0,0.0,0.0,0.0,0.10004001600640257,0.13440860215053765,0.091324200913242,0.08605851979345956,0.0,0.0,0.0,0.08441668073611346,0.08368200836820083,0.0,0.10221465076660989,0.0,0.0,0.0,0.0,0.0,0.0,0.0,0.0,0.0,0.0,0.0,0.0,0.0,0.0,0.0,0.0,0.0,0.0,0.0,0.0,0.0,0.0,0.0,F
Virginia,0.0,0.0,0.0,0.0,0.0,0.0,0.0,0.0,0.0,0.0,0.0,0.0,0.006322311437061389,0.0,0.0,0.006360190296893683,0.010238951531363187,0.006509738568899073,0.007681179829221768,0.0,0.01159211221164621,0.020711974110032363,0.033921302578018994,0.031372783363461165,0.03663227303254167,0.050605735316669224,0.06547890970001523,0.08103608315775515,0.08937239009507374,0.10108624884350478,0.10167029774872911,0.0933843590353945,0.09612122582833879,0.07763387108990381,0.07424442714086521,0.09473492439424303,0.07754943776657619,0.06348008097999519,0.06083547384074625,0.049434795504729255,0.0645492312021053,0.055145568080447654,0.043418930653765044,0.029182281747250724,0.053384740861570405,0.024733388619731424,0.028166633805593894,0.024903843493179114,0.035616594483701844,0.02032874484521113,0.01943198804185351,0.012037315678603671,0.00780896156429118,0.014297288280989374,0.008103859057683268,0.0,0.0,0.0,0.0,0.0,0.0,0.0,0.0,0.0,0.0,0.0,0.0,0.0,F
Washington,0.013637355444032294,0.0,0.021263023601956196,0.029524653085326247,0.02786846086471853,0.03498950314905528,0.03643872221547431,0.02642813579995934,0.05873025195278087,0.02762278327164245,0.04785129290512561,0.039323633503735744,0.045166302325161244,0.08157474729561978,0.10472133475328364,0.09786509115952009,0.07841277945949889,0.11802238737160455,0.10803360217557323,0.10670560485229698,0.12032005133655523,0.1589108166727511,0.14029508733369186,0.12626864249297184,0.14224429893881238,0.1813573395096797,0.13984828579904227,0.163108257878338,0.16540697006593308,0.18580946566506518,0.13195454300640924,0.1813676654660638,0.14427822917457667,0.10640870616686819,0.1303487953973391,0.10530472554955903,0.11392480962564708,0.08309883095053731,0.0979106242264137,0.08366800535475234,0.08537649176859259,0.06956848735545737,0.06481001407303162,0.06228648005888903,0.058030700112317486,0.04041146216017634,0.033494931687968264,0.03378549588661588,0.032121724429416736,0.020489004234394207,0.021461530207103768,0.02396445886408465,0.013170520611864757,0.020727731820837023,0.0,0.015050890824600682,0.009456801331517628,0.011379800853485065,0.0,0.0,0.0,0.0,0.0,0.0,0.0,0.0,0.0,0.0,F
West Virginia,0.0,0.0,0.0,0.0,0.0,0.0,0.0,0.0,0.0,0.0,0.0,0.0,0.0,0.012689389132807146,0.0,0.0,0.01649665942646614,0.014496955639315743,0.0,0.024878716258241073,0.03271716015049894,0.042243452264898944,0.04373974849644614,0.031224386245657855,0.04834615849482293,0.05245954561962794,0.10269470916858363,0.13253810470510272,0.15660809778456836,0.1817007187272874,0.18907653302393537,0.13118194936376756,0.20372778500216734,0.14378145219266716,0.130718954248366,0.1474624175644124,0.19287178044762326,0.11661573105999677,0.07683770169896696,0.09148732247102902,0.12189616252821671,0.07190451080964479,0.05360101354643797,0.08684546615581099,0.02661839863713799,0.03848056731350668,0.03863347866880071,0.049094479598516254,0.033176665745092614,0.033973161202649906,0.028936859771977543,0.0,0.030994297049342923,0.0,0.0,0.0,0.0,0.0,0.0,0.0,0.0,0.0,0.0,0.0,0.0,0.0,0.0,0.0,F
Wisconsin,0.0,0.0,0.0,0.01390885066530669,0.015004978924825055,0.01822310689954863,0.017778993435448576,0.012313417520624974,0.01528020067996893,0.021374237756962344,0.01772466006634087,0.030438805824769884,0.04478768217692344,0.031174686154842268,0.04998895592834142,0.06100207641683188,0.03670524540897673,0.05688735166623053,0.06482531891741718,0.06145244665084166,0.06489373650647066,0.0772379701861435,0.08711524101883349,0.08431341726567301,0.0835041372504365,0.09192035646402642,0.08463419221365431,0.08623428493623202,0.08741114574571603,0.09775531659811498,0.09072009072009073,0.0970305005309216,0.10623683487498854,0.10051720671820459,0.09926681875968722,0.13603069410533658,0.12457382638342512,0.10545152425385058,0.09836012706193463,0.08536821081115908,0.07773863279247094,0.0742463990496461,0.08749917453608928,0.054570259208731244,0.06657206425956097,0.0528429507503699,0.042016071147213806,0.05407196804521114,0.04125782553321255,0.02788466900897886,0.02860193730455343,0.021740419392454097,0.0,0.014408925300014409,0.02324893266263685,0.014742428709826883,0.012733987011333249,0.0,0.0,0.0,0.0,0.0,0.0,0.0,0.0,0.0,0.0,0.0,F
Wyoming,0.0,0.0,0.0,0.0,0.0,0.0,0.0,0.0,0.0,0.0,0.0,0.0,0.0,0.09436929852154766,0.08091924259588931,0.1710863986313088,0.0,0.0,0.0962000962000962,0.10496850944716585,0.09335324869305452,0.0,0.11256190904997748,0.0,0.0,0.1320306311064167,0.15420200462606012,0.23164234422052352,0.32516258129064535,0.18286311389759666,0.2847527828112866,0.21839359378791556,0.2360717658168083,0.3048780487804878,0.21084914701935978,0.2164892657405737,0.0,0.0,0.0988281801496541,0.1536312849162011,0.11797669960182863,0.078125,0.16559032952475575,0.0,0.0,0.0,0.0,0.0,0.0,0.0,0.0,0.0,0.0,0.0,0.0,0.0,0.0,0.0,0.0,0.0,0.0,0.0,0.0,0.0,0.0,0.0,0.0,0.0,F
