state,1914,1916,1918,1919,1920,1921,1922,1923,1924,1925,1926,1927,1928,1929,1930,1932,1933,1935,1936,1937,1938,1939,1940,1941,1942,1943,1944,1945,1947,1948,1949,1950,1951,1952,1953,1954,1955,1956,1957,1958,1959,1960,1961,1962,1963,1964,1965,1966,1967,1968,1969,1970,1971,1972,1973,1974,1975,1976,1977,1978,1979,1980,1981,1982,1983,1984,1985,1986,1987,1988,1989,1990,1991,1992,1993,1994,1995,1996,1997,1998,1999,2000,2001,2002,2003,2004,2005,2006,2007,2008,2009,2010,2011,2012,2013,2014,2015,2016,2017,2018,2019,gender
Alabama,0.0,0.0,0.0,0.0,0.0,0.0,0.0,0.0,0.0,0.0,0.0,0.0,0.0,0.0,0.0,0.0,0.0,0.0,0.016555606142129878,0.0,0.0,0.0,0.0,0.0,0.0,0.0,0.0,0.0,0.0,0.0,0.0,0.0,0.0,0.0,0.0,0.0,0.0,0.0,0.0,0.0,0.0,0.0,0.0,0.0,0.0,0.0,0.0,0.0,0.0,0.0,0.0,0.0,0.0,0.0,0.0,0.0,0.0,0.0146177459435755,0.013804210284136661,0.023928597066353998,0.029657343614545785,0.011199964160114689,0.0137858143969855,0.03975864165770148,0.02838020008041057,0.023801589946208405,0.04260254195166978,0.03854678616170377,0.04792140888942135,0.04505359005975529,0.03871467286101432,0.05955516870146826,0.051888016226797805,0.08972959864193039,0.08819854472401205,0.10093873019077419,0.09011792574282919,0.13740893417334268,0.1301100731218611,0.18973852471799135,0.18658187265130213,0.20553359683794467,0.24608068128404345,0.2468923147589929,0.4289374442237384,0.47380889707817847,0.5186329069665803,0.6481299626834264,0.6223248479387249,0.5824514864046596,0.6084696529582633,0.669453334204167,0.6625634816533819,0.6118239345523196,0.5161879345459653,0.5311946672221644,0.5663430420711975,0.501810100720456,0.42924862827068794,0.44363463518973306,0.35568489551756194,M
Alaska,0.0,0.0,0.0,0.0,0.0,0.0,0.0,0.0,0.0,0.0,0.0,0.0,0.0,0.0,0.0,0.0,0.0,0.0,0.0,0.0,0.0,0.0,0.0,0.0,0.0,0.0,0.0,0.0,0.0,0.0,0.0,0.0,0.0,0.0,0.0,0.0,0.0,0.0,0.0,0.0,0.0,0.0,0.0,0.0,0.0,0.0,0.0,0.0,0.0,0.0,0.0,0.0,0.0,0.0,0.0,0.0,0.0,0.0,0.0,0.0,0.0,0.0,0.0731957253696384,0.0,0.0,0.0,0.0,0.0,0.0,0.08032128514056225,0.0,0.0,0.0,0.0,0.0,0.0,0.0,0.0,0.0,0.0,0.0,0.09312721177127957,0.0,0.13544891640866874,0.23942537909018355,0.31007751937984496,0.38284839203675347,0.48021513638109875,0.5885703436491361,0.5839141081182897,0.3661591828868761,0.627327974906881,0.7735025783419278,0.4792665138570536,0.502411575562701,0.5711954304365565,0.5435918879364416,0.48500881834215165,0.6153088850603003,0.3641092327698309,0.3577325261419923,M
Arizona,0.0,0.0,0.0,0.0,0.0,0.0,0.0,0.0,0.0,0.0,0.0,0.0,0.0,0.0,0.0,0.0,0.0,0.0,0.0,0.0,0.0,0.0,0.0,0.0,0.0,0.0,0.0,0.0,0.0,0.0,0.0,0.0,0.0,0.0,0.0,0.0,0.0,0.0,0.0,0.0,0.0,0.0,0.0,0.0,0.0,0.0,0.0,0.0,0.0,0.0,0.0,0.0,0.0,0.0,0.0,0.0,0.0,0.0,0.018947767321417293,0.015356265356265357,0.0,0.018328925663114348,0.017639350871887914,0.014939867035183388,0.022144034643111977,0.028508980328803574,0.028872207169191134,0.026191723415400735,0.027213732468076197,0.03472647791804551,0.03226782293032167,0.0,0.03446877534468775,0.040062497496093905,0.03666062445263651,0.029934144881261223,0.03157998618375604,0.0404265968505756,0.025113008538422906,0.030539013589861046,0.03701989819527996,0.032175032175032175,0.045396767750136194,0.07993889115875864,0.10251954821894006,0.1282840722495895,0.1932968030389619,0.2652519893899204,0.25523803369788217,0.2812292273866135,0.33307759959581595,0.3271975430074071,0.3430957154372403,0.3125258713469658,0.36913525870928504,0.2836997788810547,0.31564029889203815,0.24159407762040916,0.25303284697424744,0.2541452822739834,0.204806470847484,M
Arkansas,0.0,0.0,0.0,0.0,0.0,0.0,0.0,0.0,0.0,0.0,0.0,0.0,0.0,0.0,0.0,0.0,0.0,0.0,0.026697814116469216,0.0,0.0,0.0,0.0,0.0,0.0,0.0,0.0,0.0,0.0,0.0,0.0,0.0,0.0,0.0,0.0,0.0,0.0,0.0,0.0,0.0,0.0,0.0,0.0,0.0,0.0,0.0,0.0,0.0,0.0,0.0,0.0,0.0,0.0,0.0,0.0,0.0,0.0,0.0,0.0,0.020025632809996797,0.026543303503716066,0.03305178112376056,0.03498270299685156,0.053757247628921395,0.05025514148755219,0.062126271647122776,0.03885305773564379,0.05570808961044128,0.047709923664122134,0.06420803403025803,0.050854751007315256,0.05889050292489498,0.08153281695882593,0.08885127988153163,0.10269136964614264,0.08380750738829341,0.20713970912296167,0.14260403612635583,0.2092688668962811,0.27562672266701665,0.23530456402060027,0.21236023229609086,0.28576531523486337,0.29210857451015637,0.5120833707663283,0.6316638294059672,0.6538895152198422,0.8771929824561403,0.7374763917618491,0.8177460287621017,0.7774825312469245,0.7566204287515763,0.6362672322375398,0.6214937850621494,0.5496354458777342,0.39922373163293595,0.5234708392603129,0.4693719921573287,0.3963510537905002,0.2823004201680672,0.37946736580654067,M
California,0.0,0.0,0.0,0.0,0.0,0.0,0.0,0.0,0.0,0.0,0.0,0.0,0.0,0.0,0.0,0.0,0.0,0.0,0.0,0.0,0.0,0.0,0.0,0.0,0.0,0.0,0.0,0.0,0.0,0.0,0.0,0.0,0.0,0.0,0.0,0.0,0.0,0.0,0.0,0.0,0.0,0.0015657734451086803,0.0,0.002185983473964937,0.00218350146294598,0.0015909228306971743,0.0016834450018517895,0.001774005847123272,0.0,0.0025021894157387717,0.003799405220382773,0.00406384297310752,0.0048911162279711646,0.0032599969845027894,0.0021340344347796397,0.00533983972265694,0.008578361287897974,0.008656169094328635,0.0072052666707117284,0.01072937555034297,0.012220969087931619,0.008529008469961488,0.01315702914281955,0.011926605504587155,0.014168746759276008,0.014116609072862291,0.009837816566883099,0.014643553797101128,0.01730426217288289,0.01619408612217426,0.013165674453564667,0.008972512707321122,0.01405510052797305,0.018509563660173665,0.018024729929463225,0.02261858601525139,0.017957374324033125,0.019039509626852056,0.020870806958766426,0.018660873440285206,0.02120045453774529,0.023157512938911596,0.02054325496461995,0.041162026886807285,0.06435079083735055,0.06969055692953605,0.10654177919073828,0.14937572221752488,0.15457707258302833,0.15775302755340473,0.19415088928041252,0.23977507127560335,0.2155691829794071,0.22878900195430957,0.22104088912148298,0.22015622231007265,0.21063680649240404,0.20063944802500056,0.1938251215707863,0.18431642206426255,0.1841267405730945,M
Colorado,0.0,0.0,0.0,0.0,0.0,0.0,0.0,0.0,0.0,0.0,0.0,0.0,0.0,0.0,0.0,0.0,0.0,0.0,0.0,0.0,0.0,0.0,0.0,0.0,0.0,0.0,0.0,0.0,0.0,0.0,0.0,0.0,0.0,0.0,0.0,0.0,0.0,0.0,0.0,0.0,0.0,0.0,0.0,0.0,0.0,0.0,0.0,0.0,0.0,0.0,0.0,0.0,0.0,0.0,0.0,0.0,0.025085447304882255,0.0,0.0,0.022937752673681797,0.023997440273037542,0.02275427906859151,0.02417561164297457,0.04358897887081603,0.036657731344651404,0.03706019966182568,0.036787529027659624,0.022991148407862972,0.03808798324128738,0.03870249873007426,0.04388638303059856,0.04146948333902522,0.04419129922419719,0.053910997843560085,0.055286105596461695,0.06111535523300229,0.05626022913256956,0.045425867507886436,0.070741012101766,0.058523738691506746,0.06421996527364841,0.07361568013986979,0.0727553827615215,0.13875833669038987,0.14083562470659244,0.18733088184278082,0.25478297123268634,0.3177179962894249,0.3148854961832061,0.35314891112419067,0.452768059271455,0.4807431147808137,0.48866301798279904,0.4889280536683817,0.3978206347833607,0.3780445573127092,0.32085561497326204,0.37306856236413843,0.35311396518858784,0.3537388228358062,0.340954673084637,M
Connecticut,0.0,0.0,0.0,0.0,0.0,0.0,0.0,0.0,0.0,0.0,0.0,0.0,0.0,0.0,0.0,0.0,0.0,0.0,0.0,0.0,0.0,0.0,0.0,0.0,0.0,0.0,0.0,0.0,0.0,0.0,0.0,0.0,0.0,0.0,0.0,0.0,0.0,0.0,0.0,0.0,0.0,0.0,0.0,0.0,0.0,0.0,0.0,0.0,0.0,0.0,0.0,0.0,0.0,0.0,0.0,0.0,0.0,0.0,0.0,0.0,0.0,0.0,0.0,0.0,0.0,0.0,0.0,0.0,0.0,0.0,0.012887262230011857,0.0,0.0,0.0,0.0,0.01459342712042496,0.0,0.0,0.01612227130558153,0.0,0.0,0.0,0.0,0.0,0.04459844248516245,0.03569898614879337,0.08860993169651099,0.1362655664483894,0.11533581946099726,0.18807752064764086,0.2674373463313635,0.27960674664020924,0.3279142804359874,0.32914844594912307,0.29942965779467684,0.39807052873132587,0.3605075946933282,0.35252643948296125,0.45908998163640075,0.37492739082219995,0.30881217602294037,M
Delaware,0.0,0.0,0.0,0.0,0.0,0.0,0.0,0.0,0.0,0.0,0.0,0.0,0.0,0.0,0.0,0.0,0.0,0.0,0.0,0.0,0.0,0.0,0.0,0.0,0.0,0.0,0.0,0.0,0.0,0.0,0.0,0.0,0.0,0.0,0.0,0.0,0.0,0.0,0.0,0.0,0.0,0.0,0.0,0.0,0.0,0.0,0.0,0.0,0.0,0.0,0.0,0.0,0.0,0.0,0.0,0.0,0.0,0.0,0.0,0.0,0.0,0.0,0.0,0.0,0.0,0.0,0.0,0.0,0.0,0.0,0.0,0.0,0.0,0.0,0.0,0.0,0.0,0.0,0.0,0.0,0.0,0.0,0.0,0.07392075694855116,0.08648025367541078,0.1183256914657595,0.14914243102162564,0.19747835333434605,0.2449479485609308,0.36450079239302696,0.5022601707684581,0.40027845457709715,0.3825421665797253,0.5452562704471101,0.5508072174738842,0.4548762736535662,0.5264147396127091,0.6123230003827019,0.4074149521287432,0.35157108327840036,0.5376344086021506,M
Florida,0.0,0.0,0.0,0.0,0.0,0.0,0.0,0.0,0.0,0.0,0.0,0.0,0.0,0.0,0.0,0.0,0.0,0.0,0.0,0.0,0.0,0.0,0.0,0.0,0.0,0.0,0.0,0.0,0.0,0.0,0.0,0.0,0.0,0.0,0.0,0.0,0.0,0.0,0.0,0.0,0.0,0.0,0.0,0.0,0.0,0.0,0.0,0.0,0.0,0.0,0.0,0.0,0.0,0.0,0.0,0.007165205760825432,0.006321352263676246,0.0,0.0061091086810434354,0.007173343854237652,0.01005890045041521,0.006113154489602543,0.00775298974667106,0.007378644358565222,0.009815644352435173,0.016190330112309765,0.011391467790624821,0.016745877324487256,0.010756240540270596,0.016859080080630383,0.01044837458119432,0.010933965681015219,0.016318190525516686,0.01820817037020852,0.02497135638532272,0.03143336127409891,0.03345091837975916,0.034709366901147724,0.041640641265875494,0.05318492939507923,0.04116344996310823,0.04111122107939795,0.0383059573424859,0.07799167573995568,0.1375515818431912,0.16152683801910037,0.22317696406632792,0.3195997562254631,0.30531955115172527,0.32752817871744483,0.38322504810440466,0.4453895484151834,0.44136030818685107,0.4432433362882889,0.3842320045664824,0.3788165770134101,0.3473842052649117,0.3077857136833939,0.33714325539254975,0.30296727049098787,0.30617228295578347,M
Georgia,0.0,0.0,0.0,0.0,0.0,0.0,0.0,0.0,0.0,0.0,0.0,0.0,0.0,0.0,0.0,0.0,0.0,0.0,0.0,0.0,0.0,0.0,0.0,0.0,0.0,0.0,0.0,0.0,0.0,0.0,0.0,0.0,0.0,0.0,0.0,0.0,0.0,0.0,0.0,0.0,0.0,0.0,0.0,0.0,0.0,0.0,0.0,0.0,0.0,0.0,0.0,0.0,0.0,0.0,0.0,0.0,0.0,0.020763401045091185,0.0,0.0,0.007910891715714196,0.015051173991571343,0.01211717306352428,0.01957182861100238,0.014968491325759276,0.008809796493700995,0.014152679102154037,0.01666643518840016,0.022843014740463043,0.023754849948531158,0.030452601794165788,0.020092425155716295,0.04298834104083892,0.042345406185075894,0.04445043103448276,0.04603365872811709,0.051372177909963505,0.05560151344607331,0.07799693300195654,0.08878675510523841,0.11167796136957792,0.08798562488382179,0.10948405638428904,0.1550329445007064,0.2724090326397791,0.2762837987180432,0.4087877118903372,0.5027027666394616,0.4676297612940938,0.5001375378229013,0.5301778277252595,0.590045096303789,0.5362625956839511,0.5500242657764314,0.477107853466181,0.5277790166956574,0.4787065889897485,0.39955954066383514,0.36123890364802697,0.3743509238014732,0.43169849174219893,M
Hawaii,0.0,0.0,0.0,0.0,0.0,0.0,0.0,0.0,0.0,0.0,0.0,0.0,0.0,0.0,0.0,0.0,0.0,0.0,0.0,0.0,0.0,0.0,0.0,0.0,0.0,0.0,0.0,0.0,0.0,0.0,0.0,0.0,0.0,0.0,0.0,0.0,0.0,0.0,0.0,0.0,0.0,0.0,0.0,0.0,0.0,0.0,0.0,0.0,0.0,0.0,0.0,0.0,0.0,0.0,0.0,0.0,0.0,0.051276792123884724,0.0,0.06115584547956376,0.0803777755450618,0.06641996394344815,0.05806638923836253,0.10150410630248223,0.053514092044238314,0.091324200913242,0.06622516556291391,0.07958615200955034,0.0,0.09617234083477592,0.08582872401296968,0.0729594163246694,0.13320647002854424,0.14879476242436268,0.08221148905559553,0.1171708564124414,0.13935663685983046,0.14501510574018128,0.15896145184792687,0.08137800081378001,0.12994513427663876,0.09981462997290745,0.07652280379553107,0.12060907583295642,0.23296447291788003,0.2543006731488407,0.2882305844675741,0.4996971532404603,0.3706688154713941,0.47641734159123394,0.4793699708953946,0.46822742474916385,0.5508693406782579,0.5503955968352253,0.4587935429056924,0.3846826368246197,0.46728971962616817,0.3735524841240194,0.4536082474226804,0.5754758742806552,0.3514526710402999,M
Idaho,0.0,0.0,0.0,0.0,0.0,0.0,0.0,0.0,0.0,0.0,0.0,0.0,0.0,0.0,0.0,0.0,0.0,0.0,0.0,0.0,0.0,0.0,0.0,0.0,0.0,0.0,0.0,0.0,0.0,0.0,0.0,0.0,0.0,0.0,0.0,0.0,0.0,0.0,0.0,0.0,0.0,0.0,0.0,0.0,0.0,0.0,0.0,0.0,0.0,0.0,0.0,0.0,0.0,0.0,0.0,0.0,0.0,0.0,0.06002851354393337,0.0,0.0,0.03431002538941879,0.0,0.0,0.07434944237918216,0.0,0.0563879490897374,0.04304407713498623,0.0,0.06438557763061074,0.08158825129181398,0.05266853932584269,0.05253940455341507,0.09446925455170044,0.060637560637560636,0.07084661707403471,0.10352859977568803,0.07661530603558356,0.11983223487118035,0.14240241246439939,0.10035122930255895,0.09175077154057887,0.1415015814882637,0.16477179106936893,0.23274478330658105,0.30922930542340626,0.23472341757295986,0.4509669036153787,0.4243710215216732,0.4377880184331797,0.6050928649466342,0.5939716312056738,0.6335697399527187,0.4858068203467327,0.48365254401238156,0.45705579889544845,0.49188391539596654,0.27135678391959794,0.3651157938660547,0.3004339601646823,0.32136524822695034,M
Illinois,0.0,0.0,0.0,0.0,0.0,0.0,0.0,0.0,0.0,0.0,0.0,0.0,0.0,0.0,0.0,0.0,0.0,0.0,0.0,0.0,0.0,0.0,0.0,0.0,0.0,0.0,0.0,0.0,0.0,0.0,0.0,0.0,0.0,0.0,0.0,0.0,0.0,0.0,0.0,0.0,0.0,0.0,0.0,0.0,0.0,0.0,0.0,0.0,0.0,0.0,0.006878740315046306,0.003619865823640137,0.0038876218121501136,0.0,0.0,0.005368633376026751,0.0,0.009248768757659136,0.005973671044869737,0.007591630986001033,0.0057936168825995955,0.00558039606861097,0.009965618615775574,0.00644805376243937,0.008063629366272038,0.00954282526352879,0.009506329021359991,0.011331701568307496,0.014070634585619812,0.01607576067576652,0.01908329504894512,0.011143846159203772,0.02066851970636448,0.019883936724894687,0.021661189124589187,0.028137310073157007,0.020283500932260907,0.024034417285552914,0.031163633679687053,0.031337880074881044,0.03513203790914186,0.033364473508608036,0.03472045797130904,0.0541792283829248,0.10671145048851101,0.09250195331794628,0.1948381735075488,0.2576097166293117,0.2821622338159128,0.27864268290264366,0.35939555260950173,0.38749959066944645,0.31267347146854574,0.35176112749309246,0.33465777399366164,0.3163361661945231,0.31951193045491266,0.3245732113877392,0.25210084033613445,0.2636689678635726,0.26034612490594433,M
Indiana,0.0,0.0,0.0,0.0,0.0,0.0,0.0,0.0,0.0,0.0,0.0,0.0,0.0,0.0,0.0,0.0,0.0,0.0,0.01120247350615016,0.0,0.0,0.0,0.0,0.0,0.0,0.0,0.0,0.0,0.0,0.0,0.0,0.0,0.0,0.0,0.0,0.0,0.0,0.0,0.0,0.0,0.0,0.0,0.0,0.0,0.0,0.0,0.0,0.0,0.0,0.0,0.0,0.0,0.0,0.009664503658704957,0.0,0.0,0.0,0.013623978201634877,0.0,0.013169061484884843,0.01688096108938469,0.019335414192194016,0.023089355806972987,0.030331917843833954,0.027158742851969765,0.02889030806191649,0.03789429008836948,0.018692462264591803,0.036369961574344946,0.03637741568776052,0.03592491692362962,0.04863526498850439,0.04936129476171957,0.05295537730706331,0.0631482563187724,0.08260580832213026,0.06783822199250548,0.08677286792514612,0.09482299707213203,0.10624522726518146,0.08292561572269674,0.11540110125622341,0.12191611493980392,0.1630034703964665,0.23290576007230507,0.3249604777797295,0.4198677863140968,0.6390291053592525,0.584124904465553,0.5928443311620882,0.6550998530988208,0.6911383947214567,0.6664261306959272,0.6054929976259447,0.5721027558879836,0.5399616225623632,0.5403809913039529,0.3943014058722745,0.3844352990463047,0.33489618218352313,0.3812592294267687,M
Iowa,0.0,0.0,0.0,0.0,0.0,0.0,0.0,0.0,0.0,0.0,0.0,0.0,0.0,0.0,0.0,0.0,0.0,0.0,0.0,0.0,0.0,0.0,0.0,0.0,0.0,0.0,0.0,0.0,0.0,0.0,0.0,0.0,0.0,0.0,0.0,0.0,0.0,0.0,0.0,0.0,0.0,0.0,0.0,0.0,0.0,0.0,0.0,0.0,0.0,0.0,0.0,0.0,0.0,0.0,0.0,0.01498531439189594,0.020363043984175006,0.0,0.0,0.016146393972012917,0.0,0.01504664459825459,0.043849467357940625,0.03985757559653504,0.052123340283112045,0.03649737499649064,0.05531778612397007,0.04063515878969742,0.016035920461834507,0.05478745689516259,0.04116920543433512,0.04074085681155787,0.06472701381921746,0.07630801897747254,0.05763688760806917,0.07380851961197807,0.04699417995155984,0.08285601066320833,0.09712727408569614,0.09298865538404315,0.12021488410533829,0.10845175766641736,0.12103228829110216,0.15025701858442073,0.23859704934982304,0.40042064390875265,0.48844024747639203,0.6496871138746063,0.6316310944143995,0.6885274119975902,0.6802099977174161,0.7719432002287239,0.6807829003353857,0.6055055207856307,0.6911380740285671,0.5386452563646527,0.4771289285343844,0.467817389901597,0.358729074137342,0.357355568790947,0.3229412495342194,M
Kansas,0.0,0.0,0.0,0.0,0.0,0.0,0.0,0.0,0.0,0.0,0.0,0.0,0.0,0.0,0.0,0.0,0.0,0.0,0.0,0.0,0.0,0.0,0.0,0.0,0.0,0.0,0.0,0.0,0.0,0.0,0.0,0.0,0.0,0.0,0.0,0.0,0.0,0.0,0.0,0.0,0.0,0.0,0.0,0.0,0.0,0.0,0.0,0.0,0.0,0.0,0.0,0.0,0.0,0.0,0.0,0.0,0.0,0.0,0.03329756927744275,0.029534463026544097,0.034381983840467596,0.02923406743324888,0.04133019647739557,0.06767426122264832,0.05461320997172963,0.04587456583000197,0.06035205364626991,0.05749070003381806,0.05257255011916445,0.04188189306156639,0.06253039672062807,0.0810315670800451,0.0775079353362368,0.08960908038681253,0.11160284779680583,0.07425065457813905,0.08365533999920328,0.10204498142781337,0.10578566197412319,0.11154934066371856,0.1224473673816013,0.12555913050302125,0.13938114770419338,0.13930902722496416,0.2727919664742627,0.23858627522342188,0.39612855801037283,0.5953351818626652,0.5817974693844339,0.4660732280819617,0.5885173721609486,0.704575222438011,0.6301317548214627,0.5407200113835792,0.5365926367565956,0.41332602958020015,0.5165603160133698,0.3698109276524819,0.32353433368661794,0.4082584859442436,0.2811048643363481,M
Kentucky,0.0,0.0,0.0,0.0,0.0,0.0,0.010513036164844407,0.0,0.0,0.0,0.0,0.0,0.0,0.0,0.0,0.0,0.0,0.0,0.03923705722070844,0.017153394227882843,0.0,0.0,0.0,0.0,0.0,0.0,0.0,0.0,0.0,0.0,0.0,0.0,0.0,0.0,0.0,0.0,0.0,0.0,0.0,0.0,0.0,0.0,0.0,0.0,0.0,0.0,0.0,0.0,0.012356611817039767,0.0,0.0,0.0,0.0,0.0,0.0,0.0,0.010892534257020237,0.010739062265083013,0.0,0.010475372399488802,0.010198462071919554,0.012119987880012121,0.025132469055647477,0.01689010873007495,0.013259668508287293,0.020629899601155275,0.027775848899381984,0.030947959815264485,0.04052250190694127,0.04371690872880944,0.03522449746383618,0.02105361654346402,0.06574158859853022,0.05301971369354605,0.08982932428386066,0.07568113017154389,0.10032154340836014,0.11385395642498576,0.09827247336298749,0.12305799107829565,0.13023546572202543,0.1332615770995105,0.13223665071011081,0.2278151442829247,0.39731134514382127,0.4744565817058369,0.6989515726410384,0.9320868847951608,0.7384954532929182,0.8594335813577898,0.8707704359878273,0.898194022694582,0.8167835852847215,0.7604820913257512,0.691013371108731,0.6164310766287597,0.5737028936139696,0.5776684555754323,0.49591940333476514,0.396317549436486,0.4092358059791505,M
Louisiana,0.0,0.0,0.0,0.0,0.0,0.0,0.0,0.0,0.0,0.0,0.0,0.0,0.0,0.0,0.0,0.0,0.0,0.0,0.0,0.0,0.0,0.0,0.0,0.0,0.0,0.0,0.0,0.0,0.0,0.0,0.0,0.0,0.0,0.0,0.0,0.0,0.0,0.0,0.0,0.0,0.0,0.0,0.0,0.0,0.0,0.0,0.0,0.0,0.0,0.0,0.0,0.0,0.0,0.0,0.012621481761958856,0.0,0.01054385187996879,0.0,0.017561318269624773,0.02329961361474089,0.025708357052353234,0.024447742949445562,0.029309334160891,0.035091237216763584,0.02734902483633318,0.03474454076403245,0.04216073781291173,0.04471355379599441,0.053394506298574174,0.04413505326298473,0.06480487656696166,0.04975433795634057,0.08450763737772801,0.08644383367319798,0.09246844514309492,0.125003004879925,0.13573878921000024,0.19141931038003115,0.22136841301748045,0.19735493131023168,0.2641118591403418,0.2427953129948274,0.27149070559880323,0.3528842596545149,0.5820256776034237,0.5211650935201807,0.7906232695502369,0.9544896921097513,0.7790976686316912,0.7684888460222146,0.8636839932683453,0.7702487190797733,0.7872937632641883,0.7086804715317869,0.6261762189905903,0.5227604467225635,0.5516208117679107,0.4542093588253935,0.41636700859230097,0.47628657921291623,0.4381673544050708,M
Maine,0.0,0.0,0.0,0.0,0.0,0.0,0.0,0.0,0.0,0.0,0.0,0.0,0.0,0.0,0.0,0.0,0.0,0.0,0.0,0.0,0.0,0.0,0.0,0.0,0.0,0.0,0.0,0.0,0.0,0.0,0.0,0.0,0.0,0.0,0.0,0.0,0.0,0.0,0.0,0.0,0.0,0.0,0.0,0.0,0.0,0.0,0.0,0.0,0.0,0.0,0.0,0.0,0.0,0.0,0.0,0.0,0.0,0.0,0.0,0.0,0.0,0.0,0.0,0.0,0.0,0.0,0.0,0.0,0.0,0.0,0.0,0.0,0.0,0.0,0.0,0.0,0.0,0.0,0.0,0.0,0.06295907660020986,0.0,0.0,0.0,0.17474879860200962,0.10850694444444445,0.2683963319167971,0.4968944099378882,0.4575611988103409,0.5078657252570296,0.9354177344951307,0.8427348103846677,0.7283933323994957,0.5299341162990547,0.4855083124908048,0.5977927651747394,0.6912804399057345,0.6921503854019191,0.6409146024597263,0.447547440028643,0.41400075272864134,M
Maryland,0.0,0.0,0.0,0.0,0.0,0.0,0.0,0.0,0.0,0.0,0.0,0.0,0.0,0.0,0.0,0.0,0.0,0.0,0.0,0.0,0.0,0.0,0.0,0.0,0.0,0.0,0.0,0.0,0.0,0.0,0.0,0.0,0.0,0.0,0.0,0.0,0.0,0.0,0.0,0.0,0.0,0.0,0.0,0.0,0.0,0.0,0.0,0.0,0.0,0.0,0.0,0.0,0.0,0.0,0.0,0.0,0.0,0.0,0.0,0.0,0.0,0.0,0.012016631017327981,0.018139766903995283,0.0,0.0,0.010516131746098516,0.0,0.010052069721155585,0.0,0.0,0.009068485200232153,0.00927196528576197,0.0,0.012154606595899845,0.0,0.010574177857671566,0.0,0.017944059394836596,0.011193445118538583,0.020370747606437156,0.017832464000713297,0.018267342558341323,0.03700962250185048,0.09318393599854542,0.09508569308193604,0.17871649065800163,0.2667092185647853,0.2688419117647059,0.36060241815739236,0.43775515223058387,0.4281684465041306,0.44657752226471265,0.5023294552458291,0.3805418063760711,0.3642271309907502,0.3357868156664697,0.3942543629897163,0.3323615160349854,0.3697188347893497,0.4062224461519083,M
Massachusetts,0.0,0.0,0.0,0.0,0.0,0.0,0.0,0.0,0.0,0.0,0.0,0.0,0.0,0.0,0.0,0.0,0.0,0.0,0.0,0.0,0.0,0.0,0.0,0.0,0.0,0.0,0.0,0.0,0.0,0.0,0.0,0.0,0.0,0.0,0.0,0.0,0.0,0.0,0.0,0.0,0.0,0.0,0.0,0.0,0.0,0.0,0.0,0.0,0.0,0.0,0.0,0.0,0.0,0.0,0.0,0.0,0.0,0.0,0.0,0.0,0.0,0.0,0.0,0.0,0.0,0.007505253677574302,0.0,0.0,0.0,0.0,0.0,0.0,0.0,0.0,0.0,0.0,0.0,0.0,0.0,0.0,0.011688875530173996,0.018442451169419064,0.011968471626173337,0.0191851541788754,0.03033926436207235,0.029592365169786194,0.058018101647714086,0.14846781217831972,0.12558996900763666,0.16025978955359213,0.189682172081431,0.2877002393665991,0.26480001842087086,0.2646377770426729,0.2965088474414156,0.2886725832617616,0.33168304758188427,0.2768439786434645,0.29525790135818636,0.32847682119205296,0.3043064800978128,M
Michigan,0.0,0.0,0.0,0.0,0.0,0.0,0.0,0.0,0.0,0.0,0.0,0.0,0.0,0.0,0.0,0.0,0.0,0.0,0.0,0.0,0.0,0.0,0.0,0.0,0.0,0.0,0.0,0.0,0.0,0.0,0.0,0.003484223436280522,0.0,0.0,0.0,0.0,0.0,0.0,0.0,0.0,0.0,0.0,0.0,0.0,0.0,0.0,0.0,0.0,0.0,0.0,0.0,0.0,0.0,0.004241097935433525,0.0,0.0,0.006646284726837697,0.006736015550573043,0.008242513050645663,0.013666927856843486,0.007034327518289252,0.004339260763536324,0.013289742976370835,0.012569694466640928,0.01120615591498263,0.008276775368316504,0.01355711613025677,0.011094879713012444,0.010025154022820896,0.011951165698315804,0.009628177298508508,0.014665792470409608,0.00896684062337476,0.01233466800766647,0.0205620287868403,0.02323467016870391,0.031215532849145734,0.03829665010691148,0.026951562651602538,0.039298735890662184,0.04336465224884639,0.034307215582115975,0.05042633171357844,0.07643981558894489,0.1466152311593419,0.19227942977514328,0.3081527321607466,0.4692816080716437,0.4985246365485927,0.5175643023604936,0.5518614013660832,0.6249707044982267,0.6321711919587825,0.6065605590062112,0.6144720456184046,0.5302796167672463,0.45875413802954174,0.45865232084971375,0.4421250996593462,0.4088322845623422,0.36825447379421544,M
Minnesota,0.0,0.0,0.0,0.0,0.0,0.0,0.0,0.0,0.0,0.0,0.0,0.0,0.0,0.0,0.0,0.0,0.0,0.0,0.0,0.0,0.0,0.0,0.0,0.0,0.0,0.0,0.0,0.0,0.0,0.0,0.0,0.0,0.0,0.0,0.0,0.0,0.0,0.0,0.0,0.0,0.0,0.0,0.0,0.0,0.0,0.0,0.0,0.0,0.0,0.0,0.0,0.0,0.0,0.0,0.0,0.0,0.0,0.012484914062174871,0.009760668410572756,0.009525260992151185,0.021719850133034083,0.008660558086363086,0.01205503986773899,0.02921263360483899,0.019770305001887166,0.023038616265263084,0.014223486532136191,0.027544162473833046,0.016854563841342374,0.011122439521735101,0.025421266705403834,0.032826947276275234,0.020482264221208454,0.030971138770058654,0.05141286508077752,0.06050216799435314,0.05216592938819798,0.03787081843046497,0.05245929158972637,0.05731997282608696,0.06797807707014487,0.04640762772644813,0.06910551548395456,0.11235712279337093,0.14092326087884868,0.19298321696517629,0.3052999187331152,0.45024469820554647,0.4717087086412543,0.4518530658113455,0.5122297926572227,0.5290591608027104,0.5370428586398407,0.48648648648648646,0.46530612244897956,0.44901466226890985,0.36553818468113825,0.40981224205080513,0.35649528258397617,0.3859772241538805,0.3325020781379884,M
Mississippi,0.0,0.0,0.0,0.0,0.0,0.0,0.0,0.0,0.0,0.0,0.0,0.0,0.0,0.0,0.0,0.0,0.0,0.0,0.0,0.0,0.0,0.0,0.0,0.0,0.0,0.0,0.0,0.0,0.0,0.0,0.0,0.0,0.0,0.0,0.0,0.0,0.0,0.0,0.0,0.0,0.0,0.0,0.0,0.0,0.0,0.0,0.0,0.0,0.0,0.0,0.0,0.0,0.0,0.0,0.0,0.0,0.0,0.0,0.0199203187250996,0.0,0.0,0.022084108906205633,0.016331863465621425,0.0422722986375313,0.0375618917534574,0.03113109650639917,0.046042146272357004,0.04022526146419952,0.057147211216092654,0.04568296025582458,0.03695764653706852,0.05579111805400581,0.0500269375817748,0.04434768585711982,0.06637627048330222,0.09742872876689118,0.10932785236366815,0.0950097271863548,0.19518837948252382,0.1517653885640316,0.2184101560722574,0.2853648593558908,0.32951289398280803,0.3252427184466019,0.48529694407072843,0.664113626448204,0.7123997409455488,0.7838167652304516,0.8214981899192425,0.8455522971652004,0.8687460749424326,0.8137069508910664,0.7467830882352942,0.7084039719060305,0.6141248720573182,0.543347017628592,0.6817213463996591,0.5291005291005291,0.6029285099052542,0.45095046482586376,0.48658212916543786,M
Missouri,0.0,0.0,0.0,0.0,0.0,0.0,0.0,0.0,0.0,0.0,0.0,0.0,0.0,0.0,0.0,0.0,0.0,0.0,0.01865284974093264,0.0,0.0,0.0,0.0,0.0,0.0,0.0,0.0,0.0,0.0,0.0,0.0,0.0,0.0,0.0,0.0,0.0,0.0,0.0,0.0,0.0,0.0,0.0,0.0,0.0,0.0,0.0,0.0,0.0,0.0,0.0,0.0,0.011550011550011549,0.0,0.008221791034959056,0.00875871492134674,0.013761546797860081,0.010532783287983849,0.01568272112636788,0.021462770348357273,0.0,0.014187527586859197,0.01841451063437989,0.02832638287827524,0.023587872688388474,0.027097679163478706,0.03391691969765488,0.03297013847458159,0.0274189125981839,0.03573052686285974,0.033738191632928474,0.039191710169464954,0.04870384917517675,0.06075625549604285,0.065167262640778,0.057882192713653385,0.0651247931847784,0.060652550082951284,0.09511844938980618,0.09598667053028108,0.10732736665939023,0.13795160508556728,0.11187768040275967,0.1310893913982226,0.20736235089659533,0.34711949983235707,0.4107305845470058,0.5002801568878572,0.6490165815821758,0.624546699975824,0.6624579474186983,0.6719220043477306,0.7055849230062055,0.6952955595361554,0.7070731530135361,0.5854309216214213,0.5037467732638279,0.4920931901478843,0.42604670734273087,0.37718979631751,0.4303296324984938,0.31424474479055436,M
Montana,0.0,0.0,0.0,0.0,0.0,0.0,0.0,0.0,0.0,0.0,0.0,0.0,0.0,0.0,0.0,0.0,0.0,0.0,0.0,0.0,0.0,0.0,0.0,0.0,0.0,0.0,0.0,0.0,0.0,0.0,0.0,0.0,0.0,0.0,0.0,0.0,0.0,0.0,0.0,0.0,0.0,0.0,0.0,0.0,0.0,0.0,0.0,0.0,0.0,0.0,0.0,0.0,0.0,0.0,0.0,0.0,0.07190795781399809,0.06853226727584237,0.0,0.0,0.0,0.0,0.059441252229046955,0.0,0.0,0.0,0.0,0.0,0.08406388855530203,0.0,0.0,0.0,0.06745817593092283,0.0,0.0978336827393431,0.0,0.07486150621350501,0.0,0.1254508389524855,0.0,0.08203445447087777,0.20927237604636187,0.11762728953117123,0.26931493014644,0.2136752136752137,0.2004342742608986,0.3075345976422348,0.6277160791887977,0.6095496105655266,0.4562352145995268,0.8836789900811541,0.5309410472354449,0.6617508035545472,0.6164515507609324,0.6729475100942126,0.5019305019305019,0.6055870287165462,0.3483606557377049,0.6398940864960283,0.5816658911121452,0.5619412515964239,M
Nebraska,0.0,0.0,0.0,0.0,0.0,0.0,0.0,0.0,0.0,0.0,0.0,0.0,0.0,0.0,0.0,0.0,0.0,0.0,0.0,0.0,0.0,0.0,0.0,0.0,0.0,0.0,0.0,0.0,0.0,0.0,0.0,0.0,0.0,0.0,0.0,0.0,0.0,0.0,0.0,0.0,0.0,0.0,0.0,0.0,0.0,0.0,0.0,0.0,0.0,0.0,0.0,0.0,0.0,0.0,0.0,0.0,0.0,0.0,0.0,0.0,0.023672000757504027,0.0,0.0,0.0,0.04698144233027954,0.02826189354686764,0.053299738346739026,0.04070418235473695,0.0,0.047885075818036714,0.03165558721114277,0.031704095112285335,0.03812636165577342,0.12487937787364477,0.06441789646287187,0.06580128013399533,0.0710437511100586,0.07889785761971232,0.09159186664224217,0.1352847128274505,0.07427581084426838,0.09703438656073747,0.04996876951905059,0.16081147946561108,0.1844224503596238,0.28486499876145654,0.46479052591366354,0.5369212304971259,0.6056310804716191,0.588983334448832,0.744006613392119,0.6703499079189686,0.6227690438216754,0.523358731624721,0.6587104773713578,0.5205940897259226,0.5837343220004734,0.40205853972338373,0.45052703162189733,0.3951859170109574,0.24639878695981804,M
Nevada,0.0,0.0,0.0,0.0,0.0,0.0,0.0,0.0,0.0,0.0,0.0,0.0,0.0,0.0,0.0,0.0,0.0,0.0,0.0,0.0,0.0,0.0,0.0,0.0,0.0,0.0,0.0,0.0,0.0,0.0,0.0,0.0,0.0,0.0,0.0,0.0,0.0,0.0,0.0,0.0,0.0,0.0,0.0,0.0,0.0,0.0,0.0,0.0,0.0,0.0,0.0,0.0,0.0,0.0,0.0,0.0,0.0,0.0,0.0,0.0,0.05885122410546139,0.0,0.0,0.058354405757634696,0.0,0.0,0.0,0.0,0.0,0.0,0.037083735073796635,0.0,0.0,0.0,0.05994804502764271,0.0,0.042839657282741736,0.07103534008169064,0.04672351360822334,0.027800945232137893,0.0,0.04179509952458074,0.041690551878680496,0.04587623610969518,0.0954342257270581,0.10652721286073988,0.23683477291724714,0.23413111342351717,0.22054054054054056,0.24403720416244587,0.29285435376805935,0.41283930230157906,0.38248127996552284,0.38548378214659396,0.38064765267280853,0.37750300908195644,0.3244432224360737,0.26615323631009685,0.26928931038520076,0.2568964462658267,0.22603978300180833,M
New Hampshire,0.0,0.0,0.0,0.0,0.0,0.0,0.0,0.0,0.0,0.0,0.0,0.0,0.0,0.0,0.0,0.0,0.0,0.0,0.0,0.0,0.0,0.0,0.0,0.0,0.0,0.0,0.0,0.0,0.0,0.0,0.0,0.0,0.0,0.0,0.0,0.0,0.0,0.0,0.0,0.0,0.0,0.0,0.0,0.0,0.0,0.0,0.0,0.0,0.0,0.0,0.0,0.0,0.0,0.0,0.0,0.0,0.0,0.0,0.0,0.0,0.0,0.0,0.0,0.0,0.0,0.0,0.0,0.0,0.0,0.0,0.0,0.0,0.0,0.0,0.0,0.0,0.0,0.0,0.0,0.0,0.0,0.0,0.0,0.0,0.05192107995846314,0.08329862557267806,0.2582866982350409,0.34039749643131656,0.3287981859410431,0.420954162768943,0.5436797232175955,0.6283662477558348,0.46991254405430105,0.5524861878453038,0.48169556840077066,0.5903527717782577,0.37801686536783946,0.5089820359281437,0.5207511440744832,0.5232177894048398,0.4183400267737617,M
New Jersey,0.0,0.0,0.0,0.0,0.0,0.0,0.0,0.0,0.0,0.0,0.0,0.0,0.0,0.0,0.0,0.0,0.0,0.0,0.0,0.0,0.0,0.0,0.0,0.0,0.0,0.0,0.0,0.0,0.0,0.0,0.0,0.0,0.0,0.0,0.0,0.0,0.0,0.0,0.0,0.0,0.0,0.0,0.0,0.0,0.0,0.0,0.0,0.0,0.0,0.0,0.0,0.0,0.0,0.0,0.0,0.0,0.0,0.0,0.0,0.0,0.0,0.0,0.0,0.0,0.0,0.0,0.0,0.0,0.0,0.0,0.0,0.0,0.005712784068187791,0.0058248581647036895,0.0,0.0,0.0,0.007690631529025725,0.0,0.0,0.0,0.006714022908246163,0.008207597499418628,0.013754401408450705,0.022038871058830012,0.03111079686063777,0.06403632606132934,0.09415503214511643,0.09287554676733178,0.13227513227513227,0.14213828257744085,0.19166923366533184,0.20613514080078263,0.2283351312477526,0.2536921264836459,0.26254322910065364,0.26796857793113577,0.30544714067537754,0.30496095722776895,0.2979485837376442,0.30531457929756595,M
New Mexico,0.0,0.0,0.0,0.0,0.0,0.0,0.0,0.0,0.0,0.0,0.0,0.0,0.0,0.0,0.0,0.0,0.0,0.0,0.0,0.0,0.0,0.0,0.0,0.0,0.0,0.0,0.0,0.0,0.0,0.0,0.0,0.0,0.0,0.0,0.0,0.0,0.0,0.0,0.0,0.0,0.0,0.0,0.0,0.0,0.0,0.0,0.0,0.0,0.0,0.0,0.0,0.0,0.0,0.0,0.0,0.0,0.0,0.0,0.0,0.0,0.0,0.046889653016567674,0.0,0.0,0.030206917384080954,0.0,0.0,0.03611971104231166,0.030902348578491962,0.025974025974025976,0.0,0.03160389781406373,0.0,0.04246059126373335,0.032188841201716736,0.0,0.040544454097885894,0.0405750057964294,0.029995800587917693,0.041738715640093016,0.036231884057971016,0.031061688513387586,0.0,0.05609224057338735,0.0947268708556994,0.10631644777986242,0.12583364791745313,0.25978845796993877,0.21595606836552106,0.22314313037934333,0.2461875128222663,0.3041935250235388,0.2946064360175253,0.3379416282642089,0.33491259598104883,0.26602377587496884,0.2580423189403062,0.2953937044216745,0.28406308159467136,0.3376239713019624,0.26510548989285315,M
New York,0.0,0.0,0.0,0.0,0.0,0.0,0.0,0.0,0.0,0.0,0.0,0.0,0.0,0.0,0.0,0.0,0.0,0.0,0.0,0.0,0.0,0.0,0.0,0.0,0.0,0.0,0.0,0.0,0.0,0.0,0.0,0.0,0.0,0.0,0.0,0.0,0.0,0.0,0.0,0.0,0.0,0.0,0.0,0.0,0.0,0.0,0.0,0.0,0.0,0.0,0.0,0.0,0.0021771219318909175,0.0,0.0,0.0,0.003276718912129321,0.0,0.0,0.003376192217876938,0.0033524235228383848,0.0,0.0,0.0037343490762820823,0.0037041740750148166,0.006337972377003723,0.0025696767860538504,0.0035662793008054694,0.004479238728493433,0.0039017918979291242,0.0,0.002319034168649441,0.003354546848642846,0.004436382278131592,0.010709586609956856,0.00365724317009838,0.0037973310187696644,0.008457136413610351,0.007032925814354202,0.005920768278891869,0.007848108907603612,0.009669835552359137,0.0106805388017692,0.018438688182708326,0.04115799604883238,0.04214812797468519,0.09305127861828894,0.11885975220763523,0.1296407004628106,0.14838759117476993,0.20169624403107403,0.2640548883069766,0.23919523099850967,0.23852432948160712,0.2298886043138828,0.25257249766136575,0.22760436492830857,0.24741895179851386,0.2528325819777507,0.24499466037278672,0.25089842386742,M
North Carolina,0.0,0.0,0.0,0.0,0.0,0.0,0.0,0.0,0.007684977406166426,0.0,0.0,0.009354391107092188,0.009522902580706599,0.0,0.010018367006177992,0.0,0.0,0.0,0.022477321987637473,0.012541740480035118,0.009218713989398478,0.0,0.0,0.0,0.0,0.0,0.0,0.0,0.0,0.0,0.0,0.0,0.0,0.005181615627752733,0.0,0.0,0.0,0.0,0.0,0.0,0.0,0.0,0.0,0.0,0.0,0.0,0.0,0.0,0.0,0.0,0.0064813854609561345,0.0,0.006492578982223319,0.00849569551427277,0.0,0.0,0.013027618551328815,0.02135418377739085,0.014192673426584453,0.011336766754121725,0.012753475322025252,0.02188491660283566,0.0297754305683973,0.030605842655362907,0.03428820797356691,0.022731061237478974,0.020520337119824112,0.03959118436294851,0.026914849914297448,0.04259236360139043,0.03251440388091925,0.04118457123000296,0.07074967962409226,0.053788021407632516,0.08243907891795216,0.07441625363305766,0.07475317348377997,0.1180506367790231,0.13847756937589117,0.1375497449320264,0.12720791869293865,0.16280430413879068,0.14624313250154805,0.1790797439426945,0.33125409058730815,0.3849804167947707,0.4195711345681471,0.5125027432451622,0.4853184741998023,0.5100297079159766,0.6217015280042,0.6444275966641395,0.5714200681537478,0.5906890357153731,0.5220766020359447,0.508140936627348,0.5181906509770052,0.48413125336202256,0.4406580493537015,0.4223521767381416,0.4010291899565256,M
North Dakota,0.0,0.0,0.0,0.0,0.0,0.0,0.0,0.0,0.0,0.0,0.0,0.0,0.0,0.0,0.0,0.0,0.0,0.0,0.0,0.0,0.0,0.0,0.0,0.0,0.0,0.0,0.0,0.0,0.0,0.0,0.0,0.0,0.0,0.0,0.0,0.0,0.0,0.0,0.0,0.0,0.0,0.0,0.0,0.0,0.0,0.0,0.0,0.0,0.0,0.0,0.0,0.0,0.0,0.0,0.0,0.0,0.0,0.0,0.0,0.0,0.0,0.0,0.0,0.0,0.05893909626719057,0.09144482828693355,0.09272614877395426,0.055224210293792805,0.10356731875719218,0.07171029042667623,0.12391573729863693,0.0,0.0683246788740093,0.09856378484933823,0.15831894070236038,0.1196351129056378,0.2559084750865573,0.20507966556239154,0.09700889248181083,0.17286084701815038,0.19949220166848025,0.20680579056213572,0.15458937198067632,0.21400778210116733,0.28647822765469827,0.4534290572454185,0.5091457665472374,0.778727445394112,0.7254677357770141,0.945945945945946,0.6637168141592921,0.7383755737377768,0.5698005698005698,0.6589147286821705,0.320573260418631,0.41704442429737076,0.44935405354802466,0.5070422535211268,0.45267489711934156,0.3667745415318231,0.44330377974801677,M
Ohio,0.0,0.0,0.0,0.0,0.0,0.0,0.0,0.0,0.0,0.0,0.0,0.0,0.0,0.0,0.0,0.0,0.0,0.0,0.0,0.0,0.0,0.0,0.0,0.0,0.0,0.0,0.0,0.0,0.0,0.0,0.0,0.0,0.0,0.0,0.0,0.0,0.0,0.0,0.0,0.0,0.0,0.0,0.0,0.0,0.0,0.0,0.0,0.0,0.003748500599760096,0.0,0.0,0.0,0.0,0.0035226648254871847,0.003728783223458521,0.0,0.0,0.0,0.007489907349846082,0.00527692551242716,0.010872716729486809,0.00994268750843353,0.01648556437971272,0.008746993221080255,0.014330861888204191,0.012050098283614126,0.009027035972738351,0.012311764660618514,0.014584868582657824,0.01378032628750354,0.01817493373722075,0.018000180001800016,0.023528697420951167,0.0300276570525484,0.02700380508162514,0.020073603211776515,0.03257161469494111,0.0405590089494335,0.048329499789677176,0.04992964459171168,0.04951221301254309,0.04942203673704731,0.06649630945482525,0.11317672299258938,0.1761491993670571,0.22728662576186887,0.3804228546345746,0.5308448226830835,0.46938709293648134,0.522272390322798,0.6313354810540353,0.7024011158712763,0.6272916586817932,0.5816303908399734,0.5444311156224046,0.5036915287037896,0.4834985739508353,0.47003690140449833,0.4086732818816612,0.39765688328770477,0.3935806197689923,M
Oklahoma,0.0,0.0,0.0,0.0,0.0,0.0,0.0,0.0,0.0,0.0,0.0,0.0,0.0,0.0,0.0,0.0,0.0,0.0,0.0163617027078618,0.0,0.0,0.0,0.0,0.0,0.0,0.0,0.0,0.0,0.0,0.0,0.0,0.0,0.0,0.0,0.0,0.0,0.0,0.0,0.0,0.0,0.0,0.0,0.0,0.0,0.0,0.0,0.0,0.0,0.0,0.0,0.0,0.0,0.0,0.018788751800588716,0.0,0.01596627921829097,0.025532186512622478,0.03436211420717231,0.03897934094929687,0.0,0.0303892587783518,0.041751474348937945,0.04530581424616159,0.04768392370572207,0.053907092298317166,0.029459419649432907,0.04778912420141858,0.06660450246436658,0.051213474834267504,0.07815892314372558,0.06448209156457002,0.06741309572659593,0.06805337751871468,0.10643474029923368,0.09780413932357396,0.10355316807973594,0.11832374691865243,0.13938207281053994,0.19532500800512326,0.15548151673806124,0.13992840872111942,0.14903612506074843,0.18042843552143817,0.20561801479123137,0.3787244025873915,0.41313918049441245,0.4855198823810989,0.6756756756756757,0.567356725541184,0.6136710297612713,0.6454420190006527,0.6480634339737725,0.5941535292719639,0.5452562704471101,0.5857974017693472,0.4842713547389411,0.3835526044459108,0.3645721638430195,0.23927848334253637,0.27636363636363637,0.3018520413383813,M
Oregon,0.0,0.0,0.0,0.0,0.0,0.0,0.0,0.0,0.0,0.0,0.0,0.0,0.0,0.0,0.0,0.0,0.0,0.0,0.0,0.0,0.0,0.0,0.0,0.0,0.0,0.0,0.0,0.0,0.0,0.0,0.0,0.0,0.0,0.0,0.0,0.0,0.0,0.0,0.0,0.0,0.0,0.0,0.0,0.0,0.0,0.0,0.0,0.0,0.0,0.0,0.0,0.0,0.0,0.0,0.0,0.0,0.0,0.0,0.0,0.015976482617586912,0.04195007940550745,0.0,0.0,0.027319916218923594,0.04682963379226374,0.03412228185004808,0.0,0.01613944480309877,0.022822117892540426,0.03520450617679063,0.030672964848782285,0.023672140849238053,0.03310859619552131,0.02782243106219859,0.05056730191839701,0.03194377894904967,0.05101878128886196,0.05666792595391009,0.03548272636366569,0.03820196103399975,0.04216808848811184,0.051853772361939325,0.03345488608611288,0.09478672985781991,0.17481342029180394,0.14429022949017453,0.25358668843575227,0.28936170212765955,0.3332879880288396,0.365442611318077,0.3827823019476864,0.4984448520615679,0.449934554973822,0.4309451788008122,0.4927754113421866,0.3302813662778544,0.3626943005181347,0.352741366546183,0.3192788055216452,0.362049298219511,0.2980779113989105,M
Pennsylvania,0.0,0.0,0.0,0.0,0.0,0.0,0.0,0.0,0.0,0.0,0.0,0.0,0.0,0.0,0.0,0.0,0.0,0.0,0.0,0.0,0.0,0.0,0.0,0.0,0.0,0.0,0.0,0.0,0.0,0.0,0.0,0.0,0.0,0.0,0.0,0.0,0.0,0.0,0.0,0.0,0.0,0.0,0.0,0.0,0.0,0.0,0.0,0.0,0.0,0.0,0.0,0.0,0.0,0.0,0.0,0.0,0.0,0.0,0.0,0.0,0.003806536584623115,0.004520216669052337,0.0,0.008874623752930475,0.005280428469052917,0.01140432908332003,0.006756706030735506,0.006802823927799363,0.008295125482625482,0.008960172035303077,0.008037410492474062,0.008720613349805603,0.0074746795231154465,0.01403322756437743,0.015293966127889755,0.017485865591979816,0.020764299248159333,0.023334709482866936,0.018825478402469904,0.031116810621204694,0.030664264632603782,0.021324028302801203,0.023081014360405022,0.056313224392841046,0.09591249515335795,0.15277148546563696,0.23432673668065526,0.35195119610080733,0.3451501564465662,0.39375333689268555,0.45573514555973915,0.5019852862270022,0.48687732387031135,0.508109979230541,0.4624715693707354,0.4403069568499183,0.5171031879411536,0.43524842640953526,0.43819252560774785,0.449971603733745,0.4329004329004329,M
Rhode Island,0.0,0.0,0.0,0.0,0.0,0.0,0.0,0.0,0.0,0.0,0.0,0.0,0.0,0.0,0.0,0.0,0.0,0.0,0.0,0.0,0.0,0.0,0.0,0.0,0.0,0.0,0.0,0.0,0.0,0.0,0.0,0.0,0.0,0.0,0.0,0.0,0.0,0.0,0.0,0.0,0.0,0.0,0.0,0.0,0.0,0.0,0.0,0.0,0.0,0.0,0.0,0.0,0.0,0.0,0.0,0.0,0.0,0.0,0.0,0.0,0.0,0.0,0.0,0.0,0.0,0.0,0.0,0.0,0.0,0.0,0.0,0.0,0.0,0.0,0.0,0.0,0.0,0.0,0.0,0.0,0.0,0.0,0.0,0.0,0.0,0.05910864168341412,0.17046146353342262,0.24247064828994383,0.15698587127158556,0.280662363177098,0.256797583081571,0.3594311611189248,0.34953924372418177,0.35324341682723187,0.5011693952555965,0.5140507196710076,0.5325545438928019,0.4208311415044713,0.5274062912036165,0.37262208276132575,0.4750103263114415,M
South Carolina,0.0,0.0,0.0,0.0,0.0,0.0,0.0,0.0,0.0,0.0,0.0,0.0,0.0,0.0,0.0,0.0,0.0,0.0,0.0,0.0,0.0,0.0,0.0,0.0,0.0,0.0,0.0,0.0,0.0,0.0,0.0,0.0,0.0,0.0,0.0,0.0,0.0,0.0,0.0,0.0,0.0,0.0,0.0,0.0,0.0,0.0,0.0,0.0,0.0,0.0,0.012565339766787293,0.0,0.0,0.0,0.0,0.0,0.0,0.0,0.0,0.0,0.0,0.0,0.014281633818908884,0.0,0.020262251425594117,0.0,0.0,0.028537183950687744,0.03091798302321659,0.02451447716067878,0.023314854152634578,0.028303828736105395,0.032421041255774996,0.02798376941374003,0.07084870848708487,0.0468764648895278,0.07784877874728341,0.07497962510187449,0.10066896148600377,0.10549197621635446,0.09907951930452569,0.0771530523676343,0.14561221848304426,0.2574820264169871,0.4307085319743547,0.4543374517879323,0.4726822271482592,0.6077058333590399,0.6041731547804422,0.6313091852361159,0.7394634744835361,0.6404871902561949,0.6606373207093902,0.6071996530287697,0.5543803340870961,0.5505052334214624,0.5772582050537322,0.5149408006013908,0.4627981488074048,0.4100041000410004,0.4808510638297872,M
South Dakota,0.0,0.0,0.0,0.0,0.0,0.0,0.0,0.0,0.0,0.0,0.0,0.0,0.0,0.0,0.0,0.0,0.0,0.0,0.0,0.0,0.0,0.0,0.0,0.0,0.0,0.0,0.0,0.0,0.0,0.0,0.0,0.0,0.0,0.0,0.0,0.0,0.0,0.0,0.0,0.0,0.0,0.0,0.0,0.0,0.0,0.0,0.0,0.0,0.0,0.0,0.0,0.0,0.0,0.0,0.0,0.0,0.0,0.0,0.0,0.0,0.06293266205160479,0.0,0.06304507723021961,0.062169723344731115,0.05327650506126798,0.07571660356949703,0.06730229949523275,0.058644147314098054,0.08243052284503062,0.07356547327121138,0.07443245254931151,0.1390644753476612,0.08943401047655551,0.09057971014492754,0.163265306122449,0.15309672929714682,0.21502293577981652,0.1632774231853941,0.29571984435797666,0.2524854031876282,0.22963870177587264,0.24123512383403023,0.16074586079408454,0.33751205400192863,0.4192546583850931,0.6254886630179828,0.8990536277602523,0.8521382357582452,0.5615273544039788,0.7465162574651626,0.7594062823610631,0.9190845197332853,0.4903741373047585,0.5302614737611995,0.6121714079942384,0.3325327914280436,0.5297010972379872,0.5904349537492619,0.5102040816326531,0.4107220060527454,0.5188360027069705,M
Tennessee,0.02343475373979612,0.019791342701235545,0.0,0.014720314033366046,0.013668360024603046,0.013173494928204452,0.02210237821589603,0.017628134502666253,0.01053629754504267,0.0,0.011252391133115786,0.0,0.011152499275087546,0.011362861623071154,0.013038659625790469,0.0,0.0,0.010363553455208722,0.06376602121282972,0.014766997869333165,0.014272024792545926,0.010123096857790736,0.013673744457250015,0.0,0.012026458208057728,0.01,0.008570595999245787,0.0,0.00782472613458529,0.00829038453566938,0.00696000779520873,0.0,0.0,0.0,0.008237006122841218,0.0,0.0,0.0,0.008197281235057039,0.008409721638213775,0.0,0.0,0.008589835361488905,0.0,0.007443466869128965,0.011788108745303175,0.011252572016460906,0.008447087444249223,0.0,0.0,0.011801200350664239,0.009792401096748922,0.015073861923424782,0.018203662576910477,0.015030813166992335,0.013189132155104196,0.019661816751867872,0.01382716049382716,0.018610883644755452,0.011153660259508496,0.030744190252283206,0.02671511006625347,0.016348179902637504,0.054120363688843987,0.04412089124200309,0.027943888671547533,0.040208352371378965,0.04286326618088298,0.05650953370520252,0.049475209386154004,0.0536304344065187,0.0694068255687974,0.058192274119841854,0.08934045721292809,0.08756410943726657,0.10395569336655137,0.10126765402629344,0.14627539503386003,0.12536792761364876,0.15969338869370808,0.1615480205929345,0.21088821152619266,0.22118636322091215,0.2923538230884558,0.3744550840195238,0.44702977704623675,0.6049742325789828,0.686456400742115,0.6705983942383655,0.6625424829113683,0.7062810018575598,0.6774719149301089,0.6699174134598489,0.7335395492708794,0.5631899076368552,0.5608524957936063,0.4840643307923726,0.4584688077471872,0.4517493271818531,0.3746815207073987,0.36705785038515226,M
Texas,0.0,0.0,0.0,0.0,0.0,0.005790522073470144,0.006935534209522489,0.0,0.005415064710023285,0.0,0.00554969754148399,0.0,0.0,0.0,0.0052633795107162405,0.005499582031765585,0.0,0.007533443106361455,0.0,0.0,0.0,0.0,0.0,0.0,0.0,0.0,0.0,0.0,0.0,0.004286090412015748,0.0,0.0,0.0,0.0,0.0,0.0,0.0,0.0,0.0,0.0,0.0,0.0,0.002507774099709098,0.0,0.003124251481415911,0.0037505156959081877,0.0,0.0030178657653307578,0.0036209799578759334,0.003567139510826268,0.007819874770291179,0.005912516259419714,0.006503042882148606,0.007604874139332993,0.004782944021618907,0.007093917556854793,0.01355380862022228,0.013431441252043916,0.014580284091227717,0.02830486517086341,0.02541567333743373,0.02441945103195661,0.027196083763937992,0.028415818138763912,0.0307697641562584,0.030949238949617215,0.03614265421566238,0.0370463419930932,0.03397419703292013,0.0371106114518981,0.0453916744817427,0.044316975073791946,0.04384189936597869,0.05232172329890592,0.05454084765925283,0.05720947770347288,0.05126935092132762,0.067866500579872,0.06332576583251844,0.07117953439207564,0.07857968273978358,0.06705399891241685,0.08717783451911715,0.11299667173439619,0.15972543607091808,0.18283704188481675,0.23970086645296074,0.2922517068143759,0.274092445000923,0.29768851217165204,0.3193619519943225,0.3573219937235615,0.32702403534799124,0.33304167372910476,0.3332727933163821,0.306065169160036,0.2846687450593763,0.24786105093085592,0.25013583697604863,0.23042641547655224,0.23424933499216566,M
Utah,0.0,0.0,0.0,0.0,0.0,0.0,0.0,0.0,0.0,0.0,0.0,0.0,0.0,0.0,0.0,0.0,0.0,0.0,0.0,0.0,0.0,0.0,0.0,0.0,0.0,0.0,0.0,0.0,0.0,0.0,0.0,0.0,0.0,0.0,0.0,0.0,0.0,0.0,0.0,0.0,0.0,0.0,0.0,0.0,0.0,0.0,0.0,0.0,0.0,0.0,0.0,0.0,0.0,0.0,0.0,0.052182988345799264,0.058168522519528004,0.029304029304029304,0.0684954964211103,0.040412204485754694,0.06644938771635604,0.055994524979779754,0.11118523460084502,0.08750820389411508,0.12237068395290383,0.12669497329132995,0.17491254372813594,0.17704990594223746,0.18118735543562067,0.16844039506929026,0.2182904411764706,0.20137543219727194,0.1826945502604369,0.2573458805454196,0.2195939438301807,0.24393905276589356,0.336774288015228,0.2211146988628387,0.24145291668124716,0.19668350910509005,0.243682611743499,0.22354449521680528,0.2002560651324645,0.26695315297717875,0.3624243600944892,0.33754178702411475,0.3982128982128982,0.44268925761966943,0.4429819010251867,0.43057742360463996,0.5313351498637603,0.4769076305220884,0.39189588879029874,0.37125430920180325,0.3621234301564065,0.37890504175688217,0.3440994760303433,0.22855768074100807,0.1773798462707999,0.2056049702766728,0.21942857142857142,M
Vermont,0.0,0.0,0.0,0.0,0.0,0.0,0.0,0.0,0.0,0.0,0.0,0.0,0.0,0.0,0.0,0.0,0.0,0.0,0.0,0.0,0.0,0.0,0.0,0.0,0.0,0.0,0.0,0.0,0.0,0.0,0.0,0.0,0.0,0.0,0.0,0.0,0.0,0.0,0.0,0.0,0.0,0.0,0.0,0.0,0.0,0.0,0.0,0.0,0.0,0.0,0.0,0.0,0.0,0.0,0.0,0.0,0.0,0.0,0.0,0.0,0.0,0.0,0.0,0.0,0.0,0.0,0.0,0.0,0.0,0.0,0.0,0.0,0.0,0.0,0.0,0.0,0.0,0.0,0.0,0.0,0.0,0.0,0.0,0.0,0.18631887143997872,0.2165674066053059,0.22637238256932654,0.6156552330694811,0.44603033006244425,0.4745333755140778,0.7679465776293823,0.7371007371007371,0.8046817849305048,0.6772009029345373,0.7404664938911515,0.5066956207021354,0.5166931637519873,0.7492287351256061,0.594421582075903,0.4880429477794046,0.6036217303822937,M
Virginia,0.02457174950856501,0.018604651162790697,0.01392208274357844,0.023030330945855694,0.015003107786612941,0.022812111157196183,0.014927601134497684,0.028060178290055904,0.01907911472907657,0.011004974248360258,0.020927312468027717,0.01833180568285976,0.02341865530081263,0.014633789419770251,0.021603456553048486,0.016445436391401384,0.01506440031133094,0.02442360296991012,0.04415227629513344,0.021759628635671283,0.0,0.016245068461359945,0.015419521113729982,0.012527926836907274,0.01101543997503167,0.0,0.01456186974407514,0.012939241021090963,0.008495815810713224,0.008821324080744519,0.0,0.007389890629618682,0.011108488273602066,0.007979678418959716,0.006495868627552877,0.010075693648534617,0.006322311437061389,0.009947897884828211,0.0,0.010176304475029893,0.010238951531363187,0.006509738568899073,0.007681179829221768,0.006404098623118796,0.010304099743685518,0.0,0.009893713251922207,0.00746971032463361,0.0,0.007667535654040791,0.007613826709304096,0.007366916650705014,0.0,0.0,0.0,0.010986395180634647,0.013193109427419051,0.0,0.012675877804537964,0.018218254691200583,0.01762487221967641,0.012009745050269362,0.016898742733540625,0.021421744718716013,0.024826627385425116,0.019463141675452114,0.018608113137327877,0.021502733919026847,0.020760732557277378,0.017458862555104537,0.02112497535419542,0.024903843493179114,0.03419193070435377,0.021780798048440495,0.032884902840059786,0.04062594041528739,0.032797638570022956,0.04289186484296812,0.07617627514222274,0.07244510271105674,0.060914031066155845,0.07395053181446284,0.07971938775510204,0.11512631915574031,0.17336259821229763,0.22534858609411434,0.3117079391067521,0.42011537496864815,0.4258796536388352,0.46922076425360965,0.5328113030896247,0.5602437060121153,0.5992139722599179,0.5034211365972986,0.55231776203712,0.47647090315327373,0.5421479211619009,0.4140747957730645,0.367834083349638,0.3956856207443711,0.3532661057229109,M
Washington,0.0,0.0,0.0,0.0,0.0,0.0,0.0,0.0,0.0,0.0,0.0,0.0,0.0,0.0,0.0,0.0,0.0,0.0,0.0,0.0,0.0,0.0,0.0,0.0,0.0,0.0,0.0,0.0,0.0,0.0,0.0,0.0,0.0,0.0,0.0,0.0,0.0,0.0,0.0,0.0,0.0,0.0,0.0,0.0,0.0,0.0,0.0,0.0,0.0,0.0,0.0,0.0,0.016081233200854604,0.0,0.0,0.012772370807469282,0.012655985015313741,0.0,0.0,0.015356939142644027,0.017988127835628486,0.018886097943303932,0.0221684432210748,0.026030046110367393,0.01856010690621578,0.03384412898373602,0.02036886156580994,0.01321228364885525,0.018719580681392737,0.029390154298310066,0.028206258263552227,0.028717671503623497,0.030431107354184278,0.03585575741018986,0.033980756161247634,0.031338138514572234,0.0451560706692506,0.041455463641674045,0.058787832814989,0.062084924651477816,0.052958087456498715,0.04551920341394026,0.04872819413312543,0.08357543678115176,0.13885582797746568,0.1270950830089761,0.2623042729566297,0.33295263168083006,0.36626487345451725,0.3518442502785434,0.4417759392758891,0.44963269441864395,0.5580166979042426,0.38701354547409156,0.4036946839553303,0.3915597128562106,0.3658349580494644,0.3343819433750578,0.3247739433164326,0.2689409541346643,0.25708249548196604,M
West Virginia,0.0,0.0,0.0,0.0,0.0,0.0,0.0,0.0,0.0,0.0,0.0,0.0,0.0,0.0,0.0,0.0,0.0,0.0,0.042077422457321476,0.014518002322880372,0.0,0.0,0.0,0.0,0.0,0.0,0.0,0.0,0.0,0.0,0.0,0.0,0.0,0.0,0.0,0.0,0.0,0.0,0.0,0.0,0.0,0.0,0.0,0.0,0.0,0.0,0.0,0.0,0.0,0.0,0.0,0.0,0.0,0.0,0.0,0.0,0.0,0.0,0.0,0.0,0.02009081046329409,0.0,0.0,0.02178269582643548,0.0,0.0,0.024364097066562715,0.0,0.0,0.0,0.0,0.0,0.03870611003594139,0.033973161202649906,0.03472423172637305,0.029760133325397297,0.030994297049342923,0.050919737763350514,0.045534378455734076,0.06708257865432347,0.03374957813027337,0.07355399531929122,0.034376074252320386,0.12437810945273632,0.3448275862068966,0.3583222089510293,0.6730351715154147,1.000146006716309,0.8030675734336565,0.9794092696845839,0.9765468662450972,0.9249045396690709,1.0974987238386933,1.039372852990399,0.7889546351084813,0.7947019867549668,0.7898586055582641,0.527186272482944,0.7096192836224374,0.46587467971115776,0.5635183143452162,M
Wisconsin,0.0,0.0,0.0,0.0,0.0,0.0,0.0,0.0,0.0,0.0,0.0,0.0,0.0,0.0,0.0,0.0,0.0,0.0,0.0,0.0,0.0,0.0,0.0,0.0,0.0,0.0,0.0,0.0,0.0,0.0,0.0,0.0,0.0,0.0,0.0,0.0,0.0,0.0,0.0,0.0,0.0,0.0,0.0,0.0,0.0,0.0,0.0,0.0,0.0,0.0,0.0,0.0,0.0,0.0,0.0,0.0,0.0,0.0127930990368624,0.008707615680674317,0.0,0.008195646472593758,0.0,0.01289968879500782,0.014496488628310033,0.018194148100365536,0.009899519873286146,0.018160206035792117,0.015347885402455661,0.012263274995182285,0.014091453533431974,0.019257365942472997,0.019186827370881374,0.02870109602310438,0.024166713141115015,0.01906795820303562,0.025693222918354842,0.030403145712143018,0.030876268500030876,0.038043707993405756,0.040015163640958674,0.023345642854110955,0.04889975550122249,0.030544343842042108,0.08185840707964602,0.1368955619342018,0.1893512465623732,0.3521046773131006,0.42611370627777145,0.4225839972289574,0.522036181678214,0.580569606059851,0.641025641025641,0.6015445061644763,0.5309294029809474,0.5517125493600694,0.49727210729711296,0.4660797514241326,0.5090800833581423,0.40625892658774243,0.40760426517103077,0.4332278916242608,M
Wyoming,0.0,0.0,0.0,0.0,0.0,0.0,0.0,0.0,0.0,0.0,0.0,0.0,0.0,0.0,0.0,0.0,0.0,0.0,0.0,0.0,0.0,0.0,0.0,0.0,0.0,0.0,0.0,0.0,0.0,0.0,0.0,0.0,0.0,0.0,0.0,0.0,0.0,0.0,0.0,0.0,0.0,0.0,0.0,0.0,0.0,0.0,0.0,0.0,0.0,0.0,0.0,0.0,0.0,0.0,0.0,0.0,0.0,0.0,0.0,0.0,0.0,0.0,0.0,0.0,0.0,0.0,0.0,0.0,0.0,0.0,0.0,0.0,0.0,0.0,0.0,0.0,0.0,0.1876759461995621,0.0,0.29890401859847227,0.1717622810030917,0.0,0.0,0.24717514124293788,0.5749070003381805,0.42105263157894735,0.6391818472355385,0.7285397529299968,0.7951070336391437,0.4438807863031071,0.7335778592864288,0.7307270734380709,0.581170089112747,0.8205893323386795,0.8393742846241892,0.745975657636435,0.6841505131128849,0.7898200965335673,0.7349338559529642,0.5408328826392644,0.29274004683840754,M
