state,1923,1928,1929,1932,1933,1934,1935,1936,1937,1938,1939,1940,1941,1942,1943,1944,1945,1946,1947,1948,1949,1950,1951,1952,1953,1954,1955,1956,1957,1958,1959,1960,1961,1962,1963,1964,1965,1966,1967,1968,1969,1970,1971,1972,1973,1974,1975,1976,1977,1978,1979,1980,1981,1982,1983,1984,1985,1986,1987,1988,1989,1990,1991,1992,1993,1994,1995,1996,1997,1998,1999,2000,2001,2002,2003,2004,2005,2006,2007,2008,2009,2010,2011,2012,2013,2014,2015,2018,2019,gender
Alabama,0.0,0.0,0.0,0.0,0.0,0.0,0.0,0.0,0.0181298094355586,0.03189156866653378,0.039883540063016,0.06544376648124266,0.07348646153266379,0.09638798701298701,0.1084230115705154,0.1482162935704794,0.14714125560538116,0.181242896200043,0.15834113565016247,0.17254163814738763,0.12014073629108384,0.11921377064433589,0.0911273758208696,0.0916288459060518,0.05767927439472812,0.05588753707923133,0.04773822095563239,0.026948443372810438,0.05285940826035402,0.04404316229905307,0.05312476942374383,0.051196337956061495,0.0625085758716897,0.03445575567736883,0.04397609003697249,0.048809853082342224,0.05638567803777841,0.03382377811601556,0.035078829926139574,0.01595150741745095,0.023689665383476458,0.019042541036675936,0.015702592890651068,0.01939906022330474,0.01357926898268643,0.011505361498458282,0.0,0.0,0.0,0.0,0.0,0.0,0.0,0.0,0.0,0.0,0.0,0.0,0.0,0.0,0.0,0.0,0.0,0.0,0.0,0.0,0.0,0.0,0.0,0.0,0.0,0.0,0.0,0.0,0.0,0.0,0.0,0.0,0.0,0.0,0.0,0.0,0.0,0.0,0.0,0.0,0.0,0.0,0.0,F
Alaska,0.0,0.0,0.0,0.0,0.0,0.0,0.0,0.0,0.0,0.0,0.0,0.0,0.0,0.0,0.0,0.0,0.0,0.0,0.29550827423167847,0.0,0.34334763948497854,0.0,0.0,0.16839066634592254,0.0,0.0,0.0,0.0,0.13091147111765666,0.0,0.0,0.0,0.10474860335195531,0.0,0.0,0.14285714285714285,0.0,0.12202562538133008,0.0,0.0,0.0,0.0,0.0,0.0,0.0,0.0,0.0,0.0,0.0,0.0,0.0,0.0,0.0,0.0,0.0,0.0,0.0,0.0,0.0,0.0,0.0,0.0,0.0,0.0,0.0,0.0,0.0,0.0,0.0,0.0,0.0,0.0,0.0,0.0,0.0,0.0,0.0,0.0,0.0,0.0,0.0,0.0,0.0,0.0,0.0,0.0,0.0,0.0,0.0,F
Arizona,0.0,0.0,0.0,0.0,0.0,0.0,0.0,0.0,0.0,0.0,0.09038526720144617,0.05354465624330692,0.16459212015224772,0.13309671694764863,0.10093167701863354,0.11701380762930025,0.07333170373991689,0.1608954179783141,0.1253058058356704,0.16869292071432726,0.1297895152643756,0.10434400571146137,0.09803415716423301,0.08431703204047217,0.09370816599732262,0.059729510644652074,0.0870213823968175,0.0429352068696331,0.044135495972635996,0.04716467728476581,0.06313795643481006,0.050008334722453744,0.06996268656716417,0.05636791670811367,0.057736720554272515,0.06277901785714286,0.0411522633744856,0.01974177754965057,0.03941974140649637,0.03537457747032466,0.0482966155217892,0.03719483329951985,0.023434099963174988,0.020683236237029886,0.02376425855513308,0.019580328296837778,0.0,0.016433313613357,0.015789806101181077,0.0,0.0,0.0,0.020159258139300473,0.027389756231169543,0.0,0.01663023852513542,0.0,0.013095861707700367,0.014653548252041031,0.0,0.0,0.0,0.010137875101378752,0.010015624374023476,0.0,0.0,0.0,0.0,0.0,0.0,0.0,0.008937508937508937,0.0,0.0,0.0,0.0,0.0,0.0,0.008077152965122854,0.0,0.0,0.0,0.0,0.0,0.0,0.010430138929450541,0.0,0.0,0.0,F
Arkansas,0.0,0.0,0.0,0.0,0.0,0.0,0.0,0.0,0.019329896907216496,0.03401255372437463,0.05913476501711796,0.10263628632591419,0.144791755387105,0.10785450427373473,0.15654019633855135,0.11164140779815233,0.1357492769875465,0.16897856242118536,0.1863782788771284,0.16598109258858337,0.1501610598464482,0.12639091967980967,0.1262020747621091,0.10968062047893871,0.06375856755751554,0.06375856755751554,0.049813200498132,0.052167705444661046,0.04674567602496769,0.019957234497505347,0.03749747613141423,0.08727780525412387,0.05822246805042066,0.026029615918556223,0.03812093132367603,0.050509552247675074,0.03718226068144943,0.05090909090909091,0.026502101238026727,0.030905930075333207,0.0,0.0219482752313714,0.025470290725175565,0.01934385639121015,0.0,0.03482837351495685,0.0,0.0,0.019324418335008114,0.0,0.0,0.0,0.0,0.0,0.0,0.0,0.0,0.0,0.0,0.0,0.0,0.0,0.0,0.0,0.0,0.0,0.0,0.0,0.0,0.0,0.0,0.0,0.0,0.0,0.0,0.0,0.0,0.0,0.0,0.0,0.0,0.0,0.0,0.0,0.0,0.0,0.0,0.0,0.0,F
California,0.0,0.0,0.0,0.0,0.0,0.01564308731971342,0.015248551387618176,0.011649071714597743,0.028670472020225712,0.05597303766866344,0.08250633323262138,0.13423386287006797,0.11534134419937034,0.1686456457373096,0.1474214827747848,0.1422016234685346,0.14648499160236902,0.1335665447606933,0.23134705805218891,0.1988939785916028,0.15707779533413888,0.14777984945791037,0.11332179930795849,0.10949357224777517,0.09254588417351595,0.07642675524331634,0.07559885089746636,0.06592585040948788,0.05997666125572875,0.061758974867069584,0.062471879561984724,0.05542837995684729,0.05294576619645047,0.0565232869696648,0.04554160194144473,0.04804586948705466,0.045789704050368675,0.0397377309755613,0.03536573167769315,0.033958284927883324,0.03177684366138319,0.025060365000829705,0.02219814288079221,0.02078248077620528,0.014938241043457477,0.013965734659256612,0.01225480183985425,0.012197329178372168,0.017444329834354712,0.012579267886609,0.012919310178670568,0.014433706641473287,0.018482493319675084,0.012844036697247707,0.009345343607182047,0.009411072715241525,0.009275655620204064,0.008841390971834643,0.0074541437052418605,0.005819749700156375,0.006223773378048751,0.005383507624392673,0.005213988905538389,0.004164651823539075,0.004566264915464017,0.004722561915272268,0.004361076621550901,0.004495439773006735,0.0035700064534732044,0.0030637254901960784,0.005088109089058869,0.003069067979855754,0.004565167769915544,0.0,0.0036691240389717422,0.0033995393624163925,0.004842808145033558,0.0031002508384769313,0.00284149030483508,0.004744451956493375,0.0031518001506560473,0.0,0.0023431432932544253,0.0037064492216456637,0.002754403602759912,0.003407991057431465,0.0,0.002034397594528284,0.0,F
Colorado,0.0,0.0,0.0,0.0,0.0,0.0,0.0,0.0,0.0,0.0,0.0,0.0,0.07145605452646622,0.055499495459132187,0.1248679281529152,0.09634375451611349,0.09170769379283714,0.07831773505110232,0.18139323961349288,0.15879591273128968,0.16304159295105283,0.1242528040835516,0.1298824722019831,0.11215859832065234,0.10732172668733604,0.08077311409202366,0.03371828373935767,0.06486311180778898,0.05131945007157713,0.04883739859456819,0.05077905764759334,0.057621791513881616,0.06688446994057572,0.07123634636694633,0.054137454998240526,0.07113184999715473,0.05365653505034246,0.04709206498704968,0.039423108512106175,0.028924026224450446,0.027827592604044275,0.02642240620045799,0.039693444474977864,0.028819366614364857,0.022351363433169423,0.0,0.0,0.0,0.017569031653538694,0.0,0.01599829351535836,0.015169519379061006,0.0,0.0,0.0,0.0,0.0,0.0,0.0,0.0,0.0,0.0,0.0,0.0,0.0,0.0,0.0,0.0,0.0,0.0,0.0,0.0,0.0,0.0,0.0,0.0,0.0,0.0,0.0,0.0,0.0,0.0,0.0,0.0,0.0,0.0,0.0,0.0,0.0,F
Connecticut,0.0,0.0,0.0,0.0,0.0,0.0,0.0,0.0,0.0,0.0,0.0,0.042442820089601506,0.04488513485942792,0.08313349320543566,0.042363905952128786,0.0723489285468201,0.07680223424681445,0.06204523661797055,0.11966595376311233,0.10522235144265382,0.12314918234670792,0.0995166334944555,0.04763290904760645,0.08576539488838247,0.05706812507430746,0.03856799310313535,0.08320742735772624,0.051539750032212346,0.046218149666425526,0.04709929760612701,0.0629863664993803,0.05060216577269508,0.06515188533268182,0.06074443350579167,0.03302509907529723,0.08266170696424882,0.06067829667352909,0.03862056431459857,0.03575514874141876,0.041407867494824016,0.04582509285610921,0.014399539214745129,0.035142733564013845,0.024953991078948187,0.016736961906674702,0.03070100631076241,0.03134905430352851,0.0,0.017402199638034247,0.020622100017185084,0.0,0.01620798080975072,0.0,0.0,0.0,0.0,0.0,0.0,0.013350778350377826,0.0,0.0,0.0,0.0,0.0,0.0,0.0,0.0,0.0,0.0,0.0,0.0,0.0,0.0,0.0,0.0,0.0,0.0,0.0,0.0,0.0,0.0,0.0,0.0,0.0,0.0,0.0,0.0,0.0,0.0,F
Delaware,0.0,0.0,0.0,0.0,0.0,0.0,0.0,0.0,0.0,0.0,0.0,0.0,0.0,0.0,0.0,0.0,0.0,0.08944543828264759,0.1719824890556598,0.11822327309576085,0.081913499344692,0.09454774661203907,0.10329054153755349,0.09643201542912247,0.06512960791976032,0.06165988407941793,0.07898894154818326,0.0643915003219575,0.13023442195952714,0.0,0.051493305870236865,0.05238344683080147,0.11297114100852418,0.0,0.0,0.1307901907356948,0.0,0.0,0.0,0.0,0.06361323155216285,0.0,0.0,0.0,0.0,0.0,0.0,0.0,0.0,0.0,0.0,0.0,0.0,0.0,0.0,0.0,0.0,0.0,0.0,0.0,0.0,0.0,0.0,0.0,0.0,0.0,0.0,0.0,0.0,0.0,0.0,0.0,0.0,0.0,0.0,0.0,0.0,0.0,0.0,0.0,0.0,0.0,0.0,0.0,0.0,0.0,0.0,0.0,0.0,F
Florida,0.0,0.0,0.0,0.0,0.0,0.0,0.0,0.0,0.0,0.0434370557573843,0.019114611208808013,0.06742131223164544,0.08181163688723084,0.12997370986323223,0.12543588971676575,0.1557994605153009,0.14790506343740611,0.14318074966876093,0.16752013097028423,0.1853782875680686,0.11592109763977043,0.11604924839978967,0.09983693300941794,0.06399650360565666,0.08645782299201707,0.07339948348511621,0.06979629821114672,0.06544502617801047,0.05725062302148582,0.05877678969882338,0.05907422254103549,0.06924921448652224,0.050716237476194415,0.05168122178627178,0.04816388564823239,0.06411092276263747,0.06730177885563768,0.05055733442472976,0.05085523622877414,0.039093041438623924,0.04060937264320605,0.02837715420800454,0.030740179610478008,0.015334166882917739,0.017007009317411535,0.010747808641238147,0.013906974980087741,0.011554015020219527,0.01710550430692162,0.017933359635594132,0.006705933633610139,0.01528288622400636,0.01162948462000659,0.012912627627489138,0.012492638266735674,0.006816981099919901,0.00406838135379458,0.008771650027112374,0.005378120270135298,0.006597031335898845,0.005572466443303637,0.004783609985444158,0.0,0.0,0.003672258291959223,0.0037420668183451083,0.0,0.0,0.003855614932025509,0.0,0.0,0.005329232362144178,0.0,0.0,0.003778889611076681,0.0,0.0,0.004960528367135791,0.0,0.0037646917093959176,0.0040254731943739986,0.0,0.0,0.0,0.0,0.0,0.0,0.004521899559566983,0.0,F
Georgia,0.0,0.0,0.0,0.0,0.0,0.0,0.0,0.011668838367140551,0.018980374292981057,0.02788466900897886,0.04728734336067512,0.06035645814102109,0.09212501706018834,0.11162293458267171,0.16154113259960445,0.1750833549015727,0.178692853867198,0.14656731138019835,0.19024474065346,0.20724466313206447,0.17727598476180897,0.13762169325653703,0.13352950631174196,0.10145982787638612,0.09115662365336806,0.0743613504021233,0.05371305798724601,0.07519978450211008,0.04639846092910089,0.0431144981239367,0.04006787970208353,0.05999505923041632,0.06403491088474902,0.05668729119175984,0.04589427408543582,0.04564783893520409,0.0437197819154408,0.02983172196835126,0.04797448886004148,0.02673872048185989,0.03418896927095442,0.020834418459294755,0.02166524488497109,0.01919867676812429,0.026394236740777545,0.0,0.01702823280999898,0.0,0.011453629164212317,0.008262414277451871,0.011075248401999874,0.01053582179409994,0.010602526430583745,0.013549727499924724,0.007484245662879638,0.007341497078084163,0.0,0.0,0.0,0.0,0.0,0.012557765722322683,0.0,0.0,0.0,0.0,0.0,0.0,0.0,0.0,0.007614406457016675,0.0,0.007464822026201526,0.0,0.0,0.0,0.0,0.0,0.0,0.0,0.0,0.0,0.0,0.0,0.0,0.0,0.0,0.0,0.0,F
Hawaii,0.0,0.0,0.0,0.0,0.0,0.0,0.0,0.0,0.0,0.0,0.0,0.0,0.0,0.0,0.0,0.0,0.0,0.0,0.0,0.05569996286669142,0.05582953382339258,0.0,0.074703520403399,0.07714065312419646,0.07543374402816193,0.0,0.0,0.05560851604702892,0.0,0.04950495049504951,0.05697078212745178,0.0,0.04721806878098686,0.0,0.0,0.0661320988674878,0.0,0.0,0.0,0.09287925696594426,0.05761474937584021,0.0,0.0,0.0,0.0,0.052372473028176394,0.0,0.0,0.0,0.0,0.0,0.0,0.0,0.0,0.0,0.0,0.0,0.0,0.0,0.0,0.0,0.0,0.0,0.0,0.0,0.0,0.0,0.0,0.0,0.0,0.0,0.0,0.0,0.0,0.0,0.0,0.0,0.0,0.0,0.0,0.0,0.0,0.0,0.0,0.0,0.0,0.0,0.0,0.0,F
Idaho,0.0,0.0,0.0,0.0,0.0,0.0,0.0,0.0,0.0,0.0,0.0,0.17496792254753293,0.18407731247123793,0.17062905243999546,0.2017413463580378,0.30049366816913503,0.33203572246393404,0.31512605042016806,0.34088142196250304,0.3113988363517168,0.20231447762401877,0.20883534136546186,0.08699090549624357,0.14811350171499843,0.05388345777846201,0.09154016324662445,0.07578628268283441,0.07054950223406757,0.03882288997592981,0.10984699882306787,0.061761754033814564,0.13287478505549477,0.07199424046076314,0.09108976482278901,0.08180330848936557,0.12658227848101267,0.1051967178624027,0.0,0.05530973451327434,0.055041831792162044,0.0,0.0,0.0,0.0,0.0,0.0,0.0,0.0,0.0,0.0,0.0,0.0,0.0,0.0,0.0,0.0,0.0,0.0,0.0,0.0,0.0,0.0,0.0,0.0,0.0,0.0,0.0,0.0,0.0,0.0,0.0,0.0,0.0,0.0,0.0,0.0,0.0,0.0,0.0,0.0,0.0,0.0,0.0,0.0,0.0,0.0,0.0,0.0,0.0,F
Illinois,0.0,0.0,0.0,0.0,0.0,0.0,0.009392709170415054,0.010359151792651218,0.01709470466383766,0.023764936262440944,0.026339664608270655,0.060841829679750735,0.06528743428862134,0.06619934830419337,0.06078982289404037,0.06340793249493956,0.06908836651794632,0.0835498832275254,0.11677536506898505,0.12505467291734687,0.1213693814346698,0.10259252489637566,0.08594037746799559,0.06477212730172381,0.06951383759829691,0.05114561000180818,0.042971807424914445,0.04244796422525062,0.04826969857723869,0.04169650828534147,0.05109492569544532,0.055842320709731615,0.05521484490544458,0.05148333163421348,0.04310888673928587,0.05724741584094849,0.05268221173668056,0.04890850530836216,0.03450655624568668,0.03707474016262615,0.035019041603872106,0.030768859500941166,0.022677793904208998,0.024498677791948583,0.021450678760763644,0.010737266752053502,0.0123384435053518,0.013102422406683776,0.007467088806087171,0.014424098873401962,0.008690425323899393,0.01185834164579831,0.007830128912395094,0.01361255794292756,0.0065975149360407576,0.008808761781718882,0.008043816864227683,0.007554467712204998,0.005183918005228352,0.0,0.007067887055164858,0.006268413464552121,0.004276245456489202,0.0,0.0044816253361219,0.0,0.004680807907444825,0.0,0.0,0.0,0.00418238546537403,0.0,0.0,0.004369292611526194,0.0,0.0,0.0,0.0,0.0,0.0,0.0,0.0,0.0,0.0,0.0,0.0,0.0,0.0,0.0,F
Indiana,0.0,0.0,0.0,0.0,0.014614541468761417,0.0,0.0,0.01344296820738019,0.021392204680614382,0.04178023595885642,0.03638127577007034,0.06641492248429762,0.05517585077602164,0.06978477740242026,0.061311114604621915,0.07207915601860952,0.06116727550760343,0.0674572658221017,0.08593628779107934,0.0915014899904789,0.07847114072893653,0.08564432274640836,0.06921496829507905,0.0574052812858783,0.05488828619398166,0.03960478592570976,0.039719455216314245,0.03209146066288923,0.03648483414191614,0.04482477587612062,0.046088141009227875,0.04619316956999291,0.05168225748100677,0.038547611654227924,0.033897193093720274,0.04519649451579121,0.03574407244132015,0.030596010280259454,0.026365679418448442,0.028321682822899368,0.02383610793993301,0.025060862093656024,0.021256642700844014,0.008283860278889962,0.01009241771075131,0.011677638781438392,0.008882309400444115,0.007568876778686043,0.0,0.0,0.0,0.008286606082368864,0.00865850842761487,0.0,0.0,0.009123255177447312,0.009094629621208676,0.007788525943579918,0.0,0.0,0.0,0.0,0.0,0.0,0.0,0.0,0.0,0.0,0.0,0.0,0.0,0.0,0.0,0.0,0.0,0.0,0.0,0.0,0.0,0.0,0.0,0.0,0.0,0.0,0.0,0.0,0.0,0.0,0.0,F
Iowa,0.0,0.0,0.0,0.0,0.0,0.0,0.0,0.0,0.0,0.013720808978897396,0.029849126234668406,0.04707359171504786,0.058238168789405714,0.0989358364904322,0.11056239404437238,0.12344745924974176,0.09628395961278235,0.1249923160461447,0.1312902413582245,0.11708496213623401,0.1124237453694318,0.08015009927682752,0.056903419378200815,0.06562261674618236,0.043588020559016366,0.02172338884866039,0.03039187643020595,0.03250270855904659,0.03764722755059967,0.0462842966638279,0.03614740913445029,0.041590567982495795,0.05315151848389875,0.038122831763943425,0.048136708251434075,0.04828078424786935,0.03419193070435377,0.04054376341521584,0.039461352537858235,0.03771497535954943,0.027531661410622216,0.03178872722826751,0.03186573901959743,0.0,0.0,0.0,0.0,0.0,0.0,0.0,0.0,0.0,0.0,0.0,0.0,0.0,0.0,0.0,0.0,0.0,0.0,0.0,0.0,0.0,0.0,0.0,0.0,0.0,0.0,0.0,0.0,0.0,0.0,0.0,0.0,0.0,0.0,0.0,0.0,0.0,0.0,0.0,0.0,0.0,0.0,0.0,0.0,0.0,0.0,F
Kansas,0.0,0.0,0.0,0.0,0.0,0.0,0.0,0.020749470888492345,0.0,0.02511511092507325,0.05025757004648825,0.07544322897019992,0.06406149903907751,0.10115606936416184,0.08892841262783459,0.11861154718297576,0.16285466126230455,0.11897135535828682,0.18275551676168134,0.1394382629976381,0.12237859487122434,0.09413849433784643,0.09489856113262715,0.08526395283685352,0.05675503109702746,0.0664147486545288,0.06936897357042107,0.05005688282138794,0.07662301476734466,0.05321207430340557,0.03783489796400955,0.08338033695465581,0.05549389567147614,0.03361953036102203,0.03586602659603818,0.06468115132449358,0.0556829348182116,0.021388086835632553,0.03703429375601807,0.040515653775322284,0.02461841457410143,0.03103234259706227,0.018467220683287162,0.0,0.0,0.0,0.0,0.0,0.0,0.0,0.020629190304280558,0.0,0.0,0.0,0.0,0.0,0.0,0.0,0.0,0.0,0.0,0.0,0.0,0.0,0.0,0.0,0.0,0.0,0.0,0.0,0.0,0.0,0.0,0.0,0.0,0.0,0.0,0.0,0.0,0.0,0.0,0.0,0.0,0.0,0.0,0.0,0.0,0.0,0.0,F
Kentucky,0.0,0.0,0.0,0.0,0.0,0.0,0.0,0.0,0.010720871392426777,0.019801980198019802,0.010083084617246107,0.04826720725938797,0.02689204763734153,0.05542622769094335,0.06508358591963107,0.0555960277596718,0.057508874214210644,0.07483446940734353,0.096054489091994,0.09660669001328341,0.0990219676426678,0.085995085995086,0.08588476374156219,0.062660471940335,0.0465809577044904,0.038794968590996584,0.037787753744766395,0.027389756231169543,0.03187807395713158,0.035659467588644786,0.03399415918537633,0.03164006264732404,0.024262814810022158,0.029654036243822075,0.02031247355146673,0.03588516746411483,0.039694541055496746,0.016118308383535146,0.018534917725559652,0.01667222407469156,0.020487185265616357,0.02141911363813381,0.015599407222525544,0.019232002051413552,0.019784568036931193,0.0,0.0,0.01718249962413282,0.010193887744908153,0.0,0.016317539315071287,0.012119987880012121,0.0,0.014778845138815581,0.0,0.0,0.0,0.0,0.0,0.0,0.0,0.0,0.0,0.0,0.0,0.0,0.0,0.0,0.0,0.0,0.0,0.0,0.0,0.0,0.0,0.0,0.0,0.0,0.0,0.0,0.0,0.0,0.0,0.0,0.0,0.0,0.0,0.0,0.0,F
Louisiana,0.0,0.0,0.0,0.0,0.0,0.0,0.0,0.0,0.0,0.03653635367190354,0.02817117832355879,0.08101539292465569,0.08952756990037188,0.0792749555417479,0.10830915110148363,0.09910393525209564,0.10152942193035513,0.13174041723814336,0.12037663044374453,0.10983890294235121,0.09788975367086576,0.08542546628067012,0.07250098178412832,0.04788483696709414,0.03575514874141876,0.032000890459560616,0.04187604690117253,0.03083440583440583,0.04226096143687269,0.05088377075522228,0.045586795918640975,0.04512882227449264,0.032128289657484495,0.04110152075626798,0.02345937861970881,0.03662091493693878,0.03025766793005701,0.019890601690701143,0.015292338538392266,0.01563314226159458,0.01562391500590237,0.008803901889317347,0.011016046708038043,0.013963972949789544,0.012621481761958856,0.0,0.01897893338394382,0.0,0.0,0.0,0.0,0.010477604121190955,0.017240784800524118,0.0,0.008546570261354119,0.010423362229209737,0.00878348704435661,0.0,0.0,0.0,0.0,0.0,0.010563454672216002,0.0,0.0,0.0,0.0,0.0,0.0,0.0,0.0,0.0,0.0,0.0,0.0,0.0,0.0,0.0,0.0,0.0,0.0,0.0,0.0,0.0,0.0,0.0,0.0,0.0,0.0,F
Maine,0.0,0.0,0.0,0.0,0.0,0.0,0.0,0.0,0.0,0.0,0.0,0.050454086781029264,0.09554140127388536,0.07851534618129907,0.07985094490284801,0.04877029192503309,0.12668604217899992,0.08347245409015025,0.1459486663311525,0.08712698758440428,0.09886307464162135,0.11335298118340513,0.07895775759968417,0.06590147729144928,0.054182921543129606,0.036601307189542485,0.06844626967830253,0.056841670111616366,0.03530005042864347,0.03559804719283971,0.06056935190793458,0.034540609888483176,0.08366965252485481,0.06521521019363902,0.05830285683998516,0.07664513303405233,0.041103934233705224,0.03200614517987453,0.05324813631522897,0.042366897330885465,0.0,0.0,0.0,0.0,0.0,0.0,0.0,0.0,0.0,0.0,0.0,0.0,0.0,0.0,0.0,0.0,0.0,0.0,0.0,0.0,0.0,0.0,0.0,0.0,0.0,0.0,0.0,0.0,0.0,0.0,0.0,0.0,0.0,0.0,0.0,0.0,0.0,0.0,0.0,0.0,0.0,0.0,0.0,0.0,0.0,0.0,0.0,0.0,0.0,F
Maryland,0.0,0.0,0.0,0.0,0.0,0.0,0.0,0.0,0.0,0.0,0.0,0.03127687856751896,0.027623355547115088,0.025857610756766073,0.06452653653815131,0.04544808975997728,0.05719351425548343,0.06491945179129599,0.12075785967103894,0.10456992835847462,0.08296894270658145,0.06140216223328435,0.06462818596760513,0.05593272643110631,0.060229625447016745,0.057074571494818704,0.042277339346110485,0.03245754894256722,0.034749226416030975,0.038719886870591406,0.04472568248078452,0.06509221396979054,0.04497975910840122,0.037895099474636124,0.04205497426235575,0.04866588353750629,0.04966212021780387,0.03322443103161858,0.030866579211358904,0.0359252754271116,0.0277304599294854,0.025891256721768573,0.017077960891469558,0.012096579087434074,0.018579960185799604,0.016370631087828436,0.01969057665260197,0.0,0.0,0.0,0.015460331366435622,0.0,0.0,0.0,0.0,0.010937089859130283,0.0,0.0,0.0,0.0,0.011139785744787509,0.0,0.0,0.0,0.0,0.0,0.0,0.0,0.0,0.0,0.0,0.0,0.0,0.0,0.0,0.0,0.0,0.0,0.0,0.0,0.0,0.0,0.0,0.0,0.0,0.0,0.0,0.0,0.0,F
Massachusetts,0.0,0.0,0.0,0.0,0.0,0.0,0.0,0.0,0.0,0.009129918743723181,0.01995102929173846,0.024095141386847492,0.036656891495601175,0.05220254587800666,0.06491820306413919,0.04399222331020194,0.062188155325764695,0.0703003639744651,0.11768558505086063,0.10194573855850918,0.12359550561797752,0.0901205362171905,0.08172746042670337,0.07325402639208443,0.0672606297664504,0.05502586215521295,0.06448335157104894,0.06177486921101909,0.05126532134035513,0.06659788012381578,0.07210557774594169,0.07286008970307148,0.08618670663731322,0.07021924007177967,0.0725291096561728,0.08835962366833011,0.07447046182324968,0.08061716921767756,0.07160097469713943,0.0469060075771243,0.07165719199350308,0.04160821702846002,0.04666355576294914,0.027977794466286756,0.025283251426133403,0.022985486307217442,0.0203420860809276,0.013987725770636266,0.013627923615488135,0.021935375010545852,0.01154049063571617,0.008034709946970914,0.020510555047174275,0.009265550682562233,0.01076194575979337,0.018012608826178327,0.0,0.010107573460399972,0.00701803635342831,0.0,0.006606678030152878,0.0,0.0,0.0,0.0,0.0,0.0,0.0,0.0,0.0,0.0,0.0,0.0,0.0,0.0,0.0,0.0,0.0,0.0,0.0,0.0,0.0,0.0,0.0,0.0,0.0,0.0,0.0,0.0,F
Michigan,0.0,0.0,0.0,0.007184217710533501,0.0,0.0,0.015054469808945092,0.009454093622538559,0.03241533115502308,0.03673814276442278,0.03844341377514324,0.0422574889661001,0.05601034037052994,0.0657888640765004,0.08054772452678212,0.08685026408539602,0.09513385230725166,0.10195356179701376,0.1696544703952949,0.14120346536837927,0.11182715536089347,0.08849927528152525,0.09633911368015415,0.09699565409082321,0.06385107963580328,0.06730105223732107,0.053939289608079415,0.04512461547774311,0.05012667883509957,0.0506679727744093,0.06976395567394288,0.07949968200127198,0.06873057614152522,0.06371958336224899,0.05770602347143876,0.06553123324485513,0.06934667030911804,0.057253931790068914,0.03631556775758633,0.03954368084519022,0.03352232149363805,0.0332124963784246,0.02204904010644364,0.021205489677167625,0.019653210173216248,0.014675533134602155,0.011393630960293196,0.008660591422165341,0.010990017400860884,0.011844670809264355,0.010551491277433878,0.011282077985194441,0.012403760111279449,0.008978353190457805,0.008404616936236972,0.004598208537953613,0.005422846452102709,0.00739658647534163,0.004556888192191317,0.008273883944987865,0.0,0.0,0.005380104374024856,0.0,0.0,0.0,0.0,0.0,0.006468375036384609,0.0,0.0,0.005533421868083223,0.0,0.0,0.0,0.0,0.0,0.0,0.0,0.0,0.0,0.0,0.0,0.0,0.0,0.0,0.0,0.0,0.0,F
Minnesota,0.0,0.0,0.0,0.0,0.0,0.0,0.0,0.0,0.0,0.0,0.012248597535582174,0.022926840452117292,0.02221235006663705,0.040635539843146815,0.057352368857663705,0.06816342180377455,0.08285184781423743,0.11975216508443395,0.17665654249054732,0.14489522960321,0.12607788811754816,0.13324552402248327,0.11156882938551321,0.08331896799402402,0.0632774861580499,0.05214940098661029,0.06308617571602809,0.043983231393031404,0.04005714819809595,0.032519443917509015,0.06395697914219332,0.05380648040000525,0.03615135366735399,0.057302680946858586,0.05036768409388536,0.05711709003457086,0.0700770847932726,0.05207248489897938,0.03252737720915103,0.04327677299529365,0.039122934931445946,0.034507151607170584,0.015158118119635447,0.012592079581942958,0.011016127610822242,0.017039403620873268,0.014634860237084735,0.0,0.0,0.011430313190581421,0.0,0.0,0.008610742762670709,0.0,0.0,0.012405408758218581,0.0,0.0,0.0,0.0,0.0,0.0,0.0,0.0,0.0,0.0,0.0,0.0,0.0,0.0,0.0,0.0,0.0,0.0,0.0,0.0,0.0,0.0,0.0,0.0,0.0,0.0,0.0,0.0,0.0,0.0,0.0,0.0,0.0,F
Mississippi,0.0,0.0,0.0,0.0,0.0,0.0,0.0,0.0,0.02446915527038417,0.03152171057816071,0.08002987782105318,0.061882783693886494,0.08576978380969198,0.11687816048087014,0.1321485532011848,0.1489185675452074,0.16542194760016543,0.18050162661349564,0.19439151606135843,0.14859712581875062,0.14974945763818226,0.12553594190582873,0.1263133719928805,0.10895153602210159,0.07358351729212656,0.06862240521530279,0.05234993020009306,0.061411676142554335,0.05240245082231538,0.06261610068668991,0.09563731076021488,0.08369251370464913,0.06969524171577013,0.04246194348315322,0.07938958232258633,0.06150902132312739,0.050471912380760105,0.04013592700612742,0.03611512390265585,0.04589392765969653,0.03337598041942482,0.030385061598806697,0.036159323542501114,0.030113225728740062,0.0,0.0,0.0,0.0,0.0,0.0,0.0,0.0,0.0,0.0,0.0,0.0,0.0,0.0,0.0,0.0,0.0,0.0,0.0,0.0,0.0,0.0,0.0,0.0,0.0,0.02231843949471053,0.0,0.0,0.0,0.0,0.0,0.0,0.0,0.0,0.0,0.0,0.0,0.0,0.0,0.0,0.0,0.0,0.0,0.0,0.0,F
Missouri,0.0,0.0,0.0,0.0,0.0,0.0,0.01223590831226038,0.02072538860103627,0.014361625736033319,0.017697374889391406,0.03920569266657519,0.03914405010438413,0.05245672320335724,0.06909850554394986,0.06098133033117553,0.07339327117145669,0.06840998101623026,0.08637022177644044,0.1342982914272924,0.08286747780335416,0.08899591665794158,0.07766286550086075,0.07367567965814485,0.06857954615036066,0.054237778420595885,0.05036603221083455,0.04440237903272923,0.041109969167523124,0.03526614563780531,0.02986960767419151,0.04894038378366074,0.05160136227596409,0.045156136024175904,0.045799134637403434,0.04764890282131661,0.05986387475436291,0.05916409584583526,0.025000367652465477,0.02759128115515497,0.041897490805828407,0.031141098835916065,0.02743127743127743,0.018063040009633623,0.024665373104877163,0.014013943874154784,0.01892212684705761,0.0,0.01394019655677145,0.009905894006934125,0.008310893919750009,0.0,0.0,0.0,0.014152723613033085,0.007969905636317266,0.0,0.0,0.0,0.0,0.0,0.0,0.0,0.0,0.0,0.0,0.0,0.008919492659257542,0.0,0.0,0.0,0.0,0.0,0.0,0.0,0.0,0.0,0.0,0.0,0.0,0.0,0.0,0.0,0.0,0.0,0.0,0.0,0.0,0.0,0.0,F
Montana,0.0,0.0,0.0,0.0,0.0,0.0,0.0,0.0,0.0,0.0,0.0,0.07919447901346306,0.056293627561360055,0.08868196430550937,0.0576036866359447,0.09623481294358234,0.17150557393115276,0.1369997064292005,0.21771897504605595,0.22024565861922915,0.2548294286888615,0.14423076923076925,0.08703220191470844,0.09107468123861566,0.1278772378516624,0.10821730033908088,0.05684644354437575,0.07762331522122645,0.07586206896551724,0.05901010548056355,0.0657510227936879,0.08951883625512869,0.044806213128220446,0.08597780209473191,0.05834792031341169,0.07086544423775357,0.07895775759968417,0.08516074089844582,0.0,0.0,0.0,0.0,0.0,0.06188118811881188,0.0,0.0,0.0,0.0,0.0,0.0,0.0,0.0,0.0,0.0,0.0,0.0,0.0,0.0,0.0,0.0,0.0,0.0,0.0,0.0,0.0,0.0,0.0,0.0,0.0,0.0,0.0,0.0,0.0,0.0,0.0,0.0,0.0,0.0,0.0,0.0,0.0,0.0,0.0,0.0,0.0,0.0,0.0,0.0,0.0,F
Nebraska,0.0,0.0,0.0,0.0,0.0,0.0,0.0,0.0,0.0,0.0,0.0,0.06661855326708488,0.044133061179456055,0.07623888182973317,0.08272506082725062,0.10297651154808021,0.10883546057188088,0.1370097619455386,0.21170702718763929,0.11407277843264003,0.1570798115042262,0.07017803058284701,0.087470697316399,0.0761957538184463,0.06452306699645123,0.05962401795735129,0.041008816895632565,0.04484769034394729,0.04248088360237893,0.0,0.038013615786017904,0.06223205642373116,0.05499037668408029,0.034982159098859586,0.0509925332362047,0.050528606965174125,0.06897740989825832,0.06582659394395335,0.06034092623321768,0.05038291011688835,0.03435414212799372,0.0,0.0,0.0,0.0,0.0,0.0,0.0,0.0,0.0,0.0,0.0,0.0,0.0,0.0,0.0,0.0,0.0,0.0,0.0,0.0,0.0,0.0,0.0,0.0,0.0,0.0,0.0,0.0,0.0,0.0,0.0,0.0,0.0,0.0,0.0,0.0,0.0,0.0,0.0,0.0,0.0,0.0,0.0,0.0,0.0,0.0,0.0,0.0,F
Nevada,0.0,0.0,0.0,0.0,0.0,0.0,0.0,0.0,0.0,0.0,0.0,0.0,0.0,0.0,0.0,0.35569105691056907,0.2465483234714004,0.0,0.24544179523141654,0.3700657894736842,0.24125452352231602,0.280561122244489,0.0,0.3309066843150232,0.0,0.0,0.1397624039133473,0.0,0.0,0.0,0.16771488469601675,0.0,0.12291483757682177,0.0,0.0,0.07207726683004181,0.0,0.09797517962116264,0.1181035937236376,0.0,0.0,0.0,0.0,0.0,0.0,0.0,0.0,0.0,0.0,0.0,0.0,0.0,0.0,0.0,0.0,0.0,0.0,0.0,0.0,0.0,0.0,0.0,0.0,0.0,0.0,0.0,0.0,0.0,0.0,0.0,0.0,0.0,0.0,0.0,0.0,0.0,0.0,0.0,0.0,0.0,0.0,0.0,0.0,0.0,0.0,0.0,0.0,0.0,0.0,F
New Hampshire,0.0,0.0,0.0,0.0,0.0,0.0,0.0,0.0,0.0,0.0,0.0,0.0,0.0,0.07733952049497293,0.07668711656441718,0.08661758336942399,0.0,0.0738942256940779,0.22585128561501042,0.24123213954351458,0.12720156555772996,0.12032487716835455,0.07713817375373638,0.10583028670386763,0.04988028731045491,0.09443762394938143,0.0,0.06337709370755998,0.05254860746190226,0.06160344979318842,0.0,0.13170603213627186,0.17275632720048373,0.09612023767913318,0.14103129131776113,0.11646658304963267,0.0,0.06975585450921774,0.05953562214725144,0.09135200974421437,0.0,0.0,0.0,0.0,0.0,0.0,0.0,0.0,0.0,0.0,0.0,0.0,0.0,0.0,0.0,0.0,0.0,0.0,0.0,0.0,0.0,0.0,0.0,0.0,0.0,0.0,0.0,0.0,0.0,0.0,0.0,0.0,0.0,0.0,0.0,0.0,0.0,0.0,0.0,0.0,0.0,0.0,0.0,0.0,0.0,0.0,0.0,0.0,0.0,F
New Jersey,0.0,0.0,0.0,0.0,0.0,0.0,0.013027901422212572,0.0,0.01929095040082308,0.01245200788627166,0.012330709632339343,0.04313133491481561,0.020944235971725282,0.05133836259144645,0.052361948430556735,0.05240282358743566,0.06822523423997089,0.07047216349541931,0.11286559227304792,0.12365015250185477,0.10805731735964294,0.07925869805932746,0.10392872221801214,0.0836016844191231,0.06483179188994803,0.06034367157717285,0.053570421608616386,0.054171180931744306,0.0565655851444632,0.04813735191078544,0.07230399814330474,0.07855736894600726,0.07218270050266988,0.066286267097826,0.06504383776463041,0.07965845319394595,0.05780949402477279,0.057451908790142045,0.05787096840865171,0.044736533770757224,0.05437681038178795,0.03307151715584952,0.05022601707684581,0.03813009990086174,0.029830912961531682,0.027523188286131067,0.0374488678919168,0.01760072749673653,0.018551287173925454,0.031794664277249474,0.012707377338510413,0.023729759910664436,0.016724039412986218,0.022965834943193333,0.012123498033299209,0.0,0.008939746111210442,0.0148529557381919,0.007177462766911898,0.0,0.005486245981324818,0.0,0.0,0.0,0.0,0.007346548958626685,0.006259389083625437,0.0,0.0,0.0,0.0,0.010742436653193861,0.0,0.0,0.0,0.0,0.00727685523424197,0.0,0.0,0.0,0.0,0.0,0.0,0.0,0.0,0.0,0.0,0.0,0.0,F
New Mexico,0.0,0.0,0.0,0.0,0.0,0.0,0.0,0.0,0.0,0.0,0.0,0.0937031484257871,0.0735632183908046,0.0926526452330214,0.1896388242392897,0.08167265599477296,0.0674593136014841,0.13605442176870747,0.15708451146716934,0.09193429762196617,0.09319664492078285,0.12904673736183583,0.06412654304494202,0.09527630127369371,0.06782617121263505,0.061277398067405134,0.046855964764314494,0.04104528663291832,0.04838567783935955,0.05680576797028621,0.046255413985955174,0.06166241881114857,0.05473684210526316,0.043081164914699294,0.03216172754422238,0.07118451025056947,0.025863852679495137,0.034403669724770644,0.0,0.03214813862277374,0.0,0.0,0.0,0.0,0.0,0.03159158400202186,0.0,0.0,0.0,0.0,0.0,0.0,0.0,0.03025108399717657,0.0,0.0,0.0,0.025799793601651185,0.0,0.0,0.0,0.0,0.0,0.0,0.0,0.0,0.0,0.0,0.0,0.0,0.0,0.0,0.0,0.0,0.0,0.0,0.0,0.0,0.0,0.0,0.0,0.0,0.0,0.0,0.0,0.0,0.0,0.0,0.0,F
New York,0.0,0.0,0.0,0.0,0.006511900498160389,0.003241112868514533,0.003221960885394851,0.009739058168148086,0.013319041790079218,0.027719771589082103,0.031497424622339704,0.044812254114579696,0.048290044112141425,0.05408328826392645,0.0673216885007278,0.059119416294296456,0.06561082722322528,0.06549043761645994,0.0961914417297851,0.09129192802662191,0.08869764731323097,0.07993634160432238,0.0645203811558861,0.07029971110166343,0.060666318397061055,0.044204785167994434,0.04659861991484581,0.03991649216401243,0.04725766547132572,0.04650859944003646,0.051499573958069984,0.05311392150453826,0.05443435468544495,0.04595052875467595,0.04316822299470621,0.05949764157959628,0.05580918113025725,0.049919472966965694,0.0539510537673906,0.04911108928396032,0.04489963383574475,0.03256393065798295,0.03222140459198558,0.02715512985089365,0.021760822028320914,0.01971871519247065,0.013652995467205505,0.016007772049326015,0.01314261932403128,0.0163182623864052,0.01843832937561112,0.014888747966583033,0.01845178656709938,0.016537831623534935,0.008995851325035983,0.013204109118757757,0.00925083642979386,0.008660964016241855,0.005972318304657911,0.008291307783099389,0.003364931643817178,0.00510187517102877,0.0052714307621530435,0.003943450913894749,0.007139724406637904,0.005224633100140543,0.002712379299121189,0.003946663659684831,0.0,0.0029603841394459343,0.0030185034260013888,0.0,0.0,0.0031790841694324698,0.0031659996960640294,0.004539029166504558,0.0,0.0,0.0,0.0,0.0,0.0,0.0,0.0,0.0,0.0,0.0,0.0,0.0,F
North Carolina,0.009668374746205162,0.0,0.009984357839384964,0.0,0.008442665856170744,0.0,0.009390994036718787,0.016055229991169623,0.023515763400065844,0.04455711761542598,0.06408593618871783,0.07564745320240886,0.12636481094972382,0.1414015937413276,0.1523519329651495,0.13329813910518676,0.12140293768427232,0.09264191583481947,0.15490106985005578,0.12405621029666544,0.09929186352278803,0.0958593181868265,0.07144883527891313,0.060106741281931705,0.06062536606418068,0.07083514637577033,0.03548004500897138,0.04961121010853718,0.02896272084074641,0.02671682304913758,0.042684878881656174,0.047447538119783465,0.04281417577359864,0.0405252954513094,0.03594455552310561,0.04920809301473954,0.03473686822320919,0.017003021306093623,0.027627216755249172,0.030272319254511237,0.02074043347505963,0.01999600079984003,0.02077625274311462,0.015575441776166741,0.016465833395703913,0.015351314840116056,0.008142261594580511,0.016426295213377573,0.009461782284389637,0.0129563048618534,0.0,0.007816041643869879,0.0,0.007651460663840727,0.0,0.0,0.0,0.0,0.00991599733684643,0.008243683277688471,0.0,0.007722107105625555,0.010679196924391286,0.0,0.006986362620165437,0.0,0.0,0.0,0.0,0.0,0.0,0.0,0.0,0.0,0.0,0.0,0.0,0.0,0.0,0.0,0.0,0.0,0.0,0.0,0.0,0.0,0.0,0.0,0.0,F
North Dakota,0.0,0.0,0.0,0.0,0.0,0.0,0.0,0.0,0.0,0.0,0.0,0.0,0.0,0.06668571972944651,0.10464231354642313,0.13173990778206454,0.1145912910618793,0.0905573392607228,0.16622100166221002,0.1854736998293642,0.11810733003617038,0.07290223809870963,0.08634335875665564,0.08621928437993964,0.050761421319796954,0.0564214683687143,0.05754153779759764,0.0,0.05266325609389106,0.037639265281541705,0.07364854912358226,0.0,0.06925740669488265,0.04050222762251924,0.05931198102016608,0.053652865957256546,0.09628345850182939,0.10402579839800269,0.0,0.07030700726505743,0.0,0.0,0.0,0.0,0.0,0.0,0.0,0.0,0.0,0.0,0.0,0.0,0.0,0.0,0.0,0.0,0.0,0.0,0.0,0.0,0.0,0.0,0.0,0.0,0.0,0.0,0.0,0.0,0.0,0.0,0.0,0.0,0.0,0.0,0.0,0.0,0.0,0.0,0.0,0.0,0.0,0.0,0.0,0.0,0.0,0.0,0.0,0.0,0.0,F
Ohio,0.0,0.0,0.0,0.0,0.006151120734197771,0.0,0.0,0.017922953702770215,0.0172115188089629,0.03362269226066757,0.04139287007812904,0.05420534957522717,0.05154219678268182,0.07619735901524734,0.0807741649376772,0.0807275787737996,0.05728258267501112,0.08726584774441098,0.12123626842734361,0.10143028780844165,0.10027368818422047,0.09617107699659519,0.08445805157497596,0.07064679279616795,0.06141985767536428,0.05411635015282858,0.04200021000105,0.04782469380239793,0.04320115946337657,0.04611426629775254,0.04663240412132279,0.05203584030448401,0.05248792777661138,0.04331634135389979,0.043814572402228594,0.049145204753280027,0.04846564849401863,0.036352620418055134,0.03686025589764094,0.040062347027561646,0.02708025603151157,0.025816596551137397,0.013729405891163256,0.012681593371753865,0.01416937624914238,0.011164950985865172,0.0075661279583560314,0.010068777495507776,0.004493944409907649,0.006030772014202468,0.0057987822557262975,0.008522303578657311,0.004300582012098971,0.004373496610540127,0.007542558888528523,0.0037656557136294144,0.005265770984097372,0.006925367621597914,0.0076762466224514865,0.0,0.0,0.004500045000450004,0.0,0.0,0.0040914856184280516,0.0,0.0,0.0,0.0,0.0,0.0,0.0,0.0,0.0,0.0,0.0,0.0,0.0,0.0,0.0,0.0,0.0,0.0,0.0,0.0,0.0,0.0,0.0,0.0,F
Oklahoma,0.0,0.0,0.0,0.0,0.0,0.0,0.0,0.024542554061792697,0.04544292652446817,0.043294728866760473,0.0655361677725895,0.1183591123066577,0.11591759312924813,0.17020162346163917,0.21114340363166656,0.2116019818331957,0.27287408809934843,0.23698951500933596,0.27315063585885724,0.20022406025790768,0.270380207211734,0.1980664937514737,0.14711376798057166,0.11470574465096682,0.0937378540890281,0.07728150926241618,0.0601044893430117,0.06177217506691986,0.09191176470588235,0.0678952473326867,0.06746825377701743,0.06368646662584201,0.06917850525015441,0.05464073715321759,0.05410418921007883,0.0593183779119931,0.030195971857354228,0.032417012448132776,0.026114774433635825,0.044754171728150376,0.0336556113082854,0.026183341576237164,0.0320279516669093,0.021920210434020166,0.019680519565716533,0.0,0.025532186512622478,0.0,0.02098887589577524,0.0,0.0,0.013047335734043108,0.012584948401711553,0.01589464123524069,0.0,0.0,0.015091302379395342,0.0,0.0,0.0,0.0,0.0,0.0,0.0,0.0,0.0,0.0,0.0,0.0,0.0,0.0,0.0,0.0,0.0,0.0,0.0,0.0,0.0,0.0,0.0,0.0,0.0,0.0,0.0,0.0,0.0,0.0,0.0,0.0,F
Oregon,0.0,0.0,0.0,0.0,0.0,0.0,0.0,0.0,0.0,0.039038101186758274,0.06699918112111963,0.09670511846377013,0.10307285962764928,0.09163432514014662,0.13652841203333177,0.1474056603773585,0.18268898434799782,0.14394086753549892,0.1989043954610669,0.18554753390459483,0.15691773504273504,0.17333289727573012,0.14948633949301868,0.10439658772296127,0.06260807346013952,0.09263547938860583,0.07417022065640645,0.06546950991395435,0.047581284694686754,0.0500801282051282,0.0699510342760068,0.06640316205533597,0.06853114903893222,0.06983240223463687,0.0778320243401967,0.04787860931054803,0.052389327545560006,0.03818688662313362,0.04300066455572495,0.057747834456207896,0.02566264618543095,0.05250813876150804,0.026185844680532696,0.0,0.020197123929552432,0.0,0.01864071878611639,0.0,0.02680336382215968,0.0,0.0,0.0,0.014519688697874317,0.0,0.0,0.0,0.0,0.0,0.0,0.0,0.0,0.0,0.0,0.0,0.0,0.0,0.0,0.0,0.0,0.0,0.0,0.0,0.01672744304305644,0.0,0.0,0.0,0.0,0.0,0.0,0.0,0.0,0.0,0.0,0.0,0.0,0.0,0.0,0.0,0.0,F
Pennsylvania,0.0,0.0,0.0,0.0,0.0,0.0,0.0,0.008922928207606796,0.0036440758259297856,0.013359489808115538,0.02022639110616688,0.0368685393102105,0.038936184253943115,0.04778050900633811,0.0396693074543803,0.052656589137330956,0.062957012165131,0.05989569886921052,0.1015348074011622,0.09368051001641875,0.10006571479777764,0.08180367118914604,0.06817978774926765,0.06988698538810266,0.043419417717893885,0.0488162069807176,0.039436108970581564,0.04124772139603579,0.04719227605316708,0.03648790559421889,0.05689746264410637,0.052451654757687156,0.047911210758160024,0.047019461107481536,0.035914089451374344,0.05611527828544658,0.047331025487206864,0.044952108714945996,0.035498116794820886,0.05212037968163646,0.04077824665896411,0.0360891401762353,0.023818873560406597,0.020862408816885603,0.02073876074383022,0.010891805472354264,0.01682867606401308,0.015281665218929963,0.014073384883620926,0.011029527621088457,0.009896995120020098,0.01130054167263084,0.01043958092539428,0.011832831670573966,0.009052163089805,0.006082308844437349,0.006756706030735506,0.007558693253110402,0.005278716216216216,0.005973448023535385,0.005845389449072045,0.004360306674902802,0.0052322756661808125,0.0,0.0,0.004995961597708519,0.0,0.0,0.0,0.0,0.0,0.0,0.0,0.0,0.0,0.0,0.0,0.006399112656378316,0.0,0.0,0.0,0.0,0.0,0.0,0.0,0.0,0.0,0.0,0.0,F
Rhode Island,0.0,0.0,0.0,0.0,0.0,0.0,0.0,0.0,0.0,0.0,0.0,0.0,0.0,0.0,0.12278978388998035,0.08700191404210893,0.0690846286701209,0.04899559039686428,0.11211460604173154,0.12737145538647182,0.12681038510311687,0.09348914858096828,0.08099688473520249,0.09535160905840286,0.07700509418315366,0.051712250057458053,0.09246417013407304,0.0579609343302614,0.09741562088132485,0.04813188135491246,0.06516587677725119,0.04739898092191018,0.09511919624279175,0.061709348966368406,0.06921286100799094,0.06268806419257773,0.07835967088938227,0.11118059898547704,0.07136739937196689,0.05281026027913995,0.044879946144064625,0.07377895824110964,0.048582995951417005,0.0,0.06986725222078052,0.0,0.0,0.0,0.0,0.0,0.0,0.0,0.0,0.0,0.0,0.0,0.0,0.0,0.0,0.0,0.0,0.0,0.0,0.0,0.0,0.0,0.0,0.0,0.0,0.0,0.0,0.0,0.0,0.0,0.0,0.0,0.0,0.0,0.0,0.0,0.0,0.0,0.0,0.0,0.0,0.0,0.0,0.0,0.0,F
South Carolina,0.0,0.0,0.0,0.0,0.0,0.0,0.0,0.0,0.0,0.02516778523489933,0.026847799822804524,0.03876970793486689,0.052552552552552555,0.08370730346222707,0.1045327165161692,0.08064701951657872,0.08488964346349745,0.07195462625920596,0.11649224658162097,0.08821280849979417,0.10013094046060234,0.06968776011924349,0.06184407796101949,0.054705592735097286,0.05852659302070379,0.06218132073125233,0.045713867758923346,0.0343183296004624,0.031084293289449626,0.04439297432928006,0.05653682691932779,0.0218375287858334,0.04367939325351917,0.026626249385548088,0.02497034771209189,0.04475894113133552,0.0414622348144565,0.03379112258936545,0.01739951778479282,0.030232030836671454,0.012565339766787293,0.02946448302109166,0.01725965924501319,0.016014092401313153,0.0,0.0,0.02138253352475792,0.0,0.0,0.0,0.014655450361989624,0.0,0.0,0.0,0.0,0.0,0.0,0.0,0.0,0.0,0.0,0.0,0.0,0.0,0.0,0.0,0.0,0.0,0.0,0.0,0.0,0.0,0.0,0.0,0.0,0.0,0.0,0.0,0.0,0.0,0.0,0.0,0.0,0.0,0.0,0.0,0.0,0.0,0.0,F
South Dakota,0.0,0.0,0.0,0.0,0.0,0.0,0.0,0.0,0.0,0.0,0.0,0.0,0.0,0.08464712728811767,0.16145307769929365,0.06176652254478073,0.12630249447426586,0.1217603061401983,0.14399393709738537,0.19155676711117658,0.16094045203274787,0.10914796370830207,0.1055478593574774,0.10516629420270804,0.08075913587724612,0.03385469564628614,0.0,0.03351431061063074,0.0,0.0356938892061679,0.11005640390700233,0.10676156583629894,0.04296455424274973,0.05161861219674065,0.053167248974631626,0.09723685276719876,0.10330578512396695,0.08320332813312532,0.08136696501220504,0.10547287003398571,0.07072969468348461,0.0,0.0,0.0,0.0,0.0,0.0,0.0,0.0,0.0,0.0,0.0,0.0,0.0,0.0,0.0,0.0,0.0,0.0,0.0,0.0,0.0,0.0,0.0,0.0,0.0,0.0,0.0,0.0,0.0,0.0,0.0,0.0,0.0,0.0,0.0,0.0,0.0,0.0,0.0,0.0,0.0,0.0,0.0,0.0,0.0,0.0,0.0,0.0,F
Tennessee,0.0,0.0,0.0,0.0,0.0,0.0,0.0,0.014878738282993602,0.025314853490285425,0.028544049585091852,0.04656624554583738,0.08399585880882152,0.10692821061170311,0.13400910574692895,0.17500000000000002,0.13884365518778174,0.16336967716731188,0.15704116826887798,0.1825769431403234,0.20035095961201,0.1656481855259678,0.1193149915777653,0.13302249040043884,0.09077578381397947,0.07550588945937783,0.050472850919137176,0.05920503781049006,0.04447079750963534,0.03825397909693285,0.037843747371961986,0.053609469125178104,0.03276633330484087,0.05869720830350752,0.03200838037595298,0.043172107840948,0.050099462167538494,0.043402777777777776,0.04392485471009596,0.04135791831811132,0.026311635004999213,0.013487086115044844,0.026113069591330463,0.018423609017519178,0.009101831288455238,0.009394258229370208,0.009420808682217282,0.015729453401494297,0.0,0.009305441822377726,0.009294716882923746,0.0,0.0,0.010898786601758338,0.0,0.0,0.0,0.0,0.0,0.0,0.0,0.0,0.0,0.0,0.0,0.0,0.0,0.0,0.0,0.0,0.0,0.0,0.0,0.0,0.0,0.0,0.0,0.0,0.0,0.0,0.0,0.0,0.0,0.0,0.0,0.0,0.0,0.0,0.0,0.0,F
Texas,0.0,0.005359918529238355,0.0,0.008799331250824938,0.013729820024942507,0.008523332623055616,0.01506688621272291,0.026414845142970347,0.021531306519679615,0.0700236844815158,0.10528054167870855,0.1462273347631117,0.1574000782451256,0.16774215634253634,0.1522491349480969,0.1690085337941279,0.18132010455341094,0.1767406584774571,0.21950742289725342,0.18001579730466144,0.1709421931469334,0.1309806817919542,0.12721539632488854,0.1060576418134827,0.09104704097116845,0.05620860724846648,0.06872919714479278,0.05516354792752949,0.06153082980763268,0.06417636252296387,0.057948430766234085,0.06957476102049516,0.051660146454007426,0.05389776550945981,0.044260229320058735,0.058936675221414374,0.04709658288126428,0.036214389183969097,0.03681329623840532,0.03329330210104517,0.02904524914679581,0.026875073906453245,0.018967208406266766,0.02222963209958875,0.010163756045940178,0.01064087633528219,0.01885747286291796,0.012847465545433309,0.012897943619162978,0.017962702896894084,0.011691209735219515,0.020193007584117965,0.015411114132898196,0.011194110175876694,0.014734816638208246,0.012465665688040268,0.010086322106696476,0.006387300343636758,0.00827576594391644,0.00611233600384204,0.006423350162510759,0.004180846705074712,0.010538918116821798,0.004679178506406221,0.008159654374218927,0.005634266743523844,0.00825523447038326,0.005154417765559898,0.004307875226701933,0.006393371352581644,0.005042546485975418,0.004906390164323184,0.0045448160175843065,0.0032871759050006164,0.005324181202363936,0.002045157068062827,0.004104466891317821,0.0072459100863068405,0.002407839926801666,0.005323178346948385,0.0033794915554954757,0.005326539036872966,0.0,0.0027486245424685396,0.0,0.002227548538282649,0.002664606037997282,0.002532158411830244,0.002602770388801841,F
Utah,0.0,0.0,0.0,0.0,0.0,0.0,0.0,0.0,0.0,0.0,0.19537609899055683,0.32147671886342427,0.2887583391416907,0.45971247074557003,0.2869757174392936,0.28836411815135216,0.33500837520938026,0.2700643999723011,0.4870412245607932,0.39215686274509803,0.34414055424741896,0.2211992586835655,0.23452413416962095,0.1520075479610022,0.09719664415797014,0.1323491982692797,0.11527088658347115,0.12228526707102327,0.09683823173388853,0.10590549195622573,0.10569760418763842,0.08297945038316981,0.10303714243658309,0.10362694300518134,0.11976047904191617,0.11444141689373297,0.08254230293025176,0.06928806513078123,0.05727704908643107,0.056915196357427436,0.037946549574456555,0.04340487099107789,0.03822082079212651,0.0243842965130456,0.0,0.0,0.0,0.0,0.0,0.0,0.0,0.015554034716605488,0.0,0.0,0.0,0.0,0.0,0.0,0.0,0.0,0.0,0.0,0.0,0.0,0.0,0.0,0.0,0.0,0.0,0.0,0.0,0.0,0.0,0.0,0.0,0.0,0.0,0.0,0.0,0.0,0.0,0.0,0.0,0.0,0.0,0.0,0.0,0.0,0.0,F
Vermont,0.0,0.0,0.0,0.0,0.0,0.0,0.0,0.0,0.0,0.0,0.0,0.0,0.0,0.11282437006393381,0.0,0.13712047012732614,0.17381228273464658,0.0,0.2117242291914781,0.1781798245614035,0.10847457627118644,0.22265516281658781,0.12249897917517355,0.10762814475985472,0.0,0.08019246190858059,0.06591957811470006,0.12264922322158626,0.06649820454847719,0.0,0.07948072592396344,0.0,0.09513454743136722,0.11196641007697691,0.07246376811594203,0.1028353165858675,0.0,0.0,0.0,0.0,0.0,0.07833307222309259,0.0,0.0,0.0,0.0,0.0,0.0,0.0,0.0,0.0,0.0,0.0,0.0,0.0,0.0,0.0,0.0,0.0,0.0,0.0,0.0,0.0,0.0,0.0,0.0,0.0,0.0,0.0,0.0,0.0,0.0,0.0,0.0,0.0,0.0,0.0,0.0,0.0,0.0,0.0,0.0,0.0,0.0,0.0,0.0,0.0,0.0,0.0,F
Virginia,0.0,0.0,0.0,0.0,0.0,0.0,0.0,0.0,0.0,0.0,0.023207240659085637,0.026433464766394257,0.029231829286116968,0.05507719987515834,0.08113017866276302,0.10557355564454476,0.0720900571175068,0.06192354072287586,0.1061976976339153,0.10879633032918241,0.08960441852608075,0.08720070942950045,0.08053653998361499,0.07181710577063743,0.042872732941848984,0.04282169800627212,0.03793386862236833,0.026113231947674054,0.0349283967865875,0.03052891342508968,0.02559737882840797,0.05858764712009165,0.039686095784312474,0.0409862311879603,0.02704826182717449,0.049190938511326866,0.026854364540931708,0.023903073038827553,0.022895170645338542,0.033737156877779485,0.03806913354652048,0.023574133282256046,0.0,0.018846588767433094,0.01633986928104575,0.012817461044073756,0.013193109427419051,0.009467545254866318,0.0,0.01093095281472035,0.012337410553773484,0.010294067185945168,0.008449371366770313,0.01647826516824309,0.013240867938893395,0.008109642364771713,0.0,0.0,0.0,0.00727452606462689,0.0,0.0,0.0,0.0,0.0,0.0,0.0,0.0,0.008103859057683268,0.0,0.0,0.0,0.0,0.0,0.0,0.0,0.0,0.0,0.0,0.0,0.0,0.0,0.0,0.0,0.0,0.0,0.0,0.0,0.0,F
Washington,0.0,0.0,0.0,0.0,0.0,0.0,0.0,0.0,0.0,0.032383419689119175,0.07907344527652449,0.0693721817551162,0.10220527536459767,0.13092269326683292,0.18001309186122627,0.17075484482992276,0.1833935785668722,0.18850355431400603,0.2547973564774265,0.19141316428600832,0.18826673144661726,0.14027241309209187,0.13899492962158141,0.11969872751045063,0.09386215146774639,0.08043470489400494,0.07768603999927734,0.07802801915233197,0.07454739084132055,0.07974192612997934,0.09117765053430103,0.08114039131797812,0.08195652578836589,0.07862518252274514,0.06016002566827761,0.09663495608478107,0.049103280566792154,0.07385524372230429,0.045156920298035676,0.026220338242363327,0.02330804763317371,0.01882018360134669,0.022973190286935147,0.0,0.018850649000915605,0.012772370807469282,0.0,0.021765417170495766,0.0,0.013163090693694878,0.0,0.01133165876598236,0.0110842216105374,0.013015023055183697,0.00928005345310789,0.0,0.0,0.0,0.0,0.0,0.0,0.00844637397165397,0.0,0.0,0.0,0.0,0.0,0.0,0.0,0.0,0.0,0.0,0.0,0.0,0.0,0.0,0.0,0.0,0.0,0.0,0.0,0.0,0.0,0.0,0.0,0.0,0.0,0.0,0.0,F
West Virginia,0.0,0.0,0.0,0.0,0.0,0.0,0.0,0.01502765087761481,0.0,0.031379261161032665,0.022991148407862972,0.04794675090252708,0.06541470195426423,0.06725993377483444,0.06480531403575093,0.04584789959309989,0.06549178375803763,0.04466909603855648,0.10128361479154178,0.09961884961884962,0.06704442233660626,0.08916629514043692,0.051086135667007246,0.05480202767502398,0.0266015332156417,0.03372031408063972,0.015278060704827868,0.012689389132807146,0.017844396859386154,0.020738282870178346,0.021995545901954853,0.031893302406494635,0.020703321404276713,0.024878716258241073,0.022902012105349256,0.03899395593682979,0.01822489520685256,0.019515241403536162,0.020144232706176223,0.020176748315241515,0.020538941833716726,0.0,0.0,0.0,0.0,0.0,0.0,0.0,0.0,0.0,0.0,0.0,0.0,0.0,0.0,0.0,0.0,0.0,0.0,0.0,0.0,0.0,0.0,0.0,0.0,0.0,0.0,0.0,0.0,0.0,0.0,0.0,0.0,0.0,0.0,0.0,0.0,0.0,0.0,0.0,0.0,0.0,0.0,0.0,0.0,0.0,0.0,0.0,0.0,F
Wisconsin,0.0,0.0,0.0,0.0,0.0,0.0,0.0,0.0,0.01120473287916816,0.0,0.015256195104940829,0.02766899369998297,0.01824447597810663,0.028912179255511386,0.045057222672794446,0.05293005671077504,0.04914469331821189,0.052544546957825275,0.13777298830975732,0.11214219630491463,0.10393873085339168,0.1286068052154164,0.08022105356983689,0.08549695102784938,0.06330235737978883,0.04139677592168704,0.04962959376361788,0.031174686154842268,0.03836361734035504,0.04575155731262391,0.04702859568025143,0.052336363532932084,0.05672215405274003,0.040968297767227775,0.03743869413834845,0.06565227465822199,0.05392848253546835,0.047158352029952694,0.04402945418659379,0.04829713644720032,0.05485549495329446,0.022693232877955796,0.03133607111638877,0.022133279229761882,0.02268002268002268,0.01464611328768628,0.01465335653448118,0.01827585576694629,0.013932185089078909,0.008719916288803628,0.0,0.0,0.008062305496879887,0.009664325752206687,0.0,0.0,0.0,0.0,0.0,0.0,0.0,0.0,0.0,0.0,0.0,0.0,0.0,0.0,0.0,0.0,0.0,0.0,0.0,0.0,0.0,0.0,0.0,0.0,0.0,0.0,0.0,0.0,0.0,0.0,0.0,0.0,0.0,0.0,0.0,F
Wyoming,0.0,0.0,0.0,0.0,0.0,0.0,0.0,0.0,0.0,0.0,0.0,0.0,0.0,0.15970188980569602,0.14936519790888725,0.0,0.15982951518380392,0.2294630564479119,0.11378721790252229,0.26046511627906976,0.14574603752960466,0.19632339817954667,0.09909165978530139,0.0,0.14940983116689077,0.0,0.0,0.0,0.0,0.0855431993156544,0.0,0.0,0.0,0.0,0.0,0.09924573243350536,0.0,0.0,0.0,0.0,0.0,0.0,0.0,0.0,0.0,0.0,0.0,0.0,0.0,0.0,0.0,0.0,0.0,0.0,0.0,0.0,0.0,0.0,0.0,0.0,0.0,0.0,0.0,0.0,0.0,0.0,0.0,0.0,0.0,0.0,0.0,0.0,0.0,0.0,0.0,0.0,0.0,0.0,0.0,0.0,0.0,0.0,0.0,0.0,0.0,0.0,0.0,0.0,0.0,F
