state,1935,1941,1942,1943,1944,1945,1946,1947,1948,1949,1950,1951,1952,1953,1954,1955,1956,1957,1958,1959,1960,1961,1962,1963,1964,1965,1966,1967,1968,1969,1970,1971,1972,1973,1974,1975,1976,1977,1978,1979,1980,1981,1982,1983,1984,1985,1986,1987,1988,1989,1990,1991,1992,1993,1994,1995,1996,1997,1998,1999,2000,2001,2002,2003,2004,2005,2006,2007,2008,2009,2010,2011,2012,2013,2014,2015,2016,2017,2018,2019,gender
Alabama,0.0,0.0,0.0,0.0,0.0,0.0,0.0,0.0,0.0,0.0,0.0072691323563619445,0.01157173026296757,0.011453605738256475,0.0,0.010031096398836392,0.017359353074775413,0.026948443372810438,0.03714444904781634,0.03963884606914776,0.03394082490961411,0.06474830976796013,0.05793477763717583,0.04541895066562255,0.06840725116862387,0.06182581390430015,0.07400620242458415,0.09019674164270816,0.06431118819792256,0.06779390652416654,0.05330174711282203,0.04570209848802224,0.05103342689461597,0.05604172953399147,0.052053864433631324,0.04602144599383313,0.0647373342604359,0.09257905764264483,0.06902105142068331,0.0670000717857912,0.06387735547748323,0.07391976345675694,0.07122670771775842,0.05145235979231957,0.03311023342714566,0.06426429285476269,0.04496934983787366,0.053001830972342685,0.05750569066730562,0.03319738214929337,0.02960533807018742,0.0206152507043544,0.04245383145828911,0.029101491451436888,0.03184947448367102,0.022711214292924196,0.03862196817549823,0.025926213994970315,0.023419813161934998,0.03638821021988876,0.0,0.03162055335968379,0.04147427212652418,0.060287658255102926,0.028787747934479087,0.02924746278260361,0.02913668016666181,0.02805757414213967,0.04505519261094841,0.02306738560018454,0.045864546705396726,0.042453138266605704,0.053812262469310194,0.06293046183966716,0.06320668586277126,0.09374023539214665,0.08794146616012383,0.08244023083264633,0.07838453211899518,0.1346747999683118,0.09296309769209005,F
Alaska,0.0,0.0,0.0,0.0,0.0,0.0,0.0,0.0,0.0,0.0,0.0,0.0,0.0,0.0,0.0,0.14184397163120568,0.08574858514834506,0.13091147111765666,0.10741138560687433,0.11109053878911312,0.10443864229765012,0.13966480446927373,0.1038241910365115,0.10233668770254137,0.125,0.0,0.1016880211511084,0.1266357112705783,0.0,0.0,0.0,0.0,0.0,0.0,0.15408320493066258,0.1634320735444331,0.0,0.09160864785635764,0.10471204188481677,0.0,0.140361821584529,0.0731957253696384,0.0,0.0,0.0,0.0,0.0,0.06398771435884311,0.0,0.06496881496881497,0.0,0.06682705159048383,0.0,0.0739863865048831,0.0,0.0,0.0,0.0,0.0,0.0,0.0,0.0,0.0,0.0,0.09689922480620156,0.0,0.0,0.09493070058857034,0.1695234507440196,0.0,0.0,0.15866719555731854,0.14586372160866848,0.2411575562700965,0.14279885760913913,0.167259042441982,0.15432098765432098,0.12306177701206006,0.0,0.1926252063841497,F
Arizona,0.0,0.0,0.0,0.0,0.0,0.0,0.04197271773347324,0.0,0.029084986330056427,0.03385813441679363,0.03295073864572464,0.0,0.03278995690462807,0.022311468094600623,0.05119672340970178,0.029007127465605836,0.08196721311475409,0.04045753797491633,0.04716467728476581,0.042091970956540034,0.07667944657442907,0.07995735607675906,0.059683676514473295,0.04415160983562016,0.038364955357142856,0.0411522633744856,0.05922533264895171,0.04730368968779565,0.06288813772502162,0.07058736114723038,0.04395753026306891,0.036825014227846405,0.04826088455306973,0.04752851711026616,0.04895082074209444,0.06342424141269151,0.029579964504042593,0.03473757342259837,0.07063882063882064,0.05343532918975167,0.034039433374355214,0.0554379598830763,0.052289534623141856,0.06643210392933592,0.04038772213247173,0.046639719273308754,0.045835515976951284,0.03349382457609378,0.014299137966254033,0.03831803972975698,0.033801920744437594,0.024330900243309004,0.03805937262128921,0.022403714943277867,0.021951706246258234,0.017763742228362776,0.023100912486043196,0.019317698875709926,0.024812948541762102,0.02961591855622397,0.03575003575003575,0.047212638460141634,0.04441049508819924,0.043440486533449174,0.046182266009852216,0.055467778263354285,0.04288505217681348,0.06784808490703197,0.052837006357484964,0.07484889878557663,0.08230122247425577,0.10954260794080566,0.10555509562049839,0.14681515971392017,0.1293337227251867,0.14601047839903805,0.14406986280116144,0.1395227847801925,0.1381760757994473,0.19184403598371919,F
Arkansas,0.0,0.0,0.0,0.0,0.0,0.0,0.0,0.0,0.0,0.0,0.0,0.012620207476210909,0.015668660068419816,0.013283034907815737,0.039849104723447215,0.044278400442784006,0.06864171769034348,0.041246184727912666,0.042765502494654314,0.049035161094926304,0.08145928490384895,0.05531134464789963,0.06652012956964369,0.09970089730807577,0.059423002644323625,0.07774472687939427,0.08363636363636363,0.09465036156438118,0.05022213637241646,0.06387375540108961,0.0658448256941142,0.09096532401848414,0.07350665428659857,0.06313380420628971,0.077396385588793,0.06767246526810239,0.11651733697617421,0.09662209167504057,0.12015379685998077,0.07583801001061732,0.08079324274697025,0.07385237299335329,0.04607764082478977,0.0463893613731251,0.050477595713287256,0.050508975056336926,0.02387489554733198,0.05566157760814249,0.04013002126891128,0.046942847083675625,0.019630167641631658,0.03261312678353037,0.02115506663845991,0.03423045654871422,0.03528737153191302,0.044072278536800354,0.02592800656842833,0.0435976806033919,0.03500021875136719,0.03107796128573966,0.0,0.058046079657081626,0.0404458026244832,0.0,0.04031896783442344,0.03607666290868095,0.026581605528973953,0.040471265401564885,0.07989472694802144,0.07381163271331562,0.05779739386296763,0.09544008483563096,0.0879991200087999,0.06730229949523275,0.09426115885777656,0.13086770981507823,0.17230111104509535,0.10695187165775401,0.1641281512605042,0.14488753967158824,F
California,0.009149130832570906,0.0056725251245591975,0.019840664204389364,0.019701488481422856,0.0237002705780891,0.02904443799012489,0.04399215561562517,0.04683138826967387,0.041772482377233994,0.04600799330792825,0.04787882973091177,0.04844290657439446,0.0599417366319937,0.055375815939890695,0.06944546510089802,0.07919879617829809,0.08495599279573181,0.0808381086490257,0.07034578420687605,0.06797458397936162,0.08674384885902088,0.08607557311469724,0.06901462110660729,0.0757986936422676,0.06077325213263206,0.06935793407629372,0.055348982430246094,0.05215552348427475,0.045754320744937536,0.03799405220382773,0.03251074378486016,0.035742772435173896,0.03422996833727929,0.042253881808636866,0.046004772995198256,0.046976740386107954,0.04918277894504907,0.05005764213336569,0.0499470930791828,0.05516894616837702,0.04986189567054408,0.05200159137400108,0.04556574923547401,0.052153046582015944,0.055290052202043964,0.044410714787643704,0.04337807445556372,0.04312754572318505,0.037195791561869,0.03638513667166962,0.04060062000062808,0.03355088513129051,0.04187788778114292,0.03436715173217655,0.03952038655412056,0.03719741824264004,0.03331914184699109,0.04311469332271485,0.04122103386809269,0.032790036351712716,0.04157192081804612,0.06419767176443734,0.07603541077701902,0.06576199239080123,0.06459124788591146,0.0732118643102132,0.0845522955948254,0.09149598781568957,0.08480707872231909,0.12355056590571704,0.12711363367624454,0.12786867686045578,0.14387761978569985,0.1384087810386856,0.1543819949016454,0.15709701621339833,0.1764616728133548,0.15980059332660487,0.17129627745928155,0.18029076681115502,F
Colorado,0.0,0.0,0.0,0.03361828834886178,0.0,0.0,0.01957943376277558,0.048836641434401924,0.0379729356531345,0.04509661081624866,0.04365639062395057,0.060189438337504356,0.045469702021886084,0.05962318149296446,0.07211885186787827,0.08710556632667397,0.11080781600497285,0.08913378170326554,0.04612420978375885,0.08819520538792527,0.0785751702462022,0.10032670491086357,0.08706664555960107,0.08391305524727283,0.08820349399647187,0.05365653505034246,0.1110027246123314,0.07227569893886134,0.06106183314050649,0.07420691361078474,0.05578063531207798,0.039693444474977864,0.044830125844567546,0.07024714221853248,0.06025051530045981,0.05644225643598507,0.061692217526759005,0.06149161078738544,0.034406629010522695,0.05066126279863481,0.04298030490733952,0.02901073397156948,0.03211819495744339,0.027493298508488556,0.03474393718296157,0.039086749591888355,0.02529026324864927,0.021424490573224146,0.02418906170629641,0.0268194562964769,0.02439381372883837,0.03191593832858686,0.01960399921584003,0.022617043198552508,0.02291825821237586,0.020458265139116204,0.027760252365930597,0.030317576615042568,0.0170694237850228,0.03092072402064553,0.04140882007867676,0.056840142782438666,0.06266505527953091,0.03129680549035387,0.03700363098129004,0.03937555009959698,0.048701298701298704,0.033396946564885496,0.04659603688444183,0.059168553200246964,0.06246944429355207,0.05584720205517703,0.06822251911651837,0.0835999884689671,0.10389010735311092,0.08382714265067207,0.1380647435520827,0.09687197275085153,0.08843470570895155,0.10028078620136383,F
Connecticut,0.0,0.0,0.0,0.0,0.0,0.0,0.022561904224716565,0.012730420613097057,0.0,0.0,0.014216661927779357,0.01587763634920215,0.014702639123722707,0.026156223992390915,0.018149643813240166,0.019707022268935163,0.03221234377013272,0.020094847681054576,0.022525751029017264,0.02031818274173558,0.03643355935634045,0.028503949833048294,0.018851720743176724,0.028896961690885074,0.014465798718743542,0.015169574168382273,0.024989776909446135,0.02383676582761251,0.014614541468761417,0.012059234962134001,0.01919938561966017,0.03784602076124567,0.024953991078948187,0.016736961906674702,0.017056114617090227,0.03134905430352851,0.028394974089586144,0.04872615898649589,0.030933150025777626,0.032868787799105965,0.01620798080975072,0.02842165098212594,0.01860176716788095,0.02732572261355356,0.02062280882656218,0.017073587160662457,0.01958863858961802,0.018691089690528958,0.02091886096802029,0.012887262230011857,0.02815531495559139,0.02397442727757059,0.027644928537859728,0.022690529540233147,0.0,0.023999520009599807,0.027420632502589724,0.0,0.025650891368475055,0.019636720667648502,0.0,0.040565208572780745,0.024192990944909103,0.027445195375484583,0.03212908753391404,0.03322872438619162,0.041636700859230096,0.023067163892199455,0.024531850519257502,0.03450804468791787,0.03156850365292685,0.04618510992056161,0.04231908590774439,0.057034220532319393,0.06088137498243807,0.06729475100942127,0.05875440658049354,0.10712099571516018,0.11617468448011829,0.12683357229513623,F
Delaware,0.0,0.0,0.0,0.0,0.0,0.0,0.0,0.0,0.0,0.0,0.0,0.0,0.0,0.0,0.07399186089530152,0.0,0.0,0.0,0.0721947194719472,0.0,0.07333682556312204,0.0,0.06487187804086927,0.0,0.0653950953678474,0.0,0.0,0.0,0.0645244547683572,0.07633587786259542,0.0612369871402327,0.0,0.0,0.0,0.0,0.0,0.0,0.0,0.0,0.0,0.0,0.0,0.0,0.0,0.0,0.0,0.07115411982353778,0.0,0.0,0.0,0.0,0.0,0.0,0.0,0.0,0.07198387561186294,0.0,0.0,0.0,0.0,0.0,0.0,0.0,0.0,0.0,0.0,0.0,0.0,0.0,0.11719403984597354,0.0,0.0869414014953921,0.0,0.17094017094017094,0.0,0.13160368490317728,0.13394565633371602,0.1425952332450601,0.13183915622940012,0.18700327255726976,F
Florida,0.0,0.0,0.0,0.0,0.011626825411589619,0.016177116313466293,0.01923323503013207,0.026650929927090672,0.038620476576680954,0.030405533807152902,0.027199042593700703,0.04659056873772838,0.03277869696875098,0.04611083892907577,0.05708848715509039,0.07367387033398821,0.08210376011423132,0.08306953144294021,0.07401521665777759,0.07700746866956411,0.10645774764345957,0.08280202036929701,0.07804919208539003,0.0931168455865826,0.07280392923892728,0.07658478283572565,0.08546597009894792,0.07070118207414942,0.06596950742767788,0.05105178275145903,0.061120024448009784,0.04501240585819994,0.038925192856637335,0.061954105370570584,0.05254484224605317,0.05057081810940997,0.06290519288786187,0.07208748243631255,0.060973422761020045,0.06929464754730477,0.06215040397762585,0.0387649487333553,0.053495171599597865,0.03837024610497386,0.036641273412069464,0.0309196982888388,0.03269433191923703,0.02842720714214372,0.035917170606560384,0.029952007132757048,0.03553538846329946,0.03263638105103337,0.028404745777525293,0.028643614677281944,0.020207160819063586,0.024327940639824838,0.02776749352091818,0.027760427510583663,0.028519454893013503,0.027183410352996,0.02816879962847637,0.047499387104682524,0.047103883367696,0.04836978702178152,0.04391743522178305,0.0428906869052552,0.03543234547954136,0.0463686234225751,0.04291748548711346,0.06843304430435798,0.058603887949366246,0.06718201222882704,0.09123066727487111,0.08178774376581442,0.09175779309880377,0.10913028990336554,0.11721154575888151,0.11760811234623827,0.12209128810830853,0.1615387505165483,F
Georgia,0.0,0.0,0.0,0.007548651056056282,0.0,0.011069468823631735,0.016437455481891402,0.011046468812136388,0.011442956860052637,0.015087317852068849,0.01274274937560528,0.014836611812415771,0.02745383577831624,0.04143482893334912,0.02745649861001476,0.05485588900825124,0.07183262997216486,0.0543201493804108,0.047775524948146075,0.05538795135288017,0.088228028280024,0.06996406930000355,0.07477897986998105,0.08574982789647217,0.09009441895106071,0.06300792099578233,0.08135924173186707,0.07901680518124479,0.04503363449576402,0.03829164558346895,0.06640970883900203,0.06364165684960257,0.08713245610148716,0.07141969941622159,0.08301669912832466,0.05449034499199673,0.060559919714849295,0.08344786962497547,0.09088655705197059,0.06328713372571357,0.06321493076459964,0.05907121868468086,0.05570443527746831,0.04041492657955005,0.06460517428714063,0.02689009029409267,0.029166261579700283,0.033592668735975065,0.04223084435294428,0.02410830975371458,0.042696403455897126,0.027356217025988408,0.038375524355225024,0.025592672413793104,0.02437076050312081,0.037853183723131,0.02847882396018389,0.03304954788218497,0.041782002402465136,0.02411228711388614,0.019827746452692238,0.024882740087338415,0.02750584499206081,0.03574598165861355,0.036837839829072426,0.022030475491096015,0.023656600783033485,0.031016259677669484,0.042511690714946614,0.04891915118661995,0.06321911746112024,0.04036385128803933,0.058826124681971265,0.0632130279040366,0.06987496840759407,0.07225759833807524,0.07550731477111845,0.09719432385148707,0.10868252626494385,0.13971984380037977,F
Hawaii,0.0,0.0,0.0,0.0,0.0,0.0,0.0,0.0,0.0,0.0,0.0,0.0,0.04285591840233136,0.0,0.041788549937317176,0.058168522519528004,0.05560851604702892,0.0,0.0,0.0406934158053227,0.10430875391157826,0.06295742504131581,0.06926806742091896,0.0967741935483871,0.07439861122592378,0.11483084533168447,0.09738046547862499,0.08973975471133712,0.07223942208462332,0.06721720760514692,0.0,0.0,0.051493305870236865,0.05241639584862145,0.06284696763381167,0.0,0.1333196595221003,0.05060216577269508,0.09173376821934563,0.0803777755450618,0.10437422905398995,0.0870995838575438,0.12918704438497738,0.1337852301105958,0.136986301369863,0.06622516556291391,0.05968961400716276,0.08762535293544932,0.06732063858434315,0.09536524890329964,0.0,0.09514747859181732,0.14879476242436268,0.11304079745144385,0.0,0.05806526535826269,0.07250755287009064,0.11922108888594515,0.06781500067815001,0.0,0.08555539711963497,0.09182736455463728,0.09045680687471733,0.145602795573675,0.07479431563201197,0.09607686148919135,0.12113870381586916,0.09669621273166801,0.07940289026520565,0.0,0.0,0.0,0.12039903680770554,0.10195412064570944,0.19234131841230984,0.10783608914450035,0.09338812103100486,0.0,0.2434705621956618,0.16401124648547327,F
Idaho,0.0,0.0,0.0,0.0,0.0,0.0,0.05729564553093965,0.04058112166220275,0.0,0.0,0.048192771084337345,0.039541320680110716,0.04677268475210477,0.10006927873142946,0.07628346937218705,0.0,0.07838833581563064,0.09317493594223154,0.10200078462142016,0.10808306955917549,0.11724245740190714,0.15998720102391809,0.049685326266975825,0.09998182148700237,0.11684518013631937,0.12623606143488322,0.08732671105774478,0.14380530973451328,0.08806693086745927,0.0,0.06807351940095302,0.049766099333134264,0.0,0.048985990006858035,0.1277139208173691,0.07799636016985874,0.07323622752054683,0.07503564192991671,0.10914647456887142,0.0,0.05489604062307006,0.0,0.07055669230226487,0.0,0.0,0.04833252779120348,0.060261707988980714,0.05415651232060655,0.0,0.054392167527875984,0.0,0.0,0.0,0.0,0.0,0.0,0.0,0.0,0.0,0.04181301220939957,0.0,0.049941734642916596,0.0,0.06420545746388442,0.0,0.046944683514591974,0.0,0.03789026977872083,0.03840245775729647,0.07563660811832927,0.06205673758865249,0.0,0.06667936749857116,0.05803830528148578,0.16187392877547135,0.1869158878504673,0.1206030150753769,0.07302315877321093,0.0,0.08865248226950355,F
Illinois,0.0,0.006783110055960657,0.025008642692695267,0.02520553632191918,0.019510133075366018,0.02413930878337884,0.034867274102825564,0.050797283805008496,0.03819403803386949,0.04244938956582047,0.047168976963850875,0.03683159034342667,0.04572150162474622,0.04887691706130251,0.05166223232505877,0.05729574323321925,0.07996011865686745,0.06069556157731993,0.046601979848322816,0.06314561571795602,0.0752657366087687,0.06507463863855968,0.06116831481292691,0.05046894057282248,0.06527275451024032,0.04409272069265656,0.050101395681736854,0.047446514837819184,0.03330442760371501,0.0443991420334807,0.031372170471547854,0.04276383993365125,0.03026307256652472,0.039070879171390925,0.045249909883654044,0.05166723217866066,0.045473113058490756,0.0350953173886097,0.03568066563420485,0.03910691395754727,0.037667673463124045,0.02847319604507307,0.02794156630390394,0.024190888098816112,0.02202190445429721,0.029981499221212276,0.019641616051732997,0.02221679145097865,0.028497939379767925,0.02261723857652755,0.022287692318407545,0.02280664243460908,0.030930568238725073,0.012697938452345384,0.021293099514821518,0.021063635583501713,0.022432122799849383,0.029523442433387736,0.029688517965676776,0.012547156396122092,0.015014013078873614,0.0313330962180106,0.028837331236072877,0.029739256693519466,0.03233077980044724,0.02954891730920172,0.030689966241037137,0.04071468474524916,0.04561410467445412,0.0517861026814844,0.05239431085108008,0.07137111848738543,0.07313845225103903,0.08396007757438154,0.08616619452313504,0.0940450210395592,0.0717080350740354,0.09070294784580499,0.10348298201097203,0.11888638073739653,F
Indiana,0.0,0.0,0.01903221201884189,0.011004559031598804,0.0081908131839329,0.013592727890578542,0.03507777822749288,0.04893594165880907,0.0618253310746479,0.04466818779954849,0.041012774272927946,0.060284004644101094,0.06715334791932934,0.06026949072280339,0.05419602284570809,0.09198189629041194,0.11633154490297347,0.08677474066185462,0.06214343928280359,0.08193447290529399,0.11599618136464888,0.08062432167037056,0.09315672816438415,0.08857008518036588,0.07165297911040071,0.06433933039437627,0.06608738220536042,0.060264410099310724,0.06179276252268953,0.05394487586405891,0.05489522172896081,0.04126289465457956,0.044180588154079804,0.050462088553756536,0.06276730845023136,0.06661732050333086,0.04844081138359067,0.035973293426959825,0.0482865587779111,0.04220240272346172,0.04971963649421318,0.046178711613945975,0.02022127856255597,0.027158742851969765,0.0319313931210656,0.02122080244948691,0.023365577830739753,0.02688214551147235,0.030314513073133764,0.008981229230907405,0.032423509992336265,0.02991593621922398,0.024920177556265088,0.028416715343447578,0.009718330390838853,0.01776715337898953,0.016372239231159644,0.019962736225712003,0.011620571732129222,0.02819470934571689,0.028025981733654257,0.03217230810911492,0.03330178427454692,0.03650015642924184,0.02986123309327244,0.023226728604609614,0.025059964916049116,0.045492593805728426,0.04153686396677051,0.03573271925993568,0.04802472229182327,0.07003841500944458,0.07623113279463332,0.06678242286630158,0.07809362309786247,0.09536135140657993,0.08449315840120168,0.1133591266418591,0.10819722809006131,0.14230097999731506,F
Iowa,0.0,0.0,0.01206534591346734,0.0,0.0,0.02081815342979078,0.01229432616847325,0.012589475198733859,0.04721167828073953,0.027645183287565194,0.04007504963841376,0.03448692083527322,0.03369810049128283,0.05448502569877046,0.06517016654598116,0.0697225400457666,0.10473094980137233,0.053781753643713806,0.07405487466212463,0.0741021887256231,0.0795645648360789,0.09713898205678048,0.08768251305706988,0.048136708251434075,0.06297493597548176,0.07294278550262139,0.07154781779155736,0.05179302520593893,0.035200643668912804,0.04755468789107474,0.029343440518400786,0.050454086781029264,0.0411292928699433,0.062262623746964695,0.03896181741892945,0.043635094251803584,0.037559228013405756,0.06443298969072164,0.016146393972012917,0.03836120914531226,0.027585515096800076,0.02063504346256029,0.021257373651485358,0.02469000329200044,0.028074903843454336,0.023291699420618976,0.02188047011752938,0.04169339320076972,0.025782332656547103,0.0190011717389239,0.0,0.02589080552768698,0.0,0.0,0.01757345705047097,0.0,0.021614611477358693,0.0,0.0,0.0,0.02243829468960359,0.031234138913832823,0.02372479240806643,0.03181293991330974,0.0,0.0,0.03587229463111324,0.0,0.030123074274894565,0.0,0.033355570380253496,0.035040296340791914,0.05088281687274207,0.08191266062560795,0.04573403120077239,0.09335131210455347,0.08065817067268914,0.07971757203052043,0.0655151876116736,0.08694572102844367,F
Kansas,0.0,0.0,0.0,0.0,0.0,0.0,0.015252737866447026,0.02182155424020076,0.022765430693491934,0.038938643822662294,0.05537558490461555,0.035907563671804865,0.048722258763916296,0.04493106628514674,0.05038360242757357,0.05549517885633686,0.10466439135381116,0.09519829107457974,0.09674922600619196,0.09931660715552508,0.08828506265787085,0.11098779134295228,0.06465294300196545,0.07173205319207636,0.05586099432569899,0.0491320013101867,0.07485830392471393,0.07406858751203614,0.06629834254143646,0.08088907645776183,0.041376456796083025,0.0443213296398892,0.0646725949878739,0.0543773790103317,0.08224022369340846,0.07934618741569467,0.04579453518546787,0.07399459839431721,0.08121977332299628,0.04469657899260787,0.06171636458130318,0.04450944236027214,0.048338758016177374,0.05461320997172963,0.05242807523428796,0.030176026823134954,0.027054447074737913,0.03855320342072059,0.020940946530783194,0.020843465573542694,0.042277339346110485,0.022145124381781945,0.04107082851062241,0.026938618433711755,0.03126343350658486,0.0,0.024490795542675213,0.0,0.023903430142225412,0.0,0.02354233696931649,0.02389391103500458,0.03980257920713262,0.06325610816794497,0.0,0.03675419610405521,0.024465829391616373,0.032548110175352946,0.05038629492777964,0.061031431187061336,0.06323110970597534,0.057284704983769336,0.0616610539297064,0.044716053063049634,0.08963697027040486,0.10128633647320977,0.06771185999270796,0.0613599598371172,0.040825848594424355,0.1038865802982156,F
Kentucky,0.0,0.0,0.0,0.0,0.0,0.0,0.0,0.010187597327938757,0.007547397657287768,0.01523414886810274,0.01074938574938575,0.018081002892960465,0.024452867098667317,0.027948574622694244,0.031334397708112624,0.049879834943091644,0.04717124684256977,0.0667921549577995,0.05736523046868943,0.06335275120911044,0.0727721440888453,0.08734613331607978,0.06260296540362438,0.08124989420586692,0.05980861244019139,0.06615756842582791,0.062458444986198694,0.07208023559939865,0.05626875625208403,0.05941283727028744,0.05452138016979515,0.06434755479291787,0.06624356262153556,0.054957133435919986,0.08168672038856387,0.060998191839313334,0.05154749887239846,0.06931843666537545,0.07123253231652385,0.06323046484590124,0.04645995354004646,0.03560433116216726,0.03800274464266864,0.04861878453038674,0.022922110667950305,0.02083188667453649,0.026186735228300718,0.01906941266209001,0.019429737212804197,0.011741499154612062,0.02105361654346402,0.014087483271113616,0.036149804791054126,0.027447849086735202,0.04036326942482341,0.02572347266881029,0.0,0.028447294920864796,0.023073373327180433,0.01562825588664305,0.01537633581917429,0.023802597127819947,0.03254502061184639,0.021770484665414862,0.030343153481187247,0.03050979086925168,0.024745669507836132,0.02204464039680353,0.031724058372267404,0.04820874386091777,0.04155346012466038,0.03622830418601588,0.06111016805296214,0.06219120339978579,0.08148226874977858,0.10039800638244469,0.10062611806797854,0.0820024210238588,0.07018123271271105,0.08615490652192642,F
Louisiana,0.0,0.0,0.0,0.0,0.0,0.010801002333016504,0.0,0.008244974687927708,0.0,0.016047500601781273,0.0,0.01812524544603208,0.007482005776108459,0.03289473684210526,0.020870145951887357,0.023729759910664436,0.04826254826254826,0.027733755942947705,0.032137118371719335,0.03620127911186195,0.038291121929872544,0.03631893613454769,0.04393610839463129,0.03958770142075862,0.03222640514450613,0.025480141414784854,0.04475385380407757,0.04247871816220074,0.02952926871634532,0.046871745017707106,0.02465092529008857,0.02937612455476811,0.01795367950687227,0.05048592704783542,0.05564711170087537,0.03374032601590013,0.020845493204369216,0.05658646997990205,0.052424130633167004,0.055089336540756935,0.04191041648476382,0.04482604048136271,0.028407192032618142,0.03760490914995812,0.04343067595504056,0.04216073781291173,0.031672100605496044,0.01977574307354599,0.03209822055489799,0.038477895461633486,0.04146194829695048,0.019014218409988803,0.03103111978012235,0.01618197790004161,0.024039039399985578,0.019743823885090946,0.025522574717337487,0.0,0.023067459503793315,0.02330398757120663,0.015834476934445264,0.047095326481425046,0.03130424884031987,0.028530670470756064,0.034744339568012046,0.03076355134436719,0.02094491487388169,0.02962348549930385,0.021779036122087054,0.04445432318292954,0.047504326286858266,0.07188334360238242,0.05876862446848965,0.03763900769888794,0.06449641875148511,0.08512666848270226,0.07394105841343615,0.07570309247132745,0.09283551967709384,0.16590802739609478,F
Maine,0.0,0.0,0.0,0.0,0.0,0.0,0.0,0.0,0.0,0.0,0.0,0.03947887879984208,0.038442528420012084,0.027091460771564803,0.06797385620915032,0.031590586005370395,0.0878462174452253,0.040342914775592535,0.07119609438567942,0.09085402786190189,0.08881871114181387,0.06398267546018309,0.07524831945419887,0.07420363597816293,0.06022117595532683,0.06459189665296534,0.03200614517987453,0.05324813631522897,0.042366897330885465,0.0,0.03419504855696895,0.047742463511117175,0.08947878607113563,0.0,0.05034401745259272,0.0,0.05905677887454653,0.07982120051085569,0.06481931615621456,0.06246096189881324,0.0,0.06949270326615706,0.0,0.0,0.03796218965909954,0.0,0.0,0.04642884779076066,0.0,0.0,0.0,0.0,0.0,0.0,0.0,0.0,0.0,0.0,0.0,0.0,0.0,0.0,0.0,0.0,0.0,0.0,0.0,0.0,0.0,0.0,0.1087399755335055,0.0,0.0,0.0,0.07664009809932557,0.07855459544383347,0.11011483404121442,0.15589814654425777,0.0,0.11290929619872037,F
Maryland,0.0,0.0,0.0,0.0,0.0,0.0,0.0,0.0,0.0,0.01121201928467317,0.03289401548211662,0.0100981540574383,0.017358432340688165,0.03764351590438547,0.03210444646583552,0.06165445321307779,0.03587413304178482,0.05295120215776149,0.0319859935017929,0.0397561622051418,0.07677543186180423,0.058307095140520106,0.046507622082507964,0.05719476499680382,0.06209095485819768,0.04611482591653217,0.04429924137549145,0.05208735241916814,0.05189206450582788,0.031691954205126174,0.03584943238398726,0.04909913756297498,0.033870421444815405,0.023888520238885203,0.038198139204933014,0.03938115330520394,0.045942686498593004,0.054629882545752524,0.05182477769897987,0.04380427220490093,0.039735757214523416,0.028839914441587157,0.03401206294499116,0.03359011107130061,0.03718610552104296,0.03575484793673495,0.035193044198323156,0.02814579521923564,0.02910417353848542,0.024136202447039602,0.019950667440510737,0.02225271668582873,0.03470013301717657,0.026334980957782996,0.039229450994156874,0.025378026858411756,0.021610874592094743,0.024673081667900318,0.035819024379323466,0.03621466241144383,0.017832464000713297,0.03196784947709732,0.02775721687638786,0.0477283574626696,0.051021591409819336,0.02088894046651967,0.045591319412783805,0.04825367647058824,0.03535317825072474,0.039348777728591806,0.03526093088857546,0.0487642122013192,0.07027406886858749,0.06652828782798446,0.07336949401252522,0.056412185031966905,0.06616856441785449,0.08746355685131195,0.07454008765914309,0.11651341478775665,F
Massachusetts,0.0,0.0,0.0,0.0,0.0,0.008677417022199726,0.014740398897871715,0.011256882048343192,0.01205809810907098,0.0067415730337078645,0.011265067027148813,0.008602890571231933,0.013412709057705603,0.020695578389677047,0.01600752353606195,0.014655307175238393,0.024130808285554334,0.021438225287784874,0.01969796454366382,0.019923909640325994,0.01892469862417441,0.017799428544662512,0.018530077241164077,0.013721723448465128,0.019077646019298546,0.01170250114365352,0.02015429230441939,0.015013107597787298,0.019243490288050995,0.01791429799837577,0.008321643405692004,0.01425830870534557,0.016197670480481804,0.014221828927200036,0.021343665856701912,0.013561390720618398,0.026226985819943,0.02214537587516822,0.02531004808909137,0.032972830387760485,0.030531897798489475,0.009466410021772743,0.021619618259311878,0.01998647069675912,0.025517862503752625,0.012945542418227323,0.021659085986571368,0.015439679977542285,0.012381004787321851,0.013213356060305756,0.01054463014709759,0.019619933852794442,0.01283916802191218,0.020832403315328183,0.01672317071316722,0.010914477274499105,0.015959653994701395,0.01962066710268149,0.011478608792614337,0.008349196807267142,0.010059518819683125,0.020517379930582863,0.01744104925352309,0.03747791480020703,0.016645705408004738,0.02707511410226657,0.027713991606619682,0.014179512629894465,0.031630221622419505,0.03970091973797393,0.04373043638372307,0.05526261254000783,0.04725674590047729,0.059780009564801534,0.057257371886630395,0.07072653220496061,0.06673917342297805,0.08215872037793011,0.07682119205298013,0.08966173074310556,F
Michigan,0.0,0.005385609651012494,0.008339433474485966,0.00915315051440706,0.005049433958453258,0.019435948320836362,0.018088535157534696,0.017672340666176553,0.02500478032565049,0.027239948100730462,0.024389564053963652,0.023276564379097645,0.023933992567865468,0.025786012929843626,0.03862495171881035,0.03844608940150342,0.05668091944155537,0.03977442994524205,0.03659353589262894,0.04554836775406188,0.0582997668009328,0.04183600286875448,0.03911499176692512,0.04473837774751994,0.04037783058521377,0.04693158495667584,0.05301289980561937,0.031231388271524236,0.038797573659431914,0.03352232149363805,0.0332124963784246,0.041056833301653675,0.022901928851341034,0.0259065043192396,0.03301994955285485,0.03228195438749739,0.03752922949604981,0.0384650609030131,0.034622883904003504,0.04748171074845245,0.03731764256641239,0.03012341741310723,0.029628565528510762,0.02894923611370513,0.025749967812540235,0.018979962582359483,0.013868599641265555,0.02460719623783311,0.024821651834963595,0.02800924305020657,0.014665792470409608,0.021520417496099425,0.01897641231948688,0.0205620287868403,0.01717345186382463,0.023931908517678395,0.01276555003563716,0.02263931262734613,0.014191210182739122,0.01779062656362929,0.014386896857016378,0.02865132483726047,0.03583116355731792,0.025237047986444102,0.026943614363395874,0.03677542894099446,0.02998188051568835,0.044463008124604214,0.03860286233075504,0.04071108698602253,0.037498242269893595,0.06637797515567216,0.08410973084886128,0.10323130366389198,0.09434422629601313,0.11426842998538037,0.1069039244085799,0.08878741755454084,0.11869324390519614,0.1473017895176862,F
Minnesota,0.0,0.0,0.0,0.0,0.0,0.0,0.012148770370884604,0.02169466311287423,0.015922552703649447,0.021791239921551537,0.012252461979078921,0.028607392150131594,0.03016721254956042,0.027324369022794278,0.035236081747709654,0.021028725238676032,0.05223008727922479,0.033380956831746626,0.023034606108235548,0.03785208969640014,0.05774353994146905,0.04016817074150443,0.034108738658844395,0.020147073637554143,0.03306778896738313,0.029334593634393183,0.03645073942928557,0.04156275976724855,0.009015994374019511,0.02667472836234951,0.017253575803585292,0.013263353354681017,0.037776238745828875,0.024235480743808935,0.029818956336528223,0.0376324977525036,0.018727371093262307,0.035138406278061925,0.01905052198430237,0.01990986262194791,0.015589004555453555,0.017221485525341418,0.02233907275664158,0.02516220636603821,0.014177610009392667,0.016001422348653215,0.012853942487788754,0.0,0.018537399202891835,0.032684485764090644,0.012766035051884814,0.016758216180988734,0.00967848086564333,0.0158193431017777,0.012100433598870627,0.016693097404223353,0.0,0.016786973308712438,0.016983695652173912,0.01699451926753622,0.025313251487153528,0.03455275774197728,0.03024999459821525,0.021352009224067985,0.017346806019341687,0.048320850446967864,0.03262642740619902,0.04267840697230396,0.03511811392316157,0.034312043527278076,0.08600469116497264,0.04191554018652415,0.062162162162162166,0.07346938775510203,0.09978103605975776,0.10403779102463166,0.0784746846480265,0.10448999661944128,0.1116463045073208,0.09310058187863675,F
Mississippi,0.0,0.0,0.0,0.0,0.0,0.0,0.0,0.0,0.0,0.0,0.0,0.0,0.01751006828926633,0.015491266798342436,0.017155601303825697,0.02714440825190011,0.019810218110501397,0.018139309900032246,0.02713364363089896,0.030522545987302623,0.046030882537557015,0.04646349447718009,0.057323623702256854,0.035284258810038376,0.04328412611627483,0.045424721142684095,0.04548738394027774,0.047227469718857655,0.07744600292573789,0.05284530233075597,0.03867189658029943,0.055629728526924785,0.04516983859311009,0.05070833201280385,0.07486979166666667,0.053917438921651226,0.07250630114283742,0.0796812749003984,0.08560178051703475,0.08031053406505154,0.0662523267186169,0.04572921770374,0.0422722986375313,0.06487963121051733,0.048426150121065374,0.046042146272357004,0.0621663131719447,0.030478512648582746,0.034262220191868434,0.0,0.05207171018373875,0.05387516354960363,0.032252862441541685,0.029039618336444722,0.029652221798619052,0.04373114094546727,0.04976699995475727,0.04993191103041308,0.026782127393652634,0.027301269509032174,0.0,0.033428844317096466,0.03398058252427184,0.03843936190659235,0.024237723593000145,0.029890898221491553,0.0,0.0371298616912652,0.04398826979472141,0.04710069081013188,0.07449429832101312,0.034466911764705885,0.06054734802615645,0.04816665663194653,0.05433470176285922,0.07912837056424615,0.07649646203863071,0.1258861723978003,0.12487859025946996,0.14007667354762607,F
Missouri,0.0,0.0,0.0,0.0,0.0,0.0,0.008358408559010364,0.01989604317441369,0.02236106543900033,0.019631452203957702,0.027182002925301263,0.015963063925931383,0.0416375815912904,0.040979654806672455,0.044509516837481694,0.04790783000899732,0.05709717939933768,0.06370658566829346,0.05859038428399104,0.06715075914502287,0.11925648170445033,0.07062882814037769,0.061467259644936184,0.0877742946708464,0.07417914915214534,0.061981433743256,0.08382476212885484,0.07664244765320825,0.05431156215570349,0.059316378735078217,0.03898128898128898,0.04666285335822019,0.0591968954517052,0.06656623340223522,0.06364715394010287,0.06846309137189502,0.05401826165748937,0.06769027571404986,0.06648715135800007,0.05675011034743679,0.05677807445600467,0.05350538988118656,0.053465844760347214,0.04144350930884978,0.05652819949609148,0.026690112098470813,0.029031789809841776,0.02923406743324888,0.02249212775528565,0.03135336813557196,0.02199528672427337,0.020785034774962026,0.0284062426895699,0.028941096356826693,0.03872285000176013,0.026758477977772623,0.021536252692031587,0.021732831063459867,0.025467510732736665,0.02050631967488162,0.02051090807383927,0.017350066508588283,0.019748795323485266,0.021694968739522317,0.04960514306123259,0.022012326903065718,0.03759547271360165,0.026190668063502297,0.031150060223449766,0.039524823785160625,0.05515973339462192,0.04478174790232865,0.06780153522047606,0.09386656127263296,0.10024811408235383,0.08201553169131404,0.09204712812960235,0.06984996228102038,0.13196775396620478,0.10983311468407725,F
Montana,0.0,0.0,0.0,0.0,0.0,0.0,0.0,0.058616647127784284,0.05929690808979246,0.0,0.08814102564102565,0.07120816520294326,0.06830601092896176,0.06769971415676246,0.05771589351417646,0.0923754707596106,0.1552466304424529,0.13793103448275862,0.07376263185070443,0.15341905318527177,0.08951883625512869,0.11201553282055113,0.09379396592152572,0.09168958906393265,0.14173088847550713,0.06908803789972365,0.12774111134766872,0.05584096493187402,0.06900517538815411,0.08270321361058601,0.0,0.0,0.08663366336633664,0.06273525721455457,0.0,0.0,0.05711022272986865,0.0,0.07434944237918216,0.0,0.04996003197442046,0.0,0.05806638923836253,0.05004003202562049,0.0,0.0,0.0,0.0,0.0,0.0,0.0,0.0,0.0,0.0,0.0725268349289237,0.0,0.0,0.0,0.0,0.0,0.0,0.0,0.0,0.0,0.0,0.0,0.0,0.0,0.1013856032443393,0.0,0.09154155986818016,0.09453582907922103,0.0,0.09613535858488752,0.0,0.1172103926548154,0.16393442622950818,0.0,0.13959981386691486,0.1277139208173691,F
Nebraska,0.0,0.0,0.0,0.0,0.0,0.0,0.0,0.02228495023027782,0.022814555686528005,0.018699977560026927,0.01846790278495974,0.04898359049718344,0.06234198039691061,0.043015377997634156,0.04208754208754208,0.0854350351992345,0.08624555835374478,0.07080147267063155,0.06085773609221737,0.058748315305664024,0.08643341169962661,0.08248556502612042,0.05597145455817533,0.072846476051721,0.06218905472636816,0.043110881186411446,0.06582659394395335,0.04525569467491326,0.0,0.029446407538280327,0.02370791844476055,0.038740920096852295,0.0,0.04370390603660202,0.03132832080200501,0.0634450671460294,0.0625,0.029612081729345572,0.04929265046581555,0.023672000757504027,0.04518344478583047,0.031678508394804725,0.0,0.028188865398167725,0.037682524729156855,0.0,0.04070418235473695,0.0,0.0,0.0,0.0,0.0,0.0,0.02928086202857812,0.0,0.0,0.0,0.03663674665689687,0.0,0.0,0.0,0.03123048094940662,0.04329539831766452,0.0,0.0,0.0,0.05685048322910744,0.0,0.04685094705842982,0.0,0.05893186003683241,0.06075795549479761,0.03848225967828831,0.06974581525108493,0.0842137498086051,0.08677131813520549,0.05628819556127373,0.07650459027541652,0.14370396982216635,0.1516300227445034,F
Nevada,0.0,0.0,0.0,0.0,0.0,0.0,0.0,0.0,0.0,0.0,0.0,0.0,0.0,0.0,0.0,0.0,0.10597710894446799,0.0,0.21226915729144555,0.12578616352201258,0.17671313567641864,0.08779631255487269,0.0,0.07651109410864575,0.11532362692806689,0.07576905591756326,0.08164598301763554,0.10123165176311794,0.0,0.09683666881859264,0.0,0.0,0.0,0.10517090271691498,0.0,0.08552856654122476,0.12568735271013354,0.0,0.0823045267489712,0.0,0.0,0.07146503318019398,0.058354405757634696,0.049955040463582776,0.0,0.0,0.0,0.042933195947106303,0.0,0.04450048208855596,0.06119951040391676,0.039077764751856196,0.0395335046451868,0.0,0.0,0.0,0.0,0.04672351360822334,0.0,0.0,0.04179509952458074,0.05732450883318568,0.04587623610969518,0.0652971018132503,0.048421460391245404,0.06036964799851398,0.052029136316337155,0.034594594594594595,0.05064923105258311,0.11714174150722373,0.12385179069047372,0.09696708506168183,0.12665895699102372,0.11584928559607215,0.1641317430791115,0.20346439373109707,0.1698850444532533,0.21074815595363539,0.12233164107896506,0.2324980625161457,F
New Hampshire,0.0,0.0,0.0,0.0,0.0,0.0,0.052781589781484214,0.0,0.0,0.0,0.0,0.0,0.0,0.0,0.047218811974690716,0.056269342586514115,0.08148483476686283,0.0,0.0,0.07065265389031175,0.08780402142418123,0.051826898160145116,0.11359664452988466,0.044072278536800354,0.04479483963447411,0.1042456406368461,0.05979073243647235,0.07938082952966859,0.050751116524563544,0.0,0.07492039707810451,0.0,0.0,0.0,0.0,0.0,0.0,0.060944641950228536,0.0,0.0,0.0,0.0,0.0,0.0,0.0,0.0,0.0,0.0,0.0,0.0,0.0,0.0,0.04915212582944212,0.0,0.0,0.0,0.046689700252124385,0.0,0.0,0.0,0.0,0.05015548199418196,0.0,0.08307372793354102,0.0,0.0,0.0,0.0,0.0,0.0,0.0,0.0,0.08287292817679558,0.11010184420589045,0.0,0.11631288165164291,0.08982035928143713,0.09468202619536059,0.0817527795945062,0.11713520749665328,F
New Jersey,0.0,0.0,0.0,0.0,0.0,0.010612814215106584,0.014580447619741926,0.02387541375006783,0.012953825500194307,0.010570824524312896,0.009324552712862054,0.014073681133689144,0.01857815209313847,0.02025993496560876,0.017241049022049384,0.02913479069942294,0.02846282387939108,0.0212120944291737,0.02228581106980807,0.01606755514295661,0.029128013204699318,0.017393421807872265,0.013436405492802566,0.034749447572884735,0.01879581479857152,0.03127398857077872,0.026744854091962672,0.017567972552626415,0.02343342245134902,0.025096989406979055,0.014468788755684166,0.017858139405100733,0.02160705661048832,0.021695209426568496,0.01789007238598519,0.023045457164256496,0.019067454788131242,0.022832353444831328,0.023123392201635982,0.03671020120014119,0.03489670575097711,0.023692389168397138,0.03107142374667333,0.03502343876286438,0.01458750513878022,0.030650558095578657,0.024754926230319833,0.016747413122794427,0.02896535743251072,0.020847734729034312,0.01105791027611602,0.026278806713663838,0.018639546127051806,0.01806684733514002,0.01346867309081559,0.025037556334501748,0.0205083507440686,0.01705969581250082,0.021080368906455864,0.02414875633904854,0.02551328705133542,0.032830389997674514,0.031635123239436624,0.02754858882353751,0.025454288340521814,0.027652049890119487,0.027952275168081443,0.029959853795913476,0.026769967246157725,0.03267546725918181,0.05476263819009481,0.041925791349311715,0.06112909025530385,0.07248346470961312,0.05975121765739014,0.0789222524043756,0.056564285310255105,0.06604250029136396,0.08455297646608821,0.1347595384485808,F
New Mexico,0.0,0.0,0.0,0.0,0.0,0.0,0.0,0.0,0.0,0.02912395153774464,0.0,0.03206327152247101,0.04011633737839735,0.04844726515188218,0.023568230025925053,0.042170368287883044,0.054727048843891096,0.0395882818685669,0.03932707013327507,0.042050376350868335,0.04521910712817562,0.08842105263157896,0.03446493193175943,0.04135079255685734,0.042710706150341685,0.08793709911028347,0.045871559633027525,0.03688675765400221,0.03857776634732849,0.0,0.0,0.07116171499733144,0.044860292232760834,0.03923620193565263,0.044228217602830605,0.052052833626130515,0.0,0.054951764562217606,0.058261477511069686,0.07398133394035966,0.07814942169427946,0.04199695522074649,0.03529293133003933,0.040275889845441275,0.050945030312293034,0.04065867046147591,0.030959752321981428,0.030902348578491962,0.03636363636363636,0.07293566032821047,0.0,0.0,0.04246059126373335,0.0,0.0,0.028960324355632783,0.0,0.0,0.03577604197722259,0.0,0.031061688513387586,0.03757750360117743,0.04362729822374571,0.050520997789706354,0.050031269543464665,0.07550018875047187,0.04329807632832313,0.03085086690936015,0.09563277016257571,0.08206250427408876,0.14485405953501845,0.12086417887898473,0.1228878648233487,0.09802319882372161,0.14963837392966997,0.11181833820746603,0.12000369242130526,0.11754334410813988,0.14771048744460857,0.15464486910416436,F
New York,0.0,0.0,0.007396005232673702,0.004093886462882096,0.004926618024524704,0.009099311804680878,0.01754208150440891,0.021452767580024013,0.017301292811496893,0.020158556207552497,0.016350615328156848,0.021853677488284002,0.02845464496972091,0.02965908899411874,0.04030436294728904,0.03351270610314254,0.0503708115403014,0.03057848942262252,0.031005732960024308,0.02653008355415726,0.04211399693259246,0.038387232783955394,0.029770765108663295,0.03278188362755886,0.03338478777521791,0.02911783363317769,0.028421305776812584,0.03252368489523547,0.027895098713289462,0.025933409198231887,0.02030456852791878,0.021771219318909175,0.029623778019156707,0.028660594866569012,0.0303774801613737,0.03385942875866965,0.04029542619313101,0.038880248833592534,0.04501589623835917,0.03799413325883503,0.037497587471394304,0.043415968393175006,0.04161131827857177,0.03386673440013546,0.03380251934401986,0.032891862861489284,0.02496395510563829,0.03832237578822159,0.03023888720895071,0.03653354356144365,0.03571312619720139,0.027315595767520323,0.030068813218447465,0.022439133849433412,0.026645628810716766,0.02549636541173918,0.024243791052349674,0.02520131750143589,0.020130612148232356,0.029581333574813608,0.03626188332134676,0.03958082026537998,0.03433410902987068,0.04812319538017325,0.04992932083155014,0.03614941759271656,0.042306013497632876,0.03560081411673037,0.04110266610005364,0.0570166060865227,0.06583085858068669,0.05663189269746647,0.08177977010797959,0.08408677137655446,0.09432491425007795,0.0705811445248065,0.06740316959295062,0.0891341983921562,0.10499771158833718,0.14054084645205106,F
North Carolina,0.0,0.0,0.0,0.0,0.0,0.0,0.0,0.010326737990003719,0.005347250443821787,0.007637835655599079,0.018731131139954605,0.011557899824530067,0.02590807813876367,0.0195234229698209,0.03238178120035215,0.03649376058065628,0.06074842054106593,0.05482229301998427,0.040609571034689124,0.05869170846227724,0.09166001682230897,0.08883941473021718,0.0832411474135004,0.05953317008514366,0.07896182367481461,0.08063915837530705,0.09155473010973489,0.08945955901699731,0.07107414085841768,0.07907290262366484,0.062487502499500094,0.07271688460090117,0.07504531037607613,0.07933537908839158,0.050659338972382985,0.08467952058363731,0.1002004008016032,0.07096336713292227,0.0906941340329738,0.07492666751689835,0.0765972081099248,0.05798373321214211,0.05815110104518953,0.049873757052460964,0.03636969797996636,0.041040674239648224,0.03665850403976714,0.03966398934738572,0.03022683868485773,0.046820741588523715,0.024453339167814257,0.026697992310978216,0.0309281123093887,0.02095908786049631,0.03650608668791508,0.019746121297602257,0.02777662041859367,0.024679170779861793,0.010683475334526321,0.027826732214080326,0.025438172521686044,0.02766761966245504,0.024055487992302244,0.026714039563492595,0.02673475116630352,0.0292106486091748,0.04260098369544169,0.026962137455544568,0.02366117201672056,0.04144676853361333,0.053945296553332946,0.06696328923676731,0.053283804768139334,0.06468205688940908,0.0701936428974715,0.0740272358538579,0.07910641394804291,0.06854680767724246,0.10088574262166136,0.13131044272912787,F
North Dakota,0.0,0.0,0.0,0.0,0.0,0.0,0.0,0.0,0.03709473996587284,0.0,0.043741342859225776,0.03597639948193985,0.035924701824974856,0.06526468455402465,0.04936878482262501,0.04315615334819823,0.11169024571854058,0.1429431236834186,0.09786208973200843,0.09574311386065695,0.10633449794926325,0.10773374374759521,0.06480356419603078,0.11862396204033215,0.09836358758830367,0.08665511265164644,0.0,0.08020164986251146,0.058589172720881176,0.0,0.0,0.0,0.0,0.0,0.0,0.0,0.0,0.0,0.0,0.0,0.0,0.06771790654928896,0.0,0.0,0.0,0.0,0.0,0.0,0.0,0.0,0.0,0.0,0.0,0.0,0.0,0.0,0.0,0.0,0.0,0.0,0.0,0.0,0.0,0.0,0.0,0.11314350367716387,0.0,0.0,0.0,0.0,0.0,0.0,0.0,0.09428625306430323,0.0,0.1310615989515072,0.0,0.0,0.10787486515641855,0.0,F
Ohio,0.0,0.0,0.013354176322259841,0.0,0.010305648354102078,0.01282445880783831,0.02664606037997282,0.03415106152882919,0.03441384764929271,0.04246885617214043,0.02867212233438863,0.030004834112162516,0.05191468864566887,0.06353778380210098,0.062133587212506884,0.06700033500167502,0.08273672027814842,0.07107287524620015,0.05485170622785302,0.05841322200460434,0.09614240970542759,0.0754826389930316,0.059692031377935086,0.06436955698599016,0.05356275124795689,0.0526029599508251,0.05452893062708271,0.05247900839664135,0.05070390795675771,0.03508124076809454,0.03520444984246009,0.033699450823764354,0.027476785638800037,0.03728783223458521,0.04019382354911462,0.0469099933418074,0.03640250325298965,0.044190453364091886,0.04146155759764197,0.04059147579008408,0.03906055806884601,0.02365320106654434,0.024783147459727387,0.025644700220996977,0.023347065424502367,0.019558577940933096,0.02000661757350508,0.024563989191844753,0.022201636796533482,0.020446800454373346,0.011250112501125011,0.02049273646340908,0.02607664954563414,0.010637862607912933,0.026764804282368687,0.02400013714364082,0.013225763787858748,0.016109833263225726,0.01906404611683537,0.00916892833565613,0.010982674830454958,0.028498418337782255,0.02558778085049847,0.029855796502891038,0.026499785963267217,0.030308414242864457,0.026331588426740254,0.022712278690474902,0.04380349080126693,0.03186179063263355,0.04483411377901764,0.05621350912830734,0.06650930478214942,0.05932058160534676,0.07290272125975902,0.07333967132962108,0.09681357073704593,0.09555310547592798,0.1024731199241393,0.11887741168532828,F
Oklahoma,0.0,0.0,0.0,0.0,0.0,0.013922147352007575,0.011969167424713937,0.026867275658248254,0.026219817414726003,0.02153470676907616,0.01178967224711153,0.02335139174294788,0.0468186712861089,0.04801207160657537,0.052278668030458005,0.06703962272874382,0.0983779084399094,0.06598793363499246,0.03879728419010669,0.06746825377701743,0.10042865890998164,0.09388511426806671,0.0844447756004272,0.1159375483073118,0.07279982743744608,0.08152912401485642,0.09076763485477178,0.10119475093033883,0.07991816380026852,0.06119202056051891,0.07564076455357403,0.05823263939438055,0.08141792446921776,0.0918424246400105,0.11176395452803678,0.06702198959563399,0.08121954267149818,0.07795868189859374,0.059871276754976804,0.0801171367792911,0.04957987578936381,0.04530581424616159,0.06584922797456857,0.06093845216331505,0.04909903274905484,0.05784999245434881,0.04529106167576928,0.031297123509830146,0.04052684903748733,0.01758602497215546,0.03224104578228501,0.026629582507323137,0.048655881279649676,0.028394750126198888,0.025888292019933985,0.04272801972062449,0.029867587030829985,0.032020493115593976,0.025384737426622242,0.03579563944028637,0.032399157621901827,0.04592723813272972,0.023214937153848706,0.026812347085833025,0.054182187605824585,0.027353232810202757,0.043700416834745195,0.037148357029482285,0.04966123940264624,0.058017260134890135,0.07243061909118634,0.0673373999841559,0.08885657740619572,0.09564039212560771,0.12208521548040532,0.09898131727636408,0.11580527557366503,0.08282716731087797,0.10181818181818182,0.12278727105290085,F
Oregon,0.0,0.0,0.0,0.0,0.0,0.029625240705080727,0.062244699474810344,0.058693100299986964,0.053977464408609406,0.06009615384615385,0.07194950452954835,0.05088896663592125,0.03579311579072958,0.06260807346013952,0.09263547938860583,0.07107979479572285,0.11846863698715551,0.0761300555114988,0.06009615384615385,0.0866060424369608,0.13280632411067195,0.09137486538524296,0.12303804203245544,0.12382367508667656,0.09944018856806128,0.08606818096770573,0.12219803719402758,0.06254642117196357,0.053897978825794036,0.062323569307475166,0.06300976651380964,0.03366751458925632,0.07964637011668194,0.056551947002746815,0.06894438486287728,0.07083473138724229,0.0643293663557414,0.07705967098870908,0.04792944785276074,0.08090372456776436,0.05506129191178602,0.05227087931234754,0.05160428619130012,0.06556148730916923,0.04653038434097466,0.06344976364963041,0.03873466752743705,0.055425143453312474,0.03520450617679063,0.0429421507882952,0.04142624648616659,0.024078979051288224,0.02782243106219859,0.025283650959198507,0.041526912633764575,0.03188673830553873,0.02518574486840448,0.029031321570271926,0.022284477269833184,0.02919329203023128,0.01620430386310604,0.053527817737780606,0.047393364928909956,0.026894372352585218,0.05496770647244744,0.05558064404071283,0.05106382978723404,0.023806284859202827,0.06031577080007096,0.07880812098922955,0.05981338224738815,0.09407722513089005,0.07458666556167903,0.08769731896767727,0.10870019649650904,0.08635578583765112,0.12193528720114968,0.1173819137947225,0.10415116798095521,0.12334258402713535,F
Pennsylvania,0.0,0.0,0.004605350265671143,0.0034495049960330693,0.005137228208520093,0.010492835360855166,0.009294160169360252,0.006799205852756398,0.016763880739780194,0.01095246629627417,0.01695929768555467,0.015046573848114241,0.02298913993029693,0.02771452194759184,0.04203617823339571,0.03807624314400979,0.04479591248386682,0.032471749577867255,0.03292810992649022,0.037931641762737583,0.06211380168673479,0.043724794284146044,0.04454475262814041,0.047042398858842455,0.04015588721343884,0.03467272797318643,0.032273308820986876,0.043921398746134314,0.028819504059257806,0.025331941106326188,0.027668340801780395,0.029612653615640628,0.03309209674402544,0.03456460123971703,0.026451527575717497,0.03365735212802616,0.034584821284946755,0.03752902635632247,0.03387640626477169,0.03273621462775878,0.02335445279010374,0.027590321017113454,0.019967903444093566,0.030928223890167087,0.022048369561085388,0.032282039924625194,0.02494368773526433,0.020360762548262547,0.022400430088257695,0.024842905158556187,0.01889466225791214,0.02242403856934634,0.01793134633226005,0.016903857299246573,0.011657243727986544,0.019033940977479385,0.018847265351546374,0.02353184800308738,0.015086938483008336,0.02587297328375944,0.01938548027527382,0.025088059087396763,0.023549166564278984,0.023467950941779076,0.025286314835691635,0.0362141320324649,0.02452993184945021,0.02042944851241358,0.03448122441715608,0.04591789879695105,0.04650219991176506,0.04844550486271755,0.051923647512610034,0.054334091483447054,0.055352874575418286,0.10471339555808362,0.06963974822552564,0.08233553825113735,0.09611043963245038,0.11503647867284232,F
Rhode Island,0.0,0.0,0.0,0.0,0.0,0.0,0.0,0.0,0.0,0.0,0.0,0.0,0.0,0.0,0.0,0.028895053166897826,0.0289804671651307,0.0,0.03008242584682029,0.0,0.05924872615238773,0.0,0.0,0.0,0.037612838515546636,0.0,0.04169272461955389,0.0,0.0,0.0,0.0,0.0,0.0,0.0,0.0,0.0,0.0,0.0,0.0,0.0,0.050958010599266204,0.0,0.0,0.0,0.0,0.0,0.0,0.0,0.04475875033569063,0.0,0.0,0.043546420484236195,0.0,0.055944055944055944,0.0,0.0,0.0,0.0,0.0,0.0,0.0,0.0,0.0,0.0,0.0,0.06087909411907951,0.0,0.09157509157509157,0.0,0.0,0.0,0.0,0.0,0.0835282325425994,0.0,0.15461260951726508,0.10520778537611783,0.15068751177246187,0.15689350853108452,0.24783147459727387,F
South Carolina,0.0,0.0,0.0,0.0,0.0,0.011790228258819091,0.0,0.0,0.009801423166643798,0.0,0.0,0.0,0.014588158062692608,0.020118516350866925,0.0213193099650008,0.027428320655354006,0.04334946896900513,0.029255805448893765,0.028951939779965255,0.03509182360510001,0.0774239656952275,0.05162110111779538,0.07168605603801409,0.08531535468298063,0.08951788226267104,0.05988989473199272,0.08930510970046585,0.04722726255872337,0.06298339757639886,0.06533976678729392,0.04174135094654651,0.05917597455433095,0.05604932340459605,0.06398308621025399,0.08924458774758176,0.07331154351345572,0.06991944064447483,0.09150481138201784,0.06610378293921457,0.07327725180994812,0.06275136198978865,0.08854612967723507,0.05435560005721642,0.05210293223724202,0.05546635527660195,0.04277769855981749,0.042805775926031624,0.06183596604643318,0.03540980034320268,0.036267550904098236,0.03602305475504323,0.02971928781779375,0.030782146355114035,0.03837638376383764,0.025000781274414824,0.025949592915761138,0.026079869600651995,0.029226472689484962,0.03196726552010741,0.01917668115571465,0.025717684122544767,0.022650789541806885,0.03343922420999833,0.05918132500410982,0.04576060665489966,0.029338896857478158,0.037017614214763864,0.03114294612270321,0.04062880895083914,0.04642371588685877,0.05249895002099958,0.06359075814314986,0.07228567297961544,0.06929754176088701,0.0760566440911231,0.08713331397037467,0.09772599135500847,0.0909774138681223,0.12300123001230012,0.11914893617021277,F
South Dakota,0.0,0.0,0.0,0.0,0.0,0.0,0.0,0.04547176960970064,0.0,0.0,0.0,0.0,0.032864466938346264,0.0,0.040625634775543366,0.0391491582930967,0.06032575909913533,0.05568316280364725,0.09994288977727013,0.06878525244187646,0.12099644128113879,0.10741138560687433,0.05161861219674065,0.10633449794926325,0.09723685276719876,0.0845229151014275,0.12480499219968799,0.09299081715680577,0.0,0.0,0.1120699316373417,0.1055223355610271,0.06402048655569782,0.0777000777000777,0.061515748031496065,0.07284205414592691,0.0,0.055940926381740884,0.05495109352676118,0.0,0.0,0.0,0.0,0.0,0.0,0.0,0.0,0.0,0.0,0.0,0.06321112515802782,0.0,0.0,0.0,0.0,0.0,0.0,0.0,0.0,0.0,0.0,0.0,0.0,0.0,0.0,0.0,0.0,0.09626183218353923,0.0,0.12081463583016915,0.0,0.0,0.0,0.0,0.0,0.09458948164964057,0.0,0.0,0.0,0.20302278366794496,F
Tennessee,0.0,0.0,0.0,0.0,0.0,0.0,0.0,0.01695357329160146,0.015199038315393864,0.008352009354250477,0.007018528916339136,0.015085024684585849,0.02513790936387124,0.023338184014716785,0.04117522048666455,0.048440485481310046,0.06603239630218581,0.06557824988045631,0.06447453255963895,0.057841795635060596,0.13248995640653047,0.08017179670722978,0.07711109817843217,0.08187813556041862,0.07072865247181906,0.0659079218106996,0.08109203946479254,0.08271583663622264,0.06841025101299796,0.06406365904646301,0.04732993863428646,0.07369443607007671,0.08191648159609713,0.052607846084473164,0.07725063119418171,0.09044435705859222,0.07901234567901234,0.081887888036924,0.08551139532289848,0.08680712541821141,0.07302130084775948,0.07265857734505558,0.05231635156588252,0.04779763217883668,0.04284729596303955,0.04569130951293064,0.061499468868223404,0.021874658208465493,0.049475209386154004,0.0276802242098161,0.033856988082340195,0.05990381159395485,0.022773057720942454,0.03216640754838364,0.023300414030433925,0.027125264471328594,0.02347629796839729,0.029070823794469274,0.04258490365165549,0.02840404757677969,0.0248103778266109,0.04569966182250251,0.031859070464767617,0.02608144863817579,0.031797097112075415,0.026140861901560983,0.03710575139146568,0.04409414099101582,0.04773360827891702,0.04490804058053849,0.06860475087899838,0.046125461254612546,0.0684931506849315,0.07208830817751746,0.07851934941110489,0.08821733131262866,0.09356506280554841,0.09851980007689351,0.08992356496977569,0.11890606420927466,F
Texas,0.0,0.0,0.006846618626225973,0.010765090349865437,0.006820972215906508,0.010989097245661269,0.016252014572639733,0.023846210286888256,0.030002632884110234,0.01951935077456333,0.031158400073856948,0.03044471023159726,0.0308905752854804,0.03830941068185776,0.03616901683814365,0.0692201199815413,0.06667594053849217,0.05866893074681256,0.05241886099203919,0.06184412359085486,0.09554280562673631,0.05767880429330926,0.07152787572283452,0.06144361246784624,0.06965243435258062,0.06453976172617698,0.05733944954128441,0.0651776392417668,0.04993995315156776,0.049153498556115977,0.05536265224729368,0.05310818353754694,0.060838993114663946,0.05201451623510562,0.056751340454838345,0.05892960269661862,0.060733473487502916,0.0740229807708484,0.06477459529486049,0.06557243721057902,0.06668388551034304,0.05529870365334059,0.04951241039330076,0.05027172735388696,0.044704456260558204,0.03824397132122414,0.050246762703275834,0.03615203017605603,0.04322294745574014,0.03768365428672978,0.03386485831110517,0.03372453797382976,0.042963366286093485,0.03092079552335594,0.030771764522322533,0.029979535708233945,0.03178557622095271,0.03317063924560489,0.03068818249239189,0.028154217880029416,0.03761565792647774,0.057843112951072986,0.051773020503759704,0.039726582817638606,0.05276505235602095,0.05253717620886811,0.05112392116449826,0.05658423827983916,0.06633499170812604,0.0722366319987158,0.0883317723614767,0.08910486356391896,0.09482754671516462,0.09217217580820922,0.11004089779116286,0.11635446365921465,0.1046524437263614,0.11552261746839038,0.12103717208548567,0.1405496009952994,F
Utah,0.0,0.0,0.0,0.0,0.0,0.0,0.0,0.04638487852959935,0.03676470588235294,0.0,0.0,0.0436323970548132,0.0,0.03580928995293636,0.03563247645711377,0.060141332130506694,0.04891410682840931,0.06778676221372197,0.05043118664582178,0.04529897322327361,0.03416800898130522,0.0686914282910554,0.05921539600296077,0.06769070554543088,0.07084468664850137,0.0,0.040418037992955715,0.03436622945185864,0.06829823562891292,0.04336748522795034,0.05787316132143718,0.057331231188189766,0.05852231163130944,0.04689331770222743,0.030440076535049574,0.03739405019112515,0.018315018315018316,0.03767252303161067,0.0538829393143396,0.0379710786950606,0.043551297206495365,0.025413767908764574,0.04062880895083914,0.029765842042598228,0.023969319271332692,0.03926608124509174,0.02581977794990963,0.030840400925212026,0.0,0.022977941176470586,0.0,0.0,0.023045899750336087,0.02696767731247833,0.018764542520453353,0.0,0.02105854274884178,0.0,0.0,0.0,0.0,0.0393946357637635,0.03906631506983104,0.03559524965213733,0.022719158742007726,0.04208754208754208,0.03821777763623045,0.028477407923047718,0.05783875839465313,0.06811989100817438,0.06095811818703385,0.07394262052647146,0.06818956699624958,0.08860466908082287,0.09279307145066501,0.13685774614843202,0.1243033000521272,0.07601993411605709,0.08492379207079963,0.13714285714285715,F
Vermont,0.0,0.0,0.0,0.0,0.0,0.0,0.0,0.0,0.0,0.0,0.08349568605622043,0.0,0.0,0.13471642193183347,0.13365410318096765,0.06591957811470006,0.17715998909784683,0.13299640909695437,0.12077294685990338,0.0,0.08115785202218315,0.10872519706441967,0.0,0.0,0.0,0.0,0.09886307464162135,0.0,0.0,0.0,0.0,0.0,0.0,0.0,0.0,0.0,0.0,0.0,0.0,0.0,0.0,0.0,0.0,0.0,0.0,0.0,0.0,0.0,0.0,0.0,0.0,0.0,0.0,0.0,0.0,0.0,0.0,0.0,0.0,0.0,0.0,0.0,0.0,0.0,0.0,0.0,0.0,0.0,0.0,0.0,0.0,0.0,0.0,0.0,0.0,0.0,0.0,0.0,0.0,0.0,F
Virginia,0.0,0.0,0.0,0.0,0.0,0.009242315015064973,0.0,0.019823570224997523,0.014702206801240866,0.010282474257091233,0.013301803133313627,0.01527417137620284,0.015959356837919433,0.025983474510211508,0.020151387297069234,0.04425618005942973,0.048496002188537536,0.041165610498478125,0.043249294018877046,0.047355150832554746,0.08983439225080721,0.07425140501581043,0.07300672430355427,0.08758484782132692,0.08932038834951456,0.07914970601537766,0.08515469770082316,0.07326454606508334,0.056739763839901855,0.05634231764885032,0.04862164989465309,0.07088155076505848,0.06510639756022342,0.056281771968046485,0.04943877831285592,0.04523351803686532,0.05301825342725138,0.06519022870905239,0.05465476407360175,0.06521202721280271,0.05490169165837422,0.04562660538055968,0.04284348943743203,0.05296347175557358,0.0648771389181737,0.03876690236943307,0.0368618295754746,0.03558982724104694,0.02764319904558218,0.0253499704250345,0.03182157779683998,0.03704125826304992,0.033397223674275424,0.03736920777279522,0.02708396027685826,0.020303300067157068,0.025417401388425555,0.025932348984586462,0.03219782342713633,0.022442011445425836,0.02360123355780729,0.03667091836734694,0.02878157978893508,0.036581098705347204,0.026603652524999608,0.026762802852599927,0.04232505643340858,0.0282872094667861,0.03622055022308566,0.04425908587964933,0.05777513218249939,0.03348548668511306,0.060268727620803354,0.06097014256253923,0.07138140871210093,0.059835723740276694,0.07307202278348197,0.10174134220309136,0.12051338702874245,0.10062731496349583,F
Washington,0.0,0.019654860647038013,0.018703241895261846,0.01909229762164521,0.029814337986176987,0.03986816925366787,0.04315141604778452,0.04976510868699738,0.06586259416292758,0.06882869751811814,0.06911973978450905,0.08418002779898592,0.04603797211940409,0.0828195454127174,0.07685982912093806,0.08671930046430959,0.09221493172548324,0.09584664536741214,0.08699119214179564,0.10394252160910318,0.11617828756892323,0.09313241566859762,0.09921749223108316,0.08422403593558866,0.07516052139927416,0.07950054948909206,0.08814980702339544,0.05193045834274103,0.04370056373727221,0.050853922108742636,0.06482507684908304,0.055135656688644355,0.03450747219494067,0.07270964614638875,0.06641632819884027,0.04809274305819222,0.05078597339782346,0.051690039554117224,0.05923390812162696,0.04996702176563469,0.047215244858259835,0.033252664831612204,0.035326491149784325,0.044544256574917875,0.03948481714769202,0.02592400562921265,0.03208697457579132,0.037439161362785474,0.01836884643644379,0.022917584839136182,0.01689274794330794,0.030431107354184278,0.030733506351591312,0.02503845190828773,0.025807878776706546,0.02069653239007319,0.030149428103035673,0.03034210725934916,0.028220420296126276,0.018913602663035257,0.03224276908487435,0.0565247051944255,0.0378079356867115,0.037689439022454974,0.023830328064183018,0.036041808497857514,0.04065119340289204,0.029068640750358515,0.04886725698313102,0.05622602863511316,0.07388330659461285,0.044726529221332426,0.07740270909481832,0.10092367098883258,0.110941918642593,0.09638765361782295,0.12759310997206152,0.1261711722236501,0.11387589949846146,0.13999541833176368,F
West Virginia,0.0,0.0,0.0,0.0,0.0,0.014884496308644916,0.014106030327965206,0.010335062733830796,0.03465003465003465,0.02162723301180847,0.017833259028087384,0.02443249966682955,0.04110152075626798,0.029019854417063676,0.06262344043547377,0.056019555917702184,0.10912874654214146,0.06627918833486285,0.06221484861053505,0.08798218360781941,0.09278051609162076,0.09464375499097927,0.0901853464361239,0.11778177654179617,0.058490933905244694,0.08018953891015126,0.11318840014050972,0.08863462390717539,0.06456559460877286,0.07394019060138021,0.07016723190270144,0.07257448433919021,0.06460469999192442,0.05586352112070818,0.07433643797280161,0.06501950585175553,0.07611959233729437,0.07922360863537334,0.045057960922459346,0.044199783019247,0.04423355316068844,0.029881328438487148,0.05227846998344515,0.040632054176072234,0.04793634053976319,0.0,0.0,0.0,0.0,0.027595341906286215,0.027274710888064588,0.0,0.0,0.04051160368076856,0.029760133325397297,0.0,0.0,0.0,0.0,0.0,0.0,0.041251289102784465,0.0,0.0,0.0,0.0,0.0,0.0,0.04627130407958664,0.04002241255102858,0.05091217649554518,0.04253871022630594,0.052849467101206735,0.09861932938856016,0.04730368968779565,0.04875670404680643,0.11370684308455653,0.14642937598558234,0.0,0.09800318510351587,F
Wisconsin,0.0,0.0,0.016263100831225154,0.018022889069117778,0.0,0.02646252717134486,0.030908557034014867,0.028645868856484197,0.022428439260982928,0.024617067833698034,0.02189052003666662,0.02674035118994563,0.03897655120387251,0.03544932013268174,0.04383188038766863,0.033893381106860986,0.06115034591911368,0.054639091363535966,0.037539739333435004,0.05161675135637352,0.05119861649960747,0.037043039381381246,0.03253364822691617,0.03494278119579189,0.033469787080662186,0.027655632069470946,0.028580819412092548,0.030365140818340547,0.026485526438787273,0.020374898125509373,0.02723187945354695,0.026388270413801065,0.0368887987162698,0.04536004536004536,0.020138405770568635,0.02014836523491162,0.03472412595719795,0.02960589331429268,0.020927799093128707,0.02130868082874377,0.025564005879721352,0.029024299788767593,0.01771793054571226,0.02315618849137432,0.021448959725453316,0.024763917321534705,0.022169167803547066,0.0,0.017614316916789965,0.019257365942472997,0.015698313303448397,0.01435054801155219,0.014871823471455395,0.011440774921821372,0.013834812340652607,0.012161258284857207,0.030876268500030876,0.016908314663735893,0.03580304115243671,0.01697864934844433,0.017008610609120865,0.03490782153376241,0.0331858407079646,0.028703908147493927,0.02254181506694919,0.022716430794393585,0.029622877976529568,0.027710426047800486,0.0264626635873749,0.03737572571200757,0.0814417822614544,0.07045115837962336,0.07189668998700328,0.09801999607920014,0.07103887247101615,0.08343402957592497,0.08931229532598987,0.08569524232710192,0.08804252127694265,0.11346444780635401,F
Wyoming,0.0,0.0,0.0,0.0,0.0,0.0,0.0,0.11378721790252229,0.0,0.0,0.0,0.0,0.0,0.0,0.18094089264173704,0.12525442304681383,0.15728216420257943,0.0,0.1026518391787853,0.13511231210944097,0.19665683382497542,0.1443001443001443,0.15745276417074877,0.22404779686333084,0.09924573243350536,0.0,0.20855057351407716,0.0,0.0,0.0,0.20847810979847115,0.0,0.0,0.0,0.0,0.0,0.1524390243902439,0.0,0.10824463287028685,0.0801153661272232,0.0,0.0,0.0,0.0,0.0,0.0,0.0,0.0,0.0,0.0,0.0,0.0,0.0,0.0,0.0,0.0,0.0,0.0,0.0,0.0,0.0,0.0,0.0,0.0,0.0,0.0,0.0,0.0,0.0,0.0,0.0,0.0,0.0,0.19076688286913393,0.0,0.0,0.26327336551118913,0.0,0.0,0.0,F
