state,1966,1968,1971,1972,1977,1978,1979,1980,1981,1982,1983,1984,1985,1986,1987,1988,1989,1990,1991,1992,1993,1994,1995,1996,1997,1998,1999,2000,2001,2002,2003,2004,2005,2006,2007,2008,2009,2010,2011,2012,2013,2014,2015,2016,2017,2018,2019,gender
Alabama,0.0,0.0,0.0,0.0,0.0,0.0,0.0,0.0,0.0,0.0,0.0,0.0,0.0,0.0,0.0,0.0,0.0,0.0,0.0,0.0,0.017149717029669012,0.0,0.0,0.0,0.0,0.10136715704111869,0.13665151236433395,0.0922266139657444,0.12442281637957255,0.08038354434013723,0.09212079339033306,0.11991459740867479,0.1398560647999767,0.11503605398277265,0.1041901329128182,0.10957008160087656,0.07949854762268767,0.0718437724511789,0.08408166010829718,0.055938188301926366,0.08778706369829342,0.09026837482206715,0.0668355142816941,0.0609340836589125,0.07091933858385278,0.07922047056959518,0.032334990501596536,F
Alaska,0.0,0.0,0.0,0.0,0.0,0.0,0.0,0.0,0.0,0.0,0.0,0.0,0.0,0.0,0.0,0.0,0.0,0.0,0.0,0.0,0.0,0.0,0.0,0.0,0.0,0.0,0.12886597938144329,0.0,0.0,0.0,0.19952114924181963,0.11627906976744186,0.17228177641653905,0.24971187091817135,0.26580596164799697,0.15068751177246187,0.09635767970707265,0.1176239952950402,0.15866719555731854,0.0,0.14067524115755628,0.0,0.10453690152623876,0.0,0.0,0.15604681404421328,0.0,F
Arizona,0.0,0.0,0.0,0.0,0.0,0.0,0.0,0.0,0.0,0.0,0.0,0.0,0.0,0.0,0.0,0.0,0.0,0.0,0.0,0.0,0.0,0.0,0.0,0.0,0.0,0.024812948541762102,0.04627487274409996,0.03575003575003575,0.09260940621027783,0.0763860515517027,0.11989574283231973,0.14025725232621786,0.15295660066561334,0.13659683285948,0.15185047574430965,0.16021543863237375,0.1459553526318744,0.12847020093542366,0.11160944960006614,0.1386704197367332,0.1552045974118585,0.16271016729942844,0.12883277505797475,0.10639005253008844,0.08986213257029348,0.06908803789972365,0.07258963523708294,F
Arkansas,0.0,0.0,0.0,0.0,0.0,0.0,0.0,0.0,0.0,0.0,0.0,0.0,0.0,0.0,0.0,0.0,0.0,0.0,0.0,0.0,0.0,0.0,0.0,0.0,0.0,0.056875355470971695,0.11987213638785296,0.09534541041865303,0.07144132880871584,0.05392773683264426,0.0943311472464289,0.10303736224352657,0.13528748590755355,0.11518695729222045,0.08993614533681087,0.09399379640943697,0.10825706131286292,0.1471206389239176,0.14316012725344643,0.13749862501374985,0.11777902411665732,0.07762683670640422,0.14793741109530584,0.07723842908918069,0.05033029254482541,0.07221638655462186,0.06899406651028012,F
California,0.0,0.0017872781540991224,0.0,0.0032599969845027894,0.0022753473696984407,0.0018498923362660292,0.0,0.0019682327238372665,0.002506100789108486,0.0018348623853211008,0.0021102388790411077,0.0014704801117564885,0.0,0.0019340542750888284,0.0,0.0017712281696128096,0.0019150071932457697,0.0013458769060981683,0.002720342037672203,0.001156847728760854,0.0014419783943570579,0.0,0.0012826695945737947,0.0018510634359439496,0.002746158810364003,0.023674242424242424,0.034768745441902275,0.04157192081804612,0.04936087651221182,0.05431100769787072,0.07281800015805458,0.06940726198266801,0.08660080447589422,0.08483413658014148,0.08240321884021731,0.07976609851854488,0.09203256439915658,0.08178629143510308,0.08736577136277214,0.08187883280544511,0.08573081213590228,0.06884141936011559,0.07361721163363284,0.0678421155192448,0.060403095085176016,0.06265944591147116,0.057539606429092026,F
Colorado,0.0,0.0,0.0,0.0,0.0,0.0,0.0,0.0,0.0,0.0,0.0,0.0,0.0,0.0,0.0,0.0,0.0,0.0,0.0,0.0,0.0,0.0,0.0,0.0,0.0,0.019507912897168914,0.04281331018243227,0.06211323011801514,0.056840142782438666,0.07161720603374962,0.08718395815170009,0.0925090774532251,0.08338351785797007,0.12291280148423005,0.13120229007633588,0.13978811065332547,0.12090965219180902,0.10049432342875766,0.11169440411035406,0.15350066801216633,0.11531032892271324,0.12120512524529609,0.07804596039890158,0.09400152752482227,0.08749726571044655,0.09171006517965347,0.06351116459419709,F
Connecticut,0.0,0.0,0.0,0.0,0.0,0.0,0.0,0.0,0.0,0.0,0.0,0.0,0.0,0.0,0.0,0.0,0.0,0.0,0.0,0.0,0.0,0.0,0.0,0.0,0.0,0.04488905989483134,0.06218294878088692,0.05954349983460139,0.08789128524102495,0.04838598188981821,0.10635013208000275,0.0856775667571041,0.14399113900683036,0.12491010257769031,0.09226865556879782,0.1799002371412217,0.23292930164344564,0.15784251826463425,0.1662663957140218,0.16927634363097757,0.1188212927756654,0.13581229803774644,0.1201691982311094,0.08813160987074031,0.08161599673536013,0.10561334952738026,0.08271754714900188,F
Delaware,0.0,0.0,0.0,0.0,0.0,0.0,0.0,0.0,0.0,0.0,0.0,0.0,0.0,0.0,0.0,0.0,0.0,0.0,0.0,0.0,0.0,0.0,0.0,0.0,0.0,0.0,0.17574692442882248,0.0,0.0760225026607876,0.10348905972797162,0.11530700490054771,0.1922792486318592,0.11931394481730052,0.3038128512836093,0.09185548071034905,0.15847860538827258,0.16742005692281936,0.15663069961712495,0.13910624239262737,0.1272264631043257,0.1899335232668566,0.12736535662299855,0.24440684339161498,0.13394565633371602,0.18333672845793442,0.10986596352450011,0.0,F
Florida,0.0,0.0,0.0,0.0,0.0,0.0,0.0,0.0,0.0,0.0,0.0,0.0,0.0,0.0,0.0,0.0,0.0,0.004100237130380707,0.0,0.0,0.0,0.0,0.005321737014961684,0.006941873380229545,0.007711229864051018,0.053955725473268795,0.06912352918333269,0.07004133961675206,0.09576489335621476,0.08957459787955305,0.14057469353205254,0.11165449632656707,0.1315799038957829,0.14527261646611958,0.1284054187086695,0.14682297666644079,0.17631572591358113,0.15404450546690554,0.13861605054808615,0.12049333413662222,0.15675984221781097,0.1279558215689741,0.10663112295901366,0.09697358102353507,0.09147297626929644,0.09315113092707986,0.09391787820729554,F
Georgia,0.0,0.0,0.0,0.0,0.0,0.0,0.0,0.0,0.0,0.0,0.0,0.007341497078084163,0.0,0.0,0.0,0.0,0.0,0.0,0.0,0.013232939432836216,0.008081896551724138,0.006769655695311336,0.00675949709341625,0.008136806845766826,0.017185764898736185,0.07834125450462213,0.09264194522703621,0.10781337133651404,0.09704268634061983,0.08251753497618243,0.11216842520461494,0.1129693754758221,0.09913713970993207,0.1241971541109258,0.12048623951710069,0.10752957063192378,0.11767039069213987,0.12924797347606806,0.09226023151551846,0.08382722767180906,0.08729418139128864,0.08771538587336276,0.08881663129055081,0.07236117665565518,0.07613555368366487,0.05002846447116463,0.06448608175402143,F
Hawaii,0.0,0.0,0.0,0.0,0.0,0.0,0.0,0.0,0.0,0.0,0.0,0.0,0.0,0.0,0.0,0.0,0.0,0.0,0.0,0.0,0.0,0.0,0.0,0.0,0.0,0.0,0.07219174126479931,0.0,0.13774104683195593,0.16583747927031509,0.11648223645894001,0.07479431563201197,0.12810248198558846,0.15142337976983647,0.16116035455278002,0.17468635858345244,0.18832391713747645,0.18394648829431437,0.24100533654673784,0.12039903680770554,0.27187765505522515,0.0,0.16175413371675054,0.1867762420620097,0.14432989690721648,0.11066843736166444,0.18744142455482662,F
Idaho,0.0,0.0,0.0,0.0,0.0,0.0,0.0,0.0,0.0,0.0,0.0,0.0,0.0,0.0,0.0,0.0,0.0,0.0,0.0,0.0,0.0,0.0,0.0,0.0,0.0,0.0,0.11707643418631879,0.041704896154808574,0.1082070917263193,0.08238589553468446,0.16853932584269662,0.13479226133840785,0.11736170878647993,0.15287013681877246,0.12124886329190664,0.15360983102918588,0.2353138919236911,0.18617021276595747,0.1796690307328605,0.12383311106877501,0.16444186496420973,0.1523519329651495,0.05902606984751599,0.08040201005025126,0.18777383684539956,0.0,0.05540780141843972,F
Illinois,0.0,0.0,0.0032396848434584286,0.0,0.0,0.005314141690200723,0.0,0.009068143611492826,0.0,0.0,0.0,0.0,0.0,0.0,0.0037027985751631083,0.004384298366118143,0.003533943527582429,0.0,0.003563537880407669,0.0,0.003734687780101583,0.0038023391990752707,0.00936161581488965,0.005608030699962346,0.009021051854646252,0.06185107909515994,0.09535838861052791,0.08257707193380488,0.08637772470911032,0.1057368811989339,0.1259544989372589,0.1257308103350726,0.13851054988688305,0.14135984450417105,0.13824055750712508,0.1398171469369137,0.15950119625897194,0.14626745112593192,0.11895186414564239,0.12305834823190694,0.13362660233669174,0.10151085930122758,0.09283931564161613,0.08554642780762119,0.09070294784580499,0.07654905518619849,0.06471030850263355,F
Indiana,0.0,0.0,0.0,0.0,0.008633590422470359,0.008779374323256563,0.0,0.0,0.0,0.0,0.0,0.0,0.0,0.0,0.0,0.0,0.0,0.0,0.007478984054805995,0.0,0.00947223844781586,0.0,0.0,0.0,0.009981368112856001,0.046482286928516886,0.0663404925781574,0.060997724949718085,0.08805052745652504,0.09464717635923862,0.11645288003615253,0.13525382048129284,0.14829372878327676,0.13961980453227366,0.15831422644393495,0.19446804493533465,0.19652995592964626,0.17121857512736993,0.18464673047944477,0.13721603903034,0.17363429945238415,0.1383372752019278,0.12487796017528324,0.11031051235712443,0.1330737573621824,0.09016435674171776,0.10202711773392402,F
Iowa,0.0,0.0,0.0,0.0,0.0,0.0,0.0,0.0,0.0,0.0,0.0,0.0,0.0,0.0,0.0,0.0,0.0,0.0,0.0,0.0,0.0,0.0,0.0,0.0,0.0,0.04091500836897898,0.04132386641121004,0.05983545250560958,0.08979814937726936,0.13444049031237643,0.1352049946315664,0.14965215984468533,0.20351676978183,0.23914863087408827,0.24769846839780377,0.25389448317411134,0.23282355626569276,0.23348899266177453,0.24027631776543024,0.2137078308655167,0.19454256898581887,0.15752832969154937,0.19188880821491547,0.15593912996719902,0.18790570550051247,0.12507444907683143,0.2049434852813315,F
Kansas,0.0,0.0,0.0,0.0,0.0,0.0,0.0,0.0,0.0,0.0,0.0,0.0,0.0,0.0,0.0,0.0,0.0,0.0,0.0,0.0,0.0,0.0,0.0,0.0,0.0,0.035855145213338116,0.07109847138286526,0.03923722828219415,0.07964637011668194,0.10746696385925808,0.09488416225191745,0.10513971450523676,0.1347653857148691,0.17533844397325068,0.15867203710484562,0.1973463218004703,0.13514102619992152,0.19420983695406713,0.171854114951308,0.166010529810748,0.14905351021016544,0.13943528708729644,0.14686518788615416,0.11458930152612117,0.04462542533608524,0.08748396127376647,0.09777560498655585,F
Kentucky,0.0,0.0,0.0,0.0,0.0,0.0,0.0,0.0,0.0,0.0,0.0,0.0,0.0,0.0,0.0,0.0,0.0,0.0,0.0,0.0,0.0,0.0,0.0,0.0,0.0,0.0333282059170384,0.039070639716607625,0.04100356218446478,0.058184126312448764,0.04339336081579519,0.06803276457942145,0.07999558645040274,0.06379319909025351,0.10448171569975254,0.093689721686415,0.11824421756936032,0.13558709210883124,0.07032124021096373,0.10209794816059019,0.08827024274316754,0.10019693881076598,0.09565309809756617,0.10756929255261931,0.0857185450208706,0.10933656136514507,0.11559261858564175,0.06892392521754115,F
Louisiana,0.0,0.0,0.0,0.0,0.0,0.0,0.0,0.0,0.0,0.0,0.0,0.0,0.0,0.0,0.0,0.0,0.0,0.0,0.012676145606659202,0.0,0.011558555642886865,0.0,0.0,0.015313544830402492,0.0,0.13071560385482878,0.21232522009321594,0.18209648474612056,0.12189378618721779,0.12806283616494493,0.2253922967189729,0.246105738606752,0.2184212145450071,0.17653571107985996,0.16292917024617115,0.14311938023085777,0.21592099831708633,0.14929931118726883,0.15745875265283768,0.11062329311715698,0.14713430282292556,0.10183645066023966,0.1396077363116317,0.09858807788458153,0.09084371096559295,0.07669021190716448,0.10209724762836603,F
Maine,0.0,0.0,0.0,0.0,0.0,0.0,0.0,0.0,0.0,0.0,0.0,0.0,0.0,0.0,0.0,0.0,0.0,0.0,0.0,0.0,0.0,0.0,0.0,0.0,0.0,0.0,0.0,0.0,0.10529640939243971,0.09732886341516167,0.1310615989515072,0.06510416666666666,0.156564526951465,0.15810276679841898,0.24021962937542896,0.2601263470828688,0.21783700666324962,0.2310724480086992,0.22412102535369097,0.18619306788885706,0.20597322348094746,0.2145922746781116,0.2513747054202671,0.11011483404121442,0.0,0.08950948800572861,0.09409108016560029,F
Maryland,0.0,0.0,0.0,0.0,0.0,0.0,0.0,0.0,0.0,0.0,0.0,0.0,0.0,0.0,0.0,0.0,0.0,0.0,0.0,0.0,0.01012883882991654,0.0,0.010574177857671566,0.0,0.0,0.053728536568985207,0.1018537380321858,0.08470420400338817,0.11417089098963329,0.11102886750555144,0.12954839882724606,0.08580904009833253,0.12533364279911804,0.09802133673748518,0.13556985294117646,0.14376959155294727,0.15247651369829326,0.10578279266572638,0.13089341169827787,0.1301371645714583,0.10112299749853637,0.08123051122815293,0.09939289743727503,0.11303796421383475,0.08454810495626822,0.09242970869733742,0.03778813452575891,F
Massachusetts,0.0,0.0,0.0,0.0,0.0,0.0,0.0,0.0,0.0,0.0,0.0,0.0,0.0,0.0,0.0,0.0,0.0,0.0,0.0,0.0,0.0,0.0,0.0,0.0,0.0,0.02787662135349196,0.046755502120695985,0.04359124821862688,0.07010104809615812,0.052323147760569275,0.10886441918155373,0.13131612044092625,0.1392434439545138,0.12075382057170005,0.09520529908643426,0.1454990194631297,0.13233639912657977,0.14500092064076597,0.1427617490616869,0.09923916639100232,0.16260162601626016,0.1216719152590896,0.10974806721459406,0.08157010085030651,0.08986110041336107,0.11125827814569536,0.09237875288683603,F
Michigan,0.0035341933203746245,0.0,0.0,0.0,0.0,0.004555642618947829,0.0,0.008678521527072647,0.0,0.005387011914274684,0.006536924283739867,0.0,0.0,0.0,0.00546826583062958,0.0,0.0,0.006901549397839815,0.005380104374024856,0.007590564927794752,0.008812298051502987,0.006061218304879281,0.011445695378020104,0.013829345871940258,0.011858687566705118,0.058948103835993276,0.09006504697837327,0.10845506861443116,0.11345924635555148,0.1481021427035807,0.17786110009493938,0.20575123695684125,0.20416703653448648,0.20335536349771224,0.18054676026354438,0.21303061064009265,0.21561797922226744,0.2281143071418527,0.2038752094067073,0.19086438923395446,0.19826964671953856,0.15778258535712542,0.14619637365776605,0.1569073729222705,0.14133507284192215,0.10173706620445382,0.09753767143738679,F
Minnesota,0.0,0.0,0.0,0.0,0.0,0.0,0.0,0.0,0.0,0.0,0.0,0.0,0.0,0.0,0.0,0.0,0.0,0.00911859646563201,0.0,0.0,0.0,0.0,0.0,0.0,0.016786973308712438,0.05307404891304347,0.07222670688702894,0.06750200396574273,0.107977367943679,0.11451783669324345,0.1558696673356963,0.14311114965956895,0.17131937885743154,0.18488308863512778,0.19542217929423394,0.15920211645166576,0.17891279839223567,0.24758926244461818,0.1624227182227811,0.17567567567567569,0.1251700680272109,0.1857035948889936,0.11247328759419638,0.11625879207115039,0.10756323181413073,0.1148361989218157,0.0997506234413965,F
Mississippi,0.0,0.0,0.0,0.0,0.0,0.0,0.0,0.0,0.0,0.0,0.0,0.0,0.0,0.0,0.0,0.0,0.0,0.0,0.0,0.0,0.0,0.0,0.03061179866182709,0.0,0.0,0.18301120385662636,0.12285571279064478,0.1268288263803959,0.13371537726838587,0.17475728155339806,0.1537574476263694,0.1163410732464007,0.1295272256264634,0.14080540692762603,0.1021071196509793,0.11241446725317693,0.1465354825204103,0.1031459515214028,0.08042279411764705,0.07265681763138775,0.08429164910590643,0.1026322144409563,0.08521516829995739,0.05737234652897303,0.05300470416749486,0.06243929512973498,0.04423473901503981,F
Missouri,0.0,0.0,0.0,0.0,0.0,0.0,0.0,0.0,0.0,0.0,0.0,0.0,0.0,0.0,0.0,0.0,0.0,0.0,0.0,0.0,0.010214504596527068,0.010560777273207308,0.008919492659257542,0.0,0.009055346276441611,0.04911591355599214,0.08948212221766526,0.04661570016781652,0.10988375455439246,0.12046765147326013,0.14200343174960062,0.13691019484900196,0.14808292643880575,0.18006252720725,0.1511000080586671,0.1640569838435021,0.1778617070332228,0.18386577798207307,0.15084378240784388,0.1622393878489963,0.1506805325692266,0.1378411568632365,0.140964195094446,0.09467704607616242,0.08102595624598363,0.10041024758298189,0.0884766757177289,F
Montana,0.0,0.0,0.0,0.0,0.0,0.0,0.0,0.0,0.0,0.0,0.0,0.0,0.0,0.0,0.0,0.0,0.0,0.0,0.0,0.0,0.0,0.0,0.0,0.0,0.0,0.0,0.0,0.0,0.10082339102671821,0.16832183134152498,0.14792899408284024,0.2004342742608986,0.085426277122843,0.08047642040882022,0.1015916017609211,0.2534640081108483,0.25247971145175835,0.14646649578908824,0.24579315560597464,0.19264110961279135,0.11536243030186503,0.25096525096525096,0.1172103926548154,0.20491803278688525,0.0,0.0,0.0,F
Nebraska,0.0,0.0,0.0,0.0,0.0,0.0,0.0,0.0,0.0,0.0,0.0,0.0,0.0,0.0,0.0,0.0,0.0,0.0,0.0,0.0,0.0,0.0,0.0,0.0,0.0,0.0,0.10522406536271353,0.042452544120322636,0.07495315427857589,0.07422068283028203,0.14753796028769903,0.16101065147386673,0.14644085063033235,0.12001768681700462,0.19972939887893823,0.22086875041831203,0.17222375310002755,0.15469613259668508,0.22784233310549099,0.15392903871315325,0.15499070055796654,0.09186954524575103,0.14987773132444585,0.12061756191701511,0.16150969058143488,0.09879647925273935,0.1326762699014405,F
Nevada,0.0,0.0,0.0,0.0,0.0,0.0,0.0,0.0,0.0,0.0,0.0,0.0,0.0,0.0,0.0,0.0,0.0,0.0,0.0,0.0,0.0,0.0,0.0,0.0,0.0,0.038921323324993054,0.043670506031988646,0.057468261846298524,0.08338110375736099,0.07646039351615863,0.1054799336983274,0.09200077474336626,0.12538311507383673,0.1734304543877905,0.11675675675675676,0.13813426650704483,0.16106989457243265,0.12901228196924347,0.13467650703011366,0.09361748994988711,0.1489490814806642,0.15318962687383741,0.08798460269452846,0.08494252222662665,0.14049877063575694,0.09786531286317206,0.09041591320072333,F
New Hampshire,0.0,0.0,0.0,0.0,0.0,0.0,0.0,0.0,0.0,0.0,0.0,0.0,0.0,0.0,0.0,0.0,0.0,0.0,0.0,0.0,0.0,0.0,0.0,0.0,0.0,0.0,0.0,0.06958942240779402,0.1103420603872003,0.09279307145066501,0.06230529595015576,0.0937109537692628,0.08609556607834697,0.09882507960909191,0.18140589569160998,0.22217025257249765,0.2841962189546522,0.12823800974608873,0.18274376713222817,0.06906077348066297,0.15139003578309937,0.12958963282937366,0.14539110206455366,0.0,0.07890168849613381,0.0,0.08366800535475234,F
New Jersey,0.0,0.0,0.0,0.0,0.0,0.0,0.0,0.0,0.0,0.0,0.0,0.0,0.0,0.0,0.0,0.0,0.0,0.0,0.0,0.0,0.0,0.0,0.0,0.0,0.0,0.026350461133069828,0.060371890847621346,0.07653986115400625,0.0670287129119188,0.06327024647887325,0.09779749032355818,0.08626175493176837,0.10624208641993277,0.11916496255866299,0.10785547366528853,0.12125220458553791,0.12416677558489085,0.11123660882363007,0.13800572985815107,0.08809780654440849,0.13771858294826492,0.10501729164026147,0.1174656779972102,0.09615928502743368,0.08935161804125714,0.07851347814708191,0.05685168028299503,F
New Mexico,0.0,0.0,0.0,0.0,0.0,0.0,0.0,0.0,0.0,0.0,0.0,0.0,0.0,0.0,0.0,0.0,0.0,0.0,0.0,0.0,0.0,0.0,0.0,0.0,0.0,0.059626736628704304,0.07246376811594203,0.09939740324284027,0.131521262604121,0.1869741352446245,0.18313861698768552,0.1125703564727955,0.23279224864728829,0.16700686583781776,0.19744554821990498,0.21039209435766656,0.253026054845107,0.1593394654885203,0.1510802235987309,0.130568356374808,0.13886619833360564,0.21614431789841215,0.2150352657835885,0.13846579894765992,0.1273386227838182,0.09495674192867694,0.12150668286755771,F
New York,0.0,0.0,0.0,0.0,0.0,0.0,0.0,0.0,0.0,0.0,0.0,0.0,0.0,0.0,0.0024884659602741293,0.0,0.0,0.0,0.0,0.0,0.0045898228328386526,0.0047021697901264885,0.005424758598242378,0.0,0.01172154302392367,0.05091860719847008,0.06097376920522805,0.061645201646289505,0.10429232006433453,0.0851994557407902,0.12347398814649714,0.12709281666212763,0.12384522693801045,0.12826108854044255,0.13635783520181632,0.14420765902900176,0.14325422279238828,0.12142136138215545,0.12071535022354694,0.12342687525556179,0.13885888851174127,0.12238852510134082,0.10388910036797361,0.09206286578549353,0.08742007919230703,0.07897263777584335,0.08300398985087579,F
North Carolina,0.0,0.0,0.0,0.0,0.0,0.009717228646390049,0.0,0.0,0.0,0.0,0.0,0.0,0.0,0.0,0.0,0.0,0.0,0.0,0.0,0.0,0.009780907668231613,0.0070204012861375155,0.0,0.009721817146507784,0.0,0.08146149942576321,0.09805610399247354,0.0610516140520465,0.08827288178021371,0.08152137597391317,0.10952756221031963,0.11094921734015961,0.1168425944366992,0.1136026231878445,0.11170028374439893,0.09201566895391329,0.11328783399187643,0.1166384790342334,0.096724751119775,0.08982127089486344,0.09548303636055627,0.10071261807028521,0.07248500177356919,0.08543492706388635,0.04896200548374462,0.07181696932389453,0.0638807559222784,F
North Dakota,0.0,0.0,0.0,0.0,0.0,0.0,0.0,0.0,0.0,0.0,0.0,0.0,0.0,0.0,0.0,0.0,0.0,0.0,0.0,0.0,0.0,0.0,0.0,0.0,0.0,0.0,0.1088139281828074,0.1692047377326565,0.30917874396135264,0.2529182879377432,0.267379679144385,0.2645002833931608,0.3960022628700735,0.3798670465337132,0.47728140511645667,0.25096525096525096,0.4022526146419952,0.3592097385751347,0.2849002849002849,0.29069767441860467,0.3017160098057703,0.21758839528558477,0.1310615989515072,0.3004694835680751,0.102880658436214,0.2157497303128371,0.11665888940737283,F
Ohio,0.0,0.0,0.0,0.0,0.0,0.009046158021303702,0.00507393447376051,0.0035509598244405464,0.005017345680782132,0.0,0.0,0.0,0.0037612649886409797,0.0,0.0,0.0,0.0,0.006750067500675007,0.004553941436313129,0.0,0.0,0.006691201070592172,0.0,0.0,0.013424861052688104,0.0562843266306568,0.06143181984889606,0.09152229025379131,0.10449420057186826,0.11317672299258938,0.12439915209537931,0.1294412622051899,0.14631648255175944,0.1558830034863023,0.18494284076529563,0.20329312397511065,0.18527041219716547,0.17933645511607055,0.185249064172831,0.16301300191703288,0.17532527452246932,0.15508397067985102,0.14396305853592287,0.16135595122840987,0.10584343991179714,0.10094367037303276,0.11405805715754469,F
Oklahoma,0.0,0.0,0.0,0.0,0.0,0.0,0.0,0.0,0.0,0.0,0.0,0.0,0.0,0.0,0.0,0.0,0.0,0.0,0.0,0.0,0.0,0.0,0.0,0.0,0.0,0.04442329049658893,0.07484542792059876,0.035639073384092015,0.06561034018961388,0.09617616820880177,0.11395247511479037,0.08465966813410092,0.12992785584846311,0.09076240419524002,0.14521630475161257,0.13479479266432548,0.13416491406193343,0.12198841110094541,0.15447991761071062,0.14136273678258413,0.1315055391727106,0.15871078012452694,0.09073287417000042,0.07720351704911001,0.10583471378612183,0.05818181818181818,0.09720658958354651,F
Oregon,0.0,0.0,0.0,0.0,0.0,0.0,0.0,0.0,0.0,0.0,0.0,0.0,0.0,0.0,0.0,0.0,0.0,0.0,0.0,0.0,0.0,0.0,0.0,0.0,0.0,0.050935948045332996,0.048655486717052124,0.04213119004407571,0.056873306346391886,0.09478672985781991,0.09413030323404827,0.10649993129036692,0.09726612707124743,0.12595744680851062,0.08842334376275338,0.10643959552953698,0.1275941006492288,0.15950235265970175,0.10634816753926701,0.08287407284631003,0.08769731896767727,0.11706175007316359,0.09499136442141623,0.06967730697208553,0.0751244248286224,0.06447453255963895,0.056532017679103715,F
Pennsylvania,0.0,0.0,0.0,0.0,0.0,0.0,0.0,0.0,0.0,0.0,0.0,0.0,0.0,0.0,0.0,0.0,0.0,0.0,0.0037373397615577232,0.0,0.008049455856784082,0.004995961597708519,0.0,0.007179910610112904,0.00753019136098796,0.04148908082827292,0.07761891985127832,0.08141901715615005,0.09332757980511595,0.08805340541426056,0.13366528579882864,0.1338067493388682,0.11822848987069424,0.12691573435150325,0.18924120727288365,0.15349706353443673,0.20318670217650842,0.15500733303921685,0.19014860658616636,0.15206211057264366,0.16679302501895374,0.15599446471254247,0.1305685549551413,0.1299049149591536,0.13815624215021352,0.12523481527864747,0.11352284079556806,F
Rhode Island,0.0,0.0,0.0,0.0,0.0,0.0,0.0,0.0,0.0,0.0,0.0,0.0,0.0,0.0,0.0,0.0,0.0,0.0,0.0,0.0,0.0,0.0,0.0,0.0,0.0,0.0,0.06743088334457181,0.07994518044769301,0.05827505827505827,0.15084706428405661,0.11512779184895235,0.1063955550301454,0.24351637647631805,0.3318019397651863,0.15698587127158556,0.23856300870053326,0.28700906344410876,0.39068604469448354,0.3336510962821735,0.22479126525369297,0.2171734046107584,0.23989033584647018,0.25768768252877516,0.21041557075223566,0.15068751177246187,0.1765051970974701,0.22717885171416768,F
South Carolina,0.0,0.0,0.0,0.0,0.0,0.0,0.0,0.0,0.0,0.0,0.0,0.0,0.0,0.0,0.0,0.0,0.0,0.0,0.0,0.0,0.017712177121771217,0.0,0.016218495572350708,0.0,0.0,0.08950834345630075,0.12464842751214522,0.10287073649017907,0.1035464664768315,0.10031767262999498,0.10192339306263358,0.11440151663724912,0.09779632285826052,0.11413764382885523,0.10900031142946122,0.1250117198487358,0.11274331001094275,0.12949741005179896,0.1377799759768247,0.07589995662859621,0.13130060544168065,0.07967838904784326,0.09076386871914029,0.09772599135500847,0.06328863573434595,0.08200082000820008,0.06808510638297872,F
South Dakota,0.0,0.0,0.0,0.0,0.0,0.0,0.0,0.0,0.0,0.0,0.0,0.0,0.0,0.0,0.0,0.0,0.0,0.0,0.0,0.0,0.0,0.0,0.0,0.0,0.0,0.07890168849613381,0.10716472749540723,0.0,0.12859668863526766,0.12857602057216327,0.2639751552795031,0.17200938232994528,0.28391167192429023,0.37872810478144237,0.32087277394513075,0.3483742534837425,0.2934069727304108,0.3784465669489998,0.41772611696331274,0.36569756811117204,0.21606049693914295,0.2401625715869204,0.20809685962920924,0.2755363117496556,0.4897959183673469,0.17293558149589278,0.27069704489059326,F
Tennessee,0.0,0.0,0.0,0.0,0.0,0.0,0.0,0.0,0.0,0.0,0.0,0.0,0.0,0.0,0.0,0.0,0.0,0.0,0.0,0.0,0.0,0.0,0.0,0.010835214446952596,0.009084632435771648,0.06742609744845453,0.09941416651872892,0.08506415254838023,0.08225939128050452,0.09182908545727136,0.13413316442490406,0.0822983689959599,0.13443871835088506,0.12059369202226346,0.09370004960590862,0.10501393821361743,0.12247647431055952,0.09218763399365405,0.11421542786856441,0.14361467079098542,0.11939626041901329,0.09197980931015143,0.06333551991675904,0.09590418937568711,0.07208765859284891,0.09741719538392367,0.08788709093728998,F
Texas,0.0,0.0,0.0,0.0,0.0,0.0,0.0,0.0,0.0,0.0,0.0,0.0,0.0,0.0,0.0,0.0,0.0,0.0,0.0037940105220558473,0.0,0.0025767329602796613,0.00346724107293775,0.002606916148542082,0.0,0.0025847251360211604,0.03793400335865108,0.05420737472423574,0.06787173060647071,0.06280109406116496,0.08012491268439002,0.08272958483673193,0.08712369109947644,0.11533551964603077,0.1127141568981064,0.1003266636167361,0.1027782896218496,0.11701489510903085,0.10741853724360483,0.09415720118867725,0.09116271399187323,0.08853977479113695,0.07662766971692313,0.08704379724124454,0.07252230749458377,0.07489390030789714,0.0643168236604882,0.05465817816483865,F
Utah,0.0,0.0,0.0,0.0,0.0,0.0,0.0,0.0,0.0,0.0,0.0,0.0,0.0,0.0,0.0,0.0,0.0,0.0,0.0,0.0,0.0,0.0,0.0,0.0,0.0,0.016955474922852588,0.04339553359815736,0.04602386666228344,0.06894061258658613,0.07162157762802357,0.11649354431608583,0.11359579371003861,0.12302512302512303,0.10828370330265295,0.11707378812808507,0.1381703672761158,0.16689373297002724,0.1434308663224326,0.15527950310559005,0.1098609690495132,0.13868556899607057,0.09665944942777606,0.11339641823727223,0.05212719034444044,0.08868992313539995,0.093863138604568,0.05028571428571429,F
Vermont,0.0,0.0,0.0,0.0,0.0,0.0,0.0,0.0,0.0,0.0,0.0,0.0,0.0,0.0,0.0,0.0,0.0,0.0,0.0,0.0,0.0,0.0,0.0,0.0,0.0,0.0,0.0,0.0,0.0,0.0,0.0,0.0,0.2546689303904924,0.23453532688361184,0.20814748736247396,0.0,0.36727879799666113,0.17550017550017552,0.2926115581565472,0.0,0.0,0.18096272167933405,0.0,0.22036139268400176,0.0,0.0,0.0,F
Virginia,0.0,0.0,0.0,0.0,0.0,0.0,0.0,0.0,0.0,0.0,0.0,0.0,0.0,0.0,0.0,0.0,0.0,0.0,0.0,0.0,0.0,0.0,0.00780896156429118,0.011120113107436179,0.012966174492293231,0.04829673514070449,0.08656204414664251,0.08653785637862672,0.09247448979591837,0.0975375759513911,0.09224798803957121,0.12519365894117462,0.11649690653484673,0.09875846501128668,0.13986453569688684,0.11360081660876865,0.122563622435952,0.09804264855212018,0.11455561234380784,0.09040309143120502,0.1093876087151439,0.09279583132573122,0.08159416873674094,0.06932473956381624,0.09587164938368226,0.0743165886677245,0.04282013402701951,F
Washington,0.0,0.0,0.0,0.0,0.0,0.0,0.0,0.0,0.0,0.0,0.0,0.0,0.0,0.0,0.0,0.0,0.0,0.0,0.0,0.0,0.0,0.0,0.0,0.0,0.0,0.028220420296126276,0.07187169011953397,0.05310573731626363,0.0565247051944255,0.05969674055796554,0.11505197175275728,0.10922233696083881,0.09410916663329462,0.13937552023848698,0.12596410991822024,0.15051115150804356,0.11646820217273439,0.12454614540234737,0.10223206679161698,0.11395398838959364,0.13383356370258234,0.12834457254731346,0.09638765361782295,0.05939679257320105,0.07710460524778616,0.07753252731810142,0.09672410721103673,F
West Virginia,0.0,0.0,0.0,0.0,0.0,0.0,0.0,0.0,0.0,0.0,0.0,0.0,0.0,0.0,0.0,0.0,0.0,0.0,0.0,0.0,0.0,0.0,0.0,0.0,0.0,0.04024954719259408,0.040499493756328046,0.0,0.04812650395324854,0.06909894969596463,0.0896551724137931,0.07025925665706458,0.06513243595310464,0.11680537304716017,0.13746201707422948,0.1696614482918177,0.14408068518370287,0.18667798048366568,0.20418580908626852,0.17616489033735577,0.11655011655011654,0.20813623462630085,0.18527547537786446,0.13438081455447592,0.16895697229105655,0.1397624039133473,0.0735023888276369,F
Wisconsin,0.0,0.0,0.0,0.0,0.0,0.0,0.0,0.0,0.0,0.0,0.0,0.0,0.0,0.0,0.0,0.0,0.0,0.0,0.0,0.009294889669659622,0.0,0.0,0.0,0.014408925300014409,0.0,0.04633334737374163,0.10823888959633263,0.07866482406718402,0.10035998690956693,0.1327433628318584,0.12806359019651137,0.14426761642847483,0.17037323095795187,0.18229463370172042,0.23784782357695416,0.20929561200923788,0.20182891884484092,0.22068095838587645,0.17070857607370274,0.1852722395818931,0.1624331363598174,0.1619686292339168,0.16399102364923185,0.1309913664781185,0.1269559145586695,0.15325920370430757,0.1581625636088571,F
Wyoming,0.0,0.0,0.0,0.0,0.0,0.0,0.0,0.0,0.0,0.0,0.0,0.0,0.0,0.0,0.0,0.0,0.0,0.0,0.0,0.0,0.0,0.0,0.0,0.0,0.0,0.0,0.0,0.0,0.0,0.0,0.2367264119039567,0.0,0.0,0.22172949002217296,0.0,0.19023462270133165,0.0,0.0,0.2324680356450988,0.2237970906378217,0.0,0.0,0.0,0.2193944712593243,0.0,0.0,0.0,F
