state,1915,1919,1920,1933,1935,1943,1948,1949,1950,1952,1953,1954,1957,1958,1959,1960,1961,1962,1963,1964,1965,1966,1967,1968,1969,1970,1971,1972,1973,1974,1975,1976,1977,1978,1979,1980,1981,1982,1983,1984,1985,1986,1987,1988,1989,1990,1991,1992,1993,1994,1995,1996,1997,1998,1999,2000,2001,2002,2003,2004,2005,2006,2007,2008,2009,2010,2011,2012,2013,2014,2015,2016,2017,2018,2019,gender
Alabama,0.0,0.0,0.0,0.0,0.010078613182826043,0.0,0.0,0.0,0.0,0.0,0.0,0.0,0.0,0.0,0.0,0.0,0.0,0.0,0.008143720377217127,0.034166897157639556,0.15329856216521004,0.11838322340605445,0.13057120028063063,0.10767267506779392,0.13029315960912052,0.12948927904939633,0.0844014367872495,0.11208345906798294,0.07242276790766097,0.08513967508859129,0.1726328913611624,0.146177459435755,0.13344069941332107,0.1627144600512072,0.17566272756307888,0.20383934771408732,0.18151322289364244,0.21282567005004913,0.27197691743726793,0.23801589946208407,0.25324844382381484,0.4240146477787415,0.40972804600455254,0.3983685857915204,0.5124000819840131,0.5245436012552398,0.5353899856128682,0.4607736146477507,0.41649312786339027,0.504693650953871,0.4814872032545445,0.5444504938943766,0.41114783106508107,0.42106357540156986,0.4625128110792842,0.3715415019762846,0.33179417701219344,0.3244050182298395,0.2993925785185825,0.28077564271299466,0.30010780571661666,0.25812968210768494,0.25061950889840057,0.1960727776015686,0.21709218773887784,0.1959375612304879,0.2017959842599132,0.12586092367933432,0.1615281972048599,0.14234628337325975,0.11256507668495849,0.121868167317825,0.11197790302713599,0.13071377643983206,0.1010468453174892,F
Alaska,0.0,0.0,0.0,0.0,0.0,0.0,0.0,0.0,0.0,0.0,0.0,0.0,0.0,0.0,0.0,0.0,0.0,0.0,0.0,0.0,0.0,0.0,0.1266357112705783,0.12518255789693303,0.0,0.17403411068569438,0.12488849241748438,0.14915832090347325,0.0,0.22011886418666077,0.22471910112359553,0.25495195136301235,0.18321729571271528,0.17452006980802792,0.2947920078611202,0.38989394884591394,0.24886546625677058,0.29570583697608643,0.34973468403280267,0.3774879890185312,0.4670767828662566,0.6422685409597674,0.7550550294343485,0.749665327978581,0.9615384615384616,0.9419152276295133,0.9489441325848703,0.8266740148801324,0.9174311926605505,0.9335443037974683,1.0197258441992645,0.8214958069484853,0.7987220447284344,0.7466666666666667,0.5522827687776142,0.46563605885639786,0.4939209726443769,0.5804953560371517,0.3591380686352753,0.3488372093023256,0.6699846860643185,0.46100653092585475,0.3607366622365673,0.3578828404595969,0.34688764694546154,0.2940599882376005,0.3768345894486315,0.3334027922483851,0.2612540192926045,0.30599755201958384,0.18816642274722975,0.15432098765432098,0.3691853310361802,0.15604681404421328,0.1926252063841497,F
Arizona,0.0,0.0,0.0,0.0,0.0,0.0,0.0,0.0,0.0,0.0,0.0,0.0,0.0,0.0,0.0,0.0,0.0,0.0,0.0,0.017438616071428572,0.09726898615787505,0.047380266119161366,0.08278145695364239,0.09826271519534628,0.10030835531448527,0.07777101508081423,0.07699775702186067,0.11375779930366439,0.07808256382400869,0.09137486538524296,0.1435390726708282,0.13803983435219877,0.14842417735110214,0.18734643734643733,0.17436791630340018,0.1911445104867639,0.19655276685817963,0.2714075844724982,0.273109760598381,0.3112230352561057,0.40198996135566123,0.47145102147721324,0.6049822064056939,0.7353842382644932,0.772411011394575,0.7655140874475573,0.8495539334955393,0.8613436961660189,0.7841300230147252,0.7204150868090201,0.7638409158195993,0.7065029068648212,0.6703241509871344,0.744388456252863,0.7718648773715873,0.7096382096382097,0.6192119121118577,0.6146412520206775,0.5821025195482189,0.5405035577449371,0.5748478838202171,0.4685589034133325,0.4846291779073712,0.5181435462153364,0.49587395445444504,0.4295722343778228,0.35756360705206375,0.31666528686149514,0.32299335137062435,0.26701155659393383,0.24907669844541785,0.23051178048185827,0.2766807765980088,0.23193841294907222,0.2177689057112488,F
Arkansas,0.0,0.0,0.0,0.0,0.0,0.0,0.0,0.0,0.0,0.0,0.0,0.0,0.0,0.0,0.0,0.0,0.0,0.0,0.0,0.0,0.08788534342888048,0.09818181818181818,0.04921818801347821,0.07340158392891637,0.08641743377794477,0.058528733950323736,0.10551977586144162,0.09285051067780872,0.08286311802075523,0.10061530126543092,0.10747979777875084,0.1928562818915987,0.22416325268609416,0.20826658122396666,0.2768087365387532,0.22034520749173708,0.27208768997551214,0.28798525515493606,0.29379928869645894,0.37664052186068187,0.4273836350920817,0.5889140901675222,0.7315521628498728,0.7464183956017497,0.8410593435825215,0.6792038004004554,0.7052588666938443,0.6769621324307171,0.680330323905695,0.7454457236116625,0.6214191273688849,0.6698068363510652,0.5798491520251123,0.4637528984556154,0.4839282543065175,0.4723931698015082,0.32595106268976604,0.28761459644076937,0.27400952295391245,0.31807185736045157,0.3201803833145434,0.27024632287790185,0.29678927961147583,0.2772816994078391,0.19683102056884164,0.24169819251786467,0.19088016967126192,0.19249807501924981,0.15703869882220978,0.1885223177155531,0.09103840682788052,0.11882835244489336,0.17615602390688895,0.09847689075630252,0.07589347316130812,F
California,0.0,0.0,0.0,0.0,0.0,0.0,0.0,0.0023236360256529416,0.0,0.0019980578877331233,0.0,0.0,0.002281720808641855,0.0033026189768486413,0.0022658194659787205,0.0025052375121738884,0.0030962436372193253,0.004059683594506311,0.003743145365050252,0.01781833570380835,0.07878522608666375,0.07025063154608158,0.07716159638769415,0.0961555646905328,0.10534714474697687,0.08195416662433497,0.08540641413457342,0.10513490275021495,0.10072642532159899,0.0899557614816823,0.10375732224409931,0.10820211367910794,0.10656210181421029,0.1135833894467342,0.13408148942187834,0.13876040703052728,0.13940185639415953,0.17217125382262996,0.18238493168855285,0.1911624145283435,0.27686426623942434,0.3876397354213752,0.4786625136437452,0.5614793297672606,0.6242923449981208,0.6128226179100327,0.6265854493438308,0.5881413853020182,0.613802136531321,0.6087133752895676,0.6244035586385233,0.6547475810567457,0.6868143184720372,0.7450423351158645,0.7903529451671445,0.7195569381861808,0.723293768545994,0.7277675031514677,0.7276155209591655,0.7054044177014014,0.7133171526567075,0.6620444745074828,0.6757063944897821,0.6701538388546894,0.5777249676152535,0.5501688279268981,0.5185041373215864,0.4912729968326706,0.48615223588712453,0.40827732868028954,0.39027689229696266,0.36555352670742003,0.33298161910878676,0.32753801271905375,0.27704254947340606,F
Colorado,0.0,0.0,0.0,0.0,0.0,0.0,0.0,0.0,0.0,0.0,0.0,0.0,0.0,0.0,0.0,0.0,0.0,0.0,0.0,0.0,0.07259413565634568,0.06727437855292812,0.05913466276815926,0.09962720143977374,0.06802300414321934,0.07045974986788797,0.09160025648071815,0.1312882256876621,0.07344019413755667,0.06976375455842715,0.15364836474240381,0.1357228785588698,0.12005504963251443,0.13475929695788055,0.14665102389078497,0.14916694056076657,0.222415627115366,0.2775929707036179,0.30242628359337415,0.29648159729460544,0.3724737314050537,0.45522473847568684,0.5427537611883451,0.5539295130741879,0.8533463367060832,0.8098746157974337,0.8298143965432584,0.7425014702999412,0.7991355263488552,0.7817672523554876,0.7083674304418985,0.726813880126183,0.7124630504535003,0.8071398961203637,0.6231715148776253,0.5498171110446525,0.561580610690494,0.5550333467615595,0.5678134710392775,0.508799925992738,0.5489414925649696,0.5241187384044527,0.467557251908397,0.5199136747106141,0.452768059271455,0.3666684773751969,0.3127443315089914,0.2728900764660735,0.2680965147453083,0.24241025049059217,0.2457002457002457,0.24087891428235708,0.240617480703728,0.1768694114179031,0.18050541516245489,F
Connecticut,0.0,0.0,0.0,0.0,0.0,0.0,0.0,0.0,0.0,0.0,0.0,0.0,0.0,0.0,0.0,0.0,0.0,0.0,0.0,0.0,0.03467331238487377,0.03407696851288109,0.03813882532418002,0.04627938131774449,0.09406203270464522,0.06959777287126812,0.09461505190311419,0.09669671543092423,0.07699002477070362,0.08186935016203309,0.10101361942248074,0.11357989635834458,0.1531393568147014,0.13748066678123388,0.14462266631606627,0.1329054426399559,0.17368786711299183,0.18291737715082934,0.2854019917415594,0.25925816810535307,0.4012292982755677,0.5149013572128166,0.656858294838589,0.7661532829537432,0.8737563791948039,0.9700785789244669,1.0042621204049014,0.9703369916788764,0.9444932921122047,0.9777596170684723,0.9059818803623927,1.01456340259582,0.9673362783348918,0.8560984994228549,0.9425625920471281,0.8402249421104864,0.7741193969305659,0.7949125596184419,0.6929911832309856,0.7925174925032129,0.7199556950341518,0.6018395851470533,0.5651455153588866,0.539700711423665,0.6297718155545011,0.46901776855777033,0.401810456308886,0.3949781351389477,0.42300380228136886,0.43553599025898004,0.33166698711786197,0.2839796318057188,0.28055498877780044,0.22706870148386754,0.28675416344987315,F
Delaware,0.0,0.0,0.0,0.0,0.0,0.0,0.0,0.0,0.0,0.0,0.0,0.0,0.0,0.0,0.0,0.0,0.0,0.0,0.0,0.0,0.05924872615238773,0.08732534930139721,0.0768344218209758,0.07742934572202864,0.0,0.11022657685241885,0.10471204188481677,0.09052504526252263,0.0,0.1327360212377634,0.21922428330522764,0.1554672655035412,0.1971738416036806,0.16007683688170324,0.18838304552590265,0.23763552651121342,0.17889087656529518,0.26521290702814204,0.19501950195019502,0.26412325752017607,0.37426227148409386,0.5550021346235947,0.6064690026954178,1.069449813168406,0.9691096305269533,1.0517608130465612,1.0851011948305291,1.1629409484429512,0.9158249158249159,1.0802680158621634,1.0221710336884537,0.8695652173913043,0.8762810040100995,0.9773434029320303,0.8201523140011716,0.6338231057332181,0.729816025543561,0.63571850975754,0.6053617757278754,0.7691169945274368,0.7457121551081283,0.3949567066686921,0.38273116962645437,0.42789223454833597,0.6194542106144316,0.5395057431256526,0.27821248478525473,0.3271537622682661,0.26590693257359926,0.1819505094614265,0.26320736980635456,0.0,0.22407822367080873,0.17578554163920018,0.11687704534829359,F
Florida,0.0,0.0,0.0,0.0,0.0,0.0,0.0,0.0,0.0,0.0,0.0,0.0,0.0,0.0,0.0,0.0,0.0,0.005273594059823651,0.0,0.01738601295257965,0.07426403184070365,0.07222476346389967,0.07070118207414942,0.13926896012509773,0.11602677898058872,0.11023432980801764,0.11417780998177547,0.1332892967515157,0.1275525698805865,0.1409157132962335,0.16814797021378813,0.19898581423711406,0.1612804691795467,0.1888980548282582,0.22800174354274472,0.2047906754016852,0.263601651386816,0.28223314671511973,0.2837613549158532,0.30079929103396563,0.41334754554552927,0.522311887978055,0.6046543789423543,0.6472420743998534,0.7439242701810355,0.8097968332501896,0.8705399902090858,0.7997028426595582,0.8071623725726373,0.8442102742186564,0.7754531078944168,0.7265827471306923,0.8081368897525466,0.753838564469384,0.7758921983612287,0.7262982390693637,0.6450723216474625,0.571424158886804,0.5426485481506115,0.5203099528818026,0.5430397138682311,0.4563686097764928,0.4872272276556737,0.4886569838795901,0.4331409157146422,0.39850643805569047,0.3580205968143821,0.35889800239265335,0.3373744430339845,0.2811660816055088,0.27740753082305897,0.2985099798463601,0.27006307279506564,0.2631745543667984,0.23291633795409294,F
Georgia,0.013566373482261966,0.0,0.0,0.0,0.0,0.0,0.0,0.0,0.0,0.0,0.0,0.0,0.0,0.0,0.0,0.0,0.0059291584152545386,0.0,0.006038720274399449,0.022823919467602045,0.13630284950108013,0.11797090051120723,0.08466086269419085,0.13791550564327731,0.13675587708381767,0.11589145267982709,0.1002017575929913,0.12257616705802432,0.1086821512855546,0.10377087391040582,0.11749480638899294,0.13150153995224417,0.14398848092152627,0.18177311410394117,0.1819505094614265,0.19265502709211318,0.18478688921874528,0.22733431694318146,0.27392339126139476,0.2554840983173289,0.32126581561889667,0.41804974930903743,0.4568602948092608,0.4843349961728297,0.5430713986626232,0.5261703837653205,0.5223734774962548,0.49358864084479087,0.5158943965517242,0.47252196753273124,0.5326483709612004,0.4637979902087091,0.5049970916397863,0.41782002402465135,0.44798091322114775,0.4151434413532437,0.40558866342361616,0.38258129852593675,0.3574598165861355,0.3401360544217687,0.3928768129245456,0.33237524100162047,0.2946544669378601,0.3075845857610843,0.2935149071197197,0.2346131692446018,0.22632588043650623,0.24412841743018077,0.2378013906866139,0.21408500958922438,0.1806439958451881,0.18876828692779613,0.1765696883302015,0.15526075180706264,0.19166696521334145,F
Hawaii,0.0,0.0,0.0,0.0,0.0,0.0,0.0,0.0,0.0,0.0,0.0,0.0,0.0,0.0,0.0,0.0,0.0,0.0,0.0,0.0,0.07949827753732003,0.0876424189307625,0.10968192242496759,0.13415892672858618,0.13443441521029384,0.10995052226498077,0.05893330714075238,0.11328527291452112,0.15724918754586434,0.10474494605635279,0.12454592631032695,0.1333196595221003,0.12144519785446818,0.18346753643869126,0.23108610469205265,0.27516842205142805,0.11613277847672505,0.22146350465996126,0.23189439885836602,0.2374429223744292,0.4257332071901609,0.34818941504178275,0.6328497712004674,0.6924408540103866,0.5912645432004577,0.674874601003192,0.7136060894386299,0.6249380021823232,0.7193505292364608,0.6710694503621645,0.5806526535826269,0.7129909365558912,0.6490925950457014,0.6238980062389801,0.46202714409471557,0.3707400541850848,0.5203550658096112,0.6181215136439017,0.33488642981945255,0.3739715781600598,0.6405124099279423,0.4239854633555421,0.40290088638195,0.5081784976973162,0.3766478342749529,0.4180602006688963,0.15493200206576002,0.46439628482972134,0.16992353440951571,0.20982689281342895,0.2156721782890007,0.28016436309301457,0.26804123711340205,0.2656042496679947,0.0,F
Idaho,0.0,0.0,0.0,0.0,0.0,0.0,0.0,0.0,0.0,0.0,0.0,0.0,0.0,0.0,0.0,0.0,0.0,0.0,0.0,0.0,0.06311803071744161,0.0,0.0,0.055041831792162044,0.0847637211273575,0.09724788485850433,0.0,0.07008410092110533,0.06858038600960126,0.0729793833242109,0.07799636016985874,0.0976483033607291,0.1350641554738501,0.08731717965509714,0.17408258477821878,0.18527413710286145,0.19764240841391967,0.18344739998588866,0.26022304832713755,0.20004616449949986,0.3061060093442887,0.43044077134986225,0.821373770195866,0.7450331125827815,0.8702746804460157,0.877808988764045,0.8581436077057794,0.9790450017176229,0.8489258489258489,0.9210060219624512,0.8196014148908635,0.9193836724270026,0.6847556278353163,1.0051934997487018,0.6690081953503931,0.6422554007840521,0.582653570834027,0.5684626791893228,0.5537720706260032,0.5391690453536314,0.5398638604178078,0.37453183520599254,0.4471051833889057,0.4377880184331797,0.5042440541221951,0.4875886524822695,0.2553191489361702,0.2762430939226519,0.338556780808667,0.3713578366025519,0.3148057058534186,0.2412060301507538,0.2190694763196328,0.26705240903527316,0.2327127659574468,F
Illinois,0.0,0.0,0.0,0.0,0.0,0.0,0.0,0.0,0.0,0.0,0.0,0.0036163562627541134,0.0,0.0,0.0033741932063029926,0.0,0.003450927806590286,0.0,0.0,0.010700451559055793,0.04409272069265656,0.037576046761302634,0.04621413782904466,0.05089921954530031,0.05565526254901102,0.05912447511945558,0.06284988596309352,0.0713343853353797,0.07737566267275457,0.0613558100117343,0.08945371541380055,0.14566810793313142,0.12320696530043831,0.15638759831162127,0.21581222887683496,0.22740113979589702,0.2377511869763601,0.2658031050961118,0.3335410328776161,0.32298793199635906,0.4233972694898026,0.5469434623636419,0.7183429235816431,0.8125566305205624,0.8778315722514755,0.8775778850372972,0.906564036775711,0.8520635107667835,0.8828801912160144,0.84259836651508,0.8339639421764196,0.7586864389806203,0.808614284425564,0.8354019083119604,0.7369363189989042,0.6672894701721607,0.6385176904967567,0.5688818980207104,0.5090660998714214,0.5352540211407377,0.5494251812179695,0.5440494015456583,0.4762671262060542,0.4819229319953196,0.4432890389535064,0.42133758309410235,0.3670514665065537,0.38426710627133204,0.3098245116125065,0.27148253068932954,0.2640494821495316,0.2667035690472896,0.2374283046551954,0.2537459421912876,0.2016553799849511,F
Indiana,0.0,0.0,0.0,0.0,0.0,0.0,0.0,0.0,0.0,0.0,0.0,0.0,0.0,0.0,0.005120904556580874,0.0,0.0,0.0,0.00546728920866456,0.013228242297304746,0.06910520671988563,0.05752049932688777,0.060264410099310724,0.06179276252268953,0.05770847185457465,0.06444221681225834,0.07252266333229133,0.07455474251000967,0.08218111564468922,0.11531668296670414,0.10658771280532939,0.15289131092945807,0.13382065154829054,0.1668081121418747,0.22507948119179585,0.19611634394939648,0.22079196490417918,0.2513216049917671,0.3349578285076271,0.33908098409512516,0.4016794749367165,0.5280620589747185,0.6720536377868087,0.7563471011746874,0.8217824746280274,0.9225962388728409,0.8555957758698058,0.8488435480102795,0.9109135973982918,0.8584525178574322,0.7849851401989922,0.8022397223268226,0.7702289060420549,0.7287758557721039,0.688282610498383,0.5687625704771011,0.5266098853649864,0.48725768570126543,0.4049779260958737,0.4356226945371509,0.4288011434697159,0.3812694662227473,0.3730392692069731,0.3889360898706693,0.34144598403938536,0.25473983128706257,0.23982851200203747,0.2003789776316076,0.24041672231868572,0.15841849256994958,0.19072270281315987,0.15255709155772526,0.12075211316198034,0.1468390952650832,0.12887635924285137,F
Iowa,0.0,0.0,0.0,0.0,0.0,0.0,0.0,0.0,0.0,0.0,0.0,0.0,0.0,0.0,0.0,0.0,0.0,0.0,0.0,0.0,0.0250740825165261,0.0333889816360601,0.046860356138706656,0.06285829226591572,0.02002302648045252,0.034234013938134245,0.061075999787561744,0.05875613267134757,0.031131311873482347,0.03296769166217107,0.08145217593670002,0.14156939789668324,0.10738831615120276,0.1318622174381055,0.1432151808091658,0.1329120272845822,0.22182671722252315,0.18865919115693255,0.28256337100844947,0.26671158651281623,0.4338079017090285,0.5720180045011253,0.7921744708146248,0.9346095587998324,1.0957342369446117,1.09060139772478,1.0162141169617138,1.0683122656846158,1.0171215460247498,0.8646140868831717,0.9398835990311969,0.8789942000792537,0.7882251858493033,0.7848242514413242,0.7062624441188625,0.661929693343306,0.6910553234685511,0.5614867536575722,0.44140454129717266,0.622876557191393,0.5291436014327581,0.3706803778548368,0.3509061635635553,0.36147689129873484,0.3286920794339192,0.25254931859334795,0.3003453972067878,0.23406095761461357,0.22014027543132134,0.18293612480308957,0.12446841613940461,0.16669355272355754,0.15943514406104087,0.14294222751637878,0.09936653831822133,F
Kansas,0.0,0.0,0.0,0.0,0.0,0.0,0.0,0.0,0.0,0.0,0.0,0.0,0.0,0.0,0.0,0.0,0.0,0.0,0.0,0.0,0.03930560104814936,0.024952767974904644,0.06295829938523073,0.09208103130755065,0.06330449461911795,0.05516860906144403,0.08494921514312095,0.068714632174616,0.09202325678671519,0.09868826843209012,0.09918273426961835,0.09922149290184704,0.16648784638721373,0.08121977332299628,0.17534811758638474,0.14617033716624442,0.21300947415273094,0.2674744610228481,0.29555384219994857,0.2654171308735828,0.3922883487007544,0.4971254649983091,0.5432496845646992,0.767834706128717,0.9935385256722018,0.94771702367531,0.8304421643168229,0.8587536870402868,0.8543390417548585,0.8636523506194068,0.8046846990399554,0.6816604759377934,0.6265766132313451,0.6852316640771284,0.5648378559860963,0.5257788589814015,0.5455776352992712,0.48559146632701805,0.5100023721040563,0.47717255044684376,0.46963695021848323,0.4689283966726472,0.48822165263029416,0.3149143432986228,0.33567287152883735,0.24840793098776023,0.257781172426962,0.308305269648532,0.24345406667660358,0.1842537722224989,0.20257267294641954,0.18750976613365278,0.13387627600825572,0.1341420739531086,0.15888535810315327,F
Kentucky,0.0,0.011909298780487805,0.010917745703867065,0.01116968992940756,0.0,0.0,0.0,0.0,0.0,0.0,0.0,0.0,0.0,0.0,0.0,0.0,0.0,0.0,0.0,0.008544087491455913,0.04914562225918644,0.05238450224648924,0.08855571802211834,0.10628542847615871,0.07785130400934215,0.06815172521224394,0.10529599875204743,0.09829689937389148,0.10331941085952956,0.0883099679876366,0.14813846589547525,0.1632337464292618,0.1386368733307509,0.20322222455008276,0.1713341628082485,0.2504797495202505,0.27017404234821035,0.3758049192441676,0.4066298342541437,0.4309356805574658,0.46061616091475127,0.716564300338047,0.7294050343249427,0.8986253460921941,1.0168138267894045,0.9754842331804996,0.913338498743866,0.9133850677206343,0.8858169477991815,0.7416750756811302,0.8231511254019293,0.6753609687936656,0.6853211958208338,0.5999077065066913,0.48968535111481554,0.45616462930217067,0.4178678162439502,0.40681275764807984,0.288458921816747,0.3392916252896392,0.31341876074776726,0.29144899642562555,0.27280242491044365,0.25379246697813923,0.25309590526981834,0.22694582068083746,0.1844350031288081,0.15956543880495672,0.16238814221055178,0.13816558614092891,0.11474057872279393,0.10435301132975551,0.10152680698192042,0.10320769516575157,0.12061686913069698,F
Louisiana,0.0,0.0,0.0,0.0,0.0,0.0,0.0,0.0,0.0,0.0,0.0,0.0,0.0,0.0,0.0,0.0,0.0,0.0,0.0,0.030761568547028578,0.17676848106506993,0.139234211834908,0.12573700576011418,0.13375021712697585,0.1076314144851052,0.1197330656947159,0.06058825689420923,0.11769634343394043,0.08835037233371199,0.109153949874794,0.15394023744754434,0.16884849495539064,0.08975784893363772,0.1728054676426616,0.1854674330205483,0.1571640618178643,0.1862004758456605,0.21054742330058152,0.22050151274293625,0.2310511960808158,0.2635046113306983,0.3614345598509548,0.40144758439298356,0.4894978634621943,0.5366653840701513,0.5390053278603562,0.48591891492193606,0.45881727103466624,0.49008275925840306,0.4495300367797303,0.47385177324218264,0.4594063449120747,0.4300145034477494,0.37676850522862415,0.3832211289487312,0.3272458566452021,0.34905947862703274,0.2988132843848715,0.27674750356633376,0.26058254676009035,0.32609364425029225,0.2513389784865803,0.22513848979470924,0.20223390684795123,0.20004445432318294,0.20358996980082114,0.17115081810091054,0.20741867459466934,0.17792985457656116,0.1595437727010421,0.12258240261509125,0.11267208901095031,0.12869525720125669,0.11301715438950555,0.12336750755094228,F
Maine,0.0,0.0,0.0,0.0,0.0,0.0,0.0,0.0,0.0,0.0,0.0,0.0,0.0,0.0,0.0,0.0,0.0,0.0,0.0,0.0,0.0,0.0,0.06656017039403621,0.14828414065809914,0.09785419724610331,0.05471207769115032,0.09548492702223435,0.12676161360077548,0.16750418760469013,0.10907870448061754,0.16799664006719867,0.1771703366236396,0.19157088122605362,0.24307243558580457,0.3123048094940662,0.310896937665164,0.3551849278048027,0.4931802419665562,0.5054372798284577,0.31888239313643607,0.6022718609438134,0.5654531371030209,0.8202429776367717,1.007149996155916,0.9379187137114784,0.990990990990991,1.1990034257240736,0.9609856262833675,0.9654203967000177,1.0391760161853965,0.8572820263029712,0.9454617834394904,0.8696531499646072,0.8470252066537401,0.8289611752360966,0.967467573889007,0.5686006107191744,0.5299015897047691,0.4805591961555264,0.5533854166666667,0.4473272198613286,0.4968944099378882,0.4690002287805994,0.322061191626409,0.3331624807790876,0.29903493271714016,0.2941588457767194,0.22916069894013177,0.13241135795203765,0.1072961373390558,0.2199528672427337,0.12584552461853074,0.10393209769617184,0.12531328320802004,0.16936394429808055,F
Maryland,0.0,0.0,0.0,0.0,0.0,0.0,0.0,0.0,0.0,0.0,0.0,0.0,0.0,0.0,0.0,0.0,0.0,0.0,0.0,0.010068803490518544,0.06562494457352655,0.06275725861527955,0.050158191218458215,0.05787961041034648,0.10894109258012122,0.08364867556263691,0.06190760823157715,0.05806357961968355,0.10086264100862641,0.0900384709830564,0.11251758087201125,0.11198529834032045,0.13111171810980607,0.12001527467132181,0.13656626040351463,0.1465256047285551,0.17063616044605734,0.20407237766994693,0.32694374776065926,0.2603027386473007,0.37227106381188746,0.5320360211158265,0.6111658390462597,0.7470071208211257,0.8466237166038507,0.9177307022634938,0.884545488261692,0.9330480211285254,0.875131674904789,0.8279478867714163,0.8586232420429312,0.7585416981825254,0.7693515465536191,0.7051870424679308,0.6903420022181481,0.5907003700236281,0.607389140064849,0.5435788304959289,0.4954658060410464,0.5009392611145899,0.4943715910409655,0.5060636454819002,0.4227941176470588,0.4265950175587452,0.37873198563769617,0.30475518839411647,0.29001873572363523,0.2863017620572083,0.26345201979881844,0.25941356811571414,0.2954923977864933,0.24261806953213308,0.239067055393586,0.2057306419392349,0.24877188562791283,F
Massachusetts,0.0,0.0,0.0,0.0,0.0,0.0,0.0,0.0,0.0,0.0,0.0,0.0,0.0,0.0,0.0,0.0,0.0,0.0,0.0,0.0,0.020213411066310628,0.02687238973922585,0.051968449376956036,0.05532503457814661,0.07046290546027803,0.06538434104472289,0.05184839529216571,0.07509829040950657,0.07268934785013353,0.10507650883299403,0.11188147344510178,0.1258895319357264,0.10220942711616102,0.13498692314182062,0.135188604589818,0.15265948899244738,0.15777350036287904,0.20229785656927543,0.23368796506979891,0.2536775743020114,0.3164465924455568,0.5328135152696556,0.7186469225910591,0.7662466296153634,1.0702818408847663,1.1085042442136341,1.0202365603453107,1.0513852035721418,1.092213145246492,1.0657220609027471,0.9869805878225618,0.9815187206741358,1.1151079136690647,1.0281553875670268,0.8749958254015964,0.7963785732249141,0.8087267255971413,0.6365982977535928,0.644263202041654,0.6362358511504032,0.6633402955055311,0.5701163987647478,0.47400085077075776,0.5398224490226261,0.4411213304219326,0.3912723255385749,0.3776278523567202,0.3591512688436274,0.33715925394548063,0.2910583070903712,0.28534497475794457,0.27437215740557647,0.24904362114560066,0.21986754966887415,0.14943621790517592,F
Michigan,0.0,0.0,0.0,0.0,0.0,0.0,0.0,0.0,0.0,0.0,0.0,0.0,0.0,0.0,0.0028828080857001186,0.0029444326667137774,0.0,0.0,0.0,0.00992897473406896,0.030820742359608015,0.046651351828945045,0.042852369953951856,0.049243074260048196,0.03862354432962645,0.04946542013807919,0.05854400304124691,0.07633976283780344,0.0634262691953797,0.07979821141939922,0.07500807048859688,0.10681396087337254,0.10623683487498854,0.14395830675875138,0.16091024198086662,0.1622883525562585,0.1949162303201056,0.249598218694727,0.2810877442008143,0.30348176350493844,0.3922525600354293,0.5575177055788754,0.668039808975247,0.7685518864455395,0.9829493732931868,1.0662893819662516,1.1172683416724951,1.0863996052906237,1.0378928816214628,1.0001010203050813,0.9198177012881609,0.8786953607863579,0.859215817333089,0.8263650852564243,0.7516539723133374,0.6562638335546702,0.615430457504355,0.6103241525929819,0.511951544867866,0.527849899573801,0.5402183699608152,0.4471210876904827,0.43654589795065957,0.44750725590838253,0.3799701452028769,0.2874865240691843,0.3050226001201125,0.2587991718426501,0.25234318673395817,0.19682157554857913,0.19156766203431413,0.17414994137526726,0.11053127491483655,0.16390971777384228,0.11545275394629458,F
Minnesota,0.0,0.0,0.0,0.0,0.0,0.0,0.0,0.0,0.0,0.0,0.0,0.0,0.0,0.0,0.0,0.0,0.0,0.0,0.0,0.0,0.011407897524486236,0.012150246476428522,0.02891322418591203,0.030654380871666335,0.030231358810662776,0.022429648544660882,0.030316236239270895,0.03357887888518122,0.05287741253194677,0.059637912673056445,0.06272082958750601,0.06242457031087436,0.0683246788740093,0.09906271431837234,0.12488913826494596,0.11778358997453797,0.15843766683314103,0.2405746296869093,0.29655457502830745,0.3260850302160313,0.39825762289981326,0.5215028095045723,0.7715644780703398,0.9083325609416999,0.9514816966879721,1.12523480385899,1.2289358532725072,1.2020673235129014,1.1429475391034387,1.1313905414944034,1.1706034554711626,0.9867452135493372,0.9316770186335404,0.861922554347826,0.8837150019118833,0.7509597941188879,0.6673001338919362,0.5164106220695318,0.5594226416705812,0.5095624268181621,0.5491005732609985,0.45459488852637303,0.49866349199218307,0.4120525366984291,0.3480221557766776,0.4222048475371384,0.2986482238289846,0.26216216216216215,0.21224489795918366,0.22173563568835056,0.14340344168260039,0.16857524850316807,0.17210117090260918,0.1435452486522696,0.10307564422277637,F
Mississippi,0.0,0.0,0.0,0.0,0.0,0.0,0.0,0.0,0.0,0.0,0.0,0.0,0.0,0.0,0.0,0.0,0.0,0.0,0.0,0.0,0.12365618533286225,0.06956894014395419,0.09723302589176575,0.10039296675558615,0.09734660955665572,0.0552455665432849,0.07231864708500223,0.07227174174897615,0.06655468576680505,0.09765625,0.12468407750631846,0.1484652832924766,0.19256308100929614,0.15750727615134394,0.19743006290991832,0.19875698015585072,0.18291687081496,0.2471303612655676,0.3141540037561892,0.273261847111726,0.35062865238179564,0.4022526146419952,0.582901554404145,0.5329678696512867,0.624584226476458,0.628579930075132,0.6503501885630725,0.5079825834542816,0.5434557145820369,0.5125598339475579,0.5247736913456073,0.49766999954757274,0.4493871992737176,0.379413471410079,0.4095190426354826,0.3487792725460887,0.35816618911174786,0.22815533980582525,0.21141649048625794,0.2860051383974017,0.1942908384396951,0.21120811039143902,0.2691914972616727,0.23460410557184752,0.19886958342055683,0.20056157240272765,0.20105698529411764,0.10898522644708163,0.12643747365885966,0.11470659261048055,0.08521516829995739,0.11474469305794606,0.06625588020936858,0.0832523935063133,0.06635210852255971,F
Missouri,0.0,0.0,0.0,0.0,0.0,0.0,0.0,0.0,0.0,0.0,0.0,0.0,0.0,0.0,0.005690742300425667,0.0,0.0,0.0,0.0,0.0,0.06339010269196636,0.05588317475256989,0.04445261963886078,0.07293266918051612,0.06228219767183213,0.05197505197505198,0.06773640003612608,0.07728483572861512,0.0910906351820061,0.0688077339893004,0.12639339945580622,0.12371924444134663,0.13868251609707777,0.12133905122835012,0.13399331609811463,0.15959242549795905,0.18412148870878906,0.24688640080513272,0.2821346595256312,0.27295044899541315,0.36267152322039753,0.49354042676731025,0.6301565646722536,0.7968639547586917,0.877894307796015,0.9457973291437549,0.8665760652330321,0.9240383651371854,0.9295199182839633,0.9416693068609849,0.9240594394990812,0.834529791816224,0.7823819182845552,0.8276940988139416,0.7084001342231834,0.6246503822487414,0.508935284251923,0.4719962082312979,0.4674279628424353,0.46628834477558634,0.4362442968062115,0.4234437453005659,0.3767426867596099,0.3924907588154671,0.3337651786302453,0.29418524477131697,0.28990289431507493,0.23246240647020366,0.24701726650692885,0.1804466053482369,0.16915703411333521,0.17357458447296445,0.1313179290883183,0.1233611613162349,0.10373127497940629,F
Montana,0.0,0.0,0.0,0.0,0.0,0.0,0.0,0.0,0.0,0.0,0.0,0.0,0.0,0.0,0.0,0.0,0.0,0.0,0.0,0.0,0.0,0.06387055567383436,0.0,0.09200690051753882,0.0,0.05504789166574921,0.0,0.0,0.10037641154328732,0.17101812792155968,0.10786193672099713,0.125642490005711,0.21217907914279655,0.21242697822623471,0.10026067776218166,0.2597921662669864,0.24767188428769568,0.2612987515726314,0.3302642113690953,0.3,0.3191489361702127,0.5869490159972379,0.8166206316800768,0.8010335917312662,1.0181724449026937,0.8610411975096038,0.9309228278467351,0.8471102609646126,0.9643605870020965,0.899332753118654,1.0480610869890703,0.8377288240769468,0.8938372275364592,0.6934365424931463,0.6562756357670222,0.6922086284610431,0.7057637371870273,0.6732873253660999,0.6738987508218277,0.5177885418406547,0.4100461301896463,0.5150490906164494,0.44023027429732475,0.4055424129773572,0.4328223624887286,0.43939948736726475,0.3403289846851957,0.48160277403197843,0.24995193232070756,0.2702702702702703,0.19535065442469235,0.3073770491803279,0.15445719329214475,0.13959981386691486,0.22988505747126436,F
Nebraska,0.0,0.0,0.0,0.0,0.0,0.0,0.0,0.0,0.0,0.0,0.0,0.0,0.0,0.0,0.0,0.0,0.0,0.0,0.0,0.0,0.0,0.0,0.02514205259717403,0.07557436517533253,0.07852375343541422,0.08534850640113799,0.048426150121065374,0.06844626967830253,0.060092870800327776,0.03654970760233918,0.13746431214973037,0.09895833333333334,0.09870693909781858,0.1084438310247942,0.11362560363601933,0.15814205675040666,0.19007105036882835,0.1789072893251984,0.27249236551562134,0.24964672633066418,0.39732532222114547,0.46809809707947486,0.751163774862463,0.6437882415536047,0.8124934050859977,0.8612945838837517,0.8605664488017429,0.8798319804734063,1.0072616537830874,0.9391637255488425,0.8051625125806643,0.8193239060508587,0.7449471820235696,0.7379166154224572,0.8294132210943302,0.7095639517253927,0.7307932542161149,0.5752102919346858,0.5594147660908588,0.6440426058954669,0.5157264739589965,0.4611205861916493,0.42523033309709424,0.4015795462151128,0.3720033066960595,0.35359116022099446,0.24303182197919043,0.2616793658123605,0.32548047117172973,0.2985760220486909,0.23664904945965132,0.20102926986169187,0.17851071064263857,0.17064846416382254,0.1326762699014405,F
Nevada,0.0,0.0,0.0,0.0,0.0,0.0,0.0,0.0,0.0,0.0,0.0,0.0,0.0,0.0,0.0,0.0,0.0,0.0,0.0,0.0,0.0,0.09797517962116264,0.16871941960519657,0.13663535439795046,0.11297611362169142,0.0759762953958365,0.07674597083653108,0.15005001667222406,0.0,0.0,0.23947998631542936,0.20424194815396698,0.13374944271065536,0.23319615912208505,0.23540489642184556,0.2500815483309775,0.29606942317508933,0.2820462944952344,0.2997302427814966,0.34397095356392127,0.3568410179359564,0.5780346820809248,0.7470376094796497,0.7967806841046277,0.8529259066973225,1.0675914592683258,0.8271460205809562,0.8960927719575674,0.9658296143342437,0.9877941361520071,0.6976744186046512,0.7636299058781745,0.846863684149048,0.8340283569641368,0.8024455483377914,0.7052923044773001,0.594090364271197,0.5810989907228056,0.5675825003767141,0.5713732326166957,0.6362032135228011,0.5853277835587929,0.5275675675675675,0.5525370660281793,0.5027333073018352,0.5418515842708226,0.38248127996552284,0.3579492262789801,0.3696143873779445,0.35561877667140823,0.23645861974154522,0.29446741038563906,0.2868516567146704,0.2691296103737232,0.21958150348747094,F
New Hampshire,0.0,0.0,0.0,0.0,0.0,0.0,0.0,0.0,0.0,0.0,0.0,0.0,0.0,0.0,0.0,0.0,0.0,0.0,0.0,0.0,0.06633813495072025,0.06975585450921774,0.1488390553681286,0.050751116524563544,0.13584319813700757,0.1030155459823937,0.14411990776325903,0.07471448393638595,0.1126506702714881,0.08668328096218442,0.1898168825368468,0.2012072434607646,0.18283392585068564,0.3303633997397137,0.2527216174183515,0.3141549232564402,0.30308432875735425,0.3646149839395781,0.3735325506937033,0.4080569543323494,0.6044487427466151,0.7684994454127714,1.0809210039238915,1.2147505422993492,1.4306753629286768,1.303564998199496,1.192437436259512,1.2697632505939214,1.2540522095205597,1.1256705654735732,1.0151820010974941,0.980483705294612,1.0505011565150346,0.8979434199092402,0.9251890171110227,0.7157769161944527,0.7523322299127295,0.8145169605113929,0.612668743509865,0.6976259891711787,0.5703831252690486,0.6588338640606127,0.46485260770975056,0.49111318989710007,0.45718522179661436,0.37189022826365736,0.36548753426445635,0.3729281767955801,0.2202036884117809,0.23038156947444202,0.17446932247746438,0.23952095808383234,0.1262427015938141,0.0,0.1004016064257028,F
New Jersey,0.0,0.0,0.0,0.0,0.0,0.0,0.0,0.0,0.0,0.0,0.0,0.0,0.0,0.0,0.0,0.0,0.0,0.0,0.0,0.009845426799251747,0.0398032581809911,0.05249915803237118,0.05890437855880621,0.06923511178807665,0.08051950768072447,0.0847457627118644,0.08259389474859087,0.087699229771982,0.07593323299298974,0.1059642749016046,0.11666762689404851,0.11880491060297159,0.12700496603687425,0.15319247333583835,0.1482527356159548,0.16750418760469013,0.16863406408094433,0.22965834943193333,0.22765235195861847,0.30103306059119184,0.3665295905596281,0.5371818991979403,0.7404749087864106,0.819140308191403,1.021539001722681,1.0228567005407319,1.062577836682929,1.0286699518866715,1.0587172538392051,1.0481076514307404,1.0515773660490735,1.0818155017496187,1.0747608361875516,1.0658761528326746,1.012906168665647,0.9305635750829181,0.8330711461909908,0.7922535211267605,0.6997341561178528,0.7848405571660891,0.7174979260962582,0.6855663278066291,0.7370124033794715,0.6755479969765684,0.5848908639393543,0.5476263819009481,0.5555167353783802,0.46565983459187343,0.4276524417867174,0.3910988792120082,0.37075104617869464,0.4129192827648623,0.3263276484985043,0.2758037565679544,0.2821527836267161,F
New Mexico,0.0,0.0,0.0,0.0,0.0,0.0,0.0,0.0,0.0,0.0,0.0,0.0,0.0,0.0,0.0,0.0,0.0,0.0,0.0,0.0,0.0,0.06880733944954129,0.055330136481003316,0.057866649520992734,0.07952043063371667,0.07753787426935464,0.0889521437466643,0.10894642399384774,0.15694480774261052,0.10109306880646995,0.1691717092849242,0.149812734082397,0.1404322872145561,0.186436728035423,0.21056225813794674,0.20839845785141192,0.24148249251929235,0.28738529797317736,0.24165533907264763,0.36680421824850984,0.4218337060378126,0.5779153766769866,0.6953028430160693,0.8675324675324675,0.9377442042198489,0.9375823018172241,0.8265768137306518,1.0615147815933337,0.8369098712446352,0.9292232361451146,0.8340573414422242,0.9042429863204267,0.7498950146979423,0.7632222288474152,0.7306763285024155,0.6460831210784618,0.6262917266862905,0.5297600498597694,0.5178402273444901,0.47529706066291433,0.5159179564615578,0.4639079606606049,0.4257419633491701,0.42078418871533313,0.253026054845107,0.36937785181429705,0.26439039129777914,0.3456221198156682,0.2777323966672113,0.2078310749023194,0.2408394976776191,0.27693159789531985,0.24488196689195807,0.26376872757965814,0.13255274494642658,F
New York,0.0,0.0,0.0,0.0,0.0,0.0022743813682678314,0.001840563065052861,0.0,0.001816735036461872,0.0,0.0020222106132353687,0.0,0.0,0.0015502866480012155,0.0,0.0018857013551907072,0.0,0.001941571637521519,0.0019474386313401298,0.01024681604981936,0.044370032202937434,0.05684261155362517,0.05777736963741831,0.08918573813967194,0.09405699156970668,0.09156211090891678,0.10885609659454587,0.10269576379974327,0.10349659257372142,0.1092523409312563,0.14144503304024902,0.15731775979510051,0.14785446739535188,0.17218580311172382,0.16426875261908086,0.18803937246684496,0.2197933399904485,0.2566031293845259,0.3212048090762848,0.3121451395674334,0.40241138469603294,0.5604153186980024,0.6808442867310017,0.8247412624247685,1.0041917434191552,1.0092436701962366,1.0514108265603435,1.0395922471755032,1.0372999602215356,1.001562165296942,1.029076706086579,0.9680602148112649,0.9881260769167652,0.9994256854769475,0.9502248785052372,0.8594066347159184,0.7922446722959389,0.7356400768066735,0.65219593738919,0.682151240451828,0.645334047395903,0.5734815163012457,0.5541636159679727,0.5036818235650642,0.4668234623334046,0.45130710826981874,0.40089418777943364,0.3854250276385334,0.34869009781837257,0.3328656064858123,0.28391067123461494,0.27207864799105674,0.2571178799773736,0.24948174206459603,0.2169422462011526,F
North Carolina,0.0,0.0,0.0,0.0,0.0,0.0,0.0,0.0,0.0,0.0,0.0,0.0,0.0,0.0,0.0,0.0,0.0,0.0,0.0,0.020598736610821202,0.10172939979654119,0.09547850425729495,0.06709466926274799,0.0908169577635337,0.09333195063776833,0.08748250349930015,0.07791094778667983,0.07221341187131854,0.08831674275877553,0.07675657420058028,0.1449322563835331,0.14455139787772267,0.1166953148408055,0.1619538107731675,0.15144751944904988,0.15632083287739756,0.2099951419034336,0.252498201906744,0.24625167544652599,0.28641137159223506,0.3752290216196409,0.42963766734607095,0.5807941297295766,0.5976670376324142,0.6645944153259894,0.7052857823138007,0.7648974797095258,0.7584111018476185,0.6832662642521797,0.6781707642408841,0.6643159379407616,0.5888643528741858,0.6183503345398706,0.6209770038193424,0.530032994553911,0.5367454402075755,0.44004690320285633,0.39557913587341464,0.39403208356151576,0.40636821772781345,0.40894908052844725,0.3821179143591134,0.34793996430726565,0.34703052291190156,0.33433726617114756,0.2624365778270251,0.23957976815821191,0.21922479676034468,0.24024763987494802,0.18921764607144492,0.19277926003608828,0.18036262380153784,0.14362188275231755,0.1538935056940597,0.1508295625942685,F
North Dakota,0.0,0.0,0.0,0.0,0.0,0.0,0.0,0.0,0.0,0.0,0.0,0.0,0.0,0.0,0.0,0.0,0.0,0.0,0.0,0.0,0.0,0.0,0.0,0.0,0.0,0.0,0.0,0.0,0.0,0.0,0.13053281120208854,0.14928801102434544,0.0962875789023216,0.08642108674516581,0.19547325102880658,0.15048154093097915,0.17413175969817163,0.2168379372112756,0.29469548133595286,0.42674253200568996,0.42241912219245825,0.6295559973492378,0.8400460299194477,1.01589578104458,1.5241635687732342,1.5459830866807611,1.1068597977589505,1.379892987890735,1.4248704663212435,1.1813967399431733,1.0236339003462291,0.9307461744754694,1.0832659660468875,0.847018150388937,0.7798331519767864,0.6392178981011468,0.5797101449275363,0.5252918287937743,0.4965622612681436,0.6045720763272247,0.5091457665472374,0.4748338081671415,0.26727758686521574,0.3861003861003861,0.2614641995172969,0.2195170624625823,0.3256003256003256,0.15503875968992248,0.2074297567414671,0.19945602901178605,0.16850777008050927,0.20657276995305163,0.1646090534979424,0.12944983818770225,0.0,F
Ohio,0.0,0.0,0.0,0.0,0.0,0.0,0.003622510278872916,0.0,0.0,0.0,0.0,0.0,0.0,0.007766613271200427,0.003926939294427182,0.0,0.0029993101586635075,0.0,0.0,0.01325263948403057,0.05319400444465459,0.04362314450166616,0.05622750899640144,0.06948313312592722,0.08924175283111768,0.07686304882270452,0.06303045431852222,0.07749862616071805,0.07457566446917042,0.09750723860988916,0.10819562980449125,0.1456100130119586,0.13257136009227566,0.1500154538532864,0.15584227312264426,0.19033144659001328,0.20356088190601795,0.23471098476565347,0.25041295509914696,0.2929680145203684,0.36108143890953404,0.5032433805027817,0.6793478260869565,0.7464343405731084,0.8822415751609238,0.944259442594426,0.9214141506140231,0.9474516001580403,0.9328587210015957,0.9125125460020074,0.8982908473762707,0.8552660582815323,0.8260764501087413,0.8306477236621125,0.6574121616665444,0.6351646943613117,0.5937170487037969,0.558010451624332,0.49560622194799125,0.4810730374870049,0.45567133137547944,0.45922290216235007,0.4293702209580256,0.38524608576498864,0.3410391664011517,0.34995516588622094,0.2849002849002849,0.2308264107145186,0.21882703436639028,0.21738265975637236,0.21730272986554394,0.17398380828106805,0.14406468210216833,0.1407093587018032,0.1397612813057238,F
Oklahoma,0.0,0.0,0.0,0.0,0.0,0.0,0.0,0.0,0.0,0.0,0.0,0.0,0.0,0.0,0.0,0.0,0.0,0.0,0.0,0.0,0.1056859015007398,0.06159232365145228,0.08487301690931645,0.0703279841442363,0.09484763186880431,0.09018706542926135,0.07279079924297568,0.08454938310264921,0.0885623380457244,0.07983139609145484,0.07659655953786743,0.11245782831438211,0.1589157746394411,0.1706331387516839,0.15747161366964113,0.17222483168936903,0.22401208155046565,0.22025431425976386,0.25312895513992406,0.2675897284823489,0.36973690829518585,0.4475822565605435,0.5718838023159871,0.6252713851498046,0.7327510405064774,0.7620610821267366,0.7840932627156256,0.6629363824352269,0.6530792529025745,0.6666235195133001,0.7000821692686935,0.5276607042113298,0.5923791226384886,0.5584642233856894,0.48812235600390497,0.4924671958529078,0.5019191024505462,0.3648061552747654,0.39213057613030805,0.37250253979004405,0.35559202653263583,0.37649589888395857,0.38499206376008915,0.37600652690575004,0.27920806439915874,0.22110399512046355,0.23370038818030578,0.2221414435154893,0.21917589862118433,0.22382289504740976,0.2144595207654555,0.18443062406176283,0.18406037180195106,0.1987878787878788,0.11767113475902999,F
Oregon,0.0,0.0,0.0,0.0,0.0,0.0,0.0,0.0,0.0,0.0,0.0,0.0,0.0,0.0,0.0,0.0,0.0,0.0,0.0,0.0,0.05987351719492572,0.05728032993470042,0.0508189672022204,0.07314725697786333,0.08432012318070169,0.08401302201841286,0.07481669908723627,0.07964637011668194,0.07674907093229924,0.126398038915275,0.11930060023114492,0.16439726957578357,0.11391429624417865,0.15976482617586912,0.140832409432775,0.17967368939635436,0.1451968869787432,0.22766596849103,0.19668446192750771,0.25436610106399477,0.31407633006567054,0.40348612007746937,0.5249087115284298,0.6592843884017154,0.751487638795166,0.79005770084332,0.8036359258367445,0.8346729318659577,0.815397743434152,0.7922057179364318,0.8226778482828991,0.7272383830751794,0.6096577529757105,0.6940022921176621,0.6714457166953194,0.6254861291158932,0.5620420862466964,0.5247122545700745,0.5849525986687286,0.48440291328844304,0.5175947476291382,0.5140425531914894,0.425112229628622,0.4151144225651942,0.37152399894922505,0.4705319403461201,0.3354057591623037,0.37707703145071064,0.3215568362148167,0.2968351519712363,0.2763385146804836,0.2743543962025868,0.25354493379660065,0.2331002331002331,0.15931750436838318,F
Pennsylvania,0.0,0.0,0.0,0.0,0.0,0.0,0.0,0.0,0.0,0.0,0.0,0.0,0.0,0.0026698467507965044,0.00225783581921057,0.0,0.0,0.0024747084793411336,0.0035408257205580343,0.005663009735228554,0.031920924165790676,0.03573116333752118,0.0445230617426567,0.0570258271810846,0.05622455221160203,0.06736639499563923,0.05471903385498812,0.08129145504510597,0.08449124747486386,0.09102437430467492,0.09375976664235858,0.09651578033008397,0.11336893378472412,0.12211262723347935,0.1553066926526231,0.17779518898272523,0.19387793147160806,0.227042457679138,0.2821257496322559,0.29119053592743804,0.35510243917087714,0.5117235332355742,0.7096102799227799,0.7787882860684259,0.9593745433289493,1.0050506885650958,1.0382329857607355,1.036899592256777,1.0005473629982613,1.0191761659325378,0.9447756157912496,0.889411426827736,0.8970340458776909,0.8731565647041074,0.7579822913871747,0.680430357662111,0.6613212375437787,0.5836097800712617,0.5275187233434688,0.5394413831614214,0.5613190465032061,0.4735343365719954,0.4483726331408664,0.44825591742302906,0.394893929653779,0.3529397736892938,0.3221626073370717,0.27074473345860944,0.22618145059388425,0.22895961756195748,0.22752540269410762,0.178117048346056,0.17862625247704375,0.1645527224010135,0.12411830593648775,F
Rhode Island,0.0,0.0,0.0,0.0,0.0,0.0,0.0,0.0,0.0,0.0,0.0,0.0,0.0,0.0,0.0,0.0,0.0,0.0,0.0,0.0,0.0,0.0,0.03568369968598344,0.07544322897019992,0.07479991024010771,0.06640106241699867,0.06477732793522267,0.0,0.05988621618924045,0.05371146202599635,0.06961364427427777,0.06838386140870754,0.05301664722722935,0.15176151761517614,0.12574662055957245,0.08153281695882593,0.10071507704703395,0.19862945674843582,0.21623746805582858,0.1957138663274293,0.3619047619047619,0.5666511843938691,0.6747638326585695,0.9578372571837794,1.1116856256463288,0.9095502779181406,0.9754398188468908,1.0214958251909754,1.2307692307692308,0.9671179883945842,1.1250760186499087,1.0259122157588578,1.0145566828407588,1.1348756001745963,1.0339402112834346,0.6852444038373686,0.9324009324009324,0.7658389417498259,0.7137923094635045,0.6383733301808725,0.8036040423718496,0.5997958141909138,0.44479330193615907,0.4209935447656469,0.4833836858006042,0.5157055789967182,0.2859866539561487,0.48169556840077066,0.4343468092215168,0.205620287868403,0.3951211132107885,0.1753463089601964,0.20719532868713506,0.19611688566385566,0.24783147459727387,F
South Carolina,0.0,0.0,0.0,0.0,0.0,0.0,0.0,0.0,0.0,0.0,0.0,0.0,0.0,0.0,0.0,0.0,0.0,0.0,0.0,0.014919647043778506,0.1082625020155253,0.11102797422220076,0.0869975889239641,0.13100546695890963,0.08293124246079614,0.11785793208436664,0.11342061789580096,0.10942963140897323,0.11405680585306147,0.10939659143251958,0.14051379173412348,0.27967776257789934,0.15644370978215952,0.24638682731889067,0.19638303485066097,0.19110642060526542,0.20279920022850617,0.27463882134172507,0.23446319506758906,0.24813895781637718,0.31370312277199486,0.41378916728497234,0.5031199055596155,0.5066325279873614,0.6528159162737682,0.650988060930424,0.615999783859725,0.5960542885126626,0.5549815498154981,0.6843963873871058,0.574134743261215,0.5378973105134475,0.5163343508475677,0.46991880314557893,0.4506520071592943,0.4404153405985791,0.4562516179135387,0.3878950008359806,0.3156337333552523,0.3497417794338759,0.3553266397183466,0.36709134096307494,0.2709436312675179,0.34690752258024193,0.3216500315018072,0.24849503009939802,0.19783791422313288,0.20239988434292322,0.21153986432270772,0.18108724783600738,0.1343305257043276,0.17665852283405376,0.177999288002848,0.15170151701517015,0.1702127659574468,F
South Dakota,0.0,0.0,0.0,0.0,0.0,0.0,0.0,0.0,0.0,0.0,0.0,0.0,0.0,0.0,0.0,0.0,0.0,0.0,0.0,0.0,0.0,0.0,0.0,0.0,0.0,0.0,0.0,0.0,0.0,0.0,0.0,0.08122534230679972,0.11188185276348177,0.10990218705352237,0.06293266205160479,0.1309691718718517,0.2311652831774719,0.27976375505129003,0.3409696323921151,0.4002163331530557,0.3925967470555244,0.6685432793807178,0.8243052284503063,0.8950465914664051,1.066865153206798,1.0366624525916561,1.2520761466717771,1.177536231884058,1.1972789115646258,1.0995128740431455,1.0177752293577982,1.0984117559744693,1.1828793774319066,0.9310399242543791,0.7960808328230252,0.5307172724348665,0.6751326153351551,0.49823207971713274,0.6055900621118012,0.5629397967161844,0.3943217665615142,0.48919046867602967,0.3369164126423873,0.38155275381552756,0.3279254401104591,0.28834024148495224,0.2179440610243371,0.12799414883891022,0.21606049693914295,0.1662663957140218,0.170261066969353,0.17713048612477858,0.0,0.19455252918287938,0.18046469659372885,F
Tennessee,0.0,0.0,0.0,0.0,0.0,0.0,0.0,0.0,0.0,0.0,0.0,0.0,0.0,0.0,0.0,0.0,0.0,0.0,0.0,0.011788108745303175,0.07876800411522633,0.06926611704284362,0.07065311046010685,0.0806890140153309,0.07755074516150787,0.08813160987074031,0.06866981542893512,0.06735355153456875,0.07139636254321359,0.1036288955043901,0.12583562721195438,0.17185185185185187,0.1656368644383235,0.18217645090530543,0.18265665973415318,0.2208449098810287,0.2434062341059362,0.3138981093952951,0.323553202441356,0.35209299726149895,0.41122178561637573,0.44913248476490425,0.532283349739327,0.5530621620666502,0.6608653530093594,0.6145043336944745,0.6829034521710853,0.6201278794779714,0.5897174717203667,0.6291111788217161,0.6202643809110472,0.5869074492099322,0.5359933137105273,0.525213811703751,0.46511627906976744,0.4660806691713334,0.40398501051092217,0.3429535232383808,0.3334699504452476,0.2730809516684124,0.3248935693479722,0.2820037105751392,0.2737511253192232,0.24439607438805516,0.26128314519586027,0.2272532372866821,0.1779124934106484,0.19222271321254972,0.20500112637981527,0.17274256870443075,0.14476690266687778,0.14970410048887745,0.12254901960784313,0.14487685467352748,0.1292457219666029,F
Texas,0.0,0.0,0.0,0.0,0.0,0.0,0.0,0.0,0.0028850370438756436,0.0,0.0,0.0,0.0,0.004898958971218616,0.004869616030775973,0.0029397786346688094,0.002507774099709098,0.0,0.0,0.020359942349215874,0.08082006198142883,0.07122163206180589,0.05733218266636894,0.09334015053328736,0.08769430992397964,0.06718768476613311,0.07803651458578326,0.07078382852763787,0.08011431236211669,0.0733038147541662,0.10135891663818403,0.14190609670637702,0.11103447115627262,0.13662540688243685,0.14842753229061298,0.14322947239897627,0.19037258634756596,0.20063289776763613,0.2569925372487497,0.2583401751211104,0.36815075689442145,0.436039703458936,0.5191954213235999,0.5789255386496104,0.6894395841094881,0.7073992624986412,0.6888236881154728,0.6844362015279645,0.6909938888483292,0.6830464913687367,0.63434959614524,0.6593359391778704,0.6328268708025141,0.716057591489144,0.7429351822670449,0.6006239292825631,0.5383541155374865,0.5382750544438509,0.5225888626320295,0.5366492146596858,0.5023867474973013,0.45810253767873244,0.42257590715369237,0.43199639661773437,0.41778964354812814,0.3417862548660154,0.3201344840415027,0.32571200828252195,0.3169269887395569,0.28423519348486603,0.2873333510973736,0.25520508206954795,0.2511148422088316,0.21827205509976702,0.21550938819279242,F
Utah,0.0,0.0,0.0,0.0,0.0,0.0,0.0,0.0,0.0,0.0,0.0,0.0,0.0,0.0,0.0,0.0,0.0,0.0,0.0,0.0,0.03537527268439361,0.06928806513078123,0.0,0.028457598178713718,0.04336748522795034,0.024113817217265493,0.057331231188189766,0.043891733723482075,0.06096131301289566,0.09566881196729866,0.058168522519528004,0.05860805860805861,0.05822117195794376,0.06735367414292451,0.0759421573901212,0.09332420829963292,0.09847835064646271,0.16251523580335656,0.1653657891255457,0.2602383235173264,0.24630541871921183,0.3836081295415145,0.4626060138781804,0.5512594747722226,0.5706188725490196,0.6915156350925187,0.7541009095856333,0.8450163241789899,0.7319798127672689,0.7881107858590407,0.8163115894282159,0.7475782675838832,0.8048430556041573,0.8477737461426293,0.8145007844577227,0.739669285643841,0.6828403532385673,0.6836605137220432,0.5630521308610814,0.6523644153062218,0.6604506604506605,0.5828211089525144,0.496772560435388,0.5109090324861026,0.5177111716621253,0.5163511187607573,0.44365572315882873,0.37883092775694205,0.3235996609908314,0.32090937210021653,0.3167279268006569,0.3087533581939933,0.253399780386857,0.3084074554150092,0.2377142857142857,F
Vermont,0.0,0.0,0.0,0.0,0.0,0.0,0.0,0.0,0.0,0.0,0.0,0.0,0.0,0.0,0.0,0.0,0.0,0.0,0.0,0.0,0.11174968071519795,0.08238589553468446,0.0,0.10420284821118443,0.08206138191367143,0.0,0.0,0.0,0.2252713495801761,0.0,0.33003300330033003,0.2321654706627269,0.3001200480192077,0.2304147465437788,0.32876712328767127,0.29259896729776247,0.25862068965517243,0.42258282623394183,0.5066711704104037,0.5740334290055715,0.502092050209205,0.7718120805369127,1.141396933560477,1.0073416424790849,1.403334984315668,1.3263935527199462,1.3794338946614118,1.3975448536355053,1.0228166797797011,1.2726188108967984,1.0908281389136243,1.2522768670309654,1.0671093194213896,0.7857142857142858,0.6903353057199211,0.8756567425569177,0.4942767950052029,0.7716870675891432,0.6121905775885015,0.568489442338928,0.4527447651386531,0.3811199061858693,0.535236396074933,0.2847200253084467,0.5676126878130217,0.4212004212004212,0.32918800292611555,0.3762227238525207,0.18511662347278787,0.0,0.27821939586645467,0.0,0.0,0.0,0.0,F
Virginia,0.0,0.0,0.0,0.0,0.0,0.0,0.0,0.0,0.0,0.0,0.0,0.0,0.0,0.0,0.0,0.0,0.0,0.0,0.0,0.020711974110032363,0.06784260515603799,0.08963652389560334,0.07326454606508334,0.10274497776414661,0.09136592051164916,0.06777563318648613,0.08320877698506865,0.0633930713086386,0.08896151053013798,0.08422902971819896,0.14512420370160956,0.17988335984246007,0.15935389239990583,0.1785388959737657,0.24146074940956677,0.21102837731187593,0.20785453562254969,0.314734864713443,0.31778083053344147,0.32114183764495985,0.4016251085473267,0.4776678749155249,0.6035441536294209,0.755095805508271,0.7858490831760696,0.7581836796812308,0.8547982676088443,0.7928210489632339,0.7907324364723467,0.7779115257297623,0.7231098408533633,0.705332888528809,0.6709995299761746,0.6198081009723743,0.588301300033663,0.47674491786770723,0.47672193877551017,0.463703229932843,0.4437446321213856,0.45226209292499336,0.4502448009319753,0.42481815901680464,0.47773953766127636,0.3885477205749189,0.34896586943569663,0.32389089253825415,0.3031317742020761,0.26234622611408515,0.2869183179413611,0.23198957831432804,0.24478250621022285,0.23045791800944318,0.24652709841518294,0.18679574989455078,0.1584344958999722,F
Washington,0.0,0.0,0.0,0.0,0.0,0.0,0.0,0.0,0.0,0.0,0.0,0.0,0.0,0.0,0.0,0.0,0.0,0.0,0.0,0.012884660811304143,0.07014754366684593,0.06909038928860724,0.058703996387446375,0.08958615566140803,0.06992414289952113,0.05646055080404007,0.0620276137747249,0.05043399782337483,0.07270964614638875,0.10473344062124812,0.0885918951071962,0.10640870616686819,0.12360661632506292,0.13821245228379625,0.11992085223752323,0.14542295416344028,0.1496369917422549,0.1654767217016213,0.22272128287458937,0.24442982043809347,0.32960521442856083,0.4964043713784187,0.5877948333957319,0.7163850110213078,0.7844865579550463,0.761862932243188,0.901098901098901,0.8383417565906296,0.8405765997782308,0.8350692204177189,0.7958757455455419,0.7537357025758917,0.7907911704467875,0.7694767934077098,0.7603268270540172,0.6107159791370318,0.6042296072507553,0.539260556373622,0.5455050384829009,0.5282389387560569,0.6026991309919506,0.5110435742077857,0.4476570675555211,0.45935221564143164,0.39157412799453806,0.3546398716541417,0.36420173794513544,0.3461621156740486,0.29180104872858115,0.21970850554709595,0.2409691340445574,0.2287876454671448,0.2219678029860511,0.22048312456085092,0.18581210069488635,F
West Virginia,0.0,0.0,0.0,0.0,0.0,0.0,0.0,0.0,0.0,0.0,0.0,0.0,0.0,0.0,0.0,0.0,0.0,0.0,0.0,0.0,0.08747949699289229,0.039030482807072324,0.05237500503605817,0.07263629393486945,0.10680249753532699,0.08965812965345184,0.1145912910618793,0.10902043123637245,0.07734949078251901,0.13118194936376756,0.13870827915041178,0.19029898084323593,0.16240839770251533,0.200712735018228,0.24510788765218788,0.28148624738619915,0.286007000768377,0.3877319857105515,0.5282167042889391,0.3739034562101529,0.6091024266640679,0.7151979565772669,0.8517887563884157,1.0059919740531031,1.1590043600640212,1.1509927994763256,1.1445949682056953,1.087141158484797,1.1921986226054748,1.1487411463603356,0.8616414579717333,0.7956209025523517,0.8326286346191375,0.6976588180049641,0.6074924063449206,0.6486125041792042,0.5087658989343418,0.4836926478717523,0.4,0.3372444319539099,0.28947749312490956,0.32121477587969044,0.23874981912892487,0.2776278244775198,0.23212999279596572,0.2545608824777259,0.18717032499574612,0.13212366775301682,0.17034247803478572,0.13245033112582782,0.0,0.06202191440975812,0.07884658706915972,0.0,0.061251990689697416,F
Wisconsin,0.0,0.0,0.0,0.0,0.0,0.0,0.0,0.0,0.0,0.0,0.0,0.0,0.0,0.0,0.0,0.0,0.0,0.0,0.0,0.0,0.016593379241682568,0.024293696500278662,0.024292112654672435,0.04518119216028417,0.03448059682778509,0.034796290412865555,0.036283871818976465,0.049799878266964234,0.04158004158004158,0.04759986818498041,0.07876179137283634,0.1023447922948992,0.11145748071263127,0.1569584931984653,0.11965643849986887,0.16776378858567137,0.17898318203073352,0.23355453901166162,0.30103045038786613,0.3497830355227772,0.47381628475203064,0.6360845839017735,0.9285051067780872,0.9952089057986332,1.18695400990879,1.220979923601542,1.2395285844978203,1.2380793039986615,1.2108153458927617,1.1917702630590747,1.0762713582098629,1.0003910994010003,0.9384114638373421,0.9835306010698791,0.7661615518485505,0.7930264696502605,0.667612086833206,0.5774336283185841,0.5983660852285273,0.5905955547540688,0.5043047636355376,0.48991682807337356,0.47107724281260827,0.38731716705157815,0.38372411730994443,0.33364859184531315,0.21677279501422572,0.2765257307192434,0.23244741927353182,0.1989088429188452,0.17262213015708613,0.20244120273891036,0.13647760815056972,0.1271725307333616,0.09283454820519874,F
Wyoming,0.0,0.0,0.0,0.0,0.0,0.0,0.0,0.0,0.0,0.0,0.0,0.0,0.0,0.0,0.0,0.0,0.0,0.0,0.0,0.0,0.11256190904997748,0.0,0.0,0.15843675732770002,0.1285016705217168,0.11582117211026176,0.2001000500250125,0.1567398119122257,0.207092932953663,0.0,0.3068932955618508,0.10888501742160278,0.11500862564692352,0.2345300378856215,0.2884153180580035,0.2319512902290519,0.2823662289990117,0.4888268156424581,0.16221796195251437,0.359375,0.44709388971684055,0.5424616535727647,1.1686879823594267,1.1679514132212099,0.9732360097323601,0.9350518069244376,0.816118337158888,0.7450771687067589,0.7450331125827815,1.084725886836705,0.6662628709872804,1.0322177040975915,1.0971281058405937,0.7306542676851544,0.8931638612160768,0.6269592476489028,0.6891548784911136,0.7062146892655368,0.6425431180250254,0.45614035087719296,0.7031000319590924,0.4434589800443459,0.6116207951070336,0.31705770450221943,0.266755585195065,0.5480453050785532,0.4649360712901976,0.29839612085042894,0.3052270125906143,0.27483313702394974,0.41809198023565186,0.307152259763054,0.0,0.0,0.0,F
