state,1930,1931,1932,1934,1935,1936,1937,1938,1939,1940,1941,1942,1943,1944,1945,1946,1947,1948,1949,1950,1951,1952,1953,1954,1955,1956,1957,1958,1959,1960,1961,1962,1963,1964,1965,1966,1967,1968,1969,1970,1971,1972,1973,1974,1975,1976,1977,1978,1979,1980,1981,1982,1983,1984,1985,1986,1987,1988,1989,1990,1991,1992,1993,1994,1995,1996,1997,1998,1999,2000,2001,2002,2003,2004,2005,2006,2007,2008,2009,2010,2011,2012,2013,2014,2015,2016,2017,2018,2019,gender
Alabama,0.0,0.0,0.0,0.0,0.0,0.0,0.0,0.0,0.0,0.0,0.0,0.0,0.0,0.0,0.0,0.0,0.0,0.0,0.0,0.0,0.0,0.007158503586410297,0.0,0.010031096398836392,0.0188059658310067,0.022693425998156158,0.03428718373644585,0.03963884606914776,0.041319265107356305,0.03915014078992938,0.04116418411062493,0.05168363351605325,0.057006042640519894,0.055317833493321186,0.05638567803777841,0.06952665501625421,0.07210648373706467,0.09969692135906844,0.14411213108281512,0.20946795140343527,0.18057981824248728,0.2392550760874251,0.2421636301912414,0.24161259146762393,0.2637446951351092,0.2753008819373386,0.1702519268376855,0.10289296738532219,0.10266003558881233,0.09631969177698632,0.0804172506490821,0.07250105243463212,0.0402052834472483,0.030942066930070927,0.030768502520650397,0.026500915486171343,0.01677249311129747,0.03319738214929337,0.0,0.027487000939139198,0.023585461921271728,0.019400994300957923,0.01959967660533601,0.027758150802462904,0.0,0.0,0.0,0.0,0.015767482195884686,0.0,0.013824757375508059,0.0,0.0,0.02339797022608289,0.017482008099997087,0.0,0.016895697229105652,0.0,0.0,0.016328130102540656,0.0,0.0,0.0,0.0,0.0,0.0,0.0,0.0,0.0,F
Alaska,0.0,0.0,0.0,0.0,0.0,0.0,0.0,0.0,0.0,0.0,0.0,0.0,0.0,0.0,0.0,0.0,0.0,0.0,0.0,0.0,0.0,0.0,0.0,0.0,0.0,0.0,0.08181966944853543,0.0,0.0,0.0,0.0,0.1038241910365115,0.08528057308545113,0.0,0.11531808571977706,0.18303843807199513,0.18995356690586745,0.3546839140413103,0.2484709480122324,0.2958579881656805,0.2676181980374665,0.34093330492222457,0.3424657534246575,0.37420206911732334,0.34729315628192037,0.2745636399293979,0.2565042139978014,0.20942408376963353,0.22928267278087125,0.0,0.1756697408871322,0.1671380817690923,0.0844187168355041,0.13726835964310227,0.11392116655274549,0.12118274357731458,0.10238034297414896,0.06693440428380187,0.07796257796257797,0.0,0.08019246190858059,0.08266740148801323,0.0,0.0,0.0,0.0,0.0,0.0,0.0,0.0,0.0,0.0,0.0,0.0,0.0,0.0,0.0,0.0,0.0,0.0,0.0,0.0,0.0,0.0,0.0,0.0,0.0,0.0,0.0,F
Arizona,0.0,0.0,0.0,0.0,0.0,0.0,0.0,0.0,0.0,0.0,0.0,0.0,0.0,0.0,0.0,0.0,0.0,0.0,0.0,0.0,0.0,0.0,0.0,0.0,0.02486325211337643,0.0273224043715847,0.025745705984037665,0.03265246888945325,0.05612262794205339,0.03667277879646608,0.03664712153518124,0.053052156901754036,0.07132183127292487,0.0732421875,0.06359895248784138,0.06712204366881194,0.08278145695364239,0.11791525823441552,0.13374447375264703,0.2028809089064719,0.16738642830839276,0.23096280464683377,0.30893536121673004,0.29696831250203964,0.3338117969089028,0.28922631959508316,0.20210951809511776,0.16891891891891891,0.1434316730882808,0.17281558482364956,0.1612740651144038,0.1195189362814671,0.12794331127131364,0.08790268934714435,0.10660507262470573,0.09821896280775276,0.0816411974042286,0.07353842382644932,0.06050216799435314,0.0556737518143678,0.0689375506893755,0.06009374624414086,0.08146805433919224,0.039912193175014966,0.05921247409454258,0.038501520810072,0.019317698875709926,0.015269506794930523,0.022211938917167977,0.02681252681252681,0.02905393136008716,0.01954061783880767,0.010425716768027801,0.020525451559934318,0.02857431001445524,0.022236693721310694,0.02261602830234399,0.027270712958701912,0.014969779757115323,0.012044081337695968,0.012401049955562904,0.0,0.0,0.0,0.0,0.0,0.0,0.0,0.0,F
Arkansas,0.0,0.0,0.0,0.0,0.0,0.0,0.0,0.0,0.0,0.0,0.0,0.0,0.0,0.0,0.0,0.0,0.0,0.012027615404969811,0.0,0.012391266635275459,0.015144248971453089,0.0,0.015939641889378884,0.0,0.0,0.03294802449136487,0.03849643907938516,0.037063435495367066,0.06057284605843837,0.061094463677886714,0.15720066373613578,0.17642295233688107,0.12902469063398042,0.12181715542086341,0.09126554894537589,0.11636363636363636,0.07950630371408018,0.17770909793316592,0.20665038512117226,0.2414310275450854,0.1309900665866172,0.18570102135561745,0.1775638243301898,0.30571572307573236,0.23486326181282594,0.16874924665514887,0.14686557934606168,0.09211791092598526,0.07962991051114819,0.11751744399559311,0.07385237299335329,0.03839803402065814,0.06185248183083346,0.038828919779451736,0.050508975056336926,0.04774979109466396,0.04373409669211196,0.02006501063445564,0.0,0.02355620116995799,0.03261312678353037,0.02115506663845991,0.04278807068589277,0.0,0.0,0.0,0.0,0.0,0.0,0.0,0.0,0.0,0.0,0.0,0.0,0.0,0.0,0.0,0.0,0.0,0.0,0.0,0.0,0.0,0.0,0.0,0.0,0.0,0.0,F
California,0.007414437392490658,0.0,0.0,0.00782154365985671,0.007624275693809088,0.010192937750273025,0.014335236010112856,0.009527325560623563,0.009296488251562972,0.007398716851106109,0.010399629395025195,0.019840664204389364,0.019022126809649653,0.019750225481740918,0.015153619820934727,0.01749085705199555,0.022010752486746717,0.020886241188616997,0.014871270564178828,0.018875307874686373,0.016868512110726642,0.011189124171305492,0.024653616685567772,0.021311306750540132,0.018719715460325,0.03092398137764638,0.0446565358262763,0.04392483239208692,0.0469348317952735,0.05448891588978208,0.05015914692295307,0.057147853676511914,0.07111976193595478,0.07190971194751228,0.08114204908925626,0.08905509352558827,0.12074360916222511,0.15513574377580383,0.17753584393424957,0.1767771693301771,0.19338721085978297,0.23186728552276087,0.2065745332866691,0.20619996467490645,0.19362586906969714,0.15345027030855307,0.1395546386748377,0.14762140843402916,0.11697213269877406,0.12071827372868568,0.11778673708809885,0.10366972477064221,0.10430609316403189,0.09175795897360488,0.09922140708884954,0.09559753988296209,0.09717008758618853,0.07919920244125848,0.07875467082223228,0.057648394144538206,0.0641547330551028,0.0712618200916686,0.07474254677417416,0.04399439257911534,0.05002411418837799,0.04442552246265479,0.038446223345096044,0.032308377896613186,0.027419254535483908,0.03515477867834772,0.03224149737502853,0.0403044846599988,0.02963523262246407,0.024929955324386875,0.028771977802846432,0.02705673459034413,0.02415266759109818,0.025501429266151895,0.0198563409491331,0.02134983511358112,0.015063064028064161,0.013477997169620594,0.011706215311729627,0.010905571383780689,0.00986259294613263,0.006495521698651097,0.008792855613664862,0.00651007230249051,0.007245728216996773,F
Colorado,0.0,0.0,0.0,0.0,0.0,0.0,0.0,0.0,0.0,0.0,0.0,0.0,0.0,0.0,0.0,0.0,0.0,0.0,0.024282790439518507,0.0,0.019007191053948744,0.0,0.02981159074648223,0.023078032597721045,0.04495771165247689,0.04053944487986811,0.03241228425573292,0.027131888108093444,0.021380655851618247,0.03666841278156102,0.056594551488179455,0.07123634636694633,0.05143058224832851,0.03983383599840665,0.05681280181800966,0.10427528675703858,0.12155458457899407,0.15747525388867464,0.15768969142291756,0.2407374787152839,0.22594729931910473,0.27858721060552694,0.2969538284692509,0.3519898525447915,0.30416104857169735,0.21900737221999447,0.19325934818892565,0.20357255497892593,0.11465443686006825,0.14916694056076657,0.11604293588627793,0.11011952556837733,0.09164432836162852,0.06253908692933083,0.1034649253902927,0.0781699045867341,0.06189297276709198,0.06531046660700031,0.04876264781177618,0.02439381372883837,0.05155651576156339,0.04165849833366007,0.04020807679742668,0.035650623885918005,0.02813011456628478,0.032807570977917984,0.0176852530254415,0.024384891121461142,0.023785172323573484,0.03680784006993489,0.0,0.02461841457410143,0.01341291663872309,0.03469090404495941,0.011581044146940288,0.0,0.0,0.014714537963507945,0.0,0.013580313976859146,0.0,0.0,0.0,0.0,0.0,0.0,0.0,0.0,0.0,F
Connecticut,0.0,0.0,0.0,0.0,0.0,0.0,0.0,0.0,0.0,0.0,0.0,0.0,0.0,0.0,0.0,0.0,0.0,0.0,0.0,0.0,0.0,0.0,0.011889192723814054,0.0,0.0,0.0150324270927286,0.01808536291294912,0.022525751029017264,0.022350001015909136,0.02024086630907803,0.012215978499877841,0.012567813828784483,0.03096103038309115,0.026865054763380865,0.04984288655325604,0.06133854332318597,0.07389397406559878,0.12422360248447205,0.11335680864405961,0.15359508495728136,0.18923010380622837,0.2245859197105337,0.22427528954944098,0.31042128603104213,0.25775889094012333,0.252005395045077,0.16706111652512878,0.16497680013748067,0.18735209045490403,0.16207980809750722,0.11684456514873998,0.08990854131142458,0.10626669905270827,0.09132958194620393,0.09959592510386432,0.058765915768854066,0.0774345144321914,0.057526867662055794,0.04639414402804268,0.04351275947682305,0.031965903036760786,0.03870289995300362,0.022690529540233147,0.01459342712042496,0.014999700005999879,0.01523368472366096,0.0,0.01603180710529691,0.0,0.0,0.020282604286390372,0.0,0.0,0.0,0.0,0.0,0.0,0.0,0.0,0.0,0.0,0.0,0.0,0.0,0.0,0.0,0.0,0.0,0.0,F
Delaware,0.0,0.0,0.0,0.0,0.0,0.0,0.0,0.0,0.0,0.0,0.0,0.0,0.0,0.0,0.0,0.0,0.0,0.0,0.0,0.0,0.0,0.0,0.0,0.0,0.0,0.0,0.05009016229212583,0.08250825082508251,0.082389289392379,0.0,0.06162062236828592,0.0,0.0,0.08719346049046321,0.09479796184382036,0.1621756487025948,0.1920860545524395,0.15485869144405728,0.22900763358778628,0.1837109614206981,0.3795811518324607,0.3168376584188292,0.34965034965034963,0.3318400530944085,0.25295109612141653,0.25911210917256866,0.23003614853762733,0.12806146950536257,0.07849293563579278,0.2227833061042626,0.1937984496124031,0.07367025195226168,0.0,0.0,0.0,0.0,0.0,0.0,0.0,0.0,0.0,0.0,0.0,0.0,0.0,0.0,0.0,0.0,0.0,0.0,0.0,0.0,0.0,0.0,0.0,0.0,0.0,0.0,0.0,0.0,0.0,0.0,0.0,0.0,0.0,0.0,0.0,0.0,0.0,F
Florida,0.0,0.0,0.0,0.0,0.0,0.0,0.0,0.0,0.0,0.0,0.0,0.0,0.017561024560347204,0.0,0.0,0.029918365602427662,0.013325464963545336,0.015448190630672383,0.0,0.016319425556220422,0.01663948883490299,0.023413354977679268,0.010086746015735325,0.017670246024194647,0.020680384655154586,0.0404569252736792,0.048270133135762554,0.039184526465882254,0.06012911937212541,0.05581279973540598,0.06106649002235654,0.04640762772644813,0.06957005704744677,0.07497718085799975,0.07774515833323663,0.0866697161566796,0.11783530345691569,0.14537724784988273,0.15199508046457122,0.17026292524802725,0.18773466833541927,0.24298756752931186,0.22959462578505568,0.23764599106737683,0.17952640428840538,0.21695872649078887,0.160058647443338,0.15781356479322836,0.1207068054049825,0.13041396244485426,0.12889345453840637,0.0839320795786794,0.07852515481948139,0.07328254682413893,0.06428042538995435,0.04625051832477433,0.04609817374401684,0.04837822979659153,0.028558890521931137,0.025968168492411146,0.023413055971393502,0.023306458073866904,0.026440259702106405,0.018710334091725542,0.01596521104488505,0.01311242749598914,0.013880213755291831,0.011561941172843314,0.010096695273969943,0.015987697086432537,0.015322382936994361,0.013899506567516854,0.01209244675544538,0.01488726617687561,0.010177451130060555,0.01275564437263489,0.006420270935433476,0.009035260102550203,0.008856041027622797,0.010046380791319927,0.011055267835123436,0.006885333379235556,0.0,0.0050508876935121344,0.0,0.004216242653197177,0.0,0.0,0.005635072692437732,F
Georgia,0.0,0.0,0.0,0.0,0.0,0.0,0.0,0.0,0.0,0.0,0.0,0.0,0.0,0.0,0.0,0.0,0.008591697964994966,0.0,0.0,0.007645649625363168,0.0,0.00716187020303902,0.008286965786669823,0.012584228529590097,0.009142648168041874,0.01346861811978091,0.03055508402648107,0.03146193106341327,0.047138682002451214,0.0352912113120096,0.0462474356389854,0.0458322779848271,0.05072525030495537,0.048050356773899044,0.06686554881185064,0.05288350712571359,0.06772869015535268,0.08021616144557966,0.1121398192087305,0.15625813844471068,0.13676185833638002,0.22743047863778004,0.2344429263445535,0.23627829751907786,0.18560773762898886,0.17129805862200229,0.14889717913476014,0.09749648847393208,0.09651287893171319,0.100842865743528,0.0772469782799673,0.06774863749962362,0.055383417905309325,0.04404898246850498,0.0367969656656005,0.019444174386466853,0.030905255237097057,0.02243513606250165,0.022839451345624342,0.017580872011251757,0.010421416009900345,0.01720282126268708,0.016163793103448277,0.017601104807809475,0.0081113965120995,0.0,0.009253873407011792,0.010445500600616284,0.01395974517119724,0.014870809839519177,0.021150329074237657,0.030006376354975432,0.018489300857903557,0.018418919914536213,0.017134814270852457,0.020108110665578462,0.021472795161463488,0.012503438445572534,0.014543531433859985,0.011238954215310265,0.008649396704579855,0.0,0.0,0.0,0.0,0.0,0.0,0.0,0.0,F
Hawaii,0.0,0.0,0.0,0.0,0.0,0.0,0.0,0.0,0.0,0.0,0.0,0.0,0.0,0.0,0.0,0.0,0.0,0.0,0.0,0.0,0.0,0.094283020485129,0.0,0.05014625992478061,0.09140767824497258,0.09532888465204957,0.12056908608632746,0.057755775577557754,0.08952551477170993,0.0641900024071251,0.03934839065082238,0.1000538751635496,0.08064516129032258,0.11573117301810365,0.09716456143450225,0.1460706982179375,0.2891614318476418,0.20639834881320948,0.24006145573266757,0.22906358805204327,0.19644435713584127,0.22657054582904224,0.2725652584128315,0.4085052896197759,0.3943954333160353,0.23587324376986976,0.26313126201801434,0.3057792273978188,0.291369436350849,0.14232849416453175,0.21291009387399595,0.24914644274245643,0.15162326079200855,0.2100456621004566,0.13245033112582782,0.19896538002387587,0.12656995424009346,0.08655510675129832,0.1049017737936296,0.0729594163246694,0.08563273073263558,0.0,0.0513821806597472,0.0,0.06967831842991523,0.0,0.0,0.0,0.0,0.0,0.0,0.0,0.0,0.0,0.0,0.0,0.0,0.0,0.0,0.0,0.0,0.0,0.0,0.0,0.0,0.0,0.0,0.0,0.0,F
Idaho,0.0,0.0,0.0,0.0,0.0,0.0,0.0,0.0,0.0,0.0,0.0,0.0,0.0,0.0,0.0,0.07639419404125286,0.0,0.0,0.0,0.0,0.0,0.0,0.0,0.045770081623312225,0.0,0.07838833581563064,0.04658746797111577,0.0,0.04632131552536092,0.03908081913396905,0.03999680025597952,0.05796621397813846,0.0,0.06815968841285297,0.05259835893120135,0.10915838882218099,0.09955752212389381,0.07705856450902686,0.13774104683195593,0.15559661577360692,0.2388772767990445,0.2002402883460152,0.23513275203291858,0.23718299580368546,0.1733252448219083,0.13833509642769956,0.14256771966684173,0.10914647456887142,0.07659633730241627,0.0960680710903726,0.1129385190936684,0.09877936922317082,0.06691449814126393,0.04616449949988459,0.0,0.060261707988980714,0.08123476848090982,0.0,0.0,0.04389044943820224,0.07005253940455342,0.0,0.0,0.0,0.0,0.0,0.0,0.0,0.0,0.0,0.0,0.0,0.0,0.0,0.0,0.0,0.0,0.0,0.0,0.0,0.0,0.0,0.0,0.0,0.0,0.0,0.0,0.0,0.0,F
Illinois,0.0,0.0,0.0,0.0,0.0,0.0,0.0,0.0,0.0,0.0,0.0,0.004413289886946224,0.008896071643030298,0.0056904554803150886,0.005826729706332823,0.01381533502187428,0.008174275554828954,0.007392394458168288,0.010761817073024909,0.007075346544577631,0.011719142381999397,0.00979746463387419,0.01303384454968067,0.01549866969751763,0.01739335062437013,0.028627696803075996,0.029630904077116816,0.04120596112904334,0.035670042466631635,0.034476563220790825,0.044369071799017966,0.04791517993679274,0.04310888673928587,0.05243221263937338,0.05669064089055843,0.06560897053560778,0.08503401360544217,0.09237265769332278,0.1288200458999581,0.1659105169168396,0.16911154882852997,0.1902250275610125,0.23365917935831826,0.2247156541679769,0.2012708596810512,0.1788095293147433,0.11723329425556857,0.12146609577601652,0.09342207223191848,0.11997851547513586,0.11674010378479957,0.0759437443131748,0.0828354653080673,0.06239539595384208,0.08263193687797529,0.059680294926419485,0.056282538342479246,0.05480372957647677,0.04099374491995618,0.026466634628108957,0.05131494547787044,0.02945768403688102,0.03809381535703615,0.03346058495186239,0.02262390488598332,0.018426386585590565,0.0221425818250408,0.01814298320124692,0.018402496047645735,0.022521019618310423,0.014396287451518384,0.024468038624546686,0.021867100509940784,0.027840393717051794,0.02216168798190129,0.023249974425028134,0.018937062672208915,0.015865775538940564,0.013464386697185943,0.01746477028369336,0.010195874069626491,0.01160927813508556,0.0082777541270517,0.008262511803588292,0.008439937785601466,0.008806249921372768,0.0,0.0,0.0,F
Indiana,0.0,0.0,0.0,0.0,0.0,0.0,0.0,0.0,0.0,0.0,0.0,0.009516106009420945,0.011004559031598804,0.009828975820719482,0.008495454931611588,0.012142307847978307,0.019096952842462076,0.01854759932239437,0.013279731507973876,0.015681354869060686,0.01674555684558364,0.018413014752074172,0.019372336303758234,0.026055780214282738,0.032402713465940564,0.04512861655718799,0.04338737033092731,0.047881010594947024,0.046088141009227875,0.03798105053532751,0.04754767688252623,0.03961837864462314,0.0546728920866456,0.049605908614892794,0.048850232336470865,0.07587810549504344,0.07281949553666713,0.06565481018035763,0.08279911179134623,0.09308320206215094,0.07502344482650829,0.13116112108242442,0.13696852607448207,0.1620272380924577,0.1376757957068838,0.12412957917045112,0.10791988028087947,0.08633051417868953,0.05204963002560279,0.06353064663149463,0.05628030477949665,0.05055319640638993,0.03922929523062299,0.03345193565064015,0.03486274688129993,0.02648098820817172,0.034788658897199516,0.02273588480485032,0.028440559231206777,0.01768555090491069,0.01944535854249559,0.010902577680865977,0.02052318330360103,0.012957773854451805,0.0,0.0,0.0,0.0083004083800923,0.0,0.0,0.010159676244983661,0.0,0.01564292418396079,0.008782715615668365,0.008933357155619081,0.0,0.01273792626560396,0.0,0.0,0.0,0.010611881062037056,0.0,0.0,0.0,0.0,0.0,0.0,0.0,0.0,F
Iowa,0.0,0.0,0.0,0.0,0.0,0.0,0.0,0.0,0.0,0.0,0.0,0.0,0.0,0.012596679515279773,0.013011345893619236,0.0,0.0,0.0,0.012901085534197092,0.01092955899229466,0.013794768334109288,0.008867921181916535,0.016345507709631137,0.012671976828385226,0.0,0.012639942217407005,0.016134526093114145,0.02221646239863739,0.018073704567225145,0.02893256903130142,0.025659353750847675,0.036216690175746254,0.04211961972000482,0.035685797052773,0.020515158422612263,0.038158836155497255,0.0246633453361614,0.07291561902846223,0.12764679381288482,0.09781146839466927,0.13011843433002285,0.1498281383119363,0.22103231430172465,0.24575915602709344,0.2007214335582965,0.21957702530914133,0.15302835051546393,0.11302475780409042,0.15344483658124905,0.1329120272845822,0.16508034770048233,0.10097252484455546,0.07132667617689016,0.06457227883994497,0.06405217340670219,0.04063515878969742,0.04810776138550353,0.025782332656547103,0.04116920543433512,0.04074085681155787,0.022654454836726106,0.0431306194220497,0.027123241227326667,0.021088148460565163,0.0,0.018012176231132247,0.0,0.0,0.01878357564145911,0.0,0.0,0.0,0.0,0.0,0.0,0.0,0.020641539033150313,0.0,0.0,0.0,0.0,0.0,0.0,0.0,0.0,0.0,0.0,0.0,0.0,F
Kansas,0.0,0.0,0.0,0.0,0.0,0.0,0.0,0.0,0.0,0.0,0.0,0.0,0.020521941375654138,0.0,0.0,0.01830328543973643,0.01636616568015057,0.014228394183432459,0.0,0.016612675471384668,0.028213085742132396,0.024361129381958148,0.030742308510889868,0.029772128707202562,0.02774758942816843,0.034129692832764506,0.03715055261447014,0.03869969040247678,0.07330511480526851,0.08828506265787085,0.05297144586822722,0.05689458984172959,0.0606963527009877,0.044100784993972894,0.062233868326236494,0.03921149253199301,0.06666172876083253,0.10313075506445672,0.09495674192867694,0.09999310392386732,0.12927054478301017,0.1859337105901374,0.18404651357343038,0.25494469344956616,0.16265968420217408,0.10303770416730271,0.1035924377520441,0.10337062059290435,0.06876396768093519,0.09744689144416294,0.06358491765753163,0.08700976442911927,0.0674633770239013,0.058981584638573954,0.036881810561609385,0.02367264119039567,0.03855320342072059,0.03490157755130532,0.0,0.042277339346110485,0.022145124381781945,0.0,0.026938618433711755,0.0,0.0,0.0,0.024412075840182276,0.0,0.01974957538412924,0.019618614141097074,0.0,0.023881547524279574,0.0,0.0,0.02858659696982072,0.0,0.02441108263151471,0.0,0.0,0.0,0.0,0.0,0.0,0.0,0.0,0.0,0.0,0.0,0.0,F
Kentucky,0.0,0.0,0.0,0.0,0.0,0.0,0.0,0.0,0.0,0.0,0.0,0.009237704615157225,0.0,0.0,0.0,0.00976101774878394,0.0,0.0,0.0,0.007678132678132678,0.0,0.0,0.013974287311347122,0.02685805517838225,0.027207182696231805,0.02130314373535409,0.0258060598700589,0.02170576288004465,0.038629726347018556,0.047460093970986064,0.040438024683370266,0.03789126853377265,0.037239534844355666,0.04442925495557075,0.05670648722213821,0.04634013660266355,0.0638424943880388,0.0916972324108036,0.06965642990309562,0.091518030999299,0.09749629514078464,0.08547556467294913,0.14728511760826554,0.18324318357434594,0.1590310001524955,0.1739728086943448,0.14679198352667738,0.11103894743458131,0.09994492830481164,0.07877992122007878,0.07958615200955034,0.05489285337274359,0.0287292817679558,0.03438316600192546,0.027775848899381984,0.030947959815264485,0.03098779557589626,0.036430757274007866,0.0,0.016375035089360907,0.023479138785189358,0.03132983081891358,0.022457331070965165,0.0,0.0,0.0,0.01293058860039309,0.0,0.0,0.0,0.0,0.0,0.01360655291588429,0.0,0.0,0.0,0.016533480297602647,0.0,0.0,0.0,0.0,0.0,0.0,0.0,0.0,0.0,0.0,0.0,0.0,F
Louisiana,0.0,0.0,0.0,0.0,0.0,0.0,0.0,0.0,0.0,0.0,0.0,0.0,0.0,0.0,0.0,0.010827979499025482,0.0,0.0,0.014442750541603147,0.01265562463417335,0.007552185602513367,0.013467610396995228,0.014302059496567507,0.02504417514226483,0.02233389168062535,0.03351565851565852,0.04886423666138405,0.05088377075522228,0.05229073649491171,0.08478748427328921,0.10057551544951668,0.07511657241662768,0.06891192469539463,0.09960888862847349,0.12262318055865211,0.1475219625393668,0.16481742646933886,0.23102310231023102,0.19963891396430805,0.27820329970242813,0.2882532221936621,0.31119711145245266,0.36602297109680676,0.3659867731096034,0.2910103118871386,0.2709914116567998,0.20293078889344185,0.17863037104634683,0.14139596378794278,0.1571640618178643,0.13447812144408813,0.08856359868992715,0.07520981829991624,0.0538540381842503,0.029863855950812472,0.03912435957149511,0.023730891688255186,0.03811663690894136,0.026326981105328176,0.022804071563322762,0.012676145606659202,0.0,0.0,0.012019519699992789,0.01233988992818184,0.012761287358668744,0.015266787104653824,0.0,0.0,0.0,0.013851566612183838,0.0,0.0,0.0,0.018458130806620315,0.0,0.0,0.0,0.0,0.0,0.0,0.0,0.0,0.0,0.0,0.0,0.0,0.0,0.0,F
Maine,0.0,0.0,0.0,0.0,0.0,0.0,0.0,0.0,0.0,0.0,0.0,0.0,0.0,0.0,0.0,0.0,0.0,0.027227183620126334,0.0,0.0,0.0,0.0,0.0,0.0,0.026325488337808664,0.03100454733360893,0.02521432173474534,0.030512611879576892,0.035332121946295175,0.03947498272969506,0.049217442661679295,0.07023176482391894,0.047702337414533315,0.049271871236176504,0.046975924838520255,0.06401229035974906,0.07987220447284345,0.08473379466177093,0.13280212483399734,0.10258514567090685,0.1841495021143091,0.18641413764819925,0.2871500358937545,0.31884544386642055,0.26879462410751787,0.23622711549818612,0.26340996168582376,0.1620482903905364,0.13272954403497814,0.1865381625990984,0.13126399505829664,0.13100100177236648,0.10721396844846072,0.12147900690911852,0.10673172219257453,0.10844306738962044,0.07738141298460109,0.10763435073422004,0.044662795891022775,0.08258258258258258,0.0,0.0,0.0,0.0,0.0,0.0,0.0,0.0,0.0,0.0,0.0,0.0,0.0,0.0,0.0,0.0,0.0,0.0,0.0,0.0,0.0,0.0,0.0,0.0,0.0,0.0,0.0,0.0,0.0,F
Maryland,0.0,0.0,0.0,0.0,0.0,0.0,0.0,0.0,0.0,0.0,0.0,0.0,0.0,0.0,0.0,0.012022120702091849,0.0,0.0,0.0,0.0,0.01615704649190128,0.017358432340688165,0.020703933747412008,0.014268642873704676,0.03875422773393461,0.03587413304178482,0.034749226416030975,0.057238093634787296,0.06294725682480784,0.0817825252440958,0.08995951821680244,0.10162776677288778,0.06392356087878075,0.09565363315992616,0.08513506323052092,0.09598168964689814,0.12539547804614554,0.1776305285007185,0.16440201243909203,0.22704640509858595,0.21987874647767056,0.29273721391590457,0.27339084273390846,0.2564732203759788,0.28973277074542897,0.23258485039912707,0.18027861240098333,0.1091047951557471,0.11595248524826715,0.10927333233993941,0.09132639573169267,0.058954242437984666,0.03582945180938731,0.07218479307025986,0.033651621587515244,0.035193044198323156,0.03216662310769788,0.03298473001028347,0.020422940532110433,0.019950667440510737,0.024107109742981123,0.017350066508588283,0.022283445425816385,0.016517663576487106,0.0,0.017288699673675793,0.013458044546127448,0.013432134142246302,0.013580498404291437,0.011145290000445812,0.01598392473854866,0.0,0.0,0.011595816229504395,0.016246953696181964,0.011397829853195951,0.01608455882352941,0.0,0.014755791648221928,0.012593189603062665,0.0,0.0,0.0,0.0,0.0,0.0,0.0,0.0,0.0,F
Massachusetts,0.0,0.0,0.0,0.0,0.0,0.0,0.0,0.0,0.0,0.0,0.0,0.0,0.0,0.0,0.0,0.0,0.0,0.0,0.0,0.0,0.0,0.00722222795414917,0.005173894597419262,0.0070032915470271025,0.0,0.012548020308488254,0.010253064268071025,0.016883969608854705,0.013282606426883996,0.011354819174504645,0.014052180429996721,0.02535694780369821,0.025483200690006664,0.027110339080055827,0.03085204846963201,0.039188901703037696,0.05312330380755506,0.06975765229418486,0.0812114842593035,0.1093701704748092,0.15943381552340957,0.17670185978707426,0.22596905962106728,0.20030209496289486,0.254276076011595,0.19407969506757822,0.18908744016489787,0.14511094237745717,0.19289105776839885,0.1783705608227543,0.20037234546085642,0.15288158626227685,0.1137691408892442,0.13209246472530772,0.14383936020252583,0.1299545159194282,0.11930661800828128,0.11555604468167062,0.0819228075738957,0.060631623345811146,0.058859801558383315,0.04279722673970727,0.05356903709655819,0.015202882466515652,0.024947376627426524,0.020747550193111815,0.02289077828646174,0.0,0.016698393614534283,0.011736105289630313,0.017097816608819053,0.015696944328170783,0.026769939143005014,0.0,0.015471493772723758,0.011877424974265579,0.014179512629894465,0.016869451531957066,0.0,0.0,0.011513044279168298,0.0,0.0,0.0,0.01219422969051045,0.0,0.0,0.0,0.0,F
Michigan,0.0,0.0,0.0,0.0,0.0,0.0,0.0,0.0,0.0,0.0,0.0,0.005559622316323978,0.00915315051440706,0.014138415083669122,0.009206501836185644,0.009044267578767348,0.010603404399705932,0.013973259593745863,0.004301044436957441,0.011846359683353774,0.006465712327527123,0.016375889651697426,0.017804627975368217,0.014630663529852407,0.0195099558156883,0.034118611702683814,0.03323616748848993,0.02927482871410315,0.03689994349696152,0.04475537653404942,0.043031317236433185,0.051732731046578384,0.05446411204045906,0.05295453191503446,0.05533724196384167,0.07421805972786712,0.07553638093577955,0.10147057726312962,0.11441314075002551,0.14415636725954506,0.13305455236647026,0.20357270090080923,0.20635870681877058,0.23664297179545973,0.17660127988454455,0.2088164820677643,0.15843941752907775,0.1330247644732766,0.10551491277433878,0.10501011047757904,0.10365999521569254,0.07362249616175401,0.050427701617421834,0.061615994408578414,0.06417034968321539,0.042530372233214375,0.052859903029419265,0.039530778848275355,0.04288915342062881,0.0336450533144691,0.024210469683111854,0.015181129855589504,0.01860374033095075,0.018183654914637845,0.0,0.011701754199334063,0.011858687566705118,0.007641420867628758,0.005559570801134152,0.01217352810978309,0.01146052993490419,0.008360604830040847,0.0084123493288147,0.00734825846274433,0.010144945914757092,0.011732040201791092,0.008084183295382583,0.007148678209399082,0.0,0.010936987328718966,0.009482567879381737,0.008087474120082816,0.009831552729894475,0.0,0.0,0.0,0.0,0.0,0.0,F
Minnesota,0.0,0.0,0.0,0.0,0.0,0.0,0.0,0.0,0.0,0.0,0.0,0.0,0.0,0.0,0.0,0.0,0.0,0.0,0.0,0.0,0.0,0.0,0.008628748112461351,0.0,0.007009575079558676,0.0,0.017358097552508247,0.006774884149481044,0.016968178139765578,0.010498825443903464,0.010711512197734516,0.01637219455624531,0.020147073637554143,0.019540057117090035,0.029334593634393183,0.032979240436020275,0.056019371860204566,0.10819193248823412,0.11736880479433784,0.15010610949119205,0.21221365367489628,0.3043085898969548,0.3613289856349696,0.3919062832800852,0.372143588885869,0.28091056639893464,0.2362081755358607,0.21527089842261676,0.19909862621947907,0.1732111617272617,0.21182427196169942,0.13747121696394818,0.11322992864717193,0.12937069133570808,0.11734376389012356,0.07161482243196592,0.07678190194389303,0.08712577625359162,0.09442184776292853,0.04924042091441286,0.042826552462526764,0.05226379667447398,0.05339028296849973,0.03226782293032167,0.025039646106335033,0.010519671786240269,0.014688601645123384,0.010614809782608696,0.019118834175978247,0.0,0.0,0.023767852898597695,0.010676004612033992,0.010841753762088556,0.0,0.010875475802066341,0.013477391675464407,0.0,0.022057742267535905,0.0,0.0,0.0,0.0,0.0,0.0,0.0,0.0,0.0,0.0,F
Mississippi,0.0,0.0,0.0,0.0,0.0,0.0,0.0,0.0,0.0,0.0,0.0,0.0,0.0,0.0,0.0,0.0,0.00962334237927517,0.0,0.0,0.0,0.01339687278712369,0.0,0.0,0.0133432454585311,0.02326663564448581,0.021791239921551537,0.02015478877781361,0.03548245705579094,0.059010255575451726,0.04812319538017325,0.0549114025639401,0.05307742935394154,0.06836325144444934,0.06606524512484054,0.07823146419017817,0.0615417547427287,0.10278919879986666,0.1663654877663999,0.21138120932302387,0.21545770951881113,0.20582999554962172,0.26198506384003856,0.31375780432922384,0.361328125,0.33024431339511373,0.25895107551013363,0.2058432934926959,0.1369628488272556,0.16062106813010307,0.13881439883900684,0.08492569002123143,0.0845445972750626,0.06146491377838483,0.05880318228986509,0.028333628475296618,0.02925473561032692,0.022858884486437064,0.04187604690117253,0.03695764653706852,0.0,0.0,0.04031607805192711,0.02489110143123833,0.0,0.0,0.0,0.0,0.0,0.0,0.0,0.0,0.0,0.0,0.0,0.0,0.0,0.0,0.0,0.0,0.0,0.0,0.0,0.0,0.0,0.0,0.0,0.0,0.0,0.0,F
Missouri,0.0,0.0,0.0,0.0,0.0,0.0,0.0,0.0,0.0,0.0,0.0,0.0,0.0,0.010008173341562275,0.0,0.012537612838515547,0.0,0.007892140743176587,0.011778871322374622,0.011649429825129115,0.015963063925931383,0.012246347526850117,0.018079259473531964,0.01054172767203514,0.018695738540096516,0.022838871759735067,0.026165204828049102,0.026423114481015565,0.03300630534246887,0.026374029607714976,0.03241978996607501,0.027720528859481026,0.02884012539184953,0.0429458231933473,0.042260068461310904,0.0647068339240283,0.05978110916950244,0.08689849944912557,0.09935493438125603,0.1313813813813814,0.11289400006021014,0.12990429835235306,0.19093998528535894,0.2287857155144238,0.16150267708241903,0.21781557119955391,0.10401188707280833,0.1047172633888501,0.11822939655715997,0.09053801061903446,0.06452120544496026,0.061328468989810044,0.049413414945167045,0.043607468182699144,0.03768015825666468,0.029031789809841776,0.03897875657766517,0.020885547201336674,0.023515026101678972,0.02356637863315004,0.014389639459589095,0.01670955452327641,0.008512087163772556,0.017601295455345514,0.008919492659257542,0.0,0.010866415531729933,0.0,0.0,0.0,0.0,0.015799036258788212,0.0098613494270556,0.01587364577959443,0.0,0.0,0.012088000644693368,0.010383353407816587,0.0,0.0,0.0,0.0,0.0,0.0,0.0,0.0,0.0,0.0,0.0,F
Montana,0.0,0.0,0.0,0.0,0.0,0.0,0.0,0.0,0.0,0.0,0.0,0.0,0.0,0.0,0.0,0.0,0.0,0.0,0.0,0.0,0.0,0.0,0.0,0.0,0.0,0.0,0.041379310344827586,0.0,0.0,0.03729951510630362,0.0,0.03908081913396905,0.041677085938151205,0.062007263708034374,0.04934859849980261,0.09580583351075155,0.06700915791824882,0.25301897642323173,0.14177693761814747,0.3302873499944952,0.36517174483624326,0.35891089108910895,0.4767879548306148,0.30783263025880747,0.34755512943432404,0.29697315819531694,0.15913430935709738,0.07434944237918216,0.13033888109083616,0.1398880895283773,0.1486031305726174,0.0774218523178167,0.1100880704563651,0.06999999999999999,0.09574468085106383,0.0805616296466797,0.0,0.0,0.06444129398118315,0.07948072592396344,0.0,0.0,0.0,0.0,0.0,0.0,0.0,0.0,0.0,0.0,0.0,0.0,0.0,0.0,0.0,0.0,0.0,0.0,0.0,0.0,0.0,0.0,0.0,0.0,0.0,0.0,0.0,0.0,0.0,F
Nebraska,0.0,0.0,0.0,0.0,0.0,0.0,0.0,0.0,0.0,0.0,0.0,0.0,0.0,0.0,0.0,0.0,0.0,0.0,0.0,0.0,0.0,0.0,0.021507688998817078,0.024551066217732887,0.0,0.02414875633904854,0.01770036816765789,0.025059067802677738,0.03455783253274355,0.01728668233992532,0.024058289799285124,0.03148394318897362,0.0509925332362047,0.03109452736318408,0.030177616830488016,0.05172089524167764,0.0703977472720873,0.07053607416364369,0.0834314880251276,0.10431484115694643,0.1404358353510896,0.16321802769441374,0.22398251843758535,0.24018379281537175,0.2537802685841176,0.22395833333333334,0.13818971473694602,0.07393897569872332,0.07575040242401287,0.13103198987890835,0.149341539575508,0.0871599614661223,0.06107587502936341,0.06123410268487989,0.04845430758794457,0.061056273532105416,0.04231908590774439,0.037243947858472994,0.04748338081671415,0.031704095112285335,0.04357298474945533,0.0,0.02928086202857812,0.0,0.0,0.0,0.0,0.0,0.0,0.0,0.0,0.0,0.0,0.0,0.0,0.0,0.0,0.0,0.0,0.0,0.0,0.0,0.0,0.0,0.0,0.0,0.0,0.0,0.0,F
Nevada,0.0,0.0,0.0,0.0,0.0,0.0,0.0,0.0,0.0,0.0,0.0,0.0,0.0,0.0,0.0,0.0,0.0,0.0,0.0,0.0,0.0,0.0,0.0,0.0,0.0,0.0,0.0,0.16981532583315645,0.10482180293501049,0.09817396426467702,0.10535557506584722,0.0,0.0,0.14415453366008363,0.09092286710107592,0.0,0.2530791294077948,0.29035012809564475,0.22595222724338285,0.2735146634250114,0.2762854950115119,0.25008336112037344,0.175284837861525,0.31315240083507306,0.17105713308244952,0.10997643362136685,0.163471541090801,0.17832647462277093,0.12947269303201508,0.08698488637599218,0.06125574272588055,0.17506321727290408,0.1099010890198821,0.08599273839098032,0.056343318621466805,0.06322254335260116,0.042933195947106303,0.06438631790744467,0.05191722910331529,0.06119951040391676,0.058616647127784284,0.032944587204322334,0.0,0.0,0.03059975520195838,0.04143728171431954,0.0,0.0,0.0,0.036570712084008146,0.0,0.030584157406463454,0.03515997789944247,0.0,0.023219095384043837,0.021678806798473813,0.034594594594594595,0.02762685330140897,0.0,0.0,0.0,0.0,0.0,0.0,0.0,0.0,0.0,0.0,0.0,F
New Hampshire,0.0,0.0,0.0,0.0,0.0,0.0,0.0,0.0,0.0,0.0,0.0,0.0,0.0,0.0,0.0,0.0,0.0,0.0,0.0,0.0,0.0,0.0,0.0,0.0,0.0,0.0,0.0,0.0,0.0,0.0,0.0,0.0,0.0,0.0,0.05686125852918878,0.0,0.0,0.12180267965895249,0.13584319813700757,0.14047574452144596,0.16333589546502691,0.18144946098836587,0.27036160865157144,0.26004984288655325,0.29030817329164804,0.3129890453834116,0.2133062468257999,0.2302532786064671,0.16524105754276827,0.1795170990036801,0.25851310394009624,0.1041757096970223,0.18676627534685164,0.19968744573710712,0.12088974854932302,0.1267627951196324,0.1258606648404531,0.057845263919016635,0.08415737428992215,0.06481814908174288,0.07060484819957638,0.057344146801015815,0.05118580447022693,0.0,0.0,0.0,0.0,0.0,0.0,0.0,0.0,0.0,0.0,0.0,0.0,0.0,0.0,0.0,0.0,0.0,0.0,0.0,0.0,0.0,0.0,0.0,0.0,0.0,0.0,F
New Jersey,0.0,0.0,0.0,0.0,0.0,0.0,0.0,0.0,0.0,0.0,0.0,0.007130328137700897,0.0,0.0,0.007580581582218989,0.0,0.0054262303977426875,0.0058881025000883215,0.0,0.009324552712862054,0.008660726851501013,0.007224836925109405,0.01012996748280438,0.009578360567805215,0.011277983496550816,0.02203573461630277,0.03093430437587831,0.02674297328376969,0.03034982638114026,0.042368019206835375,0.03478684361574453,0.044788018309341884,0.032076413144201295,0.049227133996258735,0.04454174129777576,0.062404659547912904,0.07337212066096913,0.10971102329495222,0.12443923914293781,0.14882182720132286,0.1305876443997991,0.17285645288390655,0.1789854777691901,0.18715768034569125,0.13251137869447485,0.1452060018480764,0.1312860323077801,0.10116484088215742,0.10589481115425345,0.09491903964265774,0.11567460593982133,0.08510868243654,0.07139393286276201,0.06365456787831368,0.07790350182626242,0.0594118229527676,0.0657934086966924,0.03707565751361372,0.028528479102889057,0.028750566717901653,0.031991590781851625,0.032619205722340665,0.031315868714242696,0.02938619583450674,0.016274411617426137,0.012817719215042874,0.01312284293269294,0.007905138339920948,0.018782366041482198,0.010742436653193861,0.016415194998837257,0.016505281690140844,0.00964200608823813,0.021211906950434845,0.01891982360902912,0.016182896149941887,0.0,0.007873519778281683,0.019605280355509083,0.01197932710408324,0.013975263783103906,0.016181229773462782,0.00906043308870164,0.009053214796574264,0.0,0.0,0.0,0.0,0.0,F
New Mexico,0.0,0.0,0.0,0.0,0.0,0.0,0.0,0.0,0.0,0.0,0.0,0.0,0.0,0.0,0.0,0.0,0.0,0.0,0.0,0.0,0.0,0.0,0.0,0.0,0.0,0.0501664614402335,0.030790885897774258,0.026218046755516713,0.03364030108069467,0.05344076296966209,0.03368421052631579,0.043081164914699294,0.03675626005053986,0.06643887623386484,0.051727705358990274,0.08600917431192662,0.09836468707733924,0.11573329904198547,0.18350868607780768,0.23261362280806394,0.2431358595742157,0.2819789797487824,0.34004708344232276,0.4612371264295192,0.3969028563992452,0.41822721598002494,0.341922090609354,0.3845257515730599,0.2902344639198725,0.22923830363655312,0.31497716415559873,0.21175758798023595,0.1862759905351659,0.19359111518671354,0.17788168326895712,0.11351909184726522,0.12875978574371652,0.16103896103896104,0.1146131805157593,0.07900974453515934,0.10529640939243971,0.09553633034340003,0.048283261802575105,0.050077898953928335,0.057920648711265565,0.05796429399489915,0.04199412082308477,0.029813368314352152,0.0,0.0,0.0,0.03116235587410408,0.0,0.050031269543464665,0.0,0.0,0.0,0.0,0.0,0.0,0.03777005589968273,0.0,0.0,0.0,0.0,0.0,0.0,0.0,0.0,F
New York,0.0,0.005405989836739107,0.003680778361930936,0.0,0.0,0.006492705445432056,0.0,0.0,0.0037055793673340825,0.003491863956980236,0.0048832628877446375,0.004160252943378957,0.006368267831149927,0.008375250641691997,0.005746933771377397,0.007016832601763564,0.006574235226136391,0.006257914421179727,0.010262537705663089,0.010173716204186483,0.009365861780693143,0.009373294813555123,0.009436982861765053,0.011701266662116174,0.012766745182149538,0.016790270513433802,0.01945903872348706,0.027595102334421636,0.030275507114744173,0.03237120659744047,0.03996048002919947,0.050157267302639245,0.05647572030886376,0.05123408024909679,0.0797274016146532,0.07506139730799222,0.10943263388279229,0.13908260485217563,0.1556004551893913,0.19423426874820418,0.19158673000640075,0.24883973536091636,0.24255355285225993,0.2936489748932791,0.29053574354213313,0.2252127929698281,0.2146627822925109,0.1840024758742931,0.15253527028914654,0.15660757120405858,0.15901098424000346,0.12216656263837097,0.09630852595038523,0.09612591438455648,0.09507804108399245,0.08100548697543852,0.07166781965589493,0.059014602456178,0.04999327013671237,0.03756835353212094,0.040254562183714156,0.03204053867539484,0.03875850392174862,0.03187026191085731,0.026581317131387654,0.023679981958108984,0.021684854594258788,0.018946458492453983,0.01871472124120861,0.012087294440448922,0.01821974266184158,0.016531237681048843,0.01962919811559698,0.014913952975657835,0.006694336591243807,0.012758956451667058,0.008732275160707448,0.013933107152560556,0.008552490912978404,0.006583085858068669,0.011177347242921014,0.011358301403886054,0.009257259234116086,0.008574992204552542,0.00634437254155564,0.0090418886039324,0.0,0.0,0.0,F
North Carolina,0.0,0.0,0.0,0.0,0.0,0.009633137994701774,0.0,0.0,0.0,0.0,0.0,0.0,0.0,0.00923848488847829,0.0,0.0,0.01135941178900409,0.012833401065172287,0.008728955034970376,0.014323806165847637,0.011557899824530067,0.011399554381056014,0.016440777237743915,0.018214751925198086,0.017233164718643244,0.027336789243479667,0.05378791013281476,0.04809028148844765,0.048020488741863196,0.05499601009338538,0.05779913729435816,0.06681197358188848,0.06514950688562891,0.05492996429552321,0.05210530233481378,0.05100906391828086,0.09209072251749724,0.10792739908130093,0.13870164886446126,0.1349730053989202,0.16361299035202762,0.1628341640235614,0.22453409175959885,0.17039959472528823,0.20355653986451278,0.2036860606458819,0.1371958431236497,0.129563048618534,0.09086851166942991,0.08128683309624674,0.11126608265032674,0.06580256170903026,0.04831520214457155,0.046977526557456545,0.026383290582631,0.02786046307022303,0.03541427620302296,0.021983155407169254,0.024710946949498627,0.018018249913126297,0.014683895771038017,0.016136406422289754,0.019561815336463225,0.015444882829502534,0.00846262341325811,0.018054803272085886,0.012339585389930897,0.00801260650089474,0.017226072323002106,0.01907862939126453,0.010540045585697159,0.010691327996578775,0.013357019781746297,0.01737758825809729,0.010622054039699926,0.016782205698204305,0.011555201766661959,0.009201566895391328,0.0,0.007289904939639587,0.0074403654707519236,0.0,0.007700244867786795,0.0,0.0,0.0,0.0,0.0,0.0,F
North Dakota,0.0,0.0,0.0,0.0,0.0,0.0,0.0,0.0,0.0,0.0,0.0,0.0,0.0,0.0,0.0,0.0,0.0,0.0,0.0,0.0,0.0,0.0,0.0,0.0,0.0,0.0,0.0,0.0,0.04418912947414936,0.0,0.0,0.04050222762251924,0.0,0.044710721631047126,0.05777007510109763,0.07281805887860189,0.12603116406966086,0.10546051089758612,0.22724690376093626,0.42189408238037085,0.591715976331361,0.47393364928909953,0.4674668351231839,0.5481499937710228,0.5102646256081642,0.39044556729444185,0.31025997646303627,0.34568434698066325,0.257201646090535,0.35112359550561795,0.251523652897359,0.18855472800980486,0.18664047151277013,0.1422475106685633,0.10302905419328251,0.07731389441130991,0.09205983889528192,0.08366200549778893,0.0,0.0,0.0,0.0,0.0,0.0,0.0,0.0,0.0,0.0,0.0,0.0,0.0,0.0,0.0,0.0,0.0,0.0,0.0,0.0,0.0,0.0,0.0,0.0,0.0,0.0,0.0,0.0,0.0,0.0,0.0,F
Ohio,0.0,0.0,0.0,0.0,0.0,0.0,0.0,0.005094347312222358,0.006208930511719357,0.004927759052293379,0.0,0.007069858052961092,0.007919035778203647,0.009446844324593572,0.009404603125748093,0.011990727170987769,0.014798793329159315,0.012678785976055207,0.008847678369195923,0.016725404695060033,0.010001611370720838,0.016056089271856352,0.022238224330735343,0.022047401914115347,0.031000155000775003,0.037781508103894364,0.03344605893938831,0.03397893306150187,0.05105021082755337,0.042124251675058476,0.05348769782949921,0.053353054594437545,0.051928382106345004,0.05908468436630295,0.042555203555723675,0.061193577703726146,0.06809776089564175,0.09201820332893065,0.10647464303298869,0.12497579694073331,0.13292561158262606,0.15851991714692332,0.15362586880649107,0.1615196242621828,0.15283578475879184,0.12624697936675133,0.09736879554799907,0.08593850120238516,0.0848071904899971,0.07599054024302769,0.06665902118753406,0.059042204242291715,0.0520436563308468,0.04594099970627885,0.0376126498864098,0.02847095577768031,0.030704986489805946,0.023732784161811654,0.022718667171525937,0.018000180001800016,0.010625863351397301,0.0150138285262742,0.015547645350026595,0.007527601204416192,0.01114292081669038,0.0123440462020015,0.008949907368458737,0.00544687031909582,0.005501357001393677,0.005491337415227479,0.007599578223408601,0.004920727086634321,0.011942318601156415,0.015288338055731088,0.012541412790150811,0.007372844759487272,0.005407685402494025,0.00898533144641373,0.007080397918363011,0.007472352296502939,0.0,0.006520520076681317,0.0,0.0,0.0,0.0,0.0,0.0,0.0,F
Oklahoma,0.0,0.0,0.0,0.0,0.0,0.0,0.0,0.0,0.0,0.0,0.0,0.0,0.014904240256352933,0.0,0.0,0.01675683439459951,0.0,0.011918098824875455,0.0,0.016505541145956145,0.0,0.01404560138583267,0.02057660211710373,0.031821797931583136,0.020805400157196355,0.0343178750371777,0.04242081447963801,0.03879728419010669,0.036143707380545044,0.08083282302510716,0.05188387893761582,0.07202642624742318,0.04895140928530943,0.07279982743744608,0.06945073527191473,0.04538381742738589,0.08160867010511197,0.10549197621635446,0.10402643495288214,0.06400372385302418,0.1572281263648275,0.11273251080353229,0.147603896742874,0.14688976880827692,0.13085245587719016,0.1499437710858428,0.11993643369014421,0.08681335129471636,0.07182915711246789,0.08089348155106728,0.08557764913163857,0.06811989100817438,0.0445319458116533,0.04909903274905484,0.04275869007495347,0.018649260690022647,0.031297123509830146,0.023158199449992763,0.02344803329620728,0.03224104578228501,0.01775305500488209,0.02736893321980294,0.03154972236244321,0.025888292019933985,0.0,0.0,0.0,0.022211645248294463,0.0,0.0,0.0,0.0,0.0,0.0,0.01709577050637672,0.0,0.0,0.0,0.0,0.0,0.0,0.0,0.0,0.0,0.0,0.0,0.0,0.0,0.0,F
Oregon,0.0,0.0,0.0,0.0,0.0,0.0,0.0,0.0,0.0,0.0,0.0,0.0,0.0,0.0,0.0,0.0,0.0163036389722186,0.0,0.016693376068376068,0.0327043202407038,0.0,0.0,0.017888020988611295,0.0,0.030904258606836023,0.040528744232447934,0.028548770816812057,0.04006410256410256,0.0466340228506712,0.06324110671936758,0.06853114903893222,0.04988028731045491,0.05306728932286139,0.09207424867413082,0.1160049395651686,0.09928590522014741,0.13291114499042259,0.14629451395572665,0.19796898485903874,0.17502712920502678,0.20200508753553792,0.24292142885587992,0.282759735013734,0.2221541290026046,0.20504790664728034,0.19656195275365426,0.17087144436626794,0.15337423312883436,0.12285380397327181,0.10722462109137276,0.11325357184341968,0.06678201742403546,0.1186350722737348,0.05893848683190123,0.06979474001459345,0.06132989025177534,0.055425143453312474,0.04480573513409716,0.030672964848782285,0.01775410563692854,0.04213821333975439,0.03400519352046494,0.05372775828829683,0.02236064526433477,0.035075412136092596,0.018889308651303362,0.022579916776878164,0.01591748376416656,0.025949592915761138,0.0,0.0,0.016926201760324982,0.02017077926443892,0.03435481654527965,0.02084274151526731,0.0,0.0,0.017739932588256166,0.0,0.0,0.0,0.0,0.0,0.0,0.0,0.0,0.0,0.0,0.0,F
Pennsylvania,0.0,0.0,0.0,0.0,0.0,0.0037178867531694982,0.0,0.0,0.003611855554672658,0.0,0.007919223916056227,0.0069080253985067145,0.010348514988099208,0.0077058423127801395,0.009837033150801719,0.006196106779573501,0.013598411705512795,0.006902774422262434,0.005974072525240457,0.009477254588986432,0.012225341251592822,0.01839131194423754,0.021709708858946943,0.019436082408989416,0.01767825574543312,0.02350676595688061,0.024245573018140884,0.024473595215634622,0.03567380594352701,0.04324961006335608,0.0381429056521274,0.050978994674427354,0.059688205003692575,0.05405600201809074,0.07484906356116434,0.09163314468815915,0.10348603540185071,0.12692845404822056,0.12665970553163095,0.169017473158702,0.16673211492284618,0.19351682661180092,0.2004746871903588,0.20694430397473101,0.19954001618758366,0.18257568445774217,0.1649713450246675,0.13944474206661836,0.10734433168637184,0.13334639173704393,0.11707244323477872,0.08874623752930474,0.08222381473239543,0.08135088079434953,0.07357302122356439,0.0733193245551709,0.05806587837837838,0.0515209892029927,0.04603244191144235,0.029795428945169143,0.02765631423552715,0.03430344515736705,0.018513748470603386,0.016653205325695062,0.013842866165439553,0.01794977652528226,0.012236560961605436,0.007543469241504168,0.004791291348844341,0.012600562178927984,0.0,0.008191014457140518,0.008162765544966633,0.00842877161189721,0.0,0.011731706536693578,0.008601873057858348,0.008898380494749955,0.0057397373496188816,0.007154184601810008,0.008477963350975571,0.0,0.0,0.0,0.007756547819117305,0.0,0.006977587987384521,0.0,0.0,F
Rhode Island,0.0,0.0,0.0,0.0,0.0,0.0,0.0,0.0,0.0,0.0,0.0,0.0,0.0,0.0,0.0,0.0,0.0,0.0,0.0,0.0,0.0,0.0,0.0,0.0,0.0,0.0,0.0,0.0,0.0,0.0,0.0,0.0,0.0,0.03134403209628887,0.04570980801880632,0.0,0.0,0.0905318747642399,0.0523599371680754,0.06640106241699867,0.10526315789473684,0.11837552358404661,0.19962072063080147,0.1718766784831883,0.24364775495997215,0.2735354456348302,0.11663662389990456,0.10840108401084012,0.14670439065283453,0.16306563391765186,0.22157316950347467,0.19862945674843582,0.15726361313151171,0.1076426264800861,0.08571428571428572,0.1579191825359963,0.10796221322537111,0.06266225046996687,0.07755946225439503,0.07579585649317837,0.05225570458108344,0.0,0.046620046620046623,0.0,0.0,0.0,0.0,0.0,0.0,0.0,0.0,0.0,0.0,0.0,0.0,0.0,0.0,0.0,0.0,0.0,0.0,0.0,0.0,0.0,0.0,0.0,0.0,0.0,0.0,F
South Carolina,0.0,0.0,0.0,0.0,0.0,0.0,0.0,0.0,0.0,0.0,0.0,0.0,0.0,0.0,0.011790228258819091,0.0,0.0,0.0,0.0,0.011614626686540584,0.0,0.009117598789182882,0.014631648255175947,0.0106596549825004,0.012799882972498539,0.009031139368542735,0.021941854086670324,0.023161551823972205,0.025344094825905564,0.027793218454697052,0.027795977524966747,0.034818941504178275,0.043698108496160806,0.05328445372778038,0.05297952226291664,0.06999589679225701,0.08451194352613657,0.09825410021918222,0.09549658222758343,0.19888526039236867,0.16273393002441008,0.1948381242159767,0.24480485158705872,0.24758175955780748,0.2352078687723371,0.20063839489284085,0.14758840545486746,0.12319341365944533,0.07620834188234604,0.10838871616418039,0.06855184233076264,0.04005149477900157,0.040524502851188235,0.04086994599328565,0.037074005418508485,0.022829747160550196,0.028107257293833267,0.021790646365047805,0.015543236101756385,0.02058460271716756,0.0270175343798125,0.016790261648244018,0.020664206642066422,0.0,0.0,0.016299918500407497,0.0,0.0,0.0,0.0,0.01617913538700492,0.016719612104999164,0.0,0.0,0.0,0.0,0.0,0.0,0.0,0.0,0.0,0.0,0.0,0.0,0.0,0.0,0.0,0.0,0.0,F
South Dakota,0.0,0.0,0.0,0.0,0.0,0.0,0.0,0.0,0.0,0.0,0.0,0.0,0.0,0.0,0.0,0.0,0.0,0.0,0.0,0.0,0.0,0.0,0.0,0.0,0.0391491582930967,0.040217172732756885,0.04176237210273544,0.0,0.0,0.03558718861209965,0.03580379520229145,0.0,0.0,0.04861842638359938,0.06574004507888806,0.05200208008320333,0.10461466930140649,0.09375366225243173,0.2004008016032064,0.20172587694721505,0.24621878297572986,0.33290653008962867,0.5957005957005956,0.46751968503937014,0.47347335194852497,0.3713158505453702,0.24614007607965988,0.2967359050445104,0.2622194252150199,0.14104372355430184,0.157612693075549,0.18650917003419334,0.13851891315929674,0.14061654948620875,0.12338754907459339,0.058644147314098054,0.09420631182289213,0.0,0.06202704379109291,0.0,0.0,0.0,0.0,0.0,0.0,0.0,0.0,0.0,0.0,0.0,0.0,0.0,0.0,0.0,0.0,0.0,0.0,0.0,0.0,0.0,0.0,0.0,0.0,0.0,0.0,0.0,0.0,0.0,0.0,F
Tennessee,0.0,0.0,0.0,0.0,0.0,0.0,0.0,0.0,0.0,0.0,0.0,0.0,0.0,0.0,0.0,0.008806046818815586,0.0,0.0,0.009744010913292222,0.0,0.012342292923752057,0.0,0.008237006122841218,0.007969397513547975,0.02152910465836002,0.029647198339756892,0.04235261971446137,0.05326157037535391,0.0395017140922365,0.05698492748667977,0.0658554044380816,0.05383227608683001,0.061036428326857524,0.08399027481028512,0.08037551440329219,0.06757669955399379,0.07582285024987076,0.07367257801399779,0.10283903162721694,0.12403708055881968,0.12896526312263423,0.18931809079986894,0.20479482940027055,0.21102611448166714,0.1828548957923712,0.20938271604938274,0.11724856696195936,0.10224188571216122,0.11393435211140247,0.08905036688751157,0.10898786601758338,0.07216048491845865,0.03125229796308552,0.01676633320292852,0.021931828566206707,0.03727240537468086,0.029166210944620657,0.02297063292928579,0.012110098091794544,0.0,0.010269224844677974,0.010510642025050363,0.025018316982076162,0.012546376785618266,0.0,0.010835214446952596,0.012718485410080306,0.014194967883885164,0.0,0.0,0.0,0.0,0.009314803085062781,0.0,0.018672044215400703,0.0,0.011023535247753955,0.0,0.01428892200289861,0.0,0.0,0.0,0.0,0.0,0.0,0.0,0.0,0.0,0.0,F
Texas,0.0,0.0,0.0,0.0,0.0,0.007704329833366352,0.0,0.0,0.0,0.006823942288945213,0.004549135209396694,0.009414100611060712,0.008458285274894272,0.010610401224743455,0.004709613105283401,0.012866178203339788,0.006725854183481302,0.008572180824031496,0.01064691860430727,0.009809125949177188,0.01685332173534848,0.02007887393556226,0.021891091818204433,0.02101713140594834,0.027982601694665633,0.03645590993471514,0.04197451955869517,0.041151255358236376,0.04967008351391492,0.04507660573158841,0.055672585013541984,0.06296467933348109,0.0666506982702061,0.07554610187472206,0.06395832243134655,0.06941091260260744,0.08207554571185449,0.09393467378509174,0.1172981215543677,0.11717532223213614,0.14794422556888076,0.16847721170214633,0.2008836489079941,0.20217665037036162,0.16500288755053213,0.16701705209063303,0.12785787587691996,0.11811837965533384,0.09912112601599155,0.1075395055061166,0.12419544918865018,0.07190063074505414,0.0628396591923587,0.07135518980050637,0.07522715237911122,0.0493951226574576,0.05052572892075301,0.046715710886507014,0.04624812117007746,0.030520180947045394,0.0392047753945771,0.045090265607187215,0.055399758646012716,0.035972626131729156,0.029110563658719918,0.02491301920020618,0.014646775770786574,0.018753889300906153,0.018909549322407817,0.02289648743350819,0.019831924440367882,0.01520318856062785,0.025392248811274158,0.020042539267015706,0.01929099438919376,0.0161020224140152,0.01364442625187611,0.014741109268472451,0.013517966221981903,0.009765321567600438,0.01194188893124687,0.010994498169874158,0.004994551398474391,0.008019174737817537,0.005329212075994564,0.0032130136231777622,0.006853036629480785,0.002532158411830244,0.004684986699843314,F
Utah,0.0,0.0,0.0,0.0,0.0,0.0,0.0,0.0,0.0,0.0,0.0,0.0,0.0,0.0,0.04785833931562575,0.062322553839761784,0.052182988345799264,0.0428921568627451,0.0,0.02989179171399534,0.0436323970548132,0.026208197924310724,0.0,0.06617459913463986,0.035082443742795566,0.03913128546272745,0.043577204280249845,0.030258711987493067,0.04529897322327361,0.03416800898130522,0.0,0.049346163335800636,0.062483728195782344,0.05449591280653951,0.07664642414951948,0.07506207055834632,0.09164327853828971,0.1195219123505976,0.07047216349541931,0.11574632264287436,0.1003296545793321,0.0975371860521824,0.11723329425556857,0.09132022960514873,0.12049193950473658,0.0989010989010989,0.06164594677899928,0.033676837071462254,0.07277790083219948,0.08088098052634853,0.06671114076050699,0.05938056692814951,0.05622436830268554,0.05478701547733187,0.08924109373884485,0.036885397071299474,0.026985350809560528,0.0,0.0,0.05319351039173221,0.027209826634533155,0.026886883042058767,0.030820202642832376,0.0,0.021963540522732264,0.028078056998455708,0.0,0.0,0.016690589845445136,0.0,0.01969731788188175,0.0,0.016179658932789696,0.0,0.0,0.0,0.0,0.02570611484206806,0.0,0.0,0.0,0.0,0.0,0.0,0.0,0.0,0.0,0.0,0.0,F
Vermont,0.0,0.0,0.0,0.0,0.0,0.0,0.0,0.0,0.0,0.0,0.0,0.0,0.0,0.0,0.0,0.0,0.0,0.0,0.0,0.0,0.0,0.0,0.0,0.0,0.0,0.0,0.0,0.08051529790660225,0.0,0.0,0.0,0.0,0.0,0.0,0.0,0.0,0.0,0.0,0.09847365829640572,0.2506658311138963,0.2330226364846871,0.22358859698155395,0.32766741757116524,0.3971571906354515,0.4125412541254125,0.2321654706627269,0.2801120448179272,0.15360983102918588,0.2191780821917808,0.1376936316695353,0.1206896551724138,0.18593644354293443,0.10133423408208073,0.1688333614722269,0.08368200836820083,0.0,0.20442930153321978,0.13658869728529965,0.0,0.0,0.0,0.0,0.0,0.0,0.0,0.0,0.0,0.0,0.0,0.0,0.0,0.0,0.0,0.0,0.0,0.0,0.0,0.0,0.0,0.0,0.0,0.0,0.0,0.0,0.0,0.0,0.0,0.0,0.0,F
Virginia,0.0,0.0,0.0,0.0,0.0,0.0,0.0,0.0,0.0,0.0,0.0,0.0,0.0,0.0,0.020333093033142943,0.0,0.012743723716069836,0.0,0.007344624469350882,0.01182382500738989,0.011108488273602066,0.010639571225279622,0.010393389804084602,0.018891925591002407,0.011380160586710502,0.023626257476467006,0.0349283967865875,0.034345027603225886,0.03199672353550997,0.039058431413394434,0.03584550586970159,0.04739032981107909,0.05280851118638828,0.06601941747572816,0.06642921754862054,0.06274556672692233,0.08547530374259722,0.11347952767980371,0.1416171767930562,0.14586494968395927,0.18644929657765383,0.25871226398930885,0.2214960058097313,0.29846373574057455,0.3147498963398545,0.22911459516776492,0.20824656393169513,0.156676990344325,0.12866156720363778,0.14411694060323235,0.1301203190482628,0.08733480539168836,0.07116966517155199,0.05190171113453897,0.04652028284331969,0.05222092523192234,0.04300437458293171,0.034917725110209075,0.030983297186153284,0.022136749771714766,0.02136995669022111,0.017424638438752395,0.025411061285500747,0.01354198013842913,0.014056130815724124,0.011120113107436179,0.019449261738439846,0.0,0.017633008992834587,0.012587324564163888,0.009566326530612245,0.019187719859290055,0.0222667557336896,0.01095444515735278,0.011019977645188205,0.015675946827188363,0.011000581459305705,0.016463886465038935,0.020427270405991998,0.0,0.01586154632452724,0.008863048179529903,0.0,0.0,0.0,0.0,0.0,0.0,0.0,F
Washington,0.0,0.0,0.0,0.0,0.0,0.0,0.0,0.0,0.0,0.0,0.0,0.0,0.016364826532838755,0.029814337986176987,0.0318945354029343,0.03633803456655538,0.009953021737399474,0.01440744247314041,0.016194987651321914,0.014230534661516567,0.02349210078111235,0.012890632193433144,0.011042606055028987,0.012512065205734101,0.016259868837058048,0.03724064550452208,0.04792332268370607,0.04349559607089782,0.041941719245778476,0.044258395264351706,0.035390317954067094,0.06739301359092441,0.0641706940461628,0.049391199776665874,0.07248579512240746,0.08814980702339544,0.12192368480469633,0.15295197308045275,0.18434546764419205,0.2028397565922921,0.25270509315628664,0.26544209380723593,0.3096892335864706,0.2988734768947812,0.27336927633077684,0.19588875453446192,0.2269866954332974,0.1974463604054232,0.14590370355565327,0.16430905210674424,0.13301065932644882,0.09110516138628588,0.0593923420998905,0.06768825796747203,0.08147544626323976,0.07172382552235707,0.06551853238487458,0.056943423952975754,0.051123843102688415,0.057435343007246994,0.037193575655114115,0.027318672312525608,0.042923060414207535,0.02765129868932844,0.026341041223729513,0.022612071077276752,0.03034210725934916,0.024457697589976107,0.018913602663035257,0.024656235182550973,0.015593022122600136,0.011939348111593107,0.033722129651670235,0.02581618873619827,0.018020904248928757,0.015486168915387444,0.015503275066857874,0.02345628335190289,0.018072652061286373,0.01688761293591151,0.012779008348952122,0.023650827778972264,0.0,0.010876658690450293,0.0,0.0,0.0,0.0,0.0,F
West Virginia,0.0,0.0,0.0,0.0,0.0,0.0,0.0,0.0,0.0,0.0,0.0,0.0,0.0,0.0,0.0,0.0,0.0,0.0,0.0,0.011145786892554615,0.0,0.018267342558341323,0.0,0.0,0.015278060704827868,0.017765144785930005,0.020393596410727032,0.031107424305267525,0.04674053504165407,0.02609452015076834,0.03844902546508533,0.03420823485508148,0.03271716015049894,0.048742444921037235,0.03644979041370512,0.0,0.040288465412352446,0.05649489528267625,0.045185672034176796,0.07406541145285152,0.08785332314744079,0.08883146248889606,0.15469898156503803,0.1924001924001924,0.15171218032076292,0.14801031843362794,0.15844721727074668,0.11878916970466553,0.09643589022381163,0.09650957053241113,0.10671903013745412,0.060991548314019345,0.049661399548532735,0.028761804323857918,0.043855374719812885,0.0,0.02661839863713799,0.03848056731350668,0.04415254705005795,0.06000436395374209,0.02764722145424385,0.07360851593907479,0.057873719543955086,0.0,0.0,0.0,0.0,0.0,0.0,0.0,0.0,0.0,0.0,0.0,0.0,0.0,0.0,0.0,0.0,0.0,0.0,0.0,0.0,0.0,0.0,0.0,0.0,0.0,0.0,F
Wisconsin,0.0,0.0,0.0,0.0,0.0,0.0,0.0,0.0,0.0,0.0,0.0,0.0,0.0,0.0,0.0,0.0,0.0,0.0,0.0,0.0,0.0,0.0,0.0,0.008522865630935567,0.0,0.005995131952854282,0.005812669293993188,0.0,0.012617428109335749,0.01820395253319377,0.010418354826013474,0.013254449277632516,0.0137275211840611,0.02059679204963827,0.03871788489725932,0.027151778441487917,0.04858422530934487,0.07789860717290376,0.11127828976239736,0.14977533699450823,0.18636715979747004,0.2471549513990077,0.35532035532035533,0.3515067189044707,0.34435387856030775,0.2686550797741104,0.2629699935563644,0.23718172305545868,0.2212824547600315,0.21889180034511407,0.23058193721076478,0.19811867792023707,0.175325427148977,0.16829183784586446,0.15023443175064385,0.13472032742155526,0.12088085352393967,0.08278728950891284,0.10854151713030234,0.06628176728122656,0.052020736541876694,0.042756492480434255,0.06292426207001754,0.035575231733106706,0.02229564018890488,0.022642596900022644,0.016908314663735893,0.010530306221304915,0.012733987011333249,0.017008610609120865,0.015272171921021054,0.011061946902654867,0.011039964672113049,0.0,0.011358215397196792,0.015950780448900536,0.016164415194550284,0.014434180138568129,0.0,0.0,0.0,0.0,0.0,0.0,0.0,0.0,0.0,0.0,0.0,F
Wyoming,0.0,0.0,0.0,0.0,0.0,0.0,0.0,0.0,0.0,0.0,0.0,0.0,0.0,0.0,0.0,0.0,0.0,0.0,0.0,0.0,0.0,0.0,0.0,0.0,0.0,0.0,0.0,0.0,0.0,0.0,0.0962000962000962,0.0,0.0,0.0,0.0,0.0,0.19294377067254684,0.0,0.2313030069390902,0.1853138753764188,0.32516258129064535,0.3134796238244514,0.36241263266891016,0.4367871875758311,0.44853635505193573,0.34843205574912894,0.19168104274487255,0.18040772145047806,0.09613843935266785,0.18846042331110469,0.0,0.06983240223463687,0.08848252470137148,0.171875,0.08279516476237787,0.11223344556677892,0.1323042998897464,0.0,0.0,0.0,0.0,0.0,0.0,0.0,0.0,0.0,0.0,0.0,0.0,0.0,0.0,0.0,0.0,0.0,0.0,0.0,0.0,0.0,0.0,0.0,0.0,0.0,0.0,0.0,0.0,0.0,0.0,0.0,0.0,F
