state,1917,1918,1919,1920,1921,1922,1923,1924,1925,1926,1927,1928,1929,1930,1931,1932,1933,1934,1935,1936,1937,1938,1939,1940,1941,1942,1943,1944,1945,1946,1947,1948,1949,1950,1951,1952,1953,1954,1955,1956,1957,1958,1959,1960,1961,1962,1963,1964,1965,1966,1967,1968,1969,1970,1971,1972,1973,1974,1975,1976,1977,1978,1979,1980,1981,1982,1983,1984,1985,1986,1987,1988,1989,1990,1991,1992,1993,1994,1995,1996,1997,1998,1999,2000,2001,2002,2003,2004,2005,2006,2007,2008,2009,2010,2011,2012,2013,2014,2015,2016,2017,2018,2019,gender
Alabama,0.0,0.0,0.0,0.0,0.0,0.0,0.0,0.0,0.0,0.0,0.0,0.0,0.0,0.0,0.0,0.0,0.0,0.010036734448079973,0.0,0.0,0.012086539623705733,0.0,0.0,0.0,0.009421341222136384,0.01691017316017316,0.008091269520187717,0.0,0.019268497757847534,0.0184314809694959,0.020653191606542932,0.029945242984257357,0.017162962327297693,0.021807397069085833,0.02314346052593514,0.020043810041948832,0.03172360091710046,0.03869137182408323,0.04339838268693853,0.056733564995390395,0.05285940826035402,0.06900095426851648,0.06935733785877665,0.08432338016292482,0.06555777469469896,0.06421299921691465,0.0700359952440673,0.07484177472625807,0.05638567803777841,0.07516395136892347,0.05846471654356596,0.0638060296698038,0.07896555127825486,0.05903187721369539,0.08832708500991227,0.051730827262145965,0.052053864433631324,0.05752680749229141,0.06713501330711871,0.08039760268966525,0.0713217531347061,0.07896437031896819,0.06387735547748323,0.06047980646461932,0.07122670771775842,0.05846859067309042,0.04966535014071849,0.05236349788165849,0.04733615772407754,0.04577430856702322,0.06469390200071883,0.05690979797021721,0.05237867504725468,0.03893991799711387,0.040095285266161934,0.026676367163817147,0.03674939363500502,0.04542242858584839,0.05149595756733096,0.03629669959295844,0.03382861901168389,0.028590736601341166,0.036790791790397605,0.015810276679841896,0.01658970885060967,0.02870840869290615,0.034545297521374904,0.026322716504343247,0.0,0.025251816727925702,0.01971164676728993,0.02306738560018454,0.0,0.0,0.0,0.01748068384435199,0.0,0.0,0.0,0.0,0.0,0.0,0.0,F
Alaska,0.0,0.0,0.0,0.0,0.0,0.0,0.0,0.0,0.0,0.0,0.0,0.0,0.0,0.0,0.0,0.0,0.0,0.0,0.0,0.0,0.0,0.0,0.0,0.0,0.0,0.0,0.0,0.0,0.0,0.0,0.0,0.0,0.2145922746781116,0.0,0.0,0.0,0.0,0.0,0.0,0.17149717029669012,0.09818360333824251,0.0,0.11109053878911312,0.0,0.15712290502793297,0.15573628655476726,0.0,0.0,0.09609840476648088,0.0,0.0,0.12518255789693303,0.0,0.0,0.0,0.0,0.0,0.0,0.0,0.0,0.10993037742762918,0.0,0.0982640026203734,0.0,0.0,0.0,0.0,0.0,0.0,0.0,0.0,0.0,0.0,0.0,0.0,0.0,0.0,0.0,0.0,0.0,0.0,0.0,0.0,0.0,0.0,0.0,0.0,0.0,0.0,0.0,0.0,0.0,0.0,0.0,0.0,0.0,0.0,0.0,0.0,0.0,0.0,0.0,0.0,F
Arizona,0.0,0.0,0.0,0.0,0.0,0.0,0.0,0.0,0.0,0.0,0.0,0.0,0.0,0.0,0.0,0.0,0.0,0.0,0.0,0.0,0.07009345794392523,0.0,0.056490792000903844,0.0,0.0,0.0,0.05434782608695652,0.14821748966378032,0.04073983541106494,0.09793634137810422,0.11337191956560654,0.03490198359606771,0.06207324643078833,0.04393431819429952,0.0670760022702647,0.06557991380925614,0.031236055332440872,0.08532787234950297,0.06215813028344107,0.0663544106167057,0.066203243958954,0.08707325037187534,0.08769160615945842,0.08668111351891981,0.09328358208955223,0.08620975496535031,0.07471810895258796,0.08021763392857142,0.07482229704451926,0.07107039917874206,0.07489750867234311,0.08647118937190472,0.05201173979269606,0.08791506052613782,0.07365002845569281,0.04136647247405977,0.04413362303096143,0.07505792513787814,0.06342424141269151,0.06244659173075659,0.07894903050590539,0.08292383292383293,0.05343532918975167,0.047131523133722604,0.05291805261566374,0.04232962326635293,0.039367172698865735,0.04989071557540626,0.03553502420823524,0.03710494150515104,0.05024073686414068,0.0469828818891204,0.04033477866290209,0.033801920744437594,0.03852392538523926,0.0420656223708986,0.044807429886555734,0.029934144881261223,0.02171124050133228,0.0308012166480576,0.028976548313564887,0.024812948541762102,0.011105969458583989,0.008937508937508937,0.025422189940076268,0.0,0.013900955690703735,0.0,0.013446734124449524,0.017471687923886974,0.0,0.011930936919432087,0.013098557287475908,0.0,0.0,0.0,0.01048679712242287,0.0,0.010736064588164562,0.0,0.0,0.0,0.015554921836517771,F
Arkansas,0.0,0.0,0.0,0.0,0.0,0.0,0.0,0.0,0.0,0.0,0.0,0.0,0.0,0.0,0.0,0.0,0.0,0.0,0.0,0.0,0.0,0.0,0.015561780267662622,0.0,0.017034324163188827,0.0,0.0,0.019537246364676658,0.014755356194298531,0.04539722572509458,0.029912563276576164,0.02886627697192755,0.031485383516190756,0.01486951996233055,0.032812539438148366,0.03394876348157627,0.047818925668136655,0.06907178152064183,0.058115400581154,0.054913374152274784,0.05224516732202271,0.04561653599429793,0.08941705846721856,0.09600558577953626,0.10771156589327821,0.08676538639518741,0.10263327664066624,0.07130760317318834,0.09802595997836668,0.11636363636363636,0.08707833263923068,0.09658103148541626,0.13526207026113093,0.09145114679738084,0.12007422770439909,0.1160631383472609,0.08286311802075523,0.077396385588793,0.09553759802555631,0.09241030173972438,0.06956790600602922,0.06007689842999039,0.07204610951008646,0.0697759823723834,0.05053057099545225,0.04607764082478977,0.05025514148755219,0.062126271647122776,0.034967751962079414,0.019895746289443315,0.0715648854961832,0.024078012761346763,0.031295231389117086,0.04711240233991598,0.05299633102323685,0.02115506663845991,0.05134568482307132,0.03969829297340214,0.05288673424416042,0.038892009852642496,0.03051837642237433,0.0262501640635254,0.03551767004084532,0.02166941145878478,0.0223254152527237,0.03145784648570915,0.02245979696343545,0.03135919720455156,0.02254791431792559,0.026581605528973953,0.026980843601043258,0.028198138922831094,0.0,0.0,0.0,0.0,0.0,0.0,0.0,0.0,0.0,0.0,0.0,F
California,0.0,0.0,0.017360680538677117,0.0,0.0,0.0,0.014911772015574516,0.016650520707193025,0.012220457045093485,0.01079414032382421,0.012105255193911056,0.009083339641208084,0.0202020202020202,0.01038021234948692,0.013894892854937318,0.02369518513837988,0.019624838503933144,0.01720739605168476,0.028972247636474536,0.016017473607571896,0.057340944040451425,0.046445712108039876,0.048806563320705605,0.045449260656794666,0.06050693466196478,0.07096852965416196,0.08831701733051625,0.0803175836257464,0.11680915278637184,0.11395558382360736,0.1273813760935129,0.10348183134360239,0.08504507853889767,0.07043712450797597,0.08088235294117647,0.10509784489476229,0.08875302006804398,0.10912858801569687,0.1033184295598707,0.10024807149896355,0.08670539072839047,0.09973909310082894,0.1087593343669786,0.10741205833445548,0.10867815166639833,0.10836232363797615,0.09389056290667715,0.1015008765984797,0.0872024510959227,0.08728108767846499,0.08787848477487391,0.0818573394577398,0.06769849301772941,0.07077859844828929,0.06396075067346908,0.05460494949042172,0.04908279199993171,0.04148644707602699,0.03635591212490094,0.0417069965454016,0.0443692737091196,0.039217717528839825,0.03945627162675066,0.03510015024176459,0.030386472067940394,0.03486238532110092,0.027131642730528524,0.030291890302183662,0.021924276920482336,0.02431382517254527,0.025290844714213456,0.026821455139851118,0.02345883811726068,0.021534030497570692,0.020855955622153557,0.020360520026191032,0.019707038056213124,0.019635915331921536,0.020266179594265955,0.02168388596391484,0.01839926402943882,0.0169897504456328,0.013568290904156986,0.014787327539304994,0.010842273453549418,0.011719743766382629,0.009596170563464556,0.010198618087249176,0.00883100308800237,0.010991798427327303,0.008240321884021731,0.006227093192897556,0.0072491403465089095,0.006569180034948038,0.0043515518303296466,0.006065098726329267,0.0044759058544848575,0.007156781220606078,0.008101415634323234,0.005052072432284186,0.0049698749120714435,0.004068795189056568,0.005967070296350284,F
Colorado,0.0,0.0,0.0,0.0,0.0,0.0,0.0,0.0,0.0,0.0,0.0,0.0,0.0,0.0,0.0,0.0,0.0,0.0,0.0,0.0,0.0,0.0,0.028712530148156654,0.0,0.0,0.035317860746720484,0.024013063106329842,0.05780625270966809,0.057920648711265565,0.05873830128832674,0.09069661980674644,0.0655896161281414,0.052034550941825373,0.03694002283565048,0.060189438337504356,0.06668889629876625,0.08347245409015025,0.07211885186787827,0.09272528028323358,0.08648414907705197,0.0621235448234881,0.07054290908104295,0.08552262340647299,0.08643268727082241,0.09518174568466545,0.09234341195715266,0.1218092737460412,0.0796676719968133,0.0915317362623489,0.10427528675703858,0.05913466276815926,0.0642756138321121,0.07729886834456744,0.07926721860137396,0.1190803334249336,0.09926670722725671,0.10217766140877452,0.08244807356905026,0.0689849800884262,0.0740306610321108,0.07027612661415478,0.051609943515784046,0.058660409556314,0.060678077516244024,0.03142829513586694,0.0412948220881415,0.04353105597177355,0.023162624788641048,0.0436851907203458,0.045982296815725944,0.03808798324128738,0.06289156043637067,0.0536389125929538,0.05610577157632824,0.022095649612098596,0.04900999803960007,0.04272108159726585,0.03310415075120957,0.025572831423895256,0.03785488958990536,0.02273818246128193,0.019507912897168914,0.0,0.02300490004370931,0.01364163426778528,0.011190188442773377,0.015648402745176936,0.0,0.011581044146940288,0.0,0.014312977099236643,0.012262114969589956,0.0,0.0,0.013961800513794257,0.0,0.0,0.0,0.0,0.0,0.0,0.0,0.0,F
Connecticut,0.0,0.0,0.0,0.0,0.0,0.0,0.0,0.0,0.0,0.0,0.0,0.0,0.0,0.0,0.0,0.0,0.0,0.0,0.0,0.0,0.0,0.0,0.0,0.0,0.0,0.0,0.024207946258359307,0.044787431957555295,0.06632920230406703,0.04512380844943313,0.03819126183929117,0.033228110981890685,0.05727868946358507,0.03411998862667046,0.03440154542327132,0.04655835722512191,0.047556770895256215,0.0544489314397205,0.04598305196084872,0.03650732293948374,0.0663129973474801,0.06757725308705179,0.04673182030599183,0.05667442566541848,0.048863913999511364,0.06912297605831466,0.037153236459709374,0.05579665220086795,0.04984288655325604,0.03180517061202236,0.04528985507246377,0.03897211058336378,0.05788432781824321,0.04559854084669291,0.040549307958477505,0.053027231042764904,0.04351610095735422,0.023878560463926318,0.03134905430352851,0.01774685880599134,0.03828483920367535,0.05155525004296271,0.03615566657901657,0.0291743654575513,0.02842165098212594,0.031002945279801578,0.021253339810541658,0.0294611554665174,0.022764782880883273,0.03637890023786204,0.029371712370831218,0.026148576210025365,0.02061961956801897,0.025595740868719446,0.02663825253063399,0.01935144997650181,0.03970842669540801,0.0,0.02699946001079978,0.01828042166839315,0.03546899687227936,0.03206361421059382,0.0,0.016539861065167055,0.020282604286390372,0.0,0.0,0.0,0.0,0.0,0.0,0.0,0.0,0.0,0.0,0.0,0.0,0.0,0.0,0.0,0.0,0.0,0.0,F
Delaware,0.0,0.0,0.0,0.0,0.0,0.0,0.0,0.0,0.0,0.0,0.0,0.0,0.0,0.0,0.0,0.0,0.0,0.0,0.0,0.0,0.0,0.0,0.0,0.0,0.0,0.0,0.0,0.0,0.0,0.0,0.0,0.0,0.0,0.0,0.0,0.06888001102080177,0.06512960791976032,0.06165988407941793,0.09027307605506657,0.10731916720326251,0.0,0.05156765676567656,0.07209062821833162,0.07333682556312204,0.0,0.06487187804086927,0.10646225912913873,0.0653950953678474,0.07109847138286526,0.062375249500998,0.06402868485081316,0.09033423667570009,0.0,0.0,0.0,0.0,0.0,0.0,0.0,0.0,0.0,0.08003841844085162,0.0,0.10396554284865588,0.0,0.07367025195226168,0.075007500750075,0.0,0.0,0.0,0.0,0.06442468754026544,0.0,0.0,0.0,0.0,0.0,0.0,0.0,0.0,0.0,0.0,0.0,0.0,0.0,0.0,0.0,0.0,0.0,0.0,0.0,0.0,0.0,0.0,0.0,0.0,0.0,0.0,0.0,0.0,0.0,0.0,0.0,F
Florida,0.0,0.0,0.0,0.0,0.0,0.0,0.0,0.0,0.0,0.0,0.0,0.0,0.0,0.0,0.0,0.0,0.0,0.0276944380336949,0.0,0.0,0.0,0.0,0.0,0.017742450587275114,0.016362327377446167,0.03544737541724515,0.02006974235468252,0.03953120639940471,0.04390931570797994,0.04915160063255973,0.05710913555805144,0.07337890549569381,0.039907263121888185,0.04533173765616784,0.028287131019335086,0.060874722941966095,0.0576385486613447,0.06388473562593448,0.06333367800641092,0.07258448357924797,0.06398599043577827,0.08707672547973833,0.08333684965610363,0.07958491814122706,0.08901217189699429,0.09492469307682572,0.08134345131701469,0.09236319381057939,0.09747154179092354,0.09991092279172786,0.07318192530482132,0.07696442533229085,0.08702008423544154,0.07421717254401188,0.0658718134510243,0.0530798084408691,0.04737666881278927,0.0513506412859156,0.048042277203939464,0.0680403106746261,0.04276376076730405,0.06336453737909926,0.05141215785767774,0.06316926305922628,0.05911654681836683,0.04796118833067395,0.0526475469812432,0.036641273412069464,0.047193223704017115,0.031099486459762047,0.04532987084828323,0.038116181051859994,0.03134512374358296,0.03690213417342637,0.04824508503196237,0.04078630162926708,0.030846969652457475,0.04265956172913423,0.04029315168470989,0.04010860175243737,0.03238716542901427,0.03545661959671949,0.031066754689138287,0.023600886175209935,0.020685216964942386,0.016988285804742823,0.016627114288737397,0.01712035610340695,0.016720098285099485,0.016298878920589024,0.014267268745407721,0.009788198444429385,0.016101892777495994,0.010046380791319927,0.007653646962777764,0.006024666706831112,0.005963689649590636,0.0050508876935121344,0.008330556481172943,0.007589236775754919,0.006969369620517823,0.005426279471480379,0.007513430256583643,F
Georgia,0.0,0.0,0.0,0.0,0.0,0.0,0.0,0.0,0.0,0.0,0.0,0.0,0.0,0.0,0.0,0.0,0.0,0.0,0.0,0.0,0.0,0.011153867603591546,0.0,0.021302279343889795,0.0,0.017293694090273082,0.01358757190090131,0.012179711645326797,0.017394879579992726,0.0246561832228371,0.034366791859979866,0.029243111975690076,0.047776506531551355,0.02548549875121056,0.0173093804478184,0.03819664108287477,0.04735409020954185,0.04461681024127398,0.03771342369317273,0.04938493310586334,0.05771515871668648,0.0512712950663031,0.08131422645422834,0.07999341230722175,0.07945072276441081,0.08684010565546188,0.05314073841471515,0.05766042812867885,0.08229606007612386,0.05830745657450472,0.06490666139887966,0.06895775282163866,0.06974549731274701,0.07031616230011979,0.06770389026553465,0.06941060062321859,0.049683269159110664,0.055876624413295446,0.059598814834996426,0.06575076997612209,0.07035800772301852,0.057836899942163095,0.04746535029428517,0.046658639373871165,0.05452727878585926,0.06022101111077655,0.05089287050758154,0.03523918597480398,0.049534376857539135,0.045832696768100444,0.06046680372475511,0.0448702721250033,0.03933461065079748,0.05023106288929073,0.04559369504331401,0.03572893646865778,0.04445043103448276,0.05551117670155296,0.05002027849128025,0.0420401687031286,0.04494738511977156,0.03264218937692589,0.03172669357090281,0.017349278146105707,0.02737101409607226,0.030006376354975432,0.018489300857903557,0.02333063189174587,0.015910898965791568,0.027205090900488504,0.02385866129051499,0.015004126134687039,0.017187809876379984,0.014048692769137833,0.018740359526589687,0.01764783740459138,0.016555793022485776,0.016353716010287973,0.016559032952475575,0.02044989775051125,0.019438864770297413,0.015526075180706264,0.01791280048722817,F
Hawaii,0.0,0.0,0.0,0.0,0.0,0.0,0.0,0.0,0.0,0.0,0.0,0.0,0.0,0.0,0.0,0.0,0.0,0.0,0.0,0.0,0.0,0.0,0.0,0.0,0.0,0.0,0.0,0.0,0.0,0.0,0.06419662509170947,0.046416635722242854,0.0,0.04738887309259786,0.0,0.10285420416559526,0.050289162685441285,0.05014625992478061,0.0,0.07149666348903717,0.048227634434530986,0.057755775577557754,0.06510946528851633,0.05616625210623445,0.11017549382230267,0.05387516354960363,0.11290322580645162,0.04959907415061585,0.08833141948591114,0.0681663258350375,0.05982650314089141,0.07223942208462332,0.05761474937584021,0.054975261132490384,0.04911108928396032,0.09268795056642637,0.0,0.052372473028176394,0.06227296315516347,0.0,0.0708430320817731,0.0,0.05023610971566361,0.047442831388177245,0.0,0.06459352219248869,0.0,0.0,0.0,0.0,0.058416901956966215,0.0,0.0,0.0,0.0,0.07935720662632675,0.0513821806597472,0.0,0.0,0.0,0.0,0.0,0.0,0.0,0.0,0.0,0.0,0.0,0.0,0.0,0.0,0.0,0.0,0.0,0.0,0.0,0.0,0.0,0.0,0.0,0.0,0.0,0.0,F
Idaho,0.0,0.0,0.0,0.0,0.0,0.0,0.0,0.0,0.0,0.0,0.0,0.0,0.0,0.0,0.0,0.0,0.0,0.0,0.0,0.0,0.0,0.0,0.0,0.0,0.0,0.07962689113866454,0.07432575918454025,0.0,0.09159606136936112,0.10504201680672269,0.09739469198928659,0.1147258870769483,0.06474063283968601,0.10441767068273093,0.15816528272044286,0.1091362644215778,0.09237164190593487,0.05339842856053093,0.15157256536566882,0.1489378380496982,0.1397624039133473,0.10984699882306787,0.13896394657608277,0.18758793184305145,0.12798976081913446,0.14905597880092747,0.07271405199054717,0.12658227848101267,0.1683147485798443,0.16373758323327148,0.18805309734513273,0.14310876265962133,0.12714558169103624,0.19449576971700866,0.1492982979994028,0.07008410092110533,0.06858038600960126,0.06385696040868455,0.07799636016985874,0.08951094474733502,0.09004277031590005,0.04365858982754857,0.05570642712903001,0.07548205585672134,0.035293287216771364,0.06350102307203839,0.03717472118959108,0.04616449949988459,0.0,0.05165289256198347,0.05415651232060655,0.06438557763061074,0.0,0.05266853932584269,0.0,0.06011679835108211,0.0,0.044279135671271695,0.0,0.0,0.0,0.0,0.0,0.0,0.0,0.0,0.0,0.0,0.0,0.0,0.0,0.0,0.0,0.0,0.0,0.0,0.0,0.0,0.0,0.0,0.0,0.0,0.0,F
Illinois,0.0,0.0,0.0,0.0,0.0,0.004833579845905474,0.0,0.004500369030260481,0.005508478466439595,0.0,0.0,0.0,0.0,0.004687177756529238,0.0050401193500262086,0.008394719721295305,0.006581545346847439,0.010640108954715696,0.011479977874951731,0.01139506697191634,0.01005570862578686,0.01711075410895748,0.0126820607373155,0.01474953446781836,0.021197218924877057,0.025744191007186303,0.028912232839848468,0.0406461105736792,0.03579276819604448,0.05591921318377685,0.053132791106388196,0.05667502417929021,0.0544069640914037,0.05011703802409156,0.04241213433485497,0.05660757344016199,0.071143068167007,0.06147805646681993,0.06138829632130634,0.07156924200768999,0.058783890346538206,0.06328058316245941,0.07519630574046669,0.06846754104410573,0.06753958707183846,0.08206748904067693,0.0678176388947302,0.0775782738031545,0.06928856108846031,0.06978408684241919,0.06469979296066253,0.07854817831064863,0.05940730272085446,0.07782711520826295,0.060258138088326765,0.05764394774576137,0.060521557932154565,0.058288019511147586,0.06477682840309695,0.05318042035654004,0.06496367261295838,0.06149221098660836,0.04200372239884707,0.04743336658319324,0.04769260337549739,0.042270574664880316,0.03372063189531943,0.04624599935402414,0.035831547849741505,0.024929743450276494,0.04517414261698992,0.029959372168473972,0.02191044987101106,0.024377163473258252,0.02922101061934288,0.02430258933042684,0.0313713773528533,0.035741988471307544,0.029645116747150556,0.024034417285552914,0.023782773071340118,0.023091069528859715,0.018402496047645735,0.02001868410516482,0.01947733008146605,0.012234019312273343,0.013120260305964469,0.01616538990022362,0.011080843990950644,0.010229988747012378,0.008521678202494012,0.005949665827102711,0.010357220536296879,0.00654928885638501,0.006797249379750994,0.01160927813508556,0.013007899342509815,0.008262511803588292,0.008439937785601466,0.010064285624426022,0.008003201280512205,0.0,0.0,F
Indiana,0.0,0.0,0.0,0.0,0.0,0.0,0.0,0.0,0.0,0.0,0.0,0.0,0.0,0.0,0.0,0.0,0.0,0.0,0.0,0.0,0.0,0.025863955593577778,0.016169455897809038,0.015180553710696598,0.01957852769471736,0.015860176682368242,0.02986951737148247,0.03440141537251819,0.052671820575991846,0.04991837670835526,0.07280713271188666,0.08531895688301411,0.05191167771298878,0.06031290334254111,0.06474948646959007,0.07473517752312459,0.07641310430926859,0.08442072789427606,0.08257465689707436,0.08724865867723011,0.10156588963830711,0.07131214343928281,0.08295865381661016,0.07185604155332231,0.09509535376505246,0.10279363107794112,0.08966354302209878,0.08267651435815467,0.07863695937090433,0.07098274385020194,0.09541864932390864,0.07466625471491652,0.07652645180715334,0.0716024631247315,0.07377305407939981,0.0690321689907497,0.050462088553756536,0.061307603602551566,0.047372316802368614,0.04692703602785347,0.07194658685391965,0.05413947499341547,0.056269870297948964,0.05800624257658205,0.03174786423458785,0.05488632752693763,0.04677339046728126,0.03953410576893836,0.03486274688129993,0.04828886085019549,0.047439080314362975,0.03637741568776052,0.041912403077567884,0.02800212226610859,0.035899123463068776,0.026477688653531655,0.03788895379126344,0.03401415636793599,0.02907352371107378,0.026195582769855435,0.019962736225712003,0.023241143464258443,0.01658512314453935,0.011540110125622342,0.008466396870819716,0.012269078416938337,0.01564292418396079,0.008782715615668365,0.008933357155619081,0.008949987470017542,0.0,0.009440196356084207,0.0,0.0,0.0,0.0,0.0,0.0,0.01135254183411666,0.0,0.0,0.0,0.0,F
Iowa,0.0,0.0,0.0,0.0,0.0,0.0,0.0,0.0,0.0,0.0,0.0,0.0,0.0,0.0,0.0,0.0,0.0,0.0,0.0,0.0,0.0,0.0,0.0189948985129708,0.013075997698624406,0.0,0.02171762264424121,0.01965553671899953,0.02267402312750359,0.031227230144686167,0.05737352211954183,0.0629473759936693,0.062319415330576174,0.05897639101347242,0.038253456473031314,0.0620764575034918,0.05498111132788252,0.032691015419262275,0.07965242577842144,0.06793478260869565,0.046948356807511735,0.05198902852225669,0.06109527159625282,0.07771692963906812,0.08498942152944793,0.07697806125254303,0.06290267241050666,0.05615949296000641,0.06717326504051388,0.059266013220879876,0.07631767231099451,0.08878804321018102,0.07291561902846223,0.08259498423186665,0.09536618168480254,0.10887460831695789,0.0822585857398866,0.08094141087105411,0.07492657195947972,0.0523621131021643,0.057783427712931934,0.08322594501718213,0.051130247578040904,0.05370569280343716,0.06770990069214565,0.02321442389538033,0.05845777754158474,0.0411500054866674,0.03930486538083607,0.02620316184819635,0.04063515878969742,0.02565747273893522,0.05801024847723097,0.0380023434778478,0.028205208561847755,0.05178161105537396,0.03317739955542284,0.0,0.01757345705047097,0.01807468459675379,0.03602435246226449,0.029885315103291118,0.018597731076808628,0.0,0.0,0.0,0.0,0.0,0.0,0.0,0.0,0.0,0.0,0.0,0.0,0.0,0.0,0.0,0.0,0.0,0.0,0.0,0.0,0.0,F
Kansas,0.0,0.0,0.0,0.0,0.0,0.0,0.0,0.0,0.0,0.0,0.0,0.0,0.0,0.0,0.0,0.0,0.0,0.0,0.0,0.0,0.0,0.0,0.0,0.0,0.0,0.0180635838150289,0.03420323562609023,0.0383743240886098,0.0506658946149392,0.05185930874591989,0.07092005128065247,0.09675308044734071,0.08343995104856206,0.041531688678461666,0.06155582343737977,0.05603059757850374,0.09932130441979806,0.0893163861216077,0.06936897357042107,0.07281001137656429,0.09055447199777097,0.08465557275541796,0.10404596940102627,0.12752286828359125,0.1008979921299566,0.12413365056377365,0.11311593003365888,0.12054214565019258,0.09498853586636095,0.12832852101379533,0.1036960225168506,0.11049723756906078,0.07033832735457551,0.09309702779118681,0.11449676823638043,0.068714632174616,0.06692600493579286,0.04934413421604506,0.06744425930334047,0.0686918027782018,0.0850937881534648,0.07014434968804224,0.04469657899260787,0.042226986292470604,0.050867934126025305,0.05156134188392253,0.04176304291955795,0.042597811127858966,0.04694048616932104,0.016909029421711193,0.056077386793775406,0.055842524082088514,0.034739109289237825,0.024661781285231114,0.022145124381781945,0.03733711682783855,0.023090244371752933,0.019539645941615537,0.02390152571405808,0.020408996285562676,0.0,0.0,0.0,0.0,0.0,0.01990128960356631,0.0,0.0,0.0,0.0,0.0,0.0,0.0,0.0,0.0,0.0,0.0,0.0,0.0,0.0,0.0,0.0,0.0,F
Kentucky,0.0,0.0,0.0,0.0,0.0,0.0,0.0,0.0,0.0,0.0,0.0,0.0,0.0,0.0,0.0,0.01057440148887573,0.0,0.0,0.0,0.0,0.0,0.011881188118811881,0.010083084617246107,0.009653441451877595,0.0,0.014780327384251562,0.014876248210201386,0.0,0.019830646280762292,0.013014690331711919,0.045116502452300214,0.03471802922352373,0.03351512750982603,0.036855036855036855,0.03766875602700096,0.0412642132290011,0.0543444506552388,0.043271311120726956,0.06348342629120755,0.05934447183420068,0.05920213734895865,0.05891564210297834,0.06180756215522969,0.0743541472212115,0.06631836048072723,0.05766062602965404,0.0863280125937336,0.05980861244019139,0.05670648722213821,0.06648802208208249,0.09267458862779826,0.07502500833611203,0.05531540021716416,0.07204610951008646,0.05264799937602371,0.05983289527106438,0.039569136073862386,0.05519372999227287,0.060998191839313334,0.05369531132541507,0.07135721421435706,0.06704238335672832,0.048952617945213855,0.06867993132006868,0.09005801411607012,0.0337802174601499,0.04640883977900553,0.020629899601155275,0.04166377334907298,0.04761224586963767,0.03575514874141876,0.029144605819206294,0.05401089611121548,0.0444465238139796,0.07043741635556808,0.03132983081891358,0.032438367102505236,0.032795156407669016,0.02572347266881029,0.041401438699994825,0.031033412640943413,0.017945957032251447,0.03386122108772661,0.012813613182645242,0.018513131099415516,0.018984595356910394,0.0,0.0,0.0,0.0,0.0,0.01442002653284882,0.0,0.0,0.01646741099364358,0.016975046681378374,0.0,0.0,0.0,0.018634466308884913,0.0,0.0,0.0,F
Louisiana,0.0,0.0,0.0,0.0,0.0,0.0,0.0,0.0,0.0,0.0,0.0,0.0,0.0,0.0,0.0,0.0,0.0,0.0,0.0,0.0,0.0,0.0,0.012805081056163086,0.0,0.018364629723153208,0.01928309729393868,0.022479257775779624,0.010323326588759962,0.03888360839885941,0.036093264996751605,0.049469848127566246,0.05991212887764612,0.04493300168498756,0.05220445161596506,0.05588617345859892,0.06733805198497614,0.05005720823798627,0.06261043785566206,0.07258514796203239,0.07775632775632776,0.09112519809825674,0.08837707552222818,0.10458147298982343,0.13812154696132595,0.1229256299938537,0.11763538699207732,0.11729689309854406,0.12158143759063676,0.10669809217441156,0.12597381070777391,0.1614191290163628,0.16501650165016502,0.11283938615373931,0.09860370116035427,0.11566849043439945,0.11171178359831635,0.09466111321469141,0.08989148813218328,0.09700343729571287,0.07504377553572918,0.07609904583504068,0.09319845445896356,0.07528875993903447,0.09080590238365494,0.07413537464225371,0.06684045184145446,0.04444216535904142,0.06427740041346004,0.06499780412823891,0.04471355379599441,0.05537208060592876,0.048147330832346985,0.05872941938880901,0.03938885088210295,0.048591891492193603,0.03989715400301445,0.036987378057237966,0.048078078799971155,0.037019669784545524,0.04594063449120747,0.055978219383730696,0.03588271478367849,0.028482651475919215,0.03166895386889053,0.0,0.022766726429323543,0.014265335235378032,0.0,0.03691626161324063,0.014960653481344064,0.014811742749651925,0.0,0.0,0.016965830816735094,0.01711508181009105,0.017284889549555777,0.0,0.02036729013204793,0.01702533369654045,0.0,0.0,0.0,0.0,F
Maine,0.0,0.0,0.0,0.0,0.0,0.0,0.0,0.0,0.0,0.0,0.0,0.0,0.0,0.0,0.0,0.0,0.0,0.0,0.0,0.0,0.0,0.0,0.0,0.0,0.0,0.0,0.0,0.0,0.0,0.041736227045075125,0.025163563160543533,0.0326726203441516,0.027461965178228156,0.0,0.033839038971293214,0.0,0.027091460771564803,0.0,0.047385879008055604,0.0,0.040342914775592535,0.025427176566314078,0.035332121946295175,0.03947498272969506,0.05413918692784722,0.04514899167251931,0.03180155827635554,0.032847914157451,0.041103934233705224,0.057611061323774165,0.033280085197018104,0.0,0.0,0.05471207769115032,0.03410175965079798,0.0,0.039881949429688125,0.06712535660345696,0.0,0.06749346157091031,0.047892720306513405,0.0,0.046845721424109935,0.0,0.0,0.046235647684364646,0.0,0.0,0.0,0.046475600309837335,0.05416698908922077,0.06150534327669716,0.0,0.0,0.0,0.0,0.0,0.0,0.0,0.0,0.0,0.0,0.0,0.0,0.0,0.0,0.0,0.0,0.0,0.0,0.0,0.0,0.0,0.0,0.0,0.0,0.0,0.0,0.0,0.0,0.0,0.0,0.0,F
Maryland,0.0,0.0,0.0,0.0,0.0,0.0,0.0,0.0,0.0,0.0,0.0,0.0,0.0,0.0,0.0,0.0,0.0,0.0,0.0,0.0,0.0,0.0,0.0,0.0,0.0,0.0,0.0,0.0,0.0200177299894192,0.019235393123346958,0.04996876951905059,0.026698705112802028,0.053817692566431215,0.024122278020218855,0.02423556973785192,0.046289152908501774,0.0639939770374553,0.03745518754347477,0.07750845546786922,0.07687314223239605,0.05626065229262158,0.05218767360818841,0.06460376358335543,0.06342318284236001,0.05997301214453496,0.05856515373352855,0.07401675470174612,0.06712535660345696,0.05853035597098313,0.04983664654742788,0.07523728682768732,0.05388791314066741,0.05348017272115041,0.06771559450308703,0.057638118008709764,0.04112836889727585,0.06635700066357,0.05729720880739953,0.07032348804500703,0.06317119393556538,0.09833378858235456,0.046369537941192515,0.05411115978252467,0.04718621169224656,0.06008315508663991,0.049884358985987025,0.03806879254747402,0.04156094146469507,0.029445168889075845,0.04140358140979195,0.04824993466154681,0.02716389530258639,0.022279571489575017,0.016323273360417875,0.04079664725735267,0.04241127368766025,0.05874726521351593,0.039229450994156874,0.038067040287617634,0.04106066172498001,0.03364511136531862,0.038057713403031185,0.03168782961001335,0.028977754001159112,0.022834178197926658,0.01850481125092524,0.013636673560762745,0.01855330596720703,0.02320993385168852,0.022795659706391903,0.029871323529411766,0.016498149850338213,0.01229649304018494,0.0,0.01283268742139979,0.0,0.0,0.0,0.0,0.013785117587053017,0.014577259475218658,0.0,0.015745056052399547,F
Massachusetts,0.0,0.0,0.0,0.0,0.0,0.0,0.0,0.0,0.0,0.0,0.0,0.0,0.0,0.0,0.0,0.0,0.0,0.0,0.0,0.01130156338293464,0.0,0.0,0.0,0.0,0.0,0.008031160904308717,0.0077901843676967016,0.012771935799736048,0.010123653192566346,0.01587427573616954,0.020467058269714896,0.019731433269388875,0.014606741573033709,0.016897600540723215,0.016130419821059876,0.023730177563632986,0.03207814650399942,0.017007993757065822,0.030287634828826016,0.029922202274087373,0.024234515542713334,0.030015945971297253,0.01707763683456514,0.03595692738593138,0.020609864630661858,0.030233283919794025,0.03920492413847179,0.027110339080055827,0.035107503430960564,0.045906999137844164,0.04388446836276288,0.036081544290095614,0.045382888262551956,0.04874105423333888,0.036293876704516,0.036812887455640465,0.03160406428266675,0.031194588559795105,0.0322083029614687,0.026226985819943,0.028959337682912284,0.047245423099637224,0.05110788710102875,0.025711071830306926,0.03471017007983339,0.038606461177342635,0.03074841645655249,0.019513659561693184,0.027329478438479906,0.02599090318388564,0.03228296722577023,0.03301601276619161,0.026426712120611512,0.027679654136131174,0.03223274847244801,0.021398613369853634,0.0,0.024324611946425042,0.029625009745068993,0.033515273388872925,0.031066056245912358,0.021317416329140908,0.013358714891627425,0.02011903763936625,0.013678253287055244,0.008720524626761546,0.012492638266735674,0.009247614115558186,0.009669683607952348,0.0,0.0,0.0,0.0,0.0,0.0,0.0,0.0,0.0,0.0,0.0,0.0,0.0,0.0,F
Michigan,0.0,0.0,0.0,0.0,0.0,0.0,0.0,0.0,0.008117432185618615,0.0,0.0,0.006509399572983388,0.0,0.0,0.0,0.0,0.0,0.0,0.006842940822247769,0.0,0.010372905969607386,0.013470652346955022,0.00992088097423051,0.005869095689736125,0.019388194743644983,0.02223848926529591,0.02013693113169553,0.03231637733410085,0.043986619883998074,0.05262119318555548,0.06432732002488264,0.05883477723682468,0.047311488806531854,0.04668859404615899,0.043320272594431726,0.04912766895509227,0.07060455921266708,0.07373854419045613,0.0705801342744018,0.07043842416037949,0.06374805895333314,0.05798667995293509,0.06688114758824276,0.08303300120132853,0.07351183361224002,0.07949175746181557,0.06937690462296571,0.07215054973423445,0.07705185589902004,0.06432231843081816,0.0820731831321451,0.07684904013310552,0.08089081925638746,0.07773137450269586,0.04713932712412089,0.07549154325071675,0.07325287428198783,0.06420545746388442,0.07121019350183247,0.05773727614776893,0.0659401044051653,0.055578839951163514,0.05979178390545863,0.05033542485702136,0.044299143254569455,0.06374630765225042,0.04669231631242763,0.04230351854917324,0.036152309680684724,0.03605835906729044,0.040100616091283584,0.04228874016327131,0.02975982074084448,0.04658545843541875,0.03228062624414914,0.03510636279105073,0.0411240575736806,0.035357106778462474,0.031215532849145734,0.041488037615820775,0.03126381267585895,0.025107525707923066,0.015566798243175627,0.023240371845949535,0.017190794902356282,0.01791558177865896,0.012017641898306713,0.012247097437907214,0.012681182393446365,0.02085696035873972,0.009431547177946349,0.014297356418798163,0.007539090182596764,0.010936987328718966,0.0,0.0,0.0,0.0,0.0,0.010345541071798055,0.016307893020221786,0.0,0.013933953062483828,F
Minnesota,0.0,0.0,0.0,0.0,0.0,0.0,0.0,0.0,0.0,0.0,0.0,0.0,0.0,0.0,0.0,0.0,0.0,0.0,0.0,0.0,0.0,0.0,0.012248597535582174,0.0,0.011106175033318524,0.020317769921573407,0.02662788554105815,0.017040855450943637,0.02398342963043715,0.04165292698589007,0.04958780140085539,0.02229157378510923,0.02957382560781994,0.026036481705542708,0.03575924018766449,0.0474056197207378,0.04458186524771698,0.0310077519379845,0.03925362044552859,0.05085561129819256,0.04005714819809595,0.039294328066990056,0.04829404547471742,0.06036824630244491,0.046862865865088504,0.05320963230779726,0.04173322396350502,0.0496016834510747,0.06518798585420707,0.05554398389224467,0.05963352488344356,0.05409596624411706,0.055127771948855646,0.06211287289290705,0.07389582583322281,0.06296039790971479,0.05287741253194677,0.06815761448349307,0.06063013526792248,0.06658620833159931,0.04294694100652013,0.05334146155604664,0.03981972524389582,0.06582024145635945,0.046498010918421824,0.03264941402893769,0.03235140818490627,0.037216226274655755,0.028446973064272383,0.0403981049616218,0.02996366905127533,0.03707479840578367,0.04357931435212086,0.04012182444878084,0.031654408341867606,0.021292657904415323,0.013841925214055487,0.03226782293032167,0.018779734579751274,0.0273511466442247,0.0230820882994796,0.019106657608695652,0.021243149084420276,0.01687550099143568,0.0,0.0,0.0,0.0,0.0,0.0,0.0,0.0,0.0,0.0,0.0,0.0,0.0,0.0,0.0,0.0,0.0,0.0,0.0,F
Mississippi,0.0,0.0,0.0,0.0,0.0,0.0,0.0,0.0,0.0,0.0,0.0,0.0,0.0,0.0,0.0,0.0,0.0,0.0,0.0,0.0,0.0,0.0,0.0,0.01289224660289302,0.0,0.0,0.027341079972658916,0.02836544143718237,0.019461405600019462,0.0,0.017322016282695307,0.02150747873692443,0.032637702305757674,0.019313221831665957,0.03253526248301468,0.03307457343528084,0.027109716897099262,0.0133432454585311,0.032961067163021565,0.03367737078785238,0.05038697194453402,0.048005677193128926,0.0508709099788377,0.03556931832447587,0.038015586390420075,0.0658160123988875,0.07718431614695893,0.07062146892655367,0.045424721142684095,0.08294758247933,0.06111790198910989,0.09752459627685513,0.06953329254046837,0.09115518479642008,0.09178905206942589,0.0933509997590942,0.0697239565176053,0.07486979166666667,0.11120471777590565,0.0552428961088285,0.1294820717131474,0.09587399417907892,0.0702717173069201,0.06940719941950342,0.06859382655561,0.0747894514356323,0.06829434864264983,0.06918021445866482,0.053125553391181156,0.05850947122065384,0.0876257238646754,0.06471752702908481,0.051740705151895924,0.033474670832403484,0.0500269375817748,0.056442509272697956,0.08297033810412777,0.07201253865378912,0.05685048322910744,0.08143690901687554,0.05901044030866999,0.03124581529259474,0.050052327433225643,0.045296009421569965,0.04775549188156638,0.03398058252427184,0.03363444166826831,0.0339328130302002,0.03487271459174015,0.0328545949497794,0.02320616355704075,0.0,0.026167050450073268,0.0,0.0,0.0,0.0,0.0,0.0,0.0,0.0,0.0,0.0,F
Missouri,0.0,0.0,0.010548523206751054,0.0,0.0,0.0,0.0,0.0,0.0,0.0,0.0,0.0,0.0,0.0,0.0,0.0,0.0,0.0,0.01223590831226038,0.010362694300518135,0.010258304097166656,0.009831874938550781,0.017642561699958835,0.014912019087384433,0.019234131841230986,0.014462477904547645,0.026581605528973953,0.0400326933662491,0.03420499050811513,0.06268806419257773,0.04849660523763337,0.038145346925353506,0.03664537744738771,0.051775243667240504,0.040521623811979664,0.05755783337619554,0.04821135859608524,0.059736456808199126,0.06309811757282574,0.07194244604316546,0.07394514407926919,0.05744155321959906,0.08536113450638501,0.07568199800474733,0.07873377563189644,0.07593014426727411,0.07899686520376176,0.0950013664580107,0.06902477848680781,0.07205988323357697,0.07051105184095159,0.06362211566810981,0.060799288203455176,0.05630630630630631,0.07074690670439834,0.05755253724471339,0.07182146235504326,0.06192696059037036,0.04388659703326604,0.0557607862270858,0.06769027571404986,0.059838436222200066,0.05202093448515039,0.08133075530184451,0.04721063813045873,0.055038369606239784,0.0510073960724305,0.03714710252600297,0.04710019782083085,0.048386316349736294,0.04385110114987332,0.033738191632928474,0.04389471538980075,0.04713275726630008,0.047965464865296986,0.02005146542793169,0.022131426625808647,0.05808427500264019,0.030326275041475642,0.02871500358937545,0.0325992465951898,0.016371971185330715,0.026098952313485704,0.016781652060413946,0.009638925838104601,0.009874397661742633,0.011833619312466718,0.02182626294694234,0.02001120627551429,0.01780838181170604,0.01611733419292449,0.01661336545250654,0.0,0.0,0.016498538700857924,0.0,0.0,0.0,0.017940897557474945,0.0,0.0,0.0,0.0,F
Montana,0.0,0.0,0.0,0.0,0.0,0.0,0.0,0.0,0.0,0.0,0.0,0.0,0.0,0.0,0.0,0.0,0.0,0.0,0.0,0.0,0.0,0.0,0.0,0.0,0.0,0.0,0.0,0.0,0.08575278696557638,0.06849985321460025,0.1256071009881092,0.042354934349851756,0.0,0.08012820512820512,0.0553841284911781,0.07589556769884638,0.07522190461862494,0.16593319385325736,0.0923754707596106,0.11996330534189542,0.08275862068965517,0.08851515822084532,0.10227936879018118,0.08951883625512869,0.20162795907699202,0.10161012974831954,0.13336667500208385,0.14173088847550713,0.17765495459928937,0.05322546306152864,0.14518650882287246,0.14951121334100057,0.16540642722117202,0.14312451833094791,0.12552778728745864,0.08663366336633664,0.13801756587202008,0.0,0.19175455417066153,0.13706453455168474,0.0848716316571186,0.0,0.08020854220974534,0.06994404476418865,0.08916187834357044,0.0774218523178167,0.0,0.0,0.07446808510638298,0.0,0.0720547616188303,0.12919896640826875,0.0,0.0,0.06745817593092283,0.0,0.0,0.0,0.0,0.0,0.0,0.0,0.0,0.0,0.0,0.0,0.0,0.0,0.0,0.0,0.0,0.0,0.0,0.0,0.0,0.0,0.0,0.0,0.0,0.0,0.0,0.0,0.0,F
Nebraska,0.0,0.0,0.0,0.0,0.0,0.0,0.0,0.0,0.0,0.0,0.0,0.0,0.0,0.0,0.0,0.0,0.0,0.0,0.0,0.0,0.0,0.0,0.0,0.0,0.04964969382688807,0.0,0.0,0.0,0.03957653111704759,0.029970885425586572,0.059426533947407524,0.03041940758203734,0.029919964096043083,0.02216148334195169,0.04198593471187152,0.04502476361999099,0.03584614833136179,0.06313131313131314,0.03759141548766318,0.07589609135129541,0.07080147267063155,0.07875707023698718,0.04838096554584096,0.06914672935970129,0.08592246356887545,0.09095361365703492,0.06920415224913494,0.11660447761194029,0.09053285049146405,0.06582659394395335,0.11565344194700054,0.04030632809351068,0.05398508048684727,0.03319108582266477,0.08716707021791767,0.08424156268098773,0.08194482381862879,0.052213868003341685,0.04758380035952205,0.046875,0.04935346954890929,0.06900971065214176,0.03787520121200644,0.049701789264413515,0.040729510793320364,0.03669893114363044,0.042283298097251586,0.023551577955723033,0.04845430758794457,0.05088022794342118,0.05289885738468049,0.026602819898909287,0.03165558721114277,0.036988110964332896,0.0326797385620915,0.0,0.0,0.04187354190345157,0.0355218755550293,0.0,0.030530622214080726,0.0,0.0,0.0,0.0,0.0,0.0,0.0,0.0,0.0,0.0,0.0,0.0,0.0,0.0,0.0,0.0,0.0,0.0,0.0,0.0,0.0,0.0,F
Nevada,0.0,0.0,0.0,0.0,0.0,0.0,0.0,0.0,0.0,0.0,0.0,0.0,0.0,0.0,0.0,0.0,0.0,0.0,0.0,0.0,0.0,0.0,0.0,0.0,0.0,0.0,0.0,0.0,0.0,0.0,0.42075736325385693,0.0,0.0,0.24048096192384769,0.0,0.2316346790205162,0.19830028328611898,0.22134776192818495,0.1630561378989052,0.1695633743111488,0.12760527435133986,0.2334960730205901,0.14675052410901468,0.17671313567641864,0.24582967515364354,0.30191211003019125,0.26013771996939555,0.23064725385613377,0.15153811183512653,0.24493794905290658,0.10123165176311794,0.2049530315969257,0.16139444803098774,0.1215620726333384,0.1841903300076746,0.10003334444814939,0.0876424189307625,0.15657620041753653,0.08552856654122476,0.0,0.0,0.06858710562414265,0.0,0.08698488637599218,0.05104645227156713,0.06808014005057382,0.049955040463582776,0.0,0.0845149779322002,0.0,0.0,0.06438631790744467,0.05191722910331529,0.047599619203046374,0.03256480395988016,0.032944587204322334,0.0,0.031458411979363284,0.06731946144430845,0.0,0.0,0.0,0.0,0.0,0.02605659492417531,0.0,0.0,0.0,0.0,0.021678806798473813,0.0,0.0,0.0,0.0,0.0,0.0,0.0,0.0,0.0,0.0,0.0,0.0,0.0,F
New Hampshire,0.0,0.0,0.0,0.0,0.0,0.0,0.0,0.0,0.0,0.0,0.0,0.0,0.0,0.0,0.0,0.0,0.0,0.0,0.0,0.0,0.0,0.0,0.0,0.0,0.0,0.0,0.0,0.0,0.0,0.0,0.0,0.0556689552792726,0.0,0.08021658477890303,0.0,0.06734654608427938,0.0,0.0,0.0,0.0,0.04379050621825188,0.0,0.0,0.0,0.0,0.0,0.06170118995152049,0.04479483963447411,0.06633813495072025,0.05979073243647235,0.06945822583846001,0.0,0.0,0.07492039707810451,0.05764796310530361,0.05336748852598997,0.0,0.0,0.0,0.0,0.0,0.0,0.0,0.0,0.0,0.0,0.0,0.0,0.0,0.0,0.0,0.0,0.0350655726208009,0.0,0.0,0.0,0.0,0.0,0.0,0.0,0.0,0.0,0.0,0.0,0.0,0.0,0.0,0.0,0.0,0.0,0.0,0.0,0.0,0.0,0.0,0.0,0.0,0.0,0.0,0.0,0.0,0.0,0.0,F
New Jersey,0.0,0.0,0.0,0.0,0.0,0.0,0.0,0.0,0.0,0.0,0.0,0.0,0.0,0.0,0.0,0.009858821673633568,0.0,0.0,0.0,0.0,0.017147511467398294,0.0,0.014385827904395899,0.013723606563804967,0.01570817697879396,0.017112787530482152,0.021227816931306785,0.04623778551832557,0.039419024227538735,0.052246603970741906,0.04883607357968419,0.041216717500618255,0.042283298097251586,0.041960487207879246,0.06387286052981997,0.06089505408306498,0.06077980489682628,0.061301507633953374,0.0733068927275803,0.07161613750298401,0.07601000503787243,0.07577175763734745,0.0776598498576236,0.08561870548047981,0.07218270050266988,0.07076506892876018,0.08197305581295887,0.0742882203943541,0.07012955012841289,0.08716841333676724,0.08680645261297756,0.07882151188181033,0.09620512606008637,0.07131045886730054,0.0803616273229533,0.07117618648160857,0.07728918358215027,0.07156028954394077,0.07057671256553552,0.07186963727834084,0.06992408242479593,0.08815793276873718,0.08189198729262266,0.04745951982132887,0.06271514779869831,0.05403725868986666,0.051188102807263325,0.03713183126234965,0.04214451738142065,0.0445588672145757,0.044261020395956696,0.03591704321631329,0.03730647267300877,0.027644775690290047,0.0354192612227643,0.02912429082351845,0.01806684733514002,0.036732744793133425,0.03380070105157737,0.03332606995911147,0.028870254451924465,0.021080368906455864,0.01744076846709061,0.017456459561440024,0.017783127915407027,0.024757922535211266,0.015151723852945633,0.011313017040231917,0.013098339421635546,0.008827034263604667,0.010485948828569716,0.007873519778281683,0.013070186903672723,0.0,0.010481447837327929,0.010787486515641856,0.0,0.0,0.0,0.0,0.0,0.0,0.0,F
New Mexico,0.0,0.0,0.0,0.0,0.0,0.0,0.0,0.0,0.0,0.0,0.0,0.0,0.0,0.0,0.0,0.10970258410531449,0.10022550739163118,0.0,0.056160844659103676,0.10049129075480126,0.0,0.0,0.09911785112498761,0.11244377811094453,0.04597701149425287,0.05559158713981284,0.07757951900698215,0.0,0.0674593136014841,0.05728607232366631,0.08796732642161482,0.05516057857317971,0.046598322460391424,0.0,0.042751028696628016,0.035101795206097686,0.04360253863669396,0.03299552203629508,0.046855964764314494,0.06384822365120628,0.06598046978094484,0.07428446580729736,0.07989571506664984,0.07399490257337828,0.0968421052631579,0.09477856281233846,0.05972892258212727,0.042710706150341685,0.07759155803848541,0.051605504587155966,0.06762572236567073,0.03214813862277374,0.0550526058233423,0.059644518668734346,0.07116171499733144,0.0,0.0,0.09477475200606558,0.0780792504391958,0.09363295880149813,0.04274026132616925,0.03495688650664181,0.05690871841566128,0.03646973012399708,0.03674733581815318,0.05546032066149036,0.030206917384080954,0.056039533343522345,0.05082333807684489,0.030959752321981428,0.0,0.025974025974025976,0.0,0.0,0.0368537432873539,0.04246059126373335,0.048283261802575105,0.0,0.028960324355632783,0.0,0.0,0.0,0.030193236714975844,0.031061688513387586,0.0,0.0,0.0,0.031269543464665414,0.0,0.0,0.0,0.0,0.0,0.0,0.0,0.0,0.0,0.0,0.0,0.0,0.0,0.0,0.0,F
New York,0.0048945529743586605,0.0,0.0,0.004688809569860332,0.004009026035760512,0.004046242774566474,0.006274384539916493,0.006158221505629174,0.0028125914092207997,0.009048596619218087,0.006084945843981989,0.005026753499178964,0.007997395134156303,0.009128095708083499,0.00660732091157002,0.008588482844505519,0.009116660697424542,0.0097233386055436,0.017398588781132197,0.011686869801777702,0.016490242216288555,0.019095842650256562,0.02346866932644919,0.015131410480247688,0.013022034367319035,0.02681051896844217,0.02774745269286754,0.03399366436922046,0.04118635869487134,0.05418554064695197,0.055361980851674875,0.05227199104750125,0.04434882365661549,0.04759845795530105,0.04197293612829149,0.05456596623605303,0.056958932272796206,0.05753122775540452,0.05681201606056544,0.06050833335973312,0.056215000756740394,0.056120376657643994,0.05992677696939053,0.06977095014205617,0.0726840227302762,0.0656898404028114,0.06069517067676738,0.05784492931349638,0.06724833005757705,0.061215120134673257,0.056246843289407225,0.05971908456929574,0.06231759523754229,0.05555023465185326,0.06749077988861844,0.0459168559296929,0.04670615459737172,0.060222022074302245,0.05734258096226312,0.058511166800984754,0.06023700523514336,0.052893678080072025,0.049727615588769376,0.05569494609721801,0.053184561281639384,0.04214479671804064,0.0476250952501905,0.03327435497926955,0.044712376077336996,0.0397385407804038,0.044294694092879505,0.030726611196191852,0.03941777068471552,0.03756835353212094,0.034983131421561106,0.030068813218447465,0.03161877951511072,0.0423195281111384,0.03634588260822393,0.031573309277478645,0.03106208901339772,0.02309099628767829,0.019318421926408886,0.016317847494606044,0.024502412545235223,0.015259604013275857,0.013297198723468922,0.016859251189874074,0.010041504886865713,0.011415908404123157,0.010747415582409168,0.0125397964373045,0.007127075760815338,0.008777447810758225,0.00894187779433681,0.01060108131029365,0.008485820964606412,0.007015902712815716,0.007137419109250095,0.0090418886039324,0.009427655599170366,0.006281914368532994,0.009432271573963157,F
North Carolina,0.0,0.0,0.0,0.0,0.0,0.0,0.0,0.0,0.0,0.0,0.0,0.0,0.0,0.0,0.0,0.0,0.0,0.0,0.0,0.0,0.010974022920030727,0.009218713989398478,0.010680989364786304,0.0,0.009938805355596258,0.017179632884460363,0.01523519329651495,0.014517619110465882,0.026681964326213697,0.034740718438057296,0.04853566855301747,0.04491690372810301,0.02946022324302502,0.03746226227990921,0.049383753795719375,0.03938027877092077,0.04521213740379577,0.06678742372572631,0.058795503157724006,0.05568605216264377,0.047581612809797676,0.06198302947399919,0.06509444029452567,0.07656307287510514,0.07385445320945766,0.07228836485909246,0.08424505200727878,0.06065183557630688,0.0682331340098752,0.08109133238290804,0.08551281376624743,0.0855522065888361,0.06351757751737011,0.07873425314937013,0.08310501097245848,0.06938151336656095,0.06137265174762368,0.09057275755668473,0.06513809275664409,0.06406255133217255,0.07254033084698722,0.06154244809380365,0.06695574544063257,0.057838708164637105,0.06268511698609958,0.04743905611581251,0.054549421776129176,0.05455454696994954,0.06302674972517405,0.05425458597885538,0.06657883926168316,0.05083604687907891,0.054624198519944336,0.03989755337906537,0.042716787697565144,0.03899631552053358,0.034931813100827186,0.056163210289100124,0.045133991537376586,0.034720775523242084,0.02742130086651311,0.034721294837210544,0.02650164972769555,0.029253898399938947,0.028985125360667184,0.016036991994868164,0.022706933628968702,0.012030638024836584,0.021244108079399852,0.02452783909737552,0.012839113074068842,0.009201566895391328,0.011052471608963554,0.013121828891351255,0.0074403654707519236,0.0076119721097341895,0.01848058768268831,0.016785436345047533,0.00771117040144353,0.00791064139480429,0.011424467946207077,0.0,0.008872327211427557,F
North Dakota,0.0,0.0,0.0,0.0,0.0,0.0,0.0,0.0,0.0,0.0,0.0,0.0,0.0,0.0,0.0,0.0,0.0,0.0,0.0,0.0,0.0,0.0,0.0,0.0,0.0,0.0,0.0,0.0,0.0,0.04939491232403062,0.050589000505890006,0.0,0.04429024876356389,0.0,0.0,0.04310964218996982,0.0435097897026831,0.04231610127653572,0.04315615334819823,0.04467609828741623,0.03761661149563647,0.05269497139415839,0.08837825894829872,0.08354853410299257,0.06156213928434012,0.10530579181855002,0.05931198102016608,0.053652865957256546,0.09628345850182939,0.052012899199001345,0.09165902841429881,0.058589172720881176,0.0,0.07771733096480515,0.1183431952662722,0.0,0.15161086544535693,0.0,0.09493295360151893,0.09186954524575103,0.0,0.0,0.0,0.08025682182985554,0.0,0.07542189120392194,0.05893909626719057,0.0,0.0,0.06626905235255136,0.06904487917146145,0.0,0.08674101610904585,0.0,0.0,0.07040270346381301,0.0,0.0,0.0,0.0,0.0,0.0,0.0,0.0,0.0,0.0,0.0,0.0,0.0,0.0,0.0,0.0,0.0,0.0,0.0,0.0,0.0,0.0,0.0,0.0,0.0,0.0,0.0,F
Ohio,0.0,0.0,0.0,0.0,0.0,0.0,0.0,0.0,0.0,0.0,0.0,0.0,0.0,0.0,0.0,0.0,0.0,0.006984215672579969,0.008001737520147233,0.007841292244961969,0.013984359032282354,0.014264172474222602,0.019661613287111294,0.022667691640549544,0.025318973858159493,0.018067415024233903,0.030092335957173852,0.030916945062306234,0.04103826818508259,0.06328439340243545,0.06090272639307872,0.05675266103567568,0.04187901094752737,0.04300818350158294,0.05111934700590651,0.06690037196606813,0.062478820738732635,0.07766698401563361,0.06650033250166251,0.08130197946407648,0.07896986138466684,0.07135575942915393,0.08295659259477423,0.08523966221305951,0.09247872989212481,0.07448297720609598,0.08925190674528047,0.07620267703317578,0.06974325027188047,0.07876401090578614,0.07621951219512195,0.07323897815976113,0.057237813884785826,0.06688845470067417,0.06927109335996007,0.05072637348701546,0.04847418190496077,0.06550104578374234,0.05977241087101265,0.052667451514963756,0.06740916614861475,0.04598463660829382,0.053638735865468246,0.0461624777177271,0.05017345680782133,0.050295211021211456,0.051289400441993954,0.03840968827902003,0.042878420870507174,0.043091176312164796,0.037613608450012284,0.035216389401397936,0.0363498674744415,0.033000330003300035,0.037190521729890555,0.03397866455946266,0.03927826193690929,0.03596520575443292,0.03685735347059126,0.0229246572322885,0.03490463873698907,0.026326539875629794,0.01833785667131226,0.015558789343144523,0.014249209168891127,0.014762181259902963,0.014927898251445519,0.016307560592779827,0.014631648255175947,0.011585898907765712,0.016223056207482073,0.012354830738818878,0.00826046423809018,0.0,0.008943058270412531,0.006520520076681317,0.0079094108807129,0.011929536206142385,0.009506994431617547,0.011224761824585035,0.008820286659316428,0.0,0.0,F
Oklahoma,0.0,0.0,0.0,0.0,0.0,0.0,0.0,0.01219363492257042,0.0,0.0,0.0,0.0,0.0,0.0,0.0,0.0,0.0,0.0,0.0,0.0163617027078618,0.0,0.0,0.016384041943147375,0.02151983860121049,0.01580694451762474,0.02618486514794449,0.04222868072633331,0.0361271676300578,0.0556885894080303,0.07181500454828363,0.10075228371843095,0.052439634829452006,0.07178235589692053,0.056590426786135344,0.05837847935736969,0.06788707336485791,0.08916527584078282,0.12728719172633254,0.11096213417171391,0.10524148344734494,0.08248491704374057,0.09456838021338507,0.11565986361774415,0.12002449479485608,0.1358863495985176,0.10928147430643519,0.12366671819446591,0.15638481449525451,0.1449406649153003,0.11345954356846474,0.11425213814715675,0.1630330541525478,0.12238404112103782,0.13382596805632327,0.13102343863735624,0.10960105217010083,0.06888181848000786,0.1053774428407204,0.07340503622378962,0.09371485692865175,0.09295073610986176,0.11375542583445591,0.11603171533552505,0.08089348155106728,0.072992700729927,0.06584922797456857,0.0515633056766512,0.058918839298865815,0.06036520951758137,0.06127614226721726,0.03983270264887472,0.0636850484874801,0.06448209156457002,0.04396506243038865,0.06213569251708732,0.02736893321980294,0.05363452801615346,0.04530451103488447,0.029580936729663106,0.03982344937443998,0.041626641050272174,0.02855782960495002,0.016270745200130166,0.035639073384092015,0.0,0.023214937153848706,0.0,0.0,0.0,0.0,0.0,0.03192508247312972,0.0,0.0,0.0,0.0,0.0,0.0,0.0,0.030023589963542784,0.0,0.0,0.0,F
Oregon,0.0,0.0,0.0,0.0,0.0,0.0,0.0,0.0,0.0,0.0,0.0,0.0,0.0,0.0,0.0,0.0,0.0,0.0,0.0,0.0,0.0,0.0,0.0,0.0,0.045094376087096565,0.03234152652005175,0.05178663904712584,0.06878930817610063,0.054312941292648007,0.10114763664656683,0.1141254728055302,0.08433978813845219,0.10683760683760685,0.08176080060175948,0.05725008746541141,0.08650002982759648,0.08049609444875082,0.1667438628994905,0.08962234995982446,0.14652699837885022,0.08247422680412371,0.08680555555555555,0.1365710669198228,0.1233201581027668,0.15990601442417518,0.12968874700718278,0.16273968725677493,0.11417206835592222,0.11226284474048571,0.137472791843281,0.1211836910206794,0.11549566891241579,0.08432012318070169,0.10501627752301608,0.07855753404159808,0.08362868862251603,0.036354823073194376,0.05362341044890455,0.05592215635834918,0.05003395161002109,0.04020504573323952,0.04153885480572597,0.050939382135259045,0.026081664589793375,0.04065512835404809,0.05160428619130012,0.040585682619961906,0.031020256227316436,0.025379905459852165,0.045190445448676564,0.04238393322900365,0.028803686871919604,0.03374026133366051,0.02663115845539281,0.03310859619552131,0.0,0.0,0.0,0.0,0.02518574486840448,0.022579916776878164,0.01591748376416656,0.022705893801290993,0.0,0.0,0.0,0.0,0.0,0.0,0.0,0.0,0.0,0.0,0.0,0.0,0.0,0.0,0.0,0.0,0.0,0.0,0.0,0.0,F
Pennsylvania,0.0,0.0035101061807119665,0.0,0.0,0.0,0.0,0.0,0.003410098438174915,0.002948547840188707,0.0,0.0,0.0,0.003933317163029441,0.0,0.0,0.0,0.0,0.00523873671606047,0.003685277317118113,0.008179350856972897,0.008016966817045529,0.01546888293571273,0.010835566664017972,0.013217023526301877,0.01781825381112651,0.013816050797013429,0.025296369970909175,0.0276126016207955,0.03082270387251205,0.03820932514070326,0.048047721359478546,0.042895812481202264,0.030368202003305655,0.030925778132482044,0.036205818322024894,0.04919675945083543,0.05450522649693061,0.05107621656315822,0.05212819001858483,0.062536867923022,0.04892410269732,0.048502215972803166,0.05825216413563271,0.06257390392145135,0.059540145408198866,0.06186771198352834,0.05665321152892855,0.05817455455280242,0.0665936521389771,0.05878352678108323,0.06678459261398506,0.04966765593191239,0.055606699989496515,0.04210399687227452,0.04635024044187229,0.04316360444872883,0.046854237236060865,0.04434520799458522,0.051287393718897005,0.048257890165041985,0.05551168481872698,0.04805722749188542,0.041110595113929636,0.04369542780083925,0.04026695499794937,0.03845670292936539,0.04073473390412251,0.029651255616632077,0.030780549695572854,0.028723034361819527,0.040721525096525095,0.02538715410002539,0.03799503141896829,0.027615275607717742,0.026908846283215607,0.02416833636087224,0.03783244252688518,0.03497173118395963,0.019899120112819357,0.0278221536141875,0.02353184800308738,0.02074454041413646,0.015332132316301891,0.015508384220219057,0.012042268361950447,0.018429782528566162,0.013264494010570782,0.006321578708922909,0.010651215303666148,0.006399112656378316,0.011827575454555228,0.010010678056593699,0.0,0.0,0.0,0.007417663930372861,0.010108668182966895,0.0,0.00646378984926442,0.0,0.008373105584861425,0.007281093911549272,0.0075681893863712045,F
Rhode Island,0.0,0.0,0.0,0.0,0.0,0.0,0.0,0.0,0.0,0.0,0.0,0.0,0.0,0.0,0.0,0.0,0.0,0.0,0.0,0.0,0.0,0.0,0.0,0.0,0.0,0.0,0.0,0.0,0.0,0.0,0.0,0.0,0.06006807715410799,0.0333889816360601,0.0,0.0,0.0,0.0,0.04045307443365696,0.06955312119631368,0.057303306400779325,0.04813188135491246,0.035545023696682464,0.041474108306671406,0.05350454788657035,0.061709348966368406,0.050336626187629775,0.07522567703109327,0.06529972574115188,0.06253908692933083,0.07136739937196689,0.0,0.05983992819208617,0.09591264571344253,0.06477732793522267,0.1092697140775815,0.0,0.06445375443119562,0.12762501450284255,0.0,0.09542996500901282,0.0975609756097561,0.0523944252331552,0.0713412148389727,0.0,0.0,0.0,0.0,0.047619047619047616,0.06502554575011611,0.08097165991902834,0.08951750067138126,0.0,0.04210880916287687,0.0,0.053295434357790016,0.0,0.058027079303675046,0.0,0.0,0.05513895015438906,0.0,0.0,0.0,0.0,0.0,0.0,0.0,0.0,0.0,0.0,0.0,0.0,0.0,0.0,0.0,0.0,0.0,0.0,0.0,0.0,0.0,0.0,F
South Carolina,0.0,0.0,0.0,0.0,0.0,0.0,0.0,0.0,0.0,0.0,0.0,0.0,0.0,0.0,0.0,0.0,0.0,0.0,0.0,0.0,0.0,0.0,0.0,0.012923235978288964,0.0,0.011626014369753761,0.01779280281126284,0.016129403903315742,0.023580456517638182,0.02962837551849657,0.030555343365671072,0.04508654656656146,0.034660710159439265,0.013550397800964013,0.018740629685157422,0.04376447418807783,0.04023703270173385,0.03375557411125127,0.060342305441778814,0.04154324109529658,0.04205522033278479,0.04439297432928006,0.054587281163488904,0.04168982768204558,0.0635336629142097,0.06349336391938391,0.08115363006429865,0.04475894113133552,0.0575864372423007,0.05068668388404818,0.059655489547861096,0.07306074118862269,0.057800562927221556,0.09821494340363887,0.04931331212860912,0.05338030800437719,0.09180181934514701,0.06909258406264394,0.08247548645263768,0.04255965952272382,0.04132475352736289,0.07211321775187043,0.06741507166515227,0.08842237371288399,0.05998286203941731,0.04005149477900157,0.0318406808116479,0.03795066413662239,0.04562954513047198,0.05707436790137549,0.07588959469334981,0.051752785116988526,0.04403916895497643,0.046315356113627006,0.032421041255774996,0.05316916188610606,0.05608856088560886,0.08750273446045188,0.048655486717052124,0.04889975550122249,0.029226472689484962,0.038360718624128896,0.01917668115571465,0.016073552576590478,0.025886616619207874,0.02675137936799866,0.026302811112937696,0.029417532849578352,0.019559264571652107,0.02776321066107289,0.021800062285892246,0.02187705097352877,0.023211857943429386,0.0,0.0,0.0,0.018236195200233424,0.0,0.0,0.0,0.0,0.02050020500205002,0.0,F
South Dakota,0.0,0.0,0.0,0.0,0.0,0.0,0.0,0.0,0.0,0.0,0.0,0.0,0.0,0.0,0.0,0.0,0.0,0.0,0.0,0.0,0.0,0.0,0.0,0.0,0.0,0.05290445455507353,0.0,0.0,0.0,0.0,0.04547176960970064,0.04420540779488691,0.0,0.0,0.039580447259054026,0.0,0.04037956793862306,0.040625634775543366,0.045674018008612816,0.053622896977009185,0.0,0.0,0.055028201953501166,0.0711743772241993,0.0716075904045829,0.05899269965341789,0.06076257025672186,0.09723685276719876,0.04695717505634861,0.11440457618304732,0.0,0.09375366225243173,0.10609454202522692,0.0,0.08207292765857661,0.0,0.0777000777000777,0.12303149606299213,0.0849823965035814,0.08122534230679972,0.07831729693443723,0.0,0.08391021606880637,0.11082006850695145,0.06304507723021961,0.051808102787275934,0.05327650506126798,0.07571660356949703,0.07851934941110489,0.0,0.0706547338671691,0.14713094654242276,0.0,0.0,0.0,0.0,0.0,0.0,0.0,0.0,0.0,0.0,0.0,0.0,0.0,0.0,0.0,0.0,0.0,0.0,0.0,0.0,0.0,0.0,0.0,0.0,0.0,0.0,0.0,0.0,0.0,0.0,0.0,F
Tennessee,0.0,0.0,0.0,0.0,0.0,0.0,0.0,0.0,0.0,0.0,0.0,0.0,0.0,0.0,0.0,0.0,0.0,0.0,0.0,0.0,0.0,0.0,0.0,0.009766960326607153,0.01843589838132812,0.0,0.021666666666666667,0.008570595999245787,0.012430301523599816,0.01320907022822338,0.027386541471048513,0.023489422851063244,0.016704018708500953,0.029477821448624368,0.024684585847504114,0.03910341456602193,0.019219680953296174,0.03851875464881521,0.04574934739901504,0.03773279788696332,0.0355215520185805,0.056064810921425165,0.06912799966141388,0.07408040573268371,0.0816034359341446,0.0698364662748065,0.04912688133625117,0.06778162528549325,0.049832818930041156,0.05744019462089471,0.06892986386351886,0.08419723201599748,0.07249308786836604,0.05875440658049354,0.06364519478779353,0.06371281901918667,0.05072899443859912,0.05087236688397331,0.047188360204482895,0.07308641975308641,0.061415916027692995,0.05019147116778823,0.054254453386382136,0.07302130084775948,0.052677468575165295,0.054120363688843987,0.04963600264725347,0.05775070325453157,0.043863657132413414,0.0521813675245532,0.0638010864413577,0.054776124677527654,0.04671037835406466,0.018621343445287108,0.041076899378711895,0.047297889112726636,0.03395343018996051,0.05197784668327569,0.059675581836922904,0.03069977426636569,0.03815545623024093,0.030164306753255973,0.0230782886561335,0.02126603813709506,0.02924778356640161,0.018740629685157422,0.018629606170125563,0.0280562621577136,0.020539248636940774,0.01855287569573284,0.025721582244759227,0.01909344331156681,0.0,0.0,0.0,0.015466195315952275,0.0,0.0,0.0,0.0,0.0,0.0,0.0,F
Texas,0.0,0.0,0.0,0.0,0.006948626488164173,0.00577961184126874,0.0,0.0,0.0,0.007769576558077585,0.0,0.0,0.006387667543196602,0.0052633795107162405,0.00782184081436537,0.0,0.009153213349961671,0.011719582356701471,0.00860964926441309,0.007704329833366352,0.015071914563775731,0.006178560395427865,0.015482432599810083,0.016572431273152662,0.018196540837586775,0.02738647450490389,0.02229911572472126,0.033346975277765145,0.033752227254531045,0.035889865514579414,0.05564115733607259,0.05143308494418898,0.05086861110946807,0.03173540748263207,0.03696857670979667,0.05148429214246734,0.0646782258265131,0.062073853222219505,0.06332904594055906,0.060919744233010824,0.068685577459683,0.06858542559706061,0.07840081809549317,0.1038721784249646,0.07322700371150567,0.09218029054421632,0.07289920123303792,0.08519028509277168,0.0726799118538029,0.08691453404152584,0.07785106909433256,0.08798944126704795,0.06758606051465947,0.08761274093503757,0.06394658834112796,0.0655189156619458,0.05440598824591506,0.05024858269438812,0.06600115502021285,0.06131744919411353,0.06056425699433051,0.06640756828548722,0.053881227475359506,0.05024771654652609,0.05031275496328528,0.05252620928680602,0.03553691071567871,0.03438804327735247,0.034041337110100614,0.04684020252000289,0.04007212983370066,0.038420397738435676,0.03340142084505595,0.027593588253493097,0.03035208417644678,0.025948171717343586,0.036503716937295205,0.026437713181150343,0.024331217386392764,0.02706069326918947,0.017231500906807733,0.018753889300906153,0.017228700493749343,0.017581231422158075,0.013634448052752919,0.014381394584377696,0.013515229206000762,0.013907068062827226,0.012723847363085246,0.01086886512946026,0.008828746398272776,0.009827406178981635,0.006336546666554017,0.00798980855530945,0.008726764988218868,0.007787769536994196,0.007718852161278605,0.007128155322504478,0.009770222139323367,0.006885029192523776,0.0044055235475233614,0.003038590094196293,0.005205540777603682,F
Utah,0.0,0.0,0.0,0.0,0.0,0.0,0.0,0.0,0.0,0.0,0.0,0.0,0.0,0.0,0.0,0.0,0.0,0.0,0.0,0.0,0.0,0.0,0.0759795940518832,0.051851083687649076,0.0,0.05015045135406219,0.06622516556291391,0.09352349777881692,0.10369306851718911,0.11772037947510561,0.0927697570591987,0.061274509803921566,0.08452575016603271,0.041848508399593476,0.10362694300518134,0.09959115211238075,0.127890321260487,0.12725884448969205,0.13531799729364005,0.1271766777538642,0.09199632014719411,0.14625044127288314,0.10569760418763842,0.1464343242055938,0.07850448947549188,0.10856155933876141,0.09372559229367351,0.10899182561307902,0.12381345439537762,0.10970610312373694,0.09737098344693282,0.13659647125782584,0.12468152003035723,0.10127803231251507,0.11944006497539535,0.11216776396000974,0.05158264947245018,0.07392590015654896,0.0747881003822503,0.05860805860805861,0.051371622315832734,0.05725062302148582,0.0601208746005126,0.07154855969638524,0.03812065186314686,0.04062880895083914,0.03968778939013097,0.03766607314066566,0.0606839437424145,0.036885397071299474,0.030840400925212026,0.04976648036138121,0.04595588235294117,0.060792583304836806,0.04275829899712354,0.026886883042058767,0.030820202642832376,0.02251745102454402,0.025624130609854308,0.0,0.024495223431430874,0.0,0.0,0.0,0.0,0.0,0.0,0.0,0.0,0.0,0.0,0.0,0.0,0.0,0.0,0.0,0.0,0.0,0.0,0.0,0.0,0.0,0.0,F
Vermont,0.0,0.0,0.0,0.0,0.0,0.0,0.0,0.0,0.0,0.0,0.0,0.0,0.0,0.0,0.0,0.0,0.0,0.0,0.0,0.0,0.0,0.0,0.0,0.0,0.0,0.0,0.0,0.0,0.0,0.0,0.0,0.0,0.0,0.0,0.0,0.0,0.0,0.0,0.06591957811470006,0.0,0.0,0.0,0.06623393826996954,0.0,0.0,0.0,0.0,0.0,0.0,0.0,0.0,0.0,0.08206138191367143,0.0,0.08322237017310252,0.0,0.0,0.0,0.0,0.0,0.0,0.0,0.0,0.0,0.0,0.0,0.0,0.0,0.0,0.0,0.0,0.0,0.0,0.0,0.0,0.0,0.0,0.0,0.0,0.0,0.0,0.0,0.0,0.0,0.0,0.0,0.0,0.0,0.0,0.0,0.0,0.0,0.0,0.0,0.0,0.0,0.0,0.0,0.0,0.0,0.0,0.0,0.0,F
Virginia,0.0,0.0,0.0,0.0,0.0,0.0,0.0,0.0,0.0,0.0,0.0,0.0,0.0,0.0,0.0,0.0,0.0,0.0,0.0,0.0,0.0,0.0,0.0,0.0,0.012527926836907274,0.009179533312526392,0.014109596289176176,0.010921402308056355,0.024030019039168928,0.013036534889026497,0.035399232544638434,0.04851728244409486,0.024971723195793,0.028081584392550988,0.03054834275240568,0.04521817770743839,0.029880995686743232,0.04911900653660626,0.050578491496491115,0.05720041283776222,0.05862980889177186,0.05342559849390694,0.056314233422497535,0.05598375169253202,0.0640098319101814,0.06147934678194044,0.06311261093007381,0.07119741100323625,0.06501582994120307,0.06872133498662922,0.07936992490384027,0.0659408066247508,0.06700167504187605,0.04862164989465309,0.06625884093255466,0.03940650378645102,0.03812636165577342,0.04394558072253859,0.047118247955068034,0.05301825342725138,0.03983847309997646,0.04736746219712151,0.04229969332722338,0.03774491301513228,0.05407597674733,0.041195662920607716,0.04137771230904186,0.047035925715675934,0.04496960674854236,0.030718191312895493,0.03410691777266998,0.052376587665313605,0.028166633805593894,0.03182157779683998,0.025643948028265327,0.02032874484521113,0.04932735426008968,0.04062594041528739,0.032797638570022956,0.03812610208263832,0.024311577173049808,0.02575825874170906,0.024045012262956255,0.01888098684624583,0.01594387755102041,0.023984649824112567,0.020676273181283202,0.02034396957794088,0.014168542686670548,0.009405568096313016,0.015715116370436724,0.0,0.0,0.008753807906439301,0.010574364216351492,0.012408267451341867,0.008966197435667534,0.0,0.009066018748526772,0.009368208049164356,0.01565251418509098,0.0,0.0,F
Washington,0.0,0.0,0.0,0.0,0.0,0.0,0.0,0.0,0.0,0.0,0.0,0.0,0.0,0.0,0.0,0.0,0.0,0.0,0.0,0.0,0.024720656580638784,0.02313101406365655,0.03721103307130564,0.043357613596947626,0.02751680490585322,0.07481296758104738,0.05182195068732272,0.07318064778425261,0.07707846055709122,0.08857395925597875,0.11147384345887412,0.080270036636068,0.06882869751811814,0.06302093921528766,0.08809537792917131,0.06813619873671804,0.09018128278273672,0.1036713974189397,0.09755921302234828,0.1046284802269906,0.10294639687610932,0.10330204066838233,0.08935409752361502,0.09404908993674738,0.1601877549499879,0.0936014077651728,0.11630938295867006,0.10737217342753454,0.11691257277807655,0.09529708867394102,0.11063445473018739,0.1223615784643622,0.12289697842946137,0.08991865498421196,0.09648739920512762,0.07432378626602607,0.0700166962891151,0.056198431552864844,0.05821753107044321,0.03869407496977025,0.044947860481841066,0.041683120530033785,0.03797493654188236,0.03210636650361669,0.0424895161737267,0.046482225197084635,0.03526420312180998,0.02632321143179468,0.04073772313161988,0.041524320039259356,0.039311119430924746,0.027553269654665688,0.0246804759806082,0.020271297531969525,0.023668639053254437,0.02390383827345991,0.033980756161247634,0.025807878776706546,0.013170520611864757,0.022612071077276752,0.022756580444511874,0.02633905894305119,0.011348161597821153,0.011379800853485065,0.0,0.0,0.0,0.0,0.0,0.0,0.0,0.0,0.0,0.0,0.0,0.0,0.0,0.0,0.0,0.0,0.0,0.0,0.0,F
West Virginia,0.0,0.0,0.0,0.0,0.0,0.0,0.0,0.0,0.0,0.0,0.0,0.0,0.0,0.0,0.0,0.0,0.0,0.0,0.0,0.0,0.0,0.014263300527742119,0.0,0.0,0.02180490065142141,0.02328228476821192,0.032402657017875466,0.0,0.02083829483210288,0.03761608087457388,0.05787635130945245,0.05630630630630631,0.025952679614170162,0.037895675434685694,0.03331704500022211,0.03425126729688999,0.06771299363981524,0.07466640974998795,0.09166836422896721,0.0862878461030886,0.06372998878352197,0.05962256325176275,0.08523274037007506,0.06378660481298927,0.08577090296057496,0.09329518596840403,0.08833633240634714,0.07473841554559044,0.054674685620557675,0.10147925529838805,0.06849039120099916,0.07667164359791777,0.028754518567203416,0.08575995010330176,0.04583651642475172,0.02826455624646693,0.025783163594173004,0.02623638987275351,0.043346337234503686,0.054975261132490384,0.10695187165775401,0.028673247859746856,0.02009081046329409,0.024127392633102783,0.05122513446597797,0.060991548314019345,0.04514672686230248,0.04793634053976319,0.04872819413312543,0.02554278416347382,0.05323679727427598,0.043977791215436206,0.0,0.08182413266419376,0.04423555432679016,0.05662193533774985,0.03472423172637305,0.04166418665555621,0.0,0.0,0.0,0.04695780505802643,0.060749240634492066,0.0,0.0,0.0,0.0,0.0,0.0,0.0,0.0,0.0,0.0,0.0,0.0,0.0,0.0,0.0,0.0,0.0,0.0,0.0,0.0,F
Wisconsin,0.0,0.0,0.0,0.0,0.0,0.0,0.0,0.0,0.0,0.0,0.0,0.0,0.0,0.0,0.0,0.0,0.0,0.0,0.0,0.0,0.0,0.015185369980692887,0.010897282217814877,0.0,0.01824447597810663,0.01084206722081677,0.021627466882941336,0.030245746691871453,0.01890180512238919,0.03399941273741636,0.042286758788143336,0.03784799125290869,0.0287199124726477,0.02189052003666662,0.029287051303273786,0.03520462689382033,0.04177955587066062,0.057224954950567376,0.05568198324698591,0.04796105562283426,0.048826422069542776,0.041059089895944534,0.06308714054667874,0.046647628366309035,0.05209177413006737,0.046993047438878915,0.06738964944902721,0.04891738111789089,0.05392848253546835,0.05287451591237121,0.06832156684126622,0.0685507743121553,0.040749796251018745,0.0544637589070939,0.05772434153018983,0.06271095781765867,0.04725004725004725,0.045769104024019625,0.06410843483835515,0.045689639417365716,0.07140244858152942,0.06278339727938612,0.037699973773931285,0.03515050808461686,0.043536449683151394,0.056375233554539016,0.04300435005540945,0.01979903974657229,0.04622597900019811,0.023874488403819918,0.02978223927401412,0.03699006552525893,0.029761383729276447,0.04186216880919572,0.03408255152743645,0.042756492480434255,0.030508733124856992,0.017787615866553353,0.01418813466566674,0.018525761100018526,0.016908314663735893,0.025272734931131798,0.012733987011333249,0.0,0.010908694229300754,0.0,0.01324795760653566,0.0,0.0,0.0,0.0,0.0,0.0,0.0,0.0,0.0,0.0,0.0,0.0,0.0,0.0,0.0,0.0,F
Wyoming,0.0,0.0,0.0,0.0,0.0,0.0,0.0,0.0,0.0,0.0,0.0,0.0,0.0,0.0,0.0,0.0,0.0,0.0,0.0,0.0,0.0,0.0,0.0,0.0,0.0,0.0,0.0,0.0,0.0,0.18357044515832951,0.11378721790252229,0.0,0.09109127345600292,0.10708548991611637,0.13212221304706853,0.0,0.20917376363364712,0.10554885404101327,0.09394081728511039,0.07864108210128971,0.14565463667260073,0.11976047904191617,0.1688903901368012,0.13110455588331696,0.160333493666827,0.13995801259622112,0.2613890963405527,0.11909487892020643,0.31517334533993696,0.0,0.0,0.31687351465540003,0.1285016705217168,0.20847810979847115,0.25012506253126565,0.23510971786833856,0.23297954957287084,0.3397233681145353,0.2124645892351275,0.0,0.21084914701935978,0.14432617716038246,0.0,0.1594665120324732,0.07059155724975293,0.16759776536312848,0.0,0.09375,0.09935419771485346,0.0,0.0,0.0,0.0,0.0,0.0,0.0,0.0,0.0,0.0,0.0,0.0,0.0,0.0,0.0,0.0,0.0,0.0,0.0,0.0,0.0,0.0,0.0,0.0,0.0,0.0,0.0,0.0,0.0,0.0,0.0,0.0,0.0,0.0,F
