state,1910,1911,1912,1913,1914,1915,1916,1917,1918,1919,1920,1921,1922,1923,1924,1925,1926,1927,1928,1929,1930,1931,1932,1933,1934,1935,1936,1937,1938,1939,1940,1941,1942,1943,1944,1945,1946,1947,1948,1949,1950,1951,1952,1953,1954,1955,1956,1957,1958,1959,1960,1961,1962,1963,1964,1965,1966,1967,1968,1969,1970,1971,1972,1973,1974,1975,1976,1977,1978,1979,1980,1981,1982,1983,1984,1985,1986,1987,1988,1989,1990,1991,1992,1993,1994,1995,1997,1999,2000,2001,2007,2009,2016,gender
Alabama,0.0611396429444852,0.03265626020508131,0.059150059150059144,0.05761553973414544,0.047420655082478065,0.06550653641308991,0.07043172035998435,0.0779213800145095,0.03662019970215571,0.06093845216331505,0.03423192126658108,0.05102583182736261,0.03944773175542406,0.06144588524451224,0.050836773288325844,0.0557635624950211,0.04744208112595873,0.06367460348087832,0.04233614902324456,0.05360935277016021,0.04298170207540219,0.04269854824935952,0.042302888682970066,0.04802235222212521,0.02609550956500793,0.05039306591413022,0.035180663052025996,0.028201925788646713,0.04584412995814232,0.039883540063016,0.030797066579408314,0.03391682839969098,0.018601190476190476,0.030746824176713327,0.02044362669937647,0.026275224215246636,0.01996743771695389,0.016522553285234345,0.022815423226100844,0.018593209187905833,0.030530355896720165,0.028929325657418924,0.02290721147651295,0.02018774603815484,0.018629179026410446,0.02025257858723798,0.011346712999078079,0.01142906124548195,0.016149159509652792,0.008854128237290636,0.01957507039496469,0.016770593526550897,0.012529365700861394,0.008143720377217127,0.011388965719213186,0.012334367070764027,0.01691188905800778,0.0,0.0,0.0,0.0,0.009814120556656918,0.0,0.0,0.0,0.0,0.0,0.0,0.0,0.0,0.0,0.0,0.0,0.0,0.0,0.0,0.0,0.0,0.0,0.013664002186240351,0.0,0.0,0.0,0.0,0.0,0.0,0.0,0.0,0.0,0.0,0.0,0.0,0.0,M
Arizona,0.0,0.0,0.0,0.0,0.0,0.0,0.11410314924691922,0.0,0.0,0.0,0.0,0.0,0.0,0.0,0.0,0.0,0.0,0.0,0.0,0.07761966364812418,0.07293946024799416,0.0,0.0,0.0,0.0,0.09427609427609428,0.0,0.0,0.0,0.0,0.0,0.05143503754757741,0.0,0.0,0.0,0.0,0.03497726477789437,0.0,0.0,0.0,0.0,0.0,0.0,0.0,0.02559836170485089,0.020719376761147025,0.0,0.0,0.0,0.03156897821740503,0.0,0.0,0.0,0.0,0.020926339285714284,0.0,0.0,0.0,0.0,0.0,0.0,0.0,0.0,0.0,0.0,0.0,0.0,0.0,0.0,0.0,0.0,0.0,0.0,0.0,0.0,0.0,0.0,0.0,0.0,0.0,0.0,0.0,0.0,0.0,0.0,0.0,0.0,0.0,0.0,0.0,0.0,0.0,0.0,M
Arkansas,0.0,0.10025621031525009,0.0,0.047284517697919484,0.05959798450452403,0.06922810661128419,0.05337274705423492,0.06027727546714888,0.04874482086278333,0.023289084073593504,0.035214649294106344,0.05671077504725897,0.05115416586738283,0.05387248066928635,0.0423844267506282,0.05447612130016343,0.061812337742613424,0.0407000407000407,0.06033384728832876,0.03708448519991909,0.04193818956061682,0.03101523192501206,0.038451679056652144,0.029445444135449042,0.028333962976955045,0.02788190464388612,0.04004672117470382,0.0,0.0525648557558517,0.034235916588857766,0.03518958388317058,0.028390540271981374,0.029659988675277055,0.02653223666755107,0.0,0.0,0.0201765447667087,0.02531063046479521,0.02646075389093358,0.016953668047179637,0.012391266635275459,0.0,0.0,0.0,0.018596248870942033,0.016604400166044003,0.013728343538068696,0.0,0.017106200997861726,0.0,0.0,0.0,0.0,0.014661896662952319,0.0,0.0,0.0,0.0,0.0,0.0,0.0,0.0,0.0,0.0,0.0,0.0,0.0,0.0,0.0,0.0,0.0,0.0,0.0,0.0,0.0,0.0,0.0,0.0,0.0,0.0,0.0,0.0,0.0,0.0,0.0,0.0,0.0,0.0,0.0,0.0,0.0,0.0,0.0,M
California,0.11431184270690445,0.07420756917205555,0.19784172661870503,0.09290953545232274,0.10962241169305724,0.09557576691845229,0.12142032161577873,0.1005586592178771,0.1043789452756101,0.07688301381414152,0.11358004295390715,0.09692684873710017,0.0859106529209622,0.08450004142158893,0.07568418503269557,0.06568495661737749,0.05705474171164225,0.06355258976803305,0.06206948754825524,0.07303807303807304,0.04448662435494395,0.04940406348422158,0.06950587640591431,0.04906209625983286,0.028157557175484155,0.04574565416285453,0.02038587550054605,0.02997367529387234,0.025009229596636852,0.0162688544402352,0.02113919100316031,0.010399629395025195,0.013735844449192638,0.01834276513787645,0.01185013528904455,0.010733814039828763,0.008480415540361478,0.009834591536631512,0.005696247596895545,0.006041453666697648,0.004603733627972286,0.003027681660899654,0.004795338930559496,0.0056892961582079475,0.004776672202707271,0.005039923393164424,0.0040778876541951265,0.005215361848324239,0.003963142772218369,0.002913196456258355,0.004071010957282569,0.0037154923646631906,0.0059333837150476855,0.004055074145471106,0.0028636610952549138,0.0020201340022221476,0.003548011694246544,0.0035722961290599146,0.002859645046558596,0.0034540047458025205,0.00203192148655376,0.004138636808283294,0.004074996230628487,0.0021340344347796397,0.002053784508714208,0.003676440551956275,0.0019673111578019627,0.0,0.002219870803519235,0.0024441938175863236,0.0019682327238372665,0.0,0.0024464831804281344,0.0018087761820352352,0.0026468642011616794,0.0016864828400371026,0.0,0.0013310970902217607,0.002277293360930755,0.0011968794957786062,0.0011215640884151403,0.0020402565282541525,0.0,0.0012016486619642148,0.001242779451387439,0.0012826695945737947,0.0019223111672548026,0.0016960363630196232,0.0,0.0014266149280986076,0.00142074515241754,0.002206260105459233,0.0,M
Colorado,0.14273479874393377,0.1422475106685633,0.1048767697954903,0.19774870702768482,0.12298610257040954,0.16216216216216214,0.10631337912986587,0.17550553223960322,0.11616782834495012,0.1654914376169233,0.15601597603594608,0.13546145238235466,0.14853544055611667,0.12110202845897669,0.10635783502718034,0.15263447096892363,0.15558148580318942,0.08897362567524626,0.18603497457522014,0.11492051331162612,0.10074297947361792,0.10096548242569572,0.10523546435148645,0.04101722723543889,0.08516771488469602,0.07054899948691636,0.07053995126330641,0.059719319199761124,0.06330570902394107,0.028712530148156654,0.03861003861003861,0.04397295663167152,0.04036326942482341,0.03361828834886178,0.028903126354834045,0.03378704508157158,0.0,0.0,0.017260425296879316,0.0,0.02014910336490026,0.0,0.0,0.023849272597185785,0.0,0.014049284891399028,0.0,0.0,0.0,0.0,0.0,0.0,0.015830299192654742,0.0,0.0,0.0,0.0,0.0,0.0,0.0,0.0,0.015266709413453025,0.0,0.0,0.0,0.0,0.0,0.0,0.0,0.0,0.0,0.0,0.0,0.0,0.0,0.0,0.0,0.0,0.0,0.0,0.0,0.0,0.0,0.0,0.0,0.0,0.0,0.0,0.0,0.0,0.0,0.0,0.0,M
Connecticut,0.0,0.0,0.058167716917111,0.0811622433244055,0.08737694413700706,0.08254430687059966,0.04762935700368045,0.035414945106835086,0.06518154978720142,0.06221484861053505,0.04442828870309786,0.05150758746384563,0.05959729258013707,0.07678525723061172,0.03292858612883309,0.0474158368895211,0.0,0.05271481286241434,0.04884980904165556,0.06922650913789921,0.036506342977092265,0.05408860697251316,0.03611784737629637,0.027531523594515724,0.04368481406651013,0.0,0.038031076822775185,0.026528013582342955,0.0,0.0,0.0,0.0,0.01598721023181455,0.0,0.0,0.0,0.0,0.012730420613097057,0.0,0.014319672365896267,0.014216661927779357,0.0,0.0,0.014267031268576865,0.0,0.0,0.010737447923377571,0.0,0.012286773288554872,0.0,0.0,0.0,0.0,0.0,0.0,0.0,0.0,0.0,0.0,0.0,0.0,0.0,0.0,0.0,0.0,0.0,0.0,0.0,0.0,0.0,0.0,0.0,0.0,0.0,0.0,0.0,0.0,0.0,0.0,0.0,0.0,0.0,0.0,0.0,0.0,0.0,0.0,0.0,0.0,0.0,0.0,0.0,0.0,M
Delaware,0.0,0.0,0.0,0.0,0.0,0.0,0.2661343978709248,0.0,0.0,0.0,0.0,0.0,0.0,0.0,0.0,0.0,0.0,0.0,0.0,0.0,0.0,0.0,0.0,0.0,0.0,0.0,0.0,0.0,0.0,0.0,0.0,0.0,0.11494252873563218,0.0,0.0,0.0,0.0,0.0,0.0,0.0,0.0,0.0,0.0,0.0,0.0,0.0,0.0,0.05009016229212583,0.0,0.0,0.0,0.0,0.0,0.0,0.0,0.0,0.0,0.0,0.0,0.0,0.0,0.0,0.0,0.0,0.0,0.0,0.0,0.0,0.0,0.0,0.0,0.0,0.0,0.0,0.0,0.0,0.0,0.0,0.0,0.0,0.0,0.0,0.0,0.0,0.0,0.0,0.0,0.0,0.0,0.0,0.0,0.0,0.0,M
Florida,0.08379420144126026,0.0,0.20742106476146577,0.17245095925846088,0.10684638777019807,0.11348322576069225,0.118137595552467,0.10090138571236379,0.14066417956088315,0.17786209758700422,0.13333333333333333,0.12043776509399381,0.11746680286006128,0.14139271827500885,0.1251228885512557,0.07548069283330686,0.15289457224268538,0.09133754703883673,0.09106337182830415,0.13483981959362068,0.10995052226498077,0.10908745968506925,0.08522854707755798,0.10818785345463487,0.15693514885760443,0.07847240387130526,0.12159110647906896,0.11708132970938742,0.09872058126678251,0.07263552259347045,0.07451829246655547,0.052359447607827736,0.0679408028830532,0.04264820250370036,0.03953120639940471,0.04390931570797994,0.04060349617472326,0.03807275703870096,0.0444135480631831,0.039907263121888185,0.034452120618687555,0.024959233252354485,0.026535135641369834,0.03314216548027321,0.029903493271714012,0.020680384655154586,0.01903855306996668,0.02469634718573898,0.019592263232941127,0.034811595425967345,0.011369274020175294,0.016560404073859402,0.018984938615365144,0.014984319979450074,0.014126135523970967,0.017405632462664918,0.019259936923706575,0.0,0.013438232994526973,0.00812187452864121,0.0,0.016467953362756076,0.00825685909080186,0.009718291038520876,0.010747808641238147,0.006321352263676246,0.011554015020219527,0.009774573889669498,0.007173343854237652,0.00782358923921183,0.0050942954080021195,0.009691237183338825,0.0,0.006246319133367837,0.005112735824939926,0.005695733895312411,0.0,0.0,0.0,0.0,0.0,0.0,0.0,0.0,0.0,0.0,0.0,0.0,0.0,0.0,0.0,0.0,0.0,M
Georgia,0.043759420430787184,0.04445542109162756,0.06959426543252836,0.08396576780235751,0.06528437875385178,0.09948673886992108,0.0924175593362739,0.08596649403476402,0.0684488724949614,0.0831343415583267,0.09966491966663803,0.0735603194619588,0.0645544001674925,0.09242318501612691,0.08654750705550329,0.070298769771529,0.06361070250069574,0.0795318979719366,0.06401055204251853,0.06252142871548716,0.07246376811594203,0.07656505006951302,0.055255987653144836,0.07352040191153045,0.06905282541143976,0.07109915449654113,0.0622338046247496,0.07212542231332801,0.05762831595188965,0.0581998072131386,0.047930128523752044,0.03753241435785451,0.05659754429543919,0.0558600178148165,0.05480870240397058,0.031627053781804956,0.03561448687743137,0.05277757321354051,0.038143189533508794,0.030174635704137698,0.02038839900096845,0.027200454989428913,0.026260190744476407,0.02486089736000947,0.02288041550834563,0.03771342369317273,0.03142677561282212,0.016975046681378374,0.01398308047262812,0.025926275101348168,0.028232969049607683,0.013044148513559985,0.02894670188515396,0.015700672713438567,0.016817624870864665,0.025717518773788705,0.017627835708571196,0.014110143782365142,0.014073010779926256,0.01641070525005812,0.010417209229647378,0.014894855858417624,0.008860927739134288,0.00931561296733325,0.012771799865896102,0.0,0.008651417102121327,0.017998560115190784,0.01156737998843262,0.012657426745142713,0.0,0.007573233164702675,0.01204420222215531,0.0,0.007341497078084163,0.0,0.0,0.006718533747195013,0.0,0.0,0.0,0.0,0.0,0.0,0.0,0.0,0.0,0.0,0.0,0.0,0.0,0.0,0.0,M
Hawaii,0.0,0.0,0.0,0.0,0.0,0.0,0.0,0.0,0.0,0.0,0.0,0.0,0.0,0.0,0.0,0.0,0.0,0.0,0.0,0.0,0.0,0.0,0.0,0.0,0.0,0.0,0.0,0.0,0.0,0.0,0.0,0.07005744710662744,0.0,0.0,0.0,0.0,0.0,0.0,0.0,0.0,0.0,0.0,0.0,0.0,0.0,0.0,0.0,0.0,0.0,0.0,0.0,0.0,0.0,0.0,0.04133256179217988,0.0,0.0,0.0,0.0,0.0,0.0,0.0,0.0,0.0,0.0,0.0,0.0,0.0,0.0,0.0,0.0,0.0,0.0,0.0,0.0,0.0,0.0,0.0,0.0,0.0,0.0,0.0,0.0,0.0,0.0,0.0,0.0,0.0,0.0,0.0,0.0,0.0,0.0,M
Idaho,0.0,0.0,0.0,0.16874789065136686,0.13061650992685475,0.14222222222222222,0.14502094747019012,0.22737608003638018,0.1470981545867879,0.08625646923519263,0.1300728407908429,0.16455696202531644,0.06993985172751434,0.13098530053849514,0.14396775122372588,0.07555152614082805,0.07590708972218005,0.0,0.10693553315001528,0.0947119179163378,0.0,0.0,0.16002560409665545,0.0,0.0,0.0,0.0,0.0,0.08572128337007102,0.0,0.0,0.0,0.0,0.0,0.0,0.0,0.0,0.0,0.0,0.0,0.0,0.0,0.0,0.0,0.0,0.0,0.0,0.0,0.0,0.0,0.0,0.0,0.0,0.0,0.0,0.0,0.0,0.0,0.0,0.0,0.0,0.0,0.0,0.0,0.0,0.0,0.0,0.0,0.0,0.0,0.0,0.0,0.0,0.0,0.0,0.0,0.0,0.0,0.0,0.0,0.0,0.0,0.0,0.0,0.0,0.0,0.0,0.0,0.0,0.0,0.0,0.0,0.0,M
Illinois,0.09829619921363039,0.09172208209126347,0.1696611128028886,0.18383346850500135,0.18465570645699309,0.15716831398244585,0.14302148431427417,0.16116118171179863,0.15839241243094188,0.14431825312166657,0.14018508352286094,0.1241173096632848,0.11890606420927466,0.11135437113090745,0.10890893053230365,0.1138418883064183,0.08642078559281871,0.07467158331412768,0.07651109410864575,0.10146315559896452,0.07124510189924442,0.06451352768033547,0.05876303804906713,0.06252468079505068,0.05107252298263534,0.03757083668166022,0.0476520982461956,0.045250688816040864,0.050381664876374806,0.03902172534558616,0.01567138037205701,0.029676106494827877,0.021330901120240085,0.02001616119681817,0.01625844422947168,0.014150629286808285,0.018420446695832374,0.015180797458968056,0.01232065743028048,0.010163938346745746,0.014150693089155262,0.008928870386285256,0.01251898258772813,0.011404613980970587,0.010332446465011753,0.004604122224097976,0.008884457628540825,0.008124602730822352,0.00882984881336643,0.007230414013506413,0.005827024769711125,0.004929896866557551,0.006626567438067082,0.006834335702569709,0.006420270935433476,0.0045810618901461365,0.004175116306811404,0.0036971310263235724,0.0031419271324259444,0.00562806025776516,0.0030165548530334475,0.0032396848434584286,0.0036027467341100856,0.0,0.0038347381257333936,0.005398069033591413,0.0,0.0,0.0,0.0,0.0,0.0,0.0,0.0,0.0,0.0,0.0,0.00444335829019573,0.0,0.0,0.0,0.0,0.0,0.0,0.0,0.0,0.0,0.0,0.0041705591885760045,0.0,0.0,0.0,0.0,M
Indiana,0.15889830508474578,0.3041246911233606,0.25077366342973,0.2778030786046088,0.23998254672387465,0.2714791736691057,0.19564563058091702,0.2606513848627317,0.21954388637483757,0.1950585175552666,0.1872251491270083,0.2148205736732272,0.16851535836177475,0.21164673488677926,0.2207897175074418,0.16430815995399373,0.1556178026766262,0.1441396919528869,0.1901662898556849,0.13751907002728894,0.12600806451612903,0.10288526056810557,0.10168473111321671,0.09012300572402875,0.10918805900801487,0.09342174220156312,0.04929088342706069,0.06203739357378171,0.07958140182639317,0.04648718570620099,0.06831249169813469,0.06941478000854336,0.03489238870121013,0.03301367709479641,0.0409540659196645,0.016990909863223175,0.03912521417681898,0.013129155079192675,0.03091266553732395,0.02776671133485447,0.02291890327016562,0.01674555684558364,0.01299742217793471,0.016143613586465193,0.014591236919998333,0.015678732322229307,0.01404001404001404,0.014791148976452492,0.015281173594132029,0.010241809113161748,0.01539772318999764,0.01137009664582149,0.01284920388474264,0.00546728920866456,0.016535302871630932,0.01310615989515072,0.017133765756945293,0.006277542718678201,0.010298793753781588,0.008781723977870056,0.007160246312473148,0.011253516723976242,0.008283860278889962,0.01585951354546634,0.0,0.008882309400444115,0.007568876778686043,0.0,0.0,0.0070337337872436205,0.008286606082368864,0.0,0.0,0.0,0.0,0.0,0.007788525943579918,0.0,0.0,0.0,0.0,0.0,0.0,0.0,0.0,0.0,0.0,0.008292561572269675,0.0,0.0,0.0,0.0,0.0,M
Iowa,0.06896551724137931,0.10062893081761005,0.2207657813038979,0.23072594259988746,0.23069615958746098,0.23657067154527964,0.22969122521370006,0.20475847152126891,0.2542282166559623,0.22482273591975555,0.18184652153582376,0.1724698177818882,0.18559665403215267,0.1739680531393326,0.17372364975237897,0.17063481483456422,0.15480304077401522,0.12018558890938566,0.11683574603898325,0.14601098002569793,0.13484435518576962,0.11108512628624882,0.11428227722474513,0.0858816673312272,0.08161361781508686,0.09603911411192922,0.06813536225300931,0.04005149477900157,0.054883235915589586,0.040703353956366005,0.054919190334222504,0.030385131542298636,0.04343524528848242,0.04422495761774895,0.025193359030559546,0.023420422608514624,0.016392434891297665,0.01618646811265782,0.02077313844352539,0.009215061095855065,0.009107965826912218,0.012070422292345628,0.0,0.0,0.0,0.0,0.0,0.0,0.009256859332765578,0.0,0.010849713386738033,0.0,0.009530707940985856,0.0,0.0,0.013676772281741509,0.01430956355831147,0.0,0.0,0.0,0.0,0.0,0.0,0.0,0.0,0.0,0.0,0.0,0.0,0.0,0.0,0.0,0.0,0.0,0.0,0.0,0.0,0.0,0.0,0.0,0.0,0.0,0.0,0.0,0.0,0.0,0.0,0.0,0.0,0.0,0.0,0.0,0.0,M
Kansas,0.07825950853028643,0.155631013016412,0.22545090180360722,0.20968756552736423,0.28723072119887605,0.2530430609484752,0.2296442528504089,0.27927467254061283,0.24219294704781474,0.27873234058801066,0.20686088605412858,0.18485508681587115,0.2184769038701623,0.22925727386129935,0.19622437242032614,0.17700957934194084,0.1660829692746507,0.1820565103408098,0.1594048884165781,0.1307290064595509,0.17638008030922805,0.1382753985020165,0.13528569154862327,0.11242973141786385,0.12822567719185768,0.08217264472657052,0.02904925924388928,0.08117576689737674,0.06697362913352867,0.05863383172090296,0.0419129049834444,0.032030749519538756,0.04696531791907514,0.03762355918869925,0.034885749171463455,0.018094962362478286,0.024404380586315243,0.019093859960175662,0.022765430693491934,0.0,0.0,0.012824129882787453,0.0,0.014188757774256865,0.0,0.01618609383309825,0.020477815699658702,0.011609547692021919,0.0,0.0,0.01716653996125267,0.0,0.01293058860039309,0.0,0.0,0.0,0.0,0.0,0.0,0.0,0.0,0.0,0.0,0.0,0.0,0.0,0.0,0.0,0.0,0.0,0.0,0.0,0.0,0.0,0.0,0.0,0.0,0.0,0.0,0.0,0.0,0.0,0.0,0.0,0.0,0.0,0.0,0.0,0.0,0.0,0.0,0.0,0.0,M
Kentucky,0.06131677780332643,0.059497248252268334,0.10527423939362038,0.13834344876829704,0.06939090208172706,0.08120064960519684,0.11122263516262919,0.07919328440948208,0.07553226644006986,0.08098323170731707,0.100443260475577,0.09743620973144144,0.09671993271656855,0.07920626980156745,0.08540557718280765,0.07660138296550868,0.059658243490859506,0.06193356592828093,0.0514668039114771,0.06261880800626188,0.06443160585038982,0.044640864247131824,0.04018272565772777,0.0558484496470378,0.05234505862646566,0.07849793147342739,0.06321525885558583,0.053604356962133885,0.04950495049504951,0.044365572315882874,0.03861376580751038,0.051863234729158665,0.040645900306691796,0.03719062052550347,0.026839461677082933,0.027762904793067207,0.02440254437195985,0.023285936749574306,0.009056877188745321,0.01980439352853356,0.0214987714987715,0.0,0.016811346130333783,0.0232904788522452,0.019397484295498292,0.012092081198325248,0.0167381843634925,0.007590017608840853,0.015504116342889037,0.0,0.014238028191295818,0.016175209873348105,0.013179571663920923,0.01692706129288894,0.0,0.0,0.0,0.0,0.0,0.010243592632808178,0.0,0.0,0.0,0.0,0.0,0.0,0.0,0.0,0.0,0.0,0.0,0.0,0.0,0.0,0.0,0.0,0.0,0.0,0.0,0.0,0.0,0.0,0.0,0.0,0.0,0.0,0.0,0.0,0.0,0.0,0.0,0.0,0.0,M
Louisiana,0.0,0.06133356698501709,0.07753324983598736,0.05663155510250311,0.04281025543452409,0.09813542688910697,0.07105459985041138,0.07540936512496409,0.08014875609130546,0.07696807364305287,0.07597673942900558,0.07080949413697388,0.06348505341025146,0.04537848492583454,0.08225037012666557,0.07169249434732256,0.07032729239924262,0.05399713815167796,0.0608149199270221,0.043725404459991256,0.04093088527657584,0.04528575310207408,0.049293936845767966,0.022219400711020822,0.05561409670998712,0.03214212663997896,0.03448771375197586,0.041156779893541134,0.03653635367190354,0.05634235664711758,0.031915154788500724,0.020660208438547358,0.047136460051850106,0.022479257775779624,0.022711318495271915,0.012961202799619806,0.014437305998700644,0.014840954438269875,0.013313806417254694,0.019257000722137527,0.0253112492683467,0.012083496964021388,0.007482005776108459,0.020022883295194506,0.012522087571132415,0.011166945840312675,0.010725010725010725,0.014527205493924987,0.020085698982324585,0.009385516806779026,0.009572780482468136,0.006984410795105325,0.011338350553453237,0.011729689309854406,0.008789019584865308,0.01433257954581648,0.00828775070445881,0.008495743632440147,0.0,0.012151933893479619,0.0,0.0,0.011969119671248179,0.0,0.0,0.0,0.0,0.0,0.0,0.011017867308151385,0.0,0.0,0.0,0.0,0.0,0.0,0.0,0.0,0.0,0.0,0.0,0.0,0.0,0.0,0.0,0.0,0.0,0.0,0.0,0.0,0.0,0.0,0.0,M
Maine,0.0,0.20017157563625965,0.0,0.16669753658084832,0.14037774374680959,0.1364399664147775,0.05336179295624333,0.06847305096351364,0.11097752705077223,0.07879444499162809,0.1224739742804654,0.0937766410912191,0.11071367739737693,0.1210130521220503,0.088403118219079,0.0845809016324114,0.0702247191011236,0.05254860746190226,0.06045427066240608,0.10712372790573112,0.06845212629417301,0.0690428928972124,0.09218134584764938,0.05450581395348837,0.0775060282466414,0.06844626967830253,0.0,0.06926406926406926,0.04280821917808219,0.08577064928381507,0.042045072317524385,0.0,0.0,0.0,0.0,0.0,0.0,0.0,0.027227183620126334,0.027461965178228156,0.0,0.0,0.0,0.0,0.0,0.0,0.0,0.02521432173474534,0.0,0.0,0.0,0.0,0.0,0.0,0.0,0.0,0.0,0.0,0.0,0.0,0.0,0.0,0.0,0.0,0.0,0.0,0.0,0.0,0.0,0.0,0.0,0.0,0.0,0.0,0.0,0.0,0.0,0.0,0.0,0.0,0.0,0.0,0.0,0.0,0.0,0.0,0.0,0.0,0.0,0.0,0.0,0.0,0.0,M
Maryland,0.0890604126465786,0.16506189821182946,0.13334518623877678,0.15304067660088602,0.15126685995209882,0.15116052272283986,0.15230842455973345,0.12287248566487667,0.15363534443383298,0.18083182640144665,0.11810873623652227,0.1148105625717566,0.15306723183798424,0.16239415381046282,0.10249013058001823,0.15754687980325854,0.11459732869675177,0.1031623219458001,0.11715751626065528,0.10205383339711699,0.10975094976783453,0.10660507262470573,0.08269138703921312,0.1291453346247867,0.08623037124444041,0.06738544474393532,0.08287292817679558,0.06606474344857961,0.05382577012255714,0.05901943425656592,0.08601141606067714,0.04488795276406202,0.04884215365166926,0.0564607194708824,0.04828859536997585,0.042895135691612574,0.03606636210627555,0.035394545075994176,0.04449784185467005,0.04036326942482341,0.026315212385693294,0.02423556973785192,0.032788149976855425,0.01693958215697346,0.019619383951343928,0.019377113866967305,0.025624380744132015,0.013237800539440372,0.01346778673759701,0.0198780811025709,0.0,0.0166591700401486,0.015502540694169321,0.008410994852471149,0.018459473065950666,0.024831060108901935,0.0,0.015433289605679452,0.01596678907871627,0.017826724240383472,0.011949810794662417,0.014943215780035862,0.0,0.0,0.0,0.014064697609001406,0.0,0.0,0.01909333915225574,0.0,0.0,0.0,0.0,0.0,0.0,0.0,0.0,0.0,0.0,0.0,0.0,0.0,0.0,0.0,0.0,0.0,0.0,0.0,0.0,0.0,0.0,0.0,0.0,M
Massachusetts,0.0,0.05102514147880137,0.04543979227523531,0.062169723344731115,0.0631911532385466,0.046846002774724775,0.05211228460255698,0.03465460906300538,0.04524745678087749,0.019918334827208443,0.03252133244544934,0.028702207048657793,0.031217806636905692,0.0226928895612708,0.0364240340346174,0.04156148020442091,0.051285239175706335,0.031127435721845235,0.02545581824545773,0.02512941649494899,0.021652231845436375,0.021071115013169446,0.01401124402332872,0.032024112272770085,0.0295590164237285,0.020472734040573235,0.018835938971557734,0.011199880534607631,0.0,0.0,0.015489733748687675,0.01115644523779166,0.006692634086923932,0.0,0.009933727844239147,0.008677417022199726,0.006803261029786944,0.005116764567428724,0.0,0.0067415730337078645,0.0,0.0,0.0,0.0,0.006002821326023231,0.0,0.0,0.0,0.0,0.0,0.0,0.007494496229331585,0.0,0.0,0.0,0.0,0.0,0.0,0.0,0.0,0.0,0.0,0.0,0.0,0.0,0.0,0.0,0.0,0.0,0.0,0.0,0.0,0.0,0.0,0.0,0.0,0.0,0.0,0.0,0.0,0.0,0.0,0.0,0.0,0.0,0.0,0.0,0.0,0.0,0.0,0.0,0.0,0.0,M
Michigan,0.06276338204967273,0.07563025210084033,0.07959802994875877,0.0919668919189092,0.11461505714379276,0.09634942725618242,0.07451564828614009,0.0930510200498613,0.09119562261011471,0.07175735512890072,0.07707723138584861,0.07064745448390562,0.07178093070849305,0.07497023240772047,0.0751602279404731,0.06629236284921869,0.0608989210299861,0.06598183558879085,0.059886476071447176,0.05371805694114036,0.06098800569221387,0.07173997020032007,0.0387947756368809,0.0408756471977473,0.05035101852917482,0.05884929107133082,0.028362280867615677,0.033711944401224006,0.02326749041746776,0.026042312557355094,0.0234763827589445,0.023696682464454978,0.02223848926529591,0.017390985977373413,0.014138415083669122,0.013298280430045929,0.011510886009340263,0.009189617146411809,0.011031520731904628,0.005734725915943255,0.004877912810792731,0.008405426025785262,0.007558102916168041,0.007367432265669608,0.007022718494329155,0.006312044528605039,0.004952701698776683,0.0038139864331054023,0.007881684653797,0.005189054554260214,0.0052999788000848,0.004183600286875448,0.006308869639826633,0.006483822861959411,0.006619316489379307,0.0049032999208467294,0.004947870648524475,0.005810490841213811,0.004476643114549836,0.005101222835988399,0.0,0.0045618703668504085,0.0,0.006253294146023352,0.0,0.0,0.0,0.0,0.0,0.0,0.0,0.004429914325456946,0.0,0.0,0.0,0.0,0.0,0.0,0.0,0.0,0.0,0.0,0.0,0.0,0.0,0.0,0.0,0.0,0.0,0.0,0.0,0.0,0.0,M
Minnesota,0.09143155694879833,0.0,0.11804735782237345,0.15273220952596447,0.13480722566729578,0.07631723548446182,0.11821661787885611,0.1175416993171387,0.08202794242167655,0.10257263251275228,0.09700559058535216,0.09530558881747758,0.09284370495247868,0.056802746289298864,0.09403845677943033,0.08475664569153718,0.07173417364793892,0.0682110344465724,0.04855678446182897,0.05359812688651302,0.0551283111441881,0.04729579345648787,0.04183633625257991,0.031952593969674085,0.025266704098820886,0.019390044597102574,0.026619815790874725,0.0,0.03976933784052495,0.03184635359251366,0.018341472361693836,0.02443358507330076,0.016254215937258724,0.01024149443886852,0.010650534656839773,0.017442494276681566,0.0,0.0,0.0,0.007782585686268406,0.0,0.0,0.0071826696546572425,0.0,0.0,0.0,0.0,0.0,0.0,0.0,0.0,0.0,0.0,0.0,0.0,0.0,0.0,0.0,0.0,0.0,0.0,0.0,0.0,0.0,0.0,0.0,0.0,0.0,0.0,0.0,0.0,0.0,0.0,0.0,0.0,0.0,0.0,0.0,0.0,0.0,0.0,0.0,0.0,0.0,0.0,0.0,0.0,0.0,0.0,0.0,0.0,0.0,0.0,M
Mississippi,0.04294610264118531,0.0,0.0747814081914404,0.03762631692109224,0.022548931180662035,0.04632131552536092,0.028814291888776836,0.04020761751590028,0.03967204443268976,0.05327177483796502,0.03894547633313362,0.0363934127922846,0.046357999652315005,0.03809300553813696,0.0379772720633344,0.04563865594158252,0.046542189125554405,0.03263441298849637,0.036758468585647235,0.05895704978922854,0.025305778152678194,0.015434004198049142,0.03381138880279507,0.0,0.03727171077152441,0.027566435108611755,0.025482035165208528,0.02446915527038417,0.021014473718773803,0.013338312970175532,0.023206043885207438,0.0302716884034207,0.014311611487453487,0.02050580997949419,0.011818933932159319,0.0,0.01888970511071466,0.021171353234405374,0.029328380095806045,0.021118513256666728,0.03283247711383213,0.021052228665480087,0.015564505146014514,0.01742767514813524,0.0285926688397095,0.011633317822242905,0.019810218110501397,0.02015478877781361,0.0,0.018313527592381574,0.018830815583546053,0.02534372426028005,0.0,0.011026330878136991,0.013668671405139419,0.015141573714228033,0.0,0.025002778086454052,0.0,0.0,0.0,0.013907432131731196,0.0,0.0,0.0,0.0,0.0,0.0,0.0,0.0,0.0,0.0,0.0,0.0,0.0,0.0,0.0,0.0,0.0,0.0,0.0,0.0,0.0,0.0,0.0,0.0,0.0,0.0,0.0,0.0,0.0,0.0,0.0,M
Missouri,0.04967004896047683,0.06674676278200507,0.11602922217447356,0.18384380630216568,0.2037553681702768,0.16731223212853247,0.15498202638999503,0.14517561916318172,0.1476397589880691,0.15822784810126583,0.18069128990265984,0.13412460727212597,0.15049489667946517,0.12667424228311694,0.10783415107564565,0.13215131325367546,0.10650622220561307,0.10335431739171286,0.12701762613827333,0.08817811980200005,0.08397289433085321,0.07652496123406569,0.088570472572677,0.09875933584346645,0.06981150892590007,0.057100905457215106,0.05595854922279793,0.043084877208099955,0.04326024972962344,0.04508654656656146,0.044736057262153295,0.03671970624235006,0.03374578177727784,0.03596334865684711,0.021684375573384932,0.03249474098270938,0.022289089490694303,0.018652540476012832,0.0210457086484709,0.019631452203957702,0.016826954191853167,0.009823423954419312,0.013470982279535127,0.013258123613923442,0.01054172767203514,0.014021803905072386,0.010277492291880781,0.00568808800609763,0.005744155321959906,0.010243336140766201,0.00802687857626108,0.006947097849873215,0.006026201925974136,0.008777429467084638,0.009109720071316095,0.011269351589682909,0.0,0.007664244765320825,0.007758794593671927,0.008897456810261734,0.008662508662508662,0.009031520004816811,0.008221791034959056,0.0,0.0,0.0,0.0,0.0,0.0,0.0,0.0,0.0,0.0,0.0,0.0,0.0,0.0,0.0,0.0,0.0,0.0,0.0,0.0,0.0,0.0,0.0,0.0,0.0,0.0,0.0,0.0,0.0,0.0,M
Montana,0.0,0.0,0.0,0.0,0.11198208286674133,0.13608808610664358,0.1610651777085794,0.15923566878980894,0.043902010712090614,0.13184584178498987,0.137609823224304,0.18470230334637114,0.16188714153561518,0.09861932938856016,0.12680699974638598,0.131250820317627,0.18977904297139758,0.16413623307345096,0.09197214557876757,0.11904761904761905,0.06722237160527024,0.08507018290089324,0.0,0.10502625656414104,0.08259911894273128,0.09383378016085792,0.07720020586721565,0.06428387760349705,0.0,0.0,0.0,0.0,0.05542622769094335,0.0,0.0,0.0,0.0,0.0,0.0,0.0,0.0,0.0,0.0,0.0,0.0,0.0,0.0,0.0,0.0,0.043834015195791935,0.0,0.0,0.0,0.0,0.0,0.0,0.0,0.0,0.0,0.0,0.0,0.0,0.0,0.0,0.0,0.0,0.0,0.0,0.0,0.0,0.0,0.0,0.0,0.0,0.0,0.0,0.0,0.0,0.0,0.0,0.0,0.0,0.0,0.0,0.0,0.0,0.0,0.0,0.0,0.0,0.0,0.0,0.0,M
Nebraska,0.1289490651192779,0.12002400480096019,0.15943877551020408,0.21889821233126594,0.22858884486437062,0.14865385674172768,0.19635198677207666,0.14427142928212525,0.12673676304919265,0.15020277374455515,0.09542418321443177,0.12324486112945113,0.10890774606343875,0.11837013430457546,0.11150260916105437,0.16181229773462785,0.12428298279158699,0.12843076630357228,0.1431980906921241,0.11342341453792286,0.09218825812712277,0.05891016200294551,0.07700995995482082,0.07527286413248024,0.08225798159477662,0.0,0.03194377894904967,0.06260671599317018,0.08345387782352287,0.0,0.03330927663354244,0.0,0.0,0.024330900243309004,0.029421860442308635,0.024735331948154745,0.0,0.0,0.0,0.0,0.0,0.0,0.0,0.0,0.0,0.0170870070398469,0.0,0.0,0.0,0.0,0.0,0.0,0.0,0.0,0.0,0.0,0.0,0.0,0.0,0.0,0.0,0.0,0.0,0.0,0.0,0.0,0.0,0.0,0.0,0.0,0.0,0.0,0.0,0.0,0.0,0.0,0.0,0.0,0.0,0.0,0.0,0.0,0.0,0.0,0.0,0.0,0.0,0.0,0.0,0.0,0.0,0.0,0.0,M
New Hampshire,0.0,0.0,0.0,0.0,0.0,0.0,0.0,0.0,0.0,0.0,0.0,0.0,0.11032308904649331,0.0,0.0,0.0936183491964425,0.0983767830791933,0.0,0.0,0.0,0.0,0.0,0.0,0.0,0.0,0.10075566750629722,0.0,0.0,0.0,0.0,0.0,0.0,0.0,0.0,0.0,0.0,0.0,0.04343293954134816,0.0,0.0,0.0,0.0,0.0,0.0,0.0,0.0,0.0,0.0,0.0,0.0,0.0,0.0,0.0,0.0,0.0,0.0,0.0,0.0,0.0,0.0,0.0,0.0,0.0,0.0,0.0,0.0,0.0,0.0,0.0,0.0,0.0,0.0,0.0,0.0,0.0,0.0,0.0,0.0,0.0,0.0,0.0,0.0,0.0,0.0,0.0,0.0,0.0,0.0,0.0,0.0,0.0,0.0,0.0,M
New Jersey,0.07684426229508197,0.06102936190411609,0.09883050568275407,0.06540697674418605,0.06724007508475051,0.08804140093195044,0.07513910889078429,0.08627796844143643,0.09633386044313576,0.083816051705191,0.09687021152931645,0.09195641612880838,0.06223107286369617,0.07325623986185967,0.08875840644522581,0.05946135012242043,0.06142721752255256,0.04514594294247365,0.05519746447776076,0.0617788679930953,0.06840560925995932,0.053742802303262956,0.03943528669453427,0.04068958132562373,0.032863026903864695,0.015199218325914667,0.02848503440115693,0.0321515840013718,0.02490401577254332,0.03699212889701802,0.01764463701060639,0.029671000959944148,0.015686721902941972,0.01839744134046588,0.021577633241885268,0.012128930531550381,0.008505261111516125,0.016278691193228063,0.01884192800028263,0.014094432699083862,0.01165569089107757,0.010825908564376265,0.00825695648583932,0.012155960979365256,0.012451868738146778,0.011277983496550816,0.011936022917164,0.007954535410940137,0.006240027099546261,0.012496987333410696,0.0061786694676634925,0.007827039813542517,0.0071660829294947015,0.005346068857366883,0.0,0.005686179740141586,0.006933851060879213,0.0,0.00639093339582246,0.009411371027617145,0.005167424555601488,0.006696802276912774,0.008897023310201072,0.008135703534963186,0.0,0.0,0.0,0.009989154632113705,0.0,0.0,0.0,0.0,0.0,0.0,0.0,0.0,0.0,0.0,0.0,0.0,0.0,0.0,0.0,0.0,0.0,0.0,0.0,0.0,0.0,0.0,0.0,0.0,0.0,M
New Mexico,0.0,0.0,0.0,0.0,0.0,0.129366106080207,0.0,0.0,0.0,0.09074410163339383,0.0,0.0,0.0,0.0,0.0,0.0,0.0,0.0,0.0,0.0,0.0,0.0,0.0,0.0,0.0,0.0,0.0,0.0,0.0,0.049558925562493805,0.0,0.0,0.06485685166311499,0.0,0.04083632799738648,0.0,0.0,0.0,0.0,0.0,0.0,0.026719392935392508,0.025072710861498346,0.0,0.0,0.0,0.0,0.0,0.0,0.025230225810521003,0.0,0.0,0.0,0.0,0.0,0.0,0.0,0.0,0.0,0.0,0.0,0.0,0.0,0.0,0.0,0.0,0.0,0.0,0.0,0.0,0.0,0.0,0.0,0.0,0.0,0.0,0.0,0.0,0.0,0.0,0.0,0.0,0.0,0.0,0.0,0.0,0.0,0.0,0.0,0.0,0.0,0.0,0.0,M
New York,0.050324823863116486,0.04176881866884591,0.054347169720172464,0.058195926285160036,0.05787697474607497,0.05394133550852866,0.06531009489172611,0.05322826359615043,0.04669896678535987,0.06370017625776926,0.046301994502370776,0.05039918444956072,0.060693641618497114,0.04677268475210477,0.04142803558332354,0.043876425983844475,0.03789099834297574,0.03485014437916957,0.034628746327677304,0.03198958053662521,0.029095805069516152,0.025227952571449164,0.028219300774803845,0.019535701494481163,0.02268779007960173,0.01868737313529014,0.013634681435407319,0.014587521960562951,0.020943827422862035,0.019763089959115108,0.01745931978490118,0.013564619132623993,0.015254260792389509,0.012281659388646289,0.017243163085836465,0.009099311804680878,0.005847360501469636,0.008304297127751232,0.005889801808169155,0.005864307260378908,0.008356981167724613,0.005550140314484826,0.007364731639221883,0.005055526533088421,0.004225457405764174,0.005425866702413553,0.005385558466573106,0.005250851719036191,0.0037206879552029175,0.005306016710831453,0.004399969828778317,0.00534904063382985,0.0032359527292025315,0.0048685965783503244,0.0042970518918597315,0.005546254025367179,0.005830011441397454,0.003061052696022162,0.005107553285531873,0.005805987133932511,0.002298630399387032,0.003047970704647284,0.005924755603831342,0.0031845105407298903,0.0031976294906709162,0.005461198186882202,0.004415937117055453,0.0027380456925065167,0.0050642883268154065,0.0,0.002757175549367228,0.003798897234402813,0.002667392197344344,0.0,0.0031689861885018616,0.0,0.0,0.0,0.0,0.0,0.0,0.0,0.002957588185421062,0.0,0.0,0.0,0.0,0.0,0.0,0.0,0.0,0.0,0.0,M
North Carolina,0.0678342377898372,0.047596382674916705,0.09819967266775777,0.061587508604137225,0.10855949895615866,0.0980191023273838,0.06456333663323721,0.11377505637036885,0.06814955040227165,0.05542345305991097,0.08775482651545835,0.08988543692493749,0.07816316560820713,0.06929001901447034,0.05379484184316498,0.06494329341696763,0.09277624928018427,0.07171699848770677,0.06983461892518174,0.0782108030751822,0.07346802471197195,0.052304902712880956,0.056435228482053595,0.05065599513702447,0.06695574544063257,0.06417179258424505,0.06100987396644457,0.048599244360136074,0.07989552124145348,0.050353235576849724,0.05488148565664956,0.05679317346055004,0.03568077599080229,0.050783977655049835,0.05147155866437904,0.03735475005669917,0.026634550802510596,0.032012887769011525,0.026736252219108934,0.0360069395192528,0.041869587254016176,0.019963645151461023,0.03212601689206695,0.021578520124538886,0.028334058550308135,0.0304114671505469,0.0344241049732707,0.025859572179237865,0.009618056297689529,0.012805463664496851,0.0269588284771497,0.02568850546415918,0.024096121619697482,0.020218812481746905,0.014876865330037535,0.014887229238518224,0.02092679545365369,0.015786981002999526,0.019742816905116024,0.009073939645338588,0.016246750649870027,0.01688070535378063,0.00849569551427277,0.01347204550557593,0.009210788904069633,0.008142261594580511,0.0,0.0,0.0,0.011159290906772095,0.0,0.0,0.0,0.0,0.0,0.0,0.0,0.0070828552406045926,0.008243683277688471,0.0,0.0,0.0,0.0,0.0,0.0,0.0,0.0,0.0,0.0,0.0,0.0,0.0,0.0,M
North Dakota,0.17599436818021824,0.0,0.0,0.0,0.17430946634486458,0.12478830555307958,0.05484603933244535,0.10054915306674918,0.10856079404466502,0.09918994875185981,0.07098351605016168,0.07973845785822502,0.07628411595185625,0.11387526278906798,0.09606147934678194,0.08015675097969362,0.12156998957971517,0.09573542210617929,0.06971677559912853,0.0709912148371639,0.09969186151894144,0.04628343978524484,0.09350163627863488,0.04879953152449736,0.06586375611592021,0.0,0.04778744146038421,0.061977068484660676,0.0,0.0,0.0,0.0,0.0,0.0,0.0,0.0,0.0,0.0,0.04451368795904741,0.0,0.0,0.0,0.0,0.0,0.0,0.0,0.0,0.0,0.0,0.0,0.0,0.0,0.0,0.0,0.0,0.0,0.0,0.0,0.0,0.0,0.0,0.0,0.0,0.0,0.0,0.0,0.0,0.0,0.0,0.0,0.0,0.0,0.0,0.0,0.0,0.0,0.0,0.0,0.0,0.0,0.0,0.0,0.0,0.0,0.0,0.0,0.0,0.0,0.0,0.0,0.0,0.0,0.0,M
Ohio,0.11282051282051281,0.17604084147522225,0.22869299295306475,0.2036750055346469,0.19286058679619278,0.2315383719877375,0.20140235715351337,0.18280897044782377,0.2185347459533578,0.16152836042903793,0.1802571529789318,0.14764712337513342,0.14121214009074956,0.13504186297752305,0.14365584718123933,0.1416642557139579,0.12301983442740316,0.1185778628084021,0.12942938964361056,0.11839775358598506,0.11687872294616401,0.09394396913269586,0.09612266641960439,0.07381344881037326,0.07449830050751967,0.08801911272161955,0.06721107638538831,0.05808887598024978,0.07132086237111301,0.05484555285352098,0.048292038712475116,0.050637947716318986,0.038491449399454834,0.03167614311281459,0.030916945062306234,0.02992373721828939,0.02797836339897146,0.024474927428994254,0.023546316812673957,0.01887504718761797,0.018517412340959324,0.01722499736068589,0.011774465466027992,0.014825482887156896,0.013529087538207144,0.012000060000300001,0.010521432636527545,0.01021962912036865,0.010679093247900588,0.012762552706888343,0.013876224081195735,0.005498735290883097,0.008980217109954836,0.009195650997998593,0.008282899677519107,0.010047756395101424,0.00969403211148137,0.008121751299480208,0.0068857158953621565,0.009847365829640572,0.004693926645661345,0.004992511233150274,0.007045329650974369,0.003728783223458521,0.006698970591519102,0.004539676775013619,0.005421649420658033,0.005991925879876865,0.00527692551242716,0.0,0.0,0.0035838183434158087,0.003644580508783439,0.0,0.0,0.0,0.0038474264564432852,0.0,0.0,0.0,0.0037500375003750035,0.0037949511969276074,0.0,0.0,0.0,0.0,0.0,0.0,0.0,0.0,0.0,0.0,0.0,M
Oklahoma,0.0,0.061261997141106805,0.11620753298243215,0.1108388752770972,0.0942133187881192,0.08637848800090134,0.09574468085106383,0.10833880499015103,0.10407583471632303,0.08820416323650476,0.08614573831965136,0.09214801881759542,0.07339728176963378,0.07712402040054733,0.09267162541153517,0.08183699995186058,0.09130617180366705,0.06829101729226117,0.05975946814073355,0.07475768199628789,0.06582475986152421,0.07342721527286078,0.05737683540672352,0.04958634548633766,0.0579403466344216,0.05707022231445692,0.05999290992882659,0.022721463262234086,0.04870656997510553,0.030037410229103518,0.04572965702757229,0.023710416776437118,0.031421838177533384,0.027324440469980373,0.012902559867877786,0.03341315364481818,0.011969167424713937,0.022389396381873546,0.014301718589850547,0.0,0.02357934449422306,0.018681113394358302,0.0,0.011431445620613183,0.013637913399249914,0.013870266771464239,0.0,0.0,0.0,0.012047902460181682,0.0,0.01976528721432983,0.0,0.0,0.0,0.018117583114412538,0.0,0.0,0.0,0.0,0.0,0.0,0.0,0.0,0.0,0.0,0.0,0.0,0.0,0.0,0.0,0.0,0.0,0.0,0.0,0.0,0.0,0.0,0.0,0.0,0.0,0.0,0.0,0.0,0.0,0.0,0.0,0.0,0.0,0.0,0.0,0.0,0.0,M
Oregon,0.0,0.0,0.1689596910451364,0.20695364238410596,0.23752969121140144,0.13039355144618303,0.20477815699658702,0.18066847335140018,0.12179031766974524,0.1438109912686184,0.17375400091449475,0.1643598615916955,0.23557126030624262,0.20550393137955683,0.1293884240489951,0.14873140857392828,0.20157595748579804,0.08216176739090743,0.09360666479453338,0.09727626459143969,0.06728181468665898,0.07898894154818326,0.0,0.14814814814814814,0.0,0.0977230528681716,0.09030160736861116,0.0,0.0702685821361649,0.05211047420531526,0.05526006769358292,0.0,0.043122035360069,0.03295513393908008,0.024567610062893083,0.0,0.019451468585878234,0.0,0.0,0.0,0.0,0.01590280207372539,0.0,0.020869357820046508,0.0,0.0,0.0,0.0,0.0,0.0,0.0,0.0,0.0,0.0,0.0,0.0,0.0,0.0,0.0,0.0,0.0,0.0,0.0,0.0,0.0,0.0,0.0,0.0,0.0,0.0,0.0,0.0,0.0,0.0,0.0,0.0,0.0,0.0,0.0,0.0,0.0,0.0,0.0,0.0,0.0,0.0,0.0,0.0,0.0,0.0,0.0,0.0,0.0,M
Pennsylvania,0.05455407969639468,0.07366482504604051,0.07593317880265366,0.10710090517539211,0.08009041317754265,0.11334617012850451,0.10574008017507344,0.09175714941122495,0.0906777430017258,0.08808466194365099,0.07915582985662677,0.07781433271348877,0.08960467131107656,0.0685136060994677,0.07047536772228158,0.0784313725490196,0.08134000120503705,0.07831602608939983,0.07812207042235916,0.06686639177150049,0.06614189729014683,0.07071400345250722,0.07414659429575132,0.06254246710729508,0.044903457566232596,0.04496038326884098,0.04610179573930178,0.05320350705857488,0.045703517764605794,0.03250669999205392,0.04452050029912211,0.03299676631690094,0.032237451859698,0.03449504996033069,0.025686141042600464,0.0314785060825655,0.020653689265245002,0.021304178338636712,0.019722212635035524,0.024394129478065196,0.01695929768555467,0.01692739557912852,0.00965543877072471,0.011085808779036735,0.01446406132762003,0.013598658265717782,0.011088097149471985,0.012122786509070442,0.010679387003186018,0.009482910440684396,0.011502555867913851,0.008372832948027965,0.0069291837421551735,0.009104980424292088,0.006692647868906473,0.007705050660708094,0.007492018119157667,0.004211640975656715,0.004905447499448137,0.009267783331582752,0.006616342365643138,0.00836879341311583,0.004316360444872883,0.005376715748400427,0.006223888841345293,0.008013655268577656,0.0,0.007036692441810463,0.007878234015063183,0.00761307316924623,0.005273586113894392,0.004474106110883263,0.0036977598970543645,0.0,0.0,0.00525521580168317,0.0,0.0,0.0,0.004384042086804034,0.0,0.0,0.0,0.0,0.0,0.0,0.0,0.0,0.0,0.0,0.0,0.0,0.006696129637069774,M
South Carolina,0.06167129201356768,0.07762769756249029,0.09170105456212746,0.08348116456224564,0.08325701440346349,0.11173184357541899,0.12730952536397466,0.15142240407229615,0.10326726140959812,0.07537823722608086,0.06604013208026416,0.10435690060005218,0.09723395000127939,0.1394662733002548,0.09076763485477178,0.06641870350690755,0.10554541305340029,0.08237934266965884,0.08388291102626402,0.09972264638972858,0.06678404468459717,0.06813757300454251,0.09723175474719743,0.09501187648456057,0.0676056338028169,0.07127990191885496,0.08184262831754939,0.07855900342292801,0.0894854586129754,0.08591295943297446,0.054277591108813646,0.07257257257257257,0.048829260352965795,0.07784351229927494,0.06221341505564644,0.07545746085644217,0.050791500888851274,0.06874952257275992,0.05488796973320526,0.055842255256874376,0.05226582008943263,0.06559220389805098,0.034646875398894945,0.053039724925012806,0.046191838257501734,0.051199531889994154,0.03612455747417094,0.04205522033278479,0.04439297432928006,0.0370413693609389,0.04168982768204558,0.03772311235531201,0.022529903326233,0.03121293464011486,0.03623342853489066,0.01151728744846014,0.04344572904346987,0.022370808580447914,0.020154687224447635,0.015078407720144751,0.024553735850909718,0.0,0.013345077001094297,0.0,0.017273146015660986,0.0,0.02127982976136191,0.0,0.0,0.0,0.0,0.022850614110254214,0.014304105278214848,0.017367644079080674,0.014596409283316304,0.017111079423926992,0.025683465555618974,0.0,0.0,0.0,0.0,0.0,0.013991884706870015,0.0,0.0,0.0,0.0,0.0,0.0,0.0,0.0,0.0,0.0,M
South Dakota,0.0,0.0,0.0,0.2286149742808154,0.11047979797979797,0.18241933644966365,0.15191411788535547,0.15408320493066258,0.109080992637033,0.13762730525736308,0.1702127659574468,0.1671402306535183,0.12089810017271156,0.14895294839218434,0.07939308398023995,0.14724829744156084,0.12174564525191983,0.13908205841446453,0.21253985122210414,0.1480019733596448,0.1146131805157593,0.11797090051120723,0.0700280112044818,0.08292733492277392,0.08223684210526315,0.05176519308417021,0.051413881748071974,0.0,0.06787330316742081,0.0,0.0,0.0,0.0,0.0,0.06176652254478073,0.0,0.0,0.0,0.0,0.0,0.0,0.03298370604921169,0.0,0.0,0.0,0.0,0.0,0.0,0.0,0.0,0.0,0.0,0.0,0.0,0.0,0.0,0.0,0.0,0.0,0.0,0.0,0.0,0.0,0.0,0.0,0.0,0.0,0.0,0.0,0.0,0.0,0.0,0.0,0.0,0.0,0.0,0.0,0.0,0.0,0.0,0.0,0.0,0.0,0.0,0.0,0.0,0.0,0.0,0.0,0.0,0.0,0.0,0.0,M
Tennessee,0.0,0.0,0.031400460540087924,0.055373540676480086,0.07421005350935436,0.06335606106317505,0.048064689417286324,0.042819675640957025,0.05935158394539654,0.04416094210009813,0.06378568011481422,0.04391164976068151,0.05746618336132967,0.05508792032083205,0.02950163312611948,0.043073742246726394,0.031506695172724204,0.04313598619648441,0.04237949724533268,0.027270867895370768,0.04346219875263489,0.035424092811123166,0.027715595352307856,0.03382644777196464,0.04696539504301603,0.035236081747709654,0.04463621484898081,0.027424424614475876,0.024466328215793014,0.02024619371558147,0.029300880979821458,0.03134102724825781,0.01889872004123357,0.018333333333333333,0.03256826479713399,0.02130908832617111,0.02054744257723637,0.02477829942618675,0.011053846047559173,0.01113601247233397,0.015440763615946098,0.009599561162918267,0.015362055722365759,0.013728343538068696,0.013282329189246626,0.016146828493770016,0.012128399320809639,0.013662135391761731,0.01681944327642755,0.009875428523059126,0.008547739123001967,0.0,0.008729558284350812,0.0,0.0,0.0,0.0,0.0,0.0,0.0,0.0,0.0,0.0,0.0,0.0,0.0,0.0,0.0,0.009294716882923746,0.0,0.0,0.0,0.0,0.0,0.0,0.0,0.0,0.0,0.0,0.0,0.0,0.0,0.0,0.0,0.0,0.0,0.0,0.0,0.0,0.0,0.0,0.0,0.0,M
Texas,0.035668108252708546,0.061823802163833076,0.051001615051143284,0.052198258476285384,0.06957282286759298,0.06475320933093746,0.06054584407116466,0.06677548597714796,0.043369381216860896,0.05864086468620474,0.040614473086938864,0.04053365451429101,0.04970466183491117,0.05240296717245234,0.0400714788541723,0.0448175597385278,0.04217770131527832,0.028042927250175268,0.03751942970466849,0.031938337715983006,0.03473830477072719,0.03352217491870873,0.025298077346121692,0.029747943387375433,0.029831664180694654,0.02798136010934255,0.036320412071584235,0.023684437171647577,0.040160642570281124,0.04851162214607159,0.04094365373367128,0.03002429238201818,0.025674819848347397,0.014609765474817378,0.012884058630045625,0.014913774833397436,0.008803174560179856,0.01222882578814782,0.01040907671489539,0.004140468346119494,0.011540148175502574,0.009242144177449167,0.009782015507068793,0.005970297768601209,0.006842786969378528,0.006872919714479279,0.004317147229111003,0.009539663536067083,0.008328230251071647,0.006817462443086363,0.008819335904006428,0.008526431939010932,0.00402973947734279,0.006248502962831822,0.0064294554786997506,0.002907196474152116,0.004828585224529213,0.0030174832982299443,0.003567139510826268,0.007261312286698953,0.0,0.004335361921432404,0.0040949322288716125,0.0,0.0,0.003535776161797117,0.0,0.003364680944129473,0.0027216216510445586,0.0030498808004920473,0.0023480241376881354,0.0022663403136614995,0.002583256194433083,0.0,0.0,0.0,0.0,0.0,0.0,0.0,0.0,0.00210778362336436,0.0,0.0,0.0,0.0,0.0,0.0,0.0,0.0,0.0,0.0,0.0,M
Utah,0.0,0.0,0.0,0.0,0.0,0.07555152614082805,0.0,0.0,0.08115942028985507,0.0,0.0,0.05649717514124294,0.0,0.08113120074177098,0.08002743797873557,0.0,0.0,0.0,0.0,0.0,0.0,0.0,0.0,0.0,0.0,0.0,0.0,0.0,0.0,0.0,0.0,0.0,0.0,0.0,0.0,0.0,0.0,0.0,0.0,0.0,0.0,0.0,0.0,0.0,0.0,0.0,0.0,0.0,0.0,0.0,0.0,0.0,0.0,0.0,0.0,0.0,0.0,0.0,0.0,0.0,0.0,0.0,0.0,0.0,0.0,0.0,0.0,0.0,0.0,0.0,0.0,0.0,0.0,0.0,0.0,0.0,0.0,0.0,0.0,0.0,0.0,0.0,0.0,0.0,0.0,0.0,0.0,0.0,0.0,0.0,0.0,0.0,0.0,M
Vermont,0.0,0.0,0.0,0.0,0.17974835230677053,0.1179245283018868,0.0,0.0,0.1247141966327167,0.11399908800729594,0.0,0.0,0.0,0.0,0.12077294685990338,0.0,0.0,0.12290045063498567,0.0,0.0,0.0,0.0,0.0,0.0,0.0,0.0,0.0,0.0,0.0,0.0,0.0,0.0,0.0,0.0,0.0,0.0,0.0,0.0,0.0,0.0,0.0,0.0,0.0,0.0,0.0,0.0,0.0,0.0,0.0,0.0,0.0,0.0,0.0,0.0,0.0,0.0,0.0,0.0,0.0,0.0,0.0,0.0,0.0,0.0,0.0,0.0,0.0,0.0,0.0,0.0,0.0,0.0,0.0,0.0,0.0,0.0,0.0,0.0,0.0,0.0,0.0,0.0,0.0,0.0,0.0,0.0,0.0,0.0,0.0,0.0,0.0,0.0,0.0,M
Virginia,0.07040270346381301,0.08169934640522876,0.10326699211415696,0.12221847606203641,0.08424599831508003,0.10801229678455701,0.09302325581395349,0.07132849318558146,0.07193076084182193,0.12206075401303518,0.0943052489444242,0.10369141435089176,0.08316806346362997,0.08418053487016772,0.12507419655727975,0.08803979398688207,0.10231130539924661,0.09395050412465628,0.09601648673333177,0.10243652593839175,0.07921267402784446,0.07874215753511647,0.072829789733349,0.06527906801576741,0.08359559402045634,0.06350136772176632,0.0711342229199372,0.05077246681656633,0.07180746334344815,0.051055929449988394,0.06167808445491993,0.048023719541477876,0.06242082652517946,0.05996578422899875,0.05278677782227238,0.048060038078337856,0.04399830525046443,0.049558925562493805,0.04851728244409486,0.029378497877403528,0.02955956251847473,0.0333254648208062,0.03457860648215877,0.03377851686327496,0.027708157533470196,0.03414048176013151,0.03481764259689874,0.023701412105184373,0.025440761187574733,0.016638296238465182,0.028642849703155924,0.01920294957305442,0.024335574767851424,0.01545614961552828,0.022006472491909384,0.01554726368159204,0.019421246844047387,0.009158068258135418,0.012268057046465266,0.009136592051164915,0.014733833301410027,0.013868129497511442,0.0,0.01270878721859114,0.0,0.013193109427419051,0.009467545254866318,0.009054198431812831,0.0,0.008812436109838204,0.010294067185945168,0.008449371366770313,0.008239132584121544,0.0,0.0,0.009304056568663939,0.0,0.0,0.00727452606462689,0.0,0.0,0.0,0.0,0.0,0.0,0.0,0.0,0.0,0.0,0.0,0.0,0.0,0.0,M
Washington,0.0,0.0,0.10112684195319273,0.15803549720398735,0.19525529629991215,0.12622720897615708,0.06046761623219565,0.14365001632386548,0.10777695842078394,0.10352562259159143,0.06292936179138917,0.07226179415711778,0.07587664625223564,0.10845986984815618,0.11246786632390746,0.08641641911963273,0.07192652428903397,0.08414203174959331,0.06160049280394243,0.028331822302810516,0.06651884700665188,0.04093806655359963,0.041116005873715125,0.0,0.03923326981280126,0.03917179630665921,0.03747724595781133,0.034608919212894294,0.0,0.0,0.030350329517863338,0.0,0.015586034912718203,0.01909229762164521,0.02168315489903781,0.013289389751222624,0.0,0.0,0.0,0.0,0.0,0.0,0.0,0.0,0.0,0.009033260465032248,0.0,0.0,0.0,0.0,0.0,0.0,0.011232168931820734,0.0,0.0,0.0,0.0,0.0,0.0,0.0,0.0,0.011486595143467573,0.0,0.0,0.0,0.0,0.0,0.0,0.0,0.0,0.0,0.0,0.0,0.0,0.0,0.0,0.0,0.0,0.0,0.0,0.0,0.0,0.0,0.0,0.0,0.0,0.0,0.0,0.0,0.0,0.0,0.0,0.0,M
West Virginia,0.11658408627222384,0.0,0.175530981218185,0.16015863331299574,0.08530863445250138,0.0803320390949257,0.07858203090893215,0.10991247710156726,0.12690355329949238,0.0981724814982631,0.06770709908933953,0.1011804384485666,0.11523966736225746,0.06888289907157831,0.0818746470920384,0.07958967102935974,0.06604226705091258,0.08775008775008776,0.07444464296349235,0.06383861597880558,0.06283972727558362,0.08276501357346223,0.054943279144177626,0.03406458645592043,0.0762939453125,0.04525569467491326,0.05710507333493628,0.05807200929152149,0.04849522179432321,0.040234509713760205,0.03102436823104693,0.04088418872141514,0.03880380794701987,0.027002214181562886,0.0401169121439624,0.026792093355560848,0.03526507581991301,0.026871163107960068,0.02598752598752599,0.03244084951771271,0.020062416406598307,0.019990227000133268,0.013700506918755994,0.02418321201421973,0.0,0.0,0.0,0.015295197308045275,0.0,0.0,0.014496955639315743,0.0,0.0,0.0,0.016247481640345746,0.025514853289593582,0.0,0.0,0.0,0.0,0.0,0.0,0.0,0.0,0.0,0.0,0.0,0.0,0.0,0.0,0.0,0.0,0.0,0.0,0.0,0.0,0.0,0.0,0.0,0.0,0.0,0.0,0.0,0.0,0.0,0.0,0.0,0.0,0.0,0.0,0.0,0.0,0.0,M
Wisconsin,0.0,0.06610841780520052,0.10019412611935626,0.14667948004653278,0.11681772406847936,0.09798980905985778,0.15501072157490894,0.15484984641941463,0.10967788083259818,0.08021736317764264,0.07333112551450065,0.09518328315919958,0.11533759313510646,0.0953461975028377,0.06197844035681874,0.06821437504263399,0.08775778850372971,0.037861072136478026,0.08886914019106865,0.04543905486765876,0.03100019928699542,0.07842051849801643,0.0440426518312471,0.043888523151195964,0.025932387194115707,0.02523051516124593,0.03422391567227179,0.024650412334169952,0.01952404711803371,0.017435651548503805,0.02128384130767921,0.012162983985404418,0.02168413444163354,0.009011444534558889,0.01323251417769376,0.01890180512238919,0.01390885066530669,0.00682044496582957,0.007008887269057165,0.0,0.009577102516041646,0.0,0.0,0.006330235737978882,0.0,0.0,0.0,0.0,0.0,0.0,0.0,0.0,0.0,0.0,0.006436497515511959,0.0,0.0,0.0,0.0,0.0,0.0,0.0,0.0,0.0,0.0,0.0,0.0,0.0,0.0,0.0,0.0,0.0,0.0,0.0,0.0,0.0,0.0,0.0,0.0,0.0,0.0,0.0,0.0,0.0,0.0,0.0,0.0,0.0,0.0,0.0,0.0,0.0,0.0,M
Wyoming,0.0,0.0,0.0,0.0,0.0,0.3833515881708653,0.23696682464454977,0.0,0.17247326664367024,0.0,0.0,0.0,0.15010507355148606,0.0,0.2617801047120419,0.15202189115232592,0.0,0.0,0.0,0.0,0.0,0.0,0.0,0.0,0.0,0.0,0.15757957768673178,0.0,0.0,0.0,0.0,0.0,0.0,0.0,0.0,0.0,0.0,0.0,0.0,0.0,0.0,0.0,0.0,0.0,0.0,0.0,0.0,0.0,0.0,0.0,0.0,0.0,0.0,0.0,0.0,0.0,0.0,0.0,0.0,0.0,0.0,0.0,0.0,0.0,0.0,0.0,0.0,0.0,0.0,0.0,0.0,0.0,0.0,0.0,0.0,0.0,0.0,0.0,0.0,0.0,0.0,0.0,0.0,0.0,0.0,0.0,0.0,0.0,0.0,0.0,0.0,0.0,0.0,M
